analysis,role,detector,delta_ms,yaw_group,metric,contrast,logs,estimate,ci_low,ci_high,replicates,seed,wilcoxon_statistic,wilcoxon_pvalue,logs_B5_better,logs_B5_better_percent,component,logs_candidate_better,logs_candidate_better_percent
paired_log_cluster_bootstrap,development,yolo11n,100,all_yaw,normalized_center_error,median_log_B5_minus_B3_absolute,80,-7.02327398279e-06,-0.000394314585615,0.000171689725331,10000,20260718,1281,0.103962130859,27,33.75,,,
paired_log_cluster_bootstrap,development,yolo11n,100,all_yaw,normalized_center_error,median_paired_log_relative_B5_minus_B3,80,0.0338051044617,0.0125675959575,0.0457731100681,10000,20260719,1281,0.103962130859,27,33.75,,,
paired_log_cluster_bootstrap,development,yolo11n,100,all_yaw,iou,median_log_B5_minus_B3_absolute,80,4.52838840954e-05,-0.0110069157453,0.0163491540092,10000,20260720,824,0.00013462267252,19,23.75,,,
paired_log_cluster_bootstrap,development,yolo11n,100,all_yaw,iou,median_paired_log_relative_B5_minus_B3,80,-0.00952070636865,-0.0122651199999,-0.00768313902411,10000,20260721,824,0.00013462267252,19,23.75,,,
paired_log_cluster_bootstrap,development,yolo11n,100,all_yaw,recall_iou_0_3,median_log_B5_minus_B3_absolute,80,0,0,0,10000,20260722,0,1,0,0,,,
paired_log_cluster_bootstrap,development,yolo11n,100,all_yaw,recall_iou_0_3,median_paired_log_relative_B5_minus_B3,80,0,0,0,10000,20260723,0,1,0,0,,,
paired_log_cluster_bootstrap,development,yolo11n,100,all_yaw,recall_iou_0_5,median_log_B5_minus_B3_absolute,80,0,0,0,10000,20260724,0,0.317310507863,0,0,,,
paired_log_cluster_bootstrap,development,yolo11n,100,all_yaw,recall_iou_0_5,median_paired_log_relative_B5_minus_B3,80,0,0,0,10000,20260725,0,0.317310507863,0,0,,,
paired_log_cluster_bootstrap,development,yolo11n,100,all_yaw,recall_iou_0_7,median_log_B5_minus_B3_absolute,80,0,0,0,10000,20260726,1.5,1,1,1.25,,,
paired_log_cluster_bootstrap,development,yolo11n,100,all_yaw,recall_iou_0_7,median_paired_log_relative_B5_minus_B3,80,0,-1,0,10000,20260727,1.5,1,1,1.25,,,
paired_log_cluster_bootstrap,development,yolo11n,100,high_yaw,normalized_center_error,median_log_B5_minus_B3_absolute,71,-0.000163871982092,-0.000455357558998,0.000355297484215,10000,20260818,1005,0.117759999749,26,36.6197183099,,,
paired_log_cluster_bootstrap,development,yolo11n,100,high_yaw,normalized_center_error,median_paired_log_relative_B5_minus_B3,71,0.0415666571533,0.0063673011079,0.0812855212139,10000,20260819,1005,0.117759999749,26,36.6197183099,,,
paired_log_cluster_bootstrap,development,yolo11n,100,high_yaw,iou,median_log_B5_minus_B3_absolute,71,0.00298534996544,-0.0222614708369,0.0114836613807,10000,20260820,911,0.0354789053039,23,32.3943661972,,,
paired_log_cluster_bootstrap,development,yolo11n,100,high_yaw,iou,median_paired_log_relative_B5_minus_B3,71,-0.0145337498771,-0.0212034284043,-0.00655298514813,10000,20260821,911,0.0354789053039,23,32.3943661972,,,
paired_log_cluster_bootstrap,development,yolo11n,100,high_yaw,recall_iou_0_3,median_log_B5_minus_B3_absolute,71,0,0,0,10000,20260822,0,1,0,0,,,
paired_log_cluster_bootstrap,development,yolo11n,100,high_yaw,recall_iou_0_3,median_paired_log_relative_B5_minus_B3,71,0,0,0,10000,20260823,0,1,0,0,,,
paired_log_cluster_bootstrap,development,yolo11n,100,high_yaw,recall_iou_0_5,median_log_B5_minus_B3_absolute,71,0,0,0,10000,20260824,3,0.179712494879,1,1.40845070423,,,
paired_log_cluster_bootstrap,development,yolo11n,100,high_yaw,recall_iou_0_5,median_paired_log_relative_B5_minus_B3,71,0,0,0,10000,20260825,3,0.179712494879,1,1.40845070423,,,
paired_log_cluster_bootstrap,development,yolo11n,100,high_yaw,recall_iou_0_7,median_log_B5_minus_B3_absolute,71,0,0,0,10000,20260826,0,0.0832645166636,3,4.22535211268,,,
paired_log_cluster_bootstrap,development,yolo11n,100,high_yaw,recall_iou_0_7,median_paired_log_relative_B5_minus_B3,71,0,0,0,10000,20260827,0,0.0832645166636,3,4.22535211268,,,
paired_log_cluster_bootstrap,development,yolo11n,200,all_yaw,normalized_center_error,median_log_B5_minus_B3_absolute,80,0.000323950533813,-0.000150074515972,0.000769113201715,10000,20260918,885,0.000423049629845,23,28.75,,,
paired_log_cluster_bootstrap,development,yolo11n,200,all_yaw,normalized_center_error,median_paired_log_relative_B5_minus_B3,80,0.0853973152432,0.0576651019398,0.136494605063,10000,20260919,885,0.000423049629845,23,28.75,,,
paired_log_cluster_bootstrap,development,yolo11n,200,all_yaw,iou,median_log_B5_minus_B3_absolute,80,-0.00952863239724,-0.0236944203426,0.00771857042774,10000,20260920,664,4.53442338206e-06,15,18.75,,,
paired_log_cluster_bootstrap,development,yolo11n,200,all_yaw,iou,median_paired_log_relative_B5_minus_B3,80,-0.0329654240345,-0.0409854843187,-0.0267340527539,10000,20260921,664,4.53442338206e-06,15,18.75,,,
paired_log_cluster_bootstrap,development,yolo11n,200,all_yaw,recall_iou_0_3,median_log_B5_minus_B3_absolute,80,0,0,0,10000,20260922,0,1,0,0,,,
paired_log_cluster_bootstrap,development,yolo11n,200,all_yaw,recall_iou_0_3,median_paired_log_relative_B5_minus_B3,80,0,0,0,10000,20260923,0,1,0,0,,,
paired_log_cluster_bootstrap,development,yolo11n,200,all_yaw,recall_iou_0_5,median_log_B5_minus_B3_absolute,80,0,0,0,10000,20260924,13,0.0209213353378,2,2.5,,,
paired_log_cluster_bootstrap,development,yolo11n,200,all_yaw,recall_iou_0_5,median_paired_log_relative_B5_minus_B3,80,0,0,0,10000,20260925,13,0.0209213353378,2,2.5,,,
paired_log_cluster_bootstrap,development,yolo11n,200,all_yaw,recall_iou_0_7,median_log_B5_minus_B3_absolute,80,0,0,0,10000,20260926,0,0.0587817213554,0,0,,,
paired_log_cluster_bootstrap,development,yolo11n,200,all_yaw,recall_iou_0_7,median_paired_log_relative_B5_minus_B3,80,-1,-1,-1,10000,20260927,0,0.0587817213554,0,0,,,
paired_log_cluster_bootstrap,development,yolo11n,200,high_yaw,normalized_center_error,median_log_B5_minus_B3_absolute,68,0.00045501362313,-4.69187422465e-05,0.00102762838751,10000,20261018,651,0.00230091697358,17,25,,,
paired_log_cluster_bootstrap,development,yolo11n,200,high_yaw,normalized_center_error,median_paired_log_relative_B5_minus_B3,68,0.103275669501,0.050129781966,0.171795068563,10000,20261019,651,0.00230091697358,17,25,,,
paired_log_cluster_bootstrap,development,yolo11n,200,high_yaw,iou,median_log_B5_minus_B3_absolute,68,-0.0217842286095,-0.0406198105124,0.00506970641803,10000,20261020,611,0.00158362462979,18,26.4705882353,,,
paired_log_cluster_bootstrap,development,yolo11n,200,high_yaw,iou,median_paired_log_relative_B5_minus_B3,68,-0.0313990988519,-0.0489965462484,-0.0202570911131,10000,20261021,611,0.00158362462979,18,26.4705882353,,,
paired_log_cluster_bootstrap,development,yolo11n,200,high_yaw,recall_iou_0_3,median_log_B5_minus_B3_absolute,68,0,0,0,10000,20261022,0,1,0,0,,,
paired_log_cluster_bootstrap,development,yolo11n,200,high_yaw,recall_iou_0_3,median_paired_log_relative_B5_minus_B3,68,0,0,0,10000,20261023,0,1,0,0,,,
paired_log_cluster_bootstrap,development,yolo11n,200,high_yaw,recall_iou_0_5,median_log_B5_minus_B3_absolute,68,0,0,0,10000,20261024,11,0.140091416506,2,2.94117647059,,,
paired_log_cluster_bootstrap,development,yolo11n,200,high_yaw,recall_iou_0_5,median_paired_log_relative_B5_minus_B3,68,0,0,0,10000,20261025,11,0.140091416506,2,2.94117647059,,,
paired_log_cluster_bootstrap,development,yolo11n,200,high_yaw,recall_iou_0_7,median_log_B5_minus_B3_absolute,68,0,0,0,10000,20261026,4,0.705456986111,2,2.94117647059,,,
paired_log_cluster_bootstrap,development,yolo11n,200,high_yaw,recall_iou_0_7,median_paired_log_relative_B5_minus_B3,68,0,-1,0,10000,20261027,4,0.705456986111,2,2.94117647059,,,
paired_log_cluster_bootstrap,development,yolo11n,300,all_yaw,normalized_center_error,median_log_B5_minus_B3_absolute,80,0.000946307224351,0.000182460605424,0.00149525946439,10000,20261118,662,4.33074943123e-06,16,20,,,
paired_log_cluster_bootstrap,development,yolo11n,300,all_yaw,normalized_center_error,median_paired_log_relative_B5_minus_B3,80,0.156430542413,0.0957182682088,0.234039230349,10000,20261119,662,4.33074943123e-06,16,20,,,
paired_log_cluster_bootstrap,development,yolo11n,300,all_yaw,iou,median_log_B5_minus_B3_absolute,80,-0.0166279759786,-0.0347973404185,-0.0010412152291,10000,20261120,633,2.20207775674e-06,17,21.25,,,
paired_log_cluster_bootstrap,development,yolo11n,300,all_yaw,iou,median_paired_log_relative_B5_minus_B3,80,-0.0628903935303,-0.0731065748224,-0.0489914676631,10000,20261121,633,2.20207775674e-06,17,21.25,,,
paired_log_cluster_bootstrap,development,yolo11n,300,all_yaw,recall_iou_0_3,median_log_B5_minus_B3_absolute,80,0,0,0,10000,20261122,0,0.317310507863,0,0,,,
paired_log_cluster_bootstrap,development,yolo11n,300,all_yaw,recall_iou_0_3,median_paired_log_relative_B5_minus_B3,80,0,0,0,10000,20261123,0,0.317310507863,0,0,,,
paired_log_cluster_bootstrap,development,yolo11n,300,all_yaw,recall_iou_0_5,median_log_B5_minus_B3_absolute,80,0,0,0,10000,20261124,15,0.317310507863,3,3.75,,,
paired_log_cluster_bootstrap,development,yolo11n,300,all_yaw,recall_iou_0_5,median_paired_log_relative_B5_minus_B3,80,0,0,0,10000,20261125,15,0.317310507863,3,3.75,,,
paired_log_cluster_bootstrap,development,yolo11n,300,all_yaw,recall_iou_0_7,median_log_B5_minus_B3_absolute,80,0,0,0,10000,20261126,0,0.15729920705,0,0,,,
paired_log_cluster_bootstrap,development,yolo11n,300,all_yaw,recall_iou_0_7,median_paired_log_relative_B5_minus_B3,80,-1,-1,-1,10000,20261127,0,0.15729920705,0,0,,,
paired_log_cluster_bootstrap,development,yolo11n,300,high_yaw,normalized_center_error,median_log_B5_minus_B3_absolute,65,0.00143447515088,0.000554786023348,0.00228663013752,10000,20261218,545,0.00056647386829,16,24.6153846154,,,
paired_log_cluster_bootstrap,development,yolo11n,300,high_yaw,normalized_center_error,median_paired_log_relative_B5_minus_B3,65,0.180860384563,0.0778313635579,0.316997670133,10000,20261219,545,0.00056647386829,16,24.6153846154,,,
paired_log_cluster_bootstrap,development,yolo11n,300,high_yaw,iou,median_log_B5_minus_B3_absolute,65,-0.0281036518518,-0.0713359001785,0.00911179458426,10000,20261220,459,0.000102144621364,16,24.6153846154,,,
paired_log_cluster_bootstrap,development,yolo11n,300,high_yaw,iou,median_paired_log_relative_B5_minus_B3,65,-0.0623367216597,-0.0867142976216,-0.0497322881694,10000,20261221,459,0.000102144621364,16,24.6153846154,,,
paired_log_cluster_bootstrap,development,yolo11n,300,high_yaw,recall_iou_0_3,median_log_B5_minus_B3_absolute,65,0,0,0,10000,20261222,2.5,0.785494747118,1,1.53846153846,,,
paired_log_cluster_bootstrap,development,yolo11n,300,high_yaw,recall_iou_0_3,median_paired_log_relative_B5_minus_B3,65,0,0,0,10000,20261223,2.5,0.785494747118,1,1.53846153846,,,
paired_log_cluster_bootstrap,development,yolo11n,300,high_yaw,recall_iou_0_5,median_log_B5_minus_B3_absolute,65,0,-1,0.5,10000,20261224,24,0.697801335085,4,6.15384615385,,,
paired_log_cluster_bootstrap,development,yolo11n,300,high_yaw,recall_iou_0_5,median_paired_log_relative_B5_minus_B3,65,0,0,0,10000,20261225,24,0.697801335085,4,6.15384615385,,,
paired_log_cluster_bootstrap,development,yolo11n,300,high_yaw,recall_iou_0_7,median_log_B5_minus_B3_absolute,65,0,0,0,10000,20261226,0,0.0384339302368,0,0,,,
paired_log_cluster_bootstrap,development,yolo11n,300,high_yaw,recall_iou_0_7,median_paired_log_relative_B5_minus_B3,65,-1,-1,-0.5,10000,20261227,0,0.0384339302368,0,0,,,
paired_log_cluster_bootstrap,development,yolo11n,400,all_yaw,normalized_center_error,median_log_B5_minus_B3_absolute,80,0.00166570453017,0.000775464196074,0.00238014686882,10000,20261318,523,1.42863865822e-07,14,17.5,,,
paired_log_cluster_bootstrap,development,yolo11n,400,all_yaw,normalized_center_error,median_paired_log_relative_B5_minus_B3,80,0.259816084207,0.160910894642,0.341751926932,10000,20261319,523,1.42863865822e-07,14,17.5,,,
paired_log_cluster_bootstrap,development,yolo11n,400,all_yaw,iou,median_log_B5_minus_B3_absolute,80,-0.0335588164684,-0.0489136605468,0.00724097847139,10000,20261320,585,6.90000246144e-07,17,21.25,,,
paired_log_cluster_bootstrap,development,yolo11n,400,all_yaw,iou,median_paired_log_relative_B5_minus_B3,80,-0.0911592086258,-0.10933751069,-0.0807338108645,10000,20261321,585,6.90000246144e-07,17,21.25,,,
paired_log_cluster_bootstrap,development,yolo11n,400,all_yaw,recall_iou_0_3,median_log_B5_minus_B3_absolute,80,0,0,0,10000,20261322,0,0.0455002638964,0,0,,,
paired_log_cluster_bootstrap,development,yolo11n,400,all_yaw,recall_iou_0_3,median_paired_log_relative_B5_minus_B3,80,0,0,0,10000,20261323,0,0.0455002638964,0,0,,,
paired_log_cluster_bootstrap,development,yolo11n,400,all_yaw,recall_iou_0_5,median_log_B5_minus_B3_absolute,80,0,-1,0,10000,20261324,42.5,0.271356573572,5,6.25,,,
paired_log_cluster_bootstrap,development,yolo11n,400,all_yaw,recall_iou_0_5,median_paired_log_relative_B5_minus_B3,80,0,0,0,10000,20261325,42.5,0.271356573572,5,6.25,,,
paired_log_cluster_bootstrap,development,yolo11n,400,all_yaw,recall_iou_0_7,median_log_B5_minus_B3_absolute,80,0,0,0,10000,20261326,0,0.317310507863,0,0,,,
paired_log_cluster_bootstrap,development,yolo11n,400,all_yaw,recall_iou_0_7,median_paired_log_relative_B5_minus_B3,80,-1,-1,-1,10000,20261327,0,0.317310507863,0,0,,,
paired_log_cluster_bootstrap,development,yolo11n,400,high_yaw,normalized_center_error,median_log_B5_minus_B3_absolute,64,0.00225284982577,0.0006493817797,0.00297530715271,10000,20261418,486,0.000211492830552,16,25,,,
paired_log_cluster_bootstrap,development,yolo11n,400,high_yaw,normalized_center_error,median_paired_log_relative_B5_minus_B3,64,0.233898511134,0.11912646845,0.379098484886,10000,20261419,486,0.000211492830552,16,25,,,
paired_log_cluster_bootstrap,development,yolo11n,400,high_yaw,iou,median_log_B5_minus_B3_absolute,64,-0.0291304882621,-0.0718330940816,0.0168524866979,10000,20261420,400,3.14876900876e-05,14,21.875,,,
paired_log_cluster_bootstrap,development,yolo11n,400,high_yaw,iou,median_paired_log_relative_B5_minus_B3,64,-0.10039860159,-0.138932320471,-0.0750524183094,10000,20261421,400,3.14876900876e-05,14,21.875,,,
paired_log_cluster_bootstrap,development,yolo11n,400,high_yaw,recall_iou_0_3,median_log_B5_minus_B3_absolute,64,0,0,0,10000,20261422,10,0.227799993988,2,3.125,,,
paired_log_cluster_bootstrap,development,yolo11n,400,high_yaw,recall_iou_0_3,median_paired_log_relative_B5_minus_B3,64,0,0,0,10000,20261423,10,0.227799993988,2,3.125,,,
paired_log_cluster_bootstrap,development,yolo11n,400,high_yaw,recall_iou_0_5,median_log_B5_minus_B3_absolute,64,-0.5,-1,0,10000,20261424,39,0.0484954305627,5,7.8125,,,
paired_log_cluster_bootstrap,development,yolo11n,400,high_yaw,recall_iou_0_5,median_paired_log_relative_B5_minus_B3,64,0,-1,0,10000,20261425,39,0.0484954305627,5,7.8125,,,
paired_log_cluster_bootstrap,development,yolo11n,400,high_yaw,recall_iou_0_7,median_log_B5_minus_B3_absolute,64,0,0,0,10000,20261426,0,0.179712494879,0,0,,,
paired_log_cluster_bootstrap,development,yolo11n,400,high_yaw,recall_iou_0_7,median_paired_log_relative_B5_minus_B3,64,-1,-1,0,10000,20261427,0,0.179712494879,0,0,,,
paired_log_cluster_bootstrap,development,yolo11n,500,all_yaw,normalized_center_error,median_log_B5_minus_B3_absolute,80,0.00248698099908,0.00142809542109,0.00337447704367,10000,20261518,504,8.66722820498e-08,11,13.75,,,
paired_log_cluster_bootstrap,development,yolo11n,500,all_yaw,normalized_center_error,median_paired_log_relative_B5_minus_B3,80,0.345711389284,0.197899077163,0.483535207422,10000,20261519,504,8.66722820498e-08,11,13.75,,,
paired_log_cluster_bootstrap,development,yolo11n,500,all_yaw,iou,median_log_B5_minus_B3_absolute,80,-0.05126518887,-0.0713813563777,-0.00530386598323,10000,20261520,533,1.85246399858e-07,16,20,,,
paired_log_cluster_bootstrap,development,yolo11n,500,all_yaw,iou,median_paired_log_relative_B5_minus_B3,80,-0.126159617344,-0.144435913508,-0.102698004592,10000,20261521,533,1.85246399858e-07,16,20,,,
paired_log_cluster_bootstrap,development,yolo11n,500,all_yaw,recall_iou_0_3,median_log_B5_minus_B3_absolute,80,0,0,0,10000,20261522,15,0.317310507863,3,3.75,,,
paired_log_cluster_bootstrap,development,yolo11n,500,all_yaw,recall_iou_0_3,median_paired_log_relative_B5_minus_B3,80,0,0,0,10000,20261523,15,0.317310507863,3,3.75,,,
paired_log_cluster_bootstrap,development,yolo11n,500,all_yaw,recall_iou_0_5,median_log_B5_minus_B3_absolute,80,-1,-1,0,10000,20261524,42,5.31212815941e-05,3,3.75,,,
paired_log_cluster_bootstrap,development,yolo11n,500,all_yaw,recall_iou_0_5,median_paired_log_relative_B5_minus_B3,80,-1,-1,0,10000,20261525,42,5.31212815941e-05,3,3.75,,,
paired_log_cluster_bootstrap,development,yolo11n,500,all_yaw,recall_iou_0_7,median_log_B5_minus_B3_absolute,80,0,0,0,10000,20261526,0,0.317310507863,0,0,,,
paired_log_cluster_bootstrap,development,yolo11n,500,all_yaw,recall_iou_0_7,median_paired_log_relative_B5_minus_B3,80,-1,-1,-1,10000,20261527,0,0.317310507863,0,0,,,
paired_log_cluster_bootstrap,development,yolo11n,500,high_yaw,normalized_center_error,median_log_B5_minus_B3_absolute,62,0.00282319779287,0.00100338076809,0.00425034532892,10000,20261618,436,0.000150959921725,15,24.1935483871,,,
paired_log_cluster_bootstrap,development,yolo11n,500,high_yaw,normalized_center_error,median_paired_log_relative_B5_minus_B3,62,0.2879262695,0.183228562319,0.503118787905,10000,20261619,436,0.000150959921725,15,24.1935483871,,,
paired_log_cluster_bootstrap,development,yolo11n,500,high_yaw,iou,median_log_B5_minus_B3_absolute,62,-0.0636634770647,-0.0914438816326,0.0174599799147,10000,20261620,415,0.000138707056274,16,25.8064516129,,,
paired_log_cluster_bootstrap,development,yolo11n,500,high_yaw,iou,median_paired_log_relative_B5_minus_B3,62,-0.156181475279,-0.179316897726,-0.11176233059,10000,20261621,415,0.000138707056274,16,25.8064516129,,,
paired_log_cluster_bootstrap,development,yolo11n,500,high_yaw,recall_iou_0_3,median_log_B5_minus_B3_absolute,62,0,0,0,10000,20261622,19.5,0.189516850576,3,4.83870967742,,,
paired_log_cluster_bootstrap,development,yolo11n,500,high_yaw,recall_iou_0_3,median_paired_log_relative_B5_minus_B3,62,0,0,0,10000,20261623,19.5,0.189516850576,3,4.83870967742,,,
paired_log_cluster_bootstrap,development,yolo11n,500,high_yaw,recall_iou_0_5,median_log_B5_minus_B3_absolute,62,-0.75,-1,0,10000,20261624,23,0.000322561003235,2,3.22580645161,,,
paired_log_cluster_bootstrap,development,yolo11n,500,high_yaw,recall_iou_0_5,median_paired_log_relative_B5_minus_B3,62,-1,-1,0,10000,20261625,23,0.000322561003235,2,3.22580645161,,,
paired_log_cluster_bootstrap,development,yolo11n,500,high_yaw,recall_iou_0_7,median_log_B5_minus_B3_absolute,62,0,0,0,10000,20261626,0,0.10247043486,0,0,,,
paired_log_cluster_bootstrap,development,yolo11n,500,high_yaw,recall_iou_0_7,median_paired_log_relative_B5_minus_B3,62,-1,-1,0,10000,20261627,0,0.10247043486,0,0,,,
paired_log_cluster_bootstrap,development,yolo11s,100,all_yaw,normalized_center_error,median_log_B5_minus_B3_absolute,80,2.37313132198e-05,-0.000270666828811,0.000192251190737,10000,20261718,1276,0.0989587279779,27,33.75,,,
paired_log_cluster_bootstrap,development,yolo11s,100,all_yaw,normalized_center_error,median_paired_log_relative_B5_minus_B3,80,0.0186968907821,0.00603367589221,0.0428069801807,10000,20261719,1276,0.0989587279779,27,33.75,,,
paired_log_cluster_bootstrap,development,yolo11s,100,all_yaw,iou,median_log_B5_minus_B3_absolute,80,7.33189223627e-05,-0.00788428574445,0.0118426653976,10000,20261720,959,0.00152257603762,22,27.5,,,
paired_log_cluster_bootstrap,development,yolo11s,100,all_yaw,iou,median_paired_log_relative_B5_minus_B3,80,-0.00992231106702,-0.0124135011712,-0.00642936685453,10000,20261721,959,0.00152257603762,22,27.5,,,
paired_log_cluster_bootstrap,development,yolo11s,100,all_yaw,recall_iou_0_3,median_log_B5_minus_B3_absolute,80,0,0,0,10000,20261722,0,1,0,0,,,
paired_log_cluster_bootstrap,development,yolo11s,100,all_yaw,recall_iou_0_3,median_paired_log_relative_B5_minus_B3,80,0,0,0,10000,20261723,0,1,0,0,,,
paired_log_cluster_bootstrap,development,yolo11s,100,all_yaw,recall_iou_0_5,median_log_B5_minus_B3_absolute,80,0,0,0,10000,20261724,0,0.15729920705,0,0,,,
paired_log_cluster_bootstrap,development,yolo11s,100,all_yaw,recall_iou_0_5,median_paired_log_relative_B5_minus_B3,80,0,0,0,10000,20261725,0,0.15729920705,0,0,,,
paired_log_cluster_bootstrap,development,yolo11s,100,all_yaw,recall_iou_0_7,median_log_B5_minus_B3_absolute,80,0,0,0,10000,20261726,0,1,0,0,,,
paired_log_cluster_bootstrap,development,yolo11s,100,all_yaw,recall_iou_0_7,median_paired_log_relative_B5_minus_B3,80,0,0,0,10000,20261727,0,1,0,0,,,
paired_log_cluster_bootstrap,development,yolo11s,100,high_yaw,normalized_center_error,median_log_B5_minus_B3_absolute,71,0.000106235844414,-7.33726144742e-05,0.000696691836574,10000,20261818,1033,0.160375500703,28,39.4366197183,,,
paired_log_cluster_bootstrap,development,yolo11s,100,high_yaw,normalized_center_error,median_paired_log_relative_B5_minus_B3,71,0.037331018885,-0.00256073858895,0.0539982766042,10000,20261819,1033,0.160375500703,28,39.4366197183,,,
paired_log_cluster_bootstrap,development,yolo11s,100,high_yaw,iou,median_log_B5_minus_B3_absolute,71,-0.00764981300455,-0.0167923236843,0.00548465506954,10000,20261820,717,0.00130700179883,25,35.2112676056,,,
paired_log_cluster_bootstrap,development,yolo11s,100,high_yaw,iou,median_paired_log_relative_B5_minus_B3,71,-0.0121794404386,-0.0181437017654,-0.00709293739355,10000,20261821,717,0.00130700179883,25,35.2112676056,,,
paired_log_cluster_bootstrap,development,yolo11s,100,high_yaw,recall_iou_0_3,median_log_B5_minus_B3_absolute,71,0,0,0,10000,20261822,0,1,0,0,,,
paired_log_cluster_bootstrap,development,yolo11s,100,high_yaw,recall_iou_0_3,median_paired_log_relative_B5_minus_B3,71,0,0,0,10000,20261823,0,1,0,0,,,
paired_log_cluster_bootstrap,development,yolo11s,100,high_yaw,recall_iou_0_5,median_log_B5_minus_B3_absolute,71,0,0,0,10000,20261824,5,0.238269269346,1,1.40845070423,,,
paired_log_cluster_bootstrap,development,yolo11s,100,high_yaw,recall_iou_0_5,median_paired_log_relative_B5_minus_B3,71,0,0,0,10000,20261825,5,0.238269269346,1,1.40845070423,,,
paired_log_cluster_bootstrap,development,yolo11s,100,high_yaw,recall_iou_0_7,median_log_B5_minus_B3_absolute,71,0,0,0,10000,20261826,0,0.317310507863,0,0,,,
paired_log_cluster_bootstrap,development,yolo11s,100,high_yaw,recall_iou_0_7,median_paired_log_relative_B5_minus_B3,71,0,0,0,10000,20261827,0,0.317310507863,0,0,,,
paired_log_cluster_bootstrap,development,yolo11s,200,all_yaw,normalized_center_error,median_log_B5_minus_B3_absolute,80,0.000116100190758,-0.000106984157614,0.000571358305609,10000,20261918,913,0.000696444422589,22,27.5,,,
paired_log_cluster_bootstrap,development,yolo11s,200,all_yaw,normalized_center_error,median_paired_log_relative_B5_minus_B3,80,0.0714463450119,0.042155769721,0.106860024637,10000,20261919,913,0.000696444422589,22,27.5,,,
paired_log_cluster_bootstrap,development,yolo11s,200,all_yaw,iou,median_log_B5_minus_B3_absolute,80,-0.00598744756735,-0.0230500073251,0.009401777342,10000,20261920,758,3.55883851525e-05,20,25,,,
paired_log_cluster_bootstrap,development,yolo11s,200,all_yaw,iou,median_paired_log_relative_B5_minus_B3,80,-0.0244745659238,-0.0311399118827,-0.0151078673301,10000,20261921,758,3.55883851525e-05,20,25,,,
paired_log_cluster_bootstrap,development,yolo11s,200,all_yaw,recall_iou_0_3,median_log_B5_minus_B3_absolute,80,0,0,0,10000,20261922,0,0.317310507863,0,0,,,
paired_log_cluster_bootstrap,development,yolo11s,200,all_yaw,recall_iou_0_3,median_paired_log_relative_B5_minus_B3,80,0,0,0,10000,20261923,0,0.317310507863,0,0,,,
paired_log_cluster_bootstrap,development,yolo11s,200,all_yaw,recall_iou_0_5,median_log_B5_minus_B3_absolute,80,0,0,0,10000,20261924,9,0.366256395825,2,2.5,,,
paired_log_cluster_bootstrap,development,yolo11s,200,all_yaw,recall_iou_0_5,median_paired_log_relative_B5_minus_B3,80,0,0,0,10000,20261925,9,0.366256395825,2,2.5,,,
paired_log_cluster_bootstrap,development,yolo11s,200,all_yaw,recall_iou_0_7,median_log_B5_minus_B3_absolute,80,0,0,0,10000,20261926,0,0.317310507863,0,0,,,
paired_log_cluster_bootstrap,development,yolo11s,200,all_yaw,recall_iou_0_7,median_paired_log_relative_B5_minus_B3,80,0,-1,0,10000,20261927,0,0.317310507863,0,0,,,
paired_log_cluster_bootstrap,development,yolo11s,200,high_yaw,normalized_center_error,median_log_B5_minus_B3_absolute,68,0.000499408365503,0.000110186721307,0.00104223291016,10000,20262018,705,0.00670716719435,25,36.7647058824,,,
paired_log_cluster_bootstrap,development,yolo11s,200,high_yaw,normalized_center_error,median_paired_log_relative_B5_minus_B3,68,0.0875661524752,0.0131940613761,0.154329622939,10000,20262019,705,0.00670716719435,25,36.7647058824,,,
paired_log_cluster_bootstrap,development,yolo11s,200,high_yaw,iou,median_log_B5_minus_B3_absolute,68,-0.0056667436599,-0.0254499792932,0.014390764849,10000,20262020,585,0.000884197115054,20,29.4117647059,,,
paired_log_cluster_bootstrap,development,yolo11s,200,high_yaw,iou,median_paired_log_relative_B5_minus_B3,68,-0.0334138112803,-0.0423446512082,-0.0178537241595,10000,20262021,585,0.000884197115054,20,29.4117647059,,,
paired_log_cluster_bootstrap,development,yolo11s,200,high_yaw,recall_iou_0_3,median_log_B5_minus_B3_absolute,68,0,0,0,10000,20262022,0,1,0,0,,,
paired_log_cluster_bootstrap,development,yolo11s,200,high_yaw,recall_iou_0_3,median_paired_log_relative_B5_minus_B3,68,0,0,0,10000,20262023,0,1,0,0,,,
paired_log_cluster_bootstrap,development,yolo11s,200,high_yaw,recall_iou_0_5,median_log_B5_minus_B3_absolute,68,0,0,0,10000,20262024,2.5,0.785494747118,1,1.47058823529,,,
paired_log_cluster_bootstrap,development,yolo11s,200,high_yaw,recall_iou_0_5,median_paired_log_relative_B5_minus_B3,68,0,0,0,10000,20262025,2.5,0.785494747118,1,1.47058823529,,,
paired_log_cluster_bootstrap,development,yolo11s,200,high_yaw,recall_iou_0_7,median_log_B5_minus_B3_absolute,68,0,0,0,10000,20262026,1,0.276302917337,1,1.47058823529,,,
paired_log_cluster_bootstrap,development,yolo11s,200,high_yaw,recall_iou_0_7,median_paired_log_relative_B5_minus_B3,68,-0.5,-1,0,10000,20262027,1,0.276302917337,1,1.47058823529,,,
paired_log_cluster_bootstrap,development,yolo11s,300,all_yaw,normalized_center_error,median_log_B5_minus_B3_absolute,80,0.000711581679439,0.00015764582355,0.00102677253283,10000,20262118,674,5.69823507161e-06,20,25,,,
paired_log_cluster_bootstrap,development,yolo11s,300,all_yaw,normalized_center_error,median_paired_log_relative_B5_minus_B3,80,0.124718419111,0.0778807483167,0.166018503073,10000,20262119,674,5.69823507161e-06,20,25,,,
paired_log_cluster_bootstrap,development,yolo11s,300,all_yaw,iou,median_log_B5_minus_B3_absolute,80,-0.00838206724913,-0.0333967004376,0.00644947002875,10000,20262120,736,2.23601574581e-05,18,22.5,,,
paired_log_cluster_bootstrap,development,yolo11s,300,all_yaw,iou,median_paired_log_relative_B5_minus_B3,80,-0.0468467247474,-0.0562477966331,-0.0343145672782,10000,20262121,736,2.23601574581e-05,18,22.5,,,
paired_log_cluster_bootstrap,development,yolo11s,300,all_yaw,recall_iou_0_3,median_log_B5_minus_B3_absolute,80,0,0,0,10000,20262122,0,0.15729920705,0,0,,,
paired_log_cluster_bootstrap,development,yolo11s,300,all_yaw,recall_iou_0_3,median_paired_log_relative_B5_minus_B3,80,0,0,0,10000,20262123,0,0.15729920705,0,0,,,
paired_log_cluster_bootstrap,development,yolo11s,300,all_yaw,recall_iou_0_5,median_log_B5_minus_B3_absolute,80,0,-1,0,10000,20262124,15,0.00752631516646,2,2.5,,,
paired_log_cluster_bootstrap,development,yolo11s,300,all_yaw,recall_iou_0_5,median_paired_log_relative_B5_minus_B3,80,0,0,0,10000,20262125,15,0.00752631516646,2,2.5,,,
paired_log_cluster_bootstrap,development,yolo11s,300,all_yaw,recall_iou_0_7,median_log_B5_minus_B3_absolute,80,0,0,0,10000,20262126,0,0.317310507863,0,0,,,
paired_log_cluster_bootstrap,development,yolo11s,300,all_yaw,recall_iou_0_7,median_paired_log_relative_B5_minus_B3,80,-0.5,-1,0,10000,20262127,0,0.317310507863,0,0,,,
paired_log_cluster_bootstrap,development,yolo11s,300,high_yaw,normalized_center_error,median_log_B5_minus_B3_absolute,65,0.000768063835016,0.000185253730613,0.00178952096617,10000,20262218,611,0.00256240659292,20,30.7692307692,,,
paired_log_cluster_bootstrap,development,yolo11s,300,high_yaw,normalized_center_error,median_paired_log_relative_B5_minus_B3,65,0.137298409574,0.0285685244557,0.232488469228,10000,20262219,611,0.00256240659292,20,30.7692307692,,,
paired_log_cluster_bootstrap,development,yolo11s,300,high_yaw,iou,median_log_B5_minus_B3_absolute,65,-0.00582917342477,-0.0409241377369,0.0237224313959,10000,20262220,522,0.000531954440567,16,24.6153846154,,,
paired_log_cluster_bootstrap,development,yolo11s,300,high_yaw,iou,median_paired_log_relative_B5_minus_B3,65,-0.0564097747092,-0.0746067259622,-0.0387030402862,10000,20262221,522,0.000531954440567,16,24.6153846154,,,
paired_log_cluster_bootstrap,development,yolo11s,300,high_yaw,recall_iou_0_3,median_log_B5_minus_B3_absolute,65,0,0,0,10000,20262222,5,1,2,3.07692307692,,,
paired_log_cluster_bootstrap,development,yolo11s,300,high_yaw,recall_iou_0_3,median_paired_log_relative_B5_minus_B3,65,0,0,0,10000,20262223,5,1,2,3.07692307692,,,
paired_log_cluster_bootstrap,development,yolo11s,300,high_yaw,recall_iou_0_5,median_log_B5_minus_B3_absolute,65,0,-1,0,10000,20262224,13.5,0.479500122187,3,4.61538461538,,,
paired_log_cluster_bootstrap,development,yolo11s,300,high_yaw,recall_iou_0_5,median_paired_log_relative_B5_minus_B3,65,0,0,0,10000,20262225,13.5,0.479500122187,3,4.61538461538,,,
paired_log_cluster_bootstrap,development,yolo11s,300,high_yaw,recall_iou_0_7,median_log_B5_minus_B3_absolute,65,0,0,0,10000,20262226,0,0.15729920705,0,0,,,
paired_log_cluster_bootstrap,development,yolo11s,300,high_yaw,recall_iou_0_7,median_paired_log_relative_B5_minus_B3,65,-1,-1,0,10000,20262227,0,0.15729920705,0,0,,,
paired_log_cluster_bootstrap,development,yolo11s,400,all_yaw,normalized_center_error,median_log_B5_minus_B3_absolute,80,0.0011992858416,0.00065156597593,0.00189977578564,10000,20262318,514,1.12862384191e-07,14,17.5,,,
paired_log_cluster_bootstrap,development,yolo11s,400,all_yaw,normalized_center_error,median_paired_log_relative_B5_minus_B3,80,0.200256608316,0.134843627014,0.256191276758,10000,20262319,514,1.12862384191e-07,14,17.5,,,
paired_log_cluster_bootstrap,development,yolo11s,400,all_yaw,iou,median_log_B5_minus_B3_absolute,80,-0.0133862284,-0.0451351311285,-0.00103146952735,10000,20262320,716,1.45202148205e-05,19,23.75,,,
paired_log_cluster_bootstrap,development,yolo11s,400,all_yaw,iou,median_paired_log_relative_B5_minus_B3,80,-0.0728190714684,-0.081474494513,-0.0602213015801,10000,20262321,716,1.45202148205e-05,19,23.75,,,
paired_log_cluster_bootstrap,development,yolo11s,400,all_yaw,recall_iou_0_3,median_log_B5_minus_B3_absolute,80,0,0,0,10000,20262322,6,0.654720846019,2,2.5,,,
paired_log_cluster_bootstrap,development,yolo11s,400,all_yaw,recall_iou_0_3,median_paired_log_relative_B5_minus_B3,80,0,0,0,10000,20262323,6,0.654720846019,2,2.5,,,
paired_log_cluster_bootstrap,development,yolo11s,400,all_yaw,recall_iou_0_5,median_log_B5_minus_B3_absolute,80,-1,-1,0,10000,20262324,63,0.0736382701203,6,7.5,,,
paired_log_cluster_bootstrap,development,yolo11s,400,all_yaw,recall_iou_0_5,median_paired_log_relative_B5_minus_B3,80,0,0,0,10000,20262325,63,0.0736382701203,6,7.5,,,
paired_log_cluster_bootstrap,development,yolo11s,400,all_yaw,recall_iou_0_7,median_log_B5_minus_B3_absolute,80,0,0,0,10000,20262326,0,0.317310507863,0,0,,,
paired_log_cluster_bootstrap,development,yolo11s,400,all_yaw,recall_iou_0_7,median_paired_log_relative_B5_minus_B3,80,-1,-1,-1,10000,20262327,0,0.317310507863,0,0,,,
paired_log_cluster_bootstrap,development,yolo11s,400,high_yaw,normalized_center_error,median_log_B5_minus_B3_absolute,64,0.000853542449672,0.000126114749237,0.0019649511838,10000,20262418,552,0.00110044293099,18,28.125,,,
paired_log_cluster_bootstrap,development,yolo11s,400,high_yaw,normalized_center_error,median_paired_log_relative_B5_minus_B3,64,0.18360627354,0.0803610696107,0.284885092083,10000,20262419,552,0.00110044293099,18,28.125,,,
paired_log_cluster_bootstrap,development,yolo11s,400,high_yaw,iou,median_log_B5_minus_B3_absolute,64,0.00370734082761,-0.0441460995395,0.0317262600293,10000,20262420,538,0.0012923689852,15,23.4375,,,
paired_log_cluster_bootstrap,development,yolo11s,400,high_yaw,iou,median_paired_log_relative_B5_minus_B3,64,-0.0809686893237,-0.0962769590244,-0.0476817038601,10000,20262421,538,0.0012923689852,15,23.4375,,,
paired_log_cluster_bootstrap,development,yolo11s,400,high_yaw,recall_iou_0_3,median_log_B5_minus_B3_absolute,64,0,0,0,10000,20262422,8,0.578514721508,2,3.125,,,
paired_log_cluster_bootstrap,development,yolo11s,400,high_yaw,recall_iou_0_3,median_paired_log_relative_B5_minus_B3,64,0,0,0,10000,20262423,8,0.578514721508,2,3.125,,,
paired_log_cluster_bootstrap,development,yolo11s,400,high_yaw,recall_iou_0_5,median_log_B5_minus_B3_absolute,64,0.5,-1,0.75,10000,20262424,44,0.913738906135,6,9.375,,,
paired_log_cluster_bootstrap,development,yolo11s,400,high_yaw,recall_iou_0_5,median_paired_log_relative_B5_minus_B3,64,0,0,0,10000,20262425,44,0.913738906135,6,9.375,,,
paired_log_cluster_bootstrap,development,yolo11s,400,high_yaw,recall_iou_0_7,median_log_B5_minus_B3_absolute,64,0,0,0,10000,20262426,0,0.0832645166636,0,0,,,
paired_log_cluster_bootstrap,development,yolo11s,400,high_yaw,recall_iou_0_7,median_paired_log_relative_B5_minus_B3,64,-1,-1,-1,10000,20262427,0,0.0832645166636,0,0,,,
paired_log_cluster_bootstrap,development,yolo11s,500,all_yaw,normalized_center_error,median_log_B5_minus_B3_absolute,80,0.00198342516407,0.00114952778364,0.00268217263712,10000,20262518,460,2.64124226656e-08,13,16.25,,,
paired_log_cluster_bootstrap,development,yolo11s,500,all_yaw,normalized_center_error,median_paired_log_relative_B5_minus_B3,80,0.282754697764,0.192791947591,0.353409696828,10000,20262519,460,2.64124226656e-08,13,16.25,,,
paired_log_cluster_bootstrap,development,yolo11s,500,all_yaw,iou,median_log_B5_minus_B3_absolute,80,-0.0322201342322,-0.0653704721615,-0.0130223568848,10000,20262520,629,2.00300780077e-06,19,23.75,,,
paired_log_cluster_bootstrap,development,yolo11s,500,all_yaw,iou,median_paired_log_relative_B5_minus_B3,80,-0.0973496748736,-0.116147973163,-0.0833608986711,10000,20262521,629,2.00300780077e-06,19,23.75,,,
paired_log_cluster_bootstrap,development,yolo11s,500,all_yaw,recall_iou_0_3,median_log_B5_minus_B3_absolute,80,0,0,0,10000,20262522,7,0.414216178243,2,2.5,,,
paired_log_cluster_bootstrap,development,yolo11s,500,all_yaw,recall_iou_0_3,median_paired_log_relative_B5_minus_B3,80,0,0,0,10000,20262523,7,0.414216178243,2,2.5,,,
paired_log_cluster_bootstrap,development,yolo11s,500,all_yaw,recall_iou_0_5,median_log_B5_minus_B3_absolute,80,0,-1,0,10000,20262524,48,0.00176170192143,4,5,,,
paired_log_cluster_bootstrap,development,yolo11s,500,all_yaw,recall_iou_0_5,median_paired_log_relative_B5_minus_B3,80,0,-1,0,10000,20262525,48,0.00176170192143,4,5,,,
paired_log_cluster_bootstrap,development,yolo11s,500,all_yaw,recall_iou_0_7,median_log_B5_minus_B3_absolute,80,0,0,0,10000,20262526,0,0.317310507863,0,0,,,
paired_log_cluster_bootstrap,development,yolo11s,500,all_yaw,recall_iou_0_7,median_paired_log_relative_B5_minus_B3,80,-1,-1,-1,10000,20262527,0,0.317310507863,0,0,,,
paired_log_cluster_bootstrap,development,yolo11s,500,high_yaw,normalized_center_error,median_log_B5_minus_B3_absolute,63,0.000727885859295,-9.76434502264e-08,0.00236426541128,10000,20262618,552,0.0017973467678,16,25.3968253968,,,
paired_log_cluster_bootstrap,development,yolo11s,500,high_yaw,normalized_center_error,median_paired_log_relative_B5_minus_B3,63,0.20932052858,0.0435236578956,0.425142774705,10000,20262619,552,0.0017973467678,16,25.3968253968,,,
paired_log_cluster_bootstrap,development,yolo11s,500,high_yaw,iou,median_log_B5_minus_B3_absolute,63,-0.0203134744075,-0.0573628513954,0.0258970297032,10000,20262620,530,0.00284094857488,18,28.5714285714,,,
paired_log_cluster_bootstrap,development,yolo11s,500,high_yaw,iou,median_paired_log_relative_B5_minus_B3,63,-0.114331051273,-0.131100713793,-0.0810962974949,10000,20262621,530,0.00284094857488,18,28.5714285714,,,
paired_log_cluster_bootstrap,development,yolo11s,500,high_yaw,recall_iou_0_3,median_log_B5_minus_B3_absolute,63,0,0,0,10000,20262622,3.5,0.10247043486,1,1.5873015873,,,
paired_log_cluster_bootstrap,development,yolo11s,500,high_yaw,recall_iou_0_3,median_paired_log_relative_B5_minus_B3,63,0,0,0,10000,20262623,3.5,0.10247043486,1,1.5873015873,,,
paired_log_cluster_bootstrap,development,yolo11s,500,high_yaw,recall_iou_0_5,median_log_B5_minus_B3_absolute,63,0,-1,0,10000,20262624,57,0.15729920705,6,9.52380952381,,,
paired_log_cluster_bootstrap,development,yolo11s,500,high_yaw,recall_iou_0_5,median_paired_log_relative_B5_minus_B3,63,0,-1,0,10000,20262625,57,0.15729920705,6,9.52380952381,,,
paired_log_cluster_bootstrap,development,yolo11s,500,high_yaw,recall_iou_0_7,median_log_B5_minus_B3_absolute,63,0,0,0,10000,20262626,0,0.15729920705,0,0,,,
paired_log_cluster_bootstrap,development,yolo11s,500,high_yaw,recall_iou_0_7,median_paired_log_relative_B5_minus_B3,63,-1,-1,-1,10000,20262627,0,0.15729920705,0,0,,,
paired_log_cluster_bootstrap,heldout,yolo11n,100,all_yaw,normalized_center_error,median_log_B5_minus_B3_absolute,50,0.00016410911346,-0.00039394028977,0.00051953621222,10000,20262718,590,0.64657118501,18,36,,,
paired_log_cluster_bootstrap,heldout,yolo11n,100,all_yaw,normalized_center_error,median_paired_log_relative_B5_minus_B3,50,0.0311788020488,-0.00129792835515,0.0433404213651,10000,20262719,590,0.64657118501,18,36,,,
paired_log_cluster_bootstrap,heldout,yolo11n,100,all_yaw,iou,median_log_B5_minus_B3_absolute,50,-0.00507797838418,-0.0194542754884,0.0117673115969,10000,20262720,427,0.0421521211374,18,36,,,
paired_log_cluster_bootstrap,heldout,yolo11n,100,all_yaw,iou,median_paired_log_relative_B5_minus_B3,50,-0.0114051369606,-0.0142253572335,-0.00192497751128,10000,20262721,427,0.0421521211374,18,36,,,
paired_log_cluster_bootstrap,heldout,yolo11n,100,all_yaw,recall_iou_0_3,median_log_B5_minus_B3_absolute,50,0,0,0,10000,20262722,0,1,0,0,,,
paired_log_cluster_bootstrap,heldout,yolo11n,100,all_yaw,recall_iou_0_3,median_paired_log_relative_B5_minus_B3,50,0,0,0,10000,20262723,0,1,0,0,,,
paired_log_cluster_bootstrap,heldout,yolo11n,100,all_yaw,recall_iou_0_5,median_log_B5_minus_B3_absolute,50,0,0,0,10000,20262724,0,0.317310507863,1,2,,,
paired_log_cluster_bootstrap,heldout,yolo11n,100,all_yaw,recall_iou_0_5,median_paired_log_relative_B5_minus_B3,50,0,0,0,10000,20262725,0,0.317310507863,1,2,,,
paired_log_cluster_bootstrap,heldout,yolo11n,100,all_yaw,recall_iou_0_7,median_log_B5_minus_B3_absolute,50,0,0,0,10000,20262726,0,0.317310507863,0,0,,,
paired_log_cluster_bootstrap,heldout,yolo11n,100,all_yaw,recall_iou_0_7,median_paired_log_relative_B5_minus_B3,50,0,-1,0,10000,20262727,0,0.317310507863,0,0,,,
paired_log_cluster_bootstrap,heldout,yolo11n,100,high_yaw,normalized_center_error,median_log_B5_minus_B3_absolute,42,0.00028676925058,-0.000632528891869,0.000692019178016,10000,20262818,319,0.097572973972,14,33.3333333333,,,
paired_log_cluster_bootstrap,heldout,yolo11n,100,high_yaw,normalized_center_error,median_paired_log_relative_B5_minus_B3,42,0.0545768772937,0.0229380228223,0.0958258292491,10000,20262819,319,0.097572973972,14,33.3333333333,,,
paired_log_cluster_bootstrap,heldout,yolo11n,100,high_yaw,iou,median_log_B5_minus_B3_absolute,42,0.000661906963988,-0.0146627172114,0.0245616550196,10000,20262820,299,0.0883765693578,17,40.4761904762,,,
paired_log_cluster_bootstrap,heldout,yolo11n,100,high_yaw,iou,median_paired_log_relative_B5_minus_B3,42,-0.0114131199659,-0.0186694958123,0.00405107545246,10000,20262821,299,0.0883765693578,17,40.4761904762,,,
paired_log_cluster_bootstrap,heldout,yolo11n,100,high_yaw,recall_iou_0_3,median_log_B5_minus_B3_absolute,42,0,0,0,10000,20262822,0,1,0,0,,,
paired_log_cluster_bootstrap,heldout,yolo11n,100,high_yaw,recall_iou_0_3,median_paired_log_relative_B5_minus_B3,42,0,0,0,10000,20262823,0,1,0,0,,,
paired_log_cluster_bootstrap,heldout,yolo11n,100,high_yaw,recall_iou_0_5,median_log_B5_minus_B3_absolute,42,0,0,0,10000,20262824,0,1,0,0,,,
paired_log_cluster_bootstrap,heldout,yolo11n,100,high_yaw,recall_iou_0_5,median_paired_log_relative_B5_minus_B3,42,0,0,0,10000,20262825,0,1,0,0,,,
paired_log_cluster_bootstrap,heldout,yolo11n,100,high_yaw,recall_iou_0_7,median_log_B5_minus_B3_absolute,42,0,0,0,10000,20262826,0,1,0,0,,,
paired_log_cluster_bootstrap,heldout,yolo11n,100,high_yaw,recall_iou_0_7,median_paired_log_relative_B5_minus_B3,42,0,0,0,10000,20262827,0,1,0,0,,,
paired_log_cluster_bootstrap,heldout,yolo11n,200,all_yaw,normalized_center_error,median_log_B5_minus_B3_absolute,50,0.000794881720489,0.000109138940359,0.00126895529575,10000,20262918,413,0.03022257523,14,28,,,
paired_log_cluster_bootstrap,heldout,yolo11n,200,all_yaw,normalized_center_error,median_paired_log_relative_B5_minus_B3,50,0.124990062268,0.0798073133621,0.146434618798,10000,20262919,413,0.03022257523,14,28,,,
paired_log_cluster_bootstrap,heldout,yolo11n,200,all_yaw,iou,median_log_B5_minus_B3_absolute,50,-0.0135661030643,-0.028245502465,0.0237838639865,10000,20262920,428,0.0431389799331,16,32,,,
paired_log_cluster_bootstrap,heldout,yolo11n,200,all_yaw,iou,median_paired_log_relative_B5_minus_B3,50,-0.0177022326093,-0.0442124507813,-0.00405607611037,10000,20262921,428,0.0431389799331,16,32,,,
paired_log_cluster_bootstrap,heldout,yolo11n,200,all_yaw,recall_iou_0_3,median_log_B5_minus_B3_absolute,50,0,0,0,10000,20262922,0,0.317310507863,1,2,,,
paired_log_cluster_bootstrap,heldout,yolo11n,200,all_yaw,recall_iou_0_3,median_paired_log_relative_B5_minus_B3,50,0,0,0,10000,20262923,0,0.317310507863,1,2,,,
paired_log_cluster_bootstrap,heldout,yolo11n,200,all_yaw,recall_iou_0_5,median_log_B5_minus_B3_absolute,50,0,0,0,10000,20262924,0,0.15729920705,0,0,,,
paired_log_cluster_bootstrap,heldout,yolo11n,200,all_yaw,recall_iou_0_5,median_paired_log_relative_B5_minus_B3,50,0,0,0,10000,20262925,0,0.15729920705,0,0,,,
paired_log_cluster_bootstrap,heldout,yolo11n,200,all_yaw,recall_iou_0_7,median_log_B5_minus_B3_absolute,50,0,0,0,10000,20262926,0,0.317310507863,0,0,,,
paired_log_cluster_bootstrap,heldout,yolo11n,200,all_yaw,recall_iou_0_7,median_paired_log_relative_B5_minus_B3,50,-1,-1,-1,10000,20262927,0,0.317310507863,0,0,,,
paired_log_cluster_bootstrap,heldout,yolo11n,200,high_yaw,normalized_center_error,median_log_B5_minus_B3_absolute,42,0.00115413167369,-0.000213752635761,0.00175598008719,10000,20263018,292,0.0461155262914,11,26.1904761905,,,
paired_log_cluster_bootstrap,heldout,yolo11n,200,high_yaw,normalized_center_error,median_paired_log_relative_B5_minus_B3,42,0.147092078668,0.064372746681,0.212174959347,10000,20263019,292,0.0461155262914,11,26.1904761905,,,
paired_log_cluster_bootstrap,heldout,yolo11n,200,high_yaw,iou,median_log_B5_minus_B3_absolute,42,-0.0090148670998,-0.0322196309424,0.027196098765,10000,20263020,286,0.0611398326845,15,35.7142857143,,,
paired_log_cluster_bootstrap,heldout,yolo11n,200,high_yaw,iou,median_paired_log_relative_B5_minus_B3,42,-0.0480520905637,-0.0629090552702,0.00523495719576,10000,20263021,286,0.0611398326845,15,35.7142857143,,,
paired_log_cluster_bootstrap,heldout,yolo11n,200,high_yaw,recall_iou_0_3,median_log_B5_minus_B3_absolute,42,0,0,0,10000,20263022,0,1,0,0,,,
paired_log_cluster_bootstrap,heldout,yolo11n,200,high_yaw,recall_iou_0_3,median_paired_log_relative_B5_minus_B3,42,0,0,0,10000,20263023,0,1,0,0,,,
paired_log_cluster_bootstrap,heldout,yolo11n,200,high_yaw,recall_iou_0_5,median_log_B5_minus_B3_absolute,42,0,0,0,10000,20263024,9,0.738882680364,3,7.14285714286,,,
paired_log_cluster_bootstrap,heldout,yolo11n,200,high_yaw,recall_iou_0_5,median_paired_log_relative_B5_minus_B3,42,0,0,0,10000,20263025,9,0.738882680364,3,7.14285714286,,,
paired_log_cluster_bootstrap,heldout,yolo11n,200,high_yaw,recall_iou_0_7,median_log_B5_minus_B3_absolute,42,0,0,0,10000,20263026,0,0.317310507863,0,0,,,
paired_log_cluster_bootstrap,heldout,yolo11n,200,high_yaw,recall_iou_0_7,median_paired_log_relative_B5_minus_B3,42,-0.5,-1,0,10000,20263027,0,0.317310507863,0,0,,,
paired_log_cluster_bootstrap,heldout,yolo11n,300,all_yaw,normalized_center_error,median_log_B5_minus_B3_absolute,50,0.00110861829939,0.000418464521736,0.00209195866586,10000,20263118,381,0.0132839026636,15,30,,,
paired_log_cluster_bootstrap,heldout,yolo11n,300,all_yaw,normalized_center_error,median_paired_log_relative_B5_minus_B3,50,0.186327712874,0.111986179811,0.24943884232,10000,20263119,381,0.0132839026636,15,30,,,
paired_log_cluster_bootstrap,heldout,yolo11n,300,all_yaw,iou,median_log_B5_minus_B3_absolute,50,-0.0242679552762,-0.0509456574058,0.0124308139033,10000,20263120,385,0.0147911423936,15,30,,,
paired_log_cluster_bootstrap,heldout,yolo11n,300,all_yaw,iou,median_paired_log_relative_B5_minus_B3,50,-0.0438434115652,-0.0759774833864,-0.0252013389974,10000,20263121,385,0.0147911423936,15,30,,,
paired_log_cluster_bootstrap,heldout,yolo11n,300,all_yaw,recall_iou_0_3,median_log_B5_minus_B3_absolute,50,0,0,0,10000,20263122,2,0.563702861651,1,2,,,
paired_log_cluster_bootstrap,heldout,yolo11n,300,all_yaw,recall_iou_0_3,median_paired_log_relative_B5_minus_B3,50,0,0,0,10000,20263123,2,0.563702861651,1,2,,,
paired_log_cluster_bootstrap,heldout,yolo11n,300,all_yaw,recall_iou_0_5,median_log_B5_minus_B3_absolute,50,0,0,0,10000,20263124,22,0.527089256866,4,8,,,
paired_log_cluster_bootstrap,heldout,yolo11n,300,all_yaw,recall_iou_0_5,median_paired_log_relative_B5_minus_B3,50,0,0,0,10000,20263125,22,0.527089256866,4,8,,,
paired_log_cluster_bootstrap,heldout,yolo11n,300,all_yaw,recall_iou_0_7,median_log_B5_minus_B3_absolute,50,0,0,0,10000,20263126,0,0.317310507863,0,0,,,
paired_log_cluster_bootstrap,heldout,yolo11n,300,all_yaw,recall_iou_0_7,median_paired_log_relative_B5_minus_B3,50,-1,-1,-1,10000,20263127,0,0.317310507863,0,0,,,
paired_log_cluster_bootstrap,heldout,yolo11n,300,high_yaw,normalized_center_error,median_log_B5_minus_B3_absolute,40,0.00214336873958,0.000692414475121,0.00293499155563,10000,20263218,181,0.00208354999408,6,15,,,
paired_log_cluster_bootstrap,heldout,yolo11n,300,high_yaw,normalized_center_error,median_paired_log_relative_B5_minus_B3,40,0.191807338854,0.107995021623,0.370462979932,10000,20263219,181,0.00208354999408,6,15,,,
paired_log_cluster_bootstrap,heldout,yolo11n,300,high_yaw,iou,median_log_B5_minus_B3_absolute,40,-0.0279741503934,-0.0731348147353,0.00987575788029,10000,20263220,195,0.00650405554557,13,32.5,,,
paired_log_cluster_bootstrap,heldout,yolo11n,300,high_yaw,iou,median_paired_log_relative_B5_minus_B3,40,-0.0838511741863,-0.128196277839,-0.017863801686,10000,20263221,195,0.00650405554557,13,32.5,,,
paired_log_cluster_bootstrap,heldout,yolo11n,300,high_yaw,recall_iou_0_3,median_log_B5_minus_B3_absolute,40,0,0,0,10000,20263222,0,0.317310507863,1,2.5,,,
paired_log_cluster_bootstrap,heldout,yolo11n,300,high_yaw,recall_iou_0_3,median_paired_log_relative_B5_minus_B3,40,0,0,0,10000,20263223,0,0.317310507863,1,2.5,,,
paired_log_cluster_bootstrap,heldout,yolo11n,300,high_yaw,recall_iou_0_5,median_log_B5_minus_B3_absolute,40,0,-0.75,0.25,10000,20263224,41.5,0.763755907498,6,15,,,
paired_log_cluster_bootstrap,heldout,yolo11n,300,high_yaw,recall_iou_0_5,median_paired_log_relative_B5_minus_B3,40,0,0,0,10000,20263225,41.5,0.763755907498,6,15,,,
paired_log_cluster_bootstrap,heldout,yolo11n,300,high_yaw,recall_iou_0_7,median_log_B5_minus_B3_absolute,40,0,0,0,10000,20263226,0,0.15729920705,0,0,,,
paired_log_cluster_bootstrap,heldout,yolo11n,300,high_yaw,recall_iou_0_7,median_paired_log_relative_B5_minus_B3,40,-1,-1,-1,10000,20263227,0,0.15729920705,0,0,,,
paired_log_cluster_bootstrap,heldout,yolo11n,400,all_yaw,normalized_center_error,median_log_B5_minus_B3_absolute,50,0.00180104051758,0.000859791191823,0.00331617727694,10000,20263318,377,0.011914077325,15,30,,,
paired_log_cluster_bootstrap,heldout,yolo11n,400,all_yaw,normalized_center_error,median_paired_log_relative_B5_minus_B3,50,0.280591773258,0.15108730884,0.343232213045,10000,20263319,377,0.011914077325,15,30,,,
paired_log_cluster_bootstrap,heldout,yolo11n,400,all_yaw,iou,median_log_B5_minus_B3_absolute,50,-0.0246977423362,-0.0713982404637,-0.000552791890859,10000,20263320,313,0.00173330963818,14,28,,,
paired_log_cluster_bootstrap,heldout,yolo11n,400,all_yaw,iou,median_paired_log_relative_B5_minus_B3,50,-0.0750746288814,-0.118843633912,-0.0418515042954,10000,20263321,313,0.00173330963818,14,28,,,
paired_log_cluster_bootstrap,heldout,yolo11n,400,all_yaw,recall_iou_0_3,median_log_B5_minus_B3_absolute,50,0,0,0,10000,20263322,1.5,1,1,2,,,
paired_log_cluster_bootstrap,heldout,yolo11n,400,all_yaw,recall_iou_0_3,median_paired_log_relative_B5_minus_B3,50,0,0,0,10000,20263323,1.5,1,1,2,,,
paired_log_cluster_bootstrap,heldout,yolo11n,400,all_yaw,recall_iou_0_5,median_log_B5_minus_B3_absolute,50,-0.5,-1,0,10000,20263324,30,0.108809430041,4,8,,,
paired_log_cluster_bootstrap,heldout,yolo11n,400,all_yaw,recall_iou_0_5,median_paired_log_relative_B5_minus_B3,50,0,0,0,10000,20263325,30,0.108809430041,4,8,,,
paired_log_cluster_bootstrap,heldout,yolo11n,400,all_yaw,recall_iou_0_7,median_log_B5_minus_B3_absolute,50,0,0,0,10000,20263326,0,0.317310507863,0,0,,,
paired_log_cluster_bootstrap,heldout,yolo11n,400,all_yaw,recall_iou_0_7,median_paired_log_relative_B5_minus_B3,50,-1,-1,-1,10000,20263327,0,0.317310507863,0,0,,,
paired_log_cluster_bootstrap,heldout,yolo11n,400,high_yaw,normalized_center_error,median_log_B5_minus_B3_absolute,39,0.00347710646141,0.0014777706905,0.00452686051892,10000,20263418,161,0.00139494715744,6,15.3846153846,,,
paired_log_cluster_bootstrap,heldout,yolo11n,400,high_yaw,normalized_center_error,median_paired_log_relative_B5_minus_B3,39,0.34547686545,0.15376969194,0.501616232727,10000,20263419,161,0.00139494715744,6,15.3846153846,,,
paired_log_cluster_bootstrap,heldout,yolo11n,400,high_yaw,iou,median_log_B5_minus_B3_absolute,39,-0.0572384358799,-0.110950026136,-0.00985268515651,10000,20263420,139,0.000787142621132,10,25.641025641,,,
paired_log_cluster_bootstrap,heldout,yolo11n,400,high_yaw,iou,median_paired_log_relative_B5_minus_B3,39,-0.139063309412,-0.176127023139,-0.056168201296,10000,20263421,139,0.000787142621132,10,25.641025641,,,
paired_log_cluster_bootstrap,heldout,yolo11n,400,high_yaw,recall_iou_0_3,median_log_B5_minus_B3_absolute,39,0,0,0,10000,20263422,0,0.317310507863,1,2.5641025641,,,
paired_log_cluster_bootstrap,heldout,yolo11n,400,high_yaw,recall_iou_0_3,median_paired_log_relative_B5_minus_B3,39,0,0,0,10000,20263423,0,0.317310507863,1,2.5641025641,,,
paired_log_cluster_bootstrap,heldout,yolo11n,400,high_yaw,recall_iou_0_5,median_log_B5_minus_B3_absolute,39,-1,-1,0,10000,20263424,25.5,0.030123644382,3,7.69230769231,,,
paired_log_cluster_bootstrap,heldout,yolo11n,400,high_yaw,recall_iou_0_5,median_paired_log_relative_B5_minus_B3,39,-0.25,-1,0,10000,20263425,25.5,0.030123644382,3,7.69230769231,,,
paired_log_cluster_bootstrap,heldout,yolo11n,400,high_yaw,recall_iou_0_7,median_log_B5_minus_B3_absolute,39,0,0,0,10000,20263426,0,0.15729920705,0,0,,,
paired_log_cluster_bootstrap,heldout,yolo11n,400,high_yaw,recall_iou_0_7,median_paired_log_relative_B5_minus_B3,39,-1,-1,-1,10000,20263427,0,0.15729920705,0,0,,,
paired_log_cluster_bootstrap,heldout,yolo11n,500,all_yaw,normalized_center_error,median_log_B5_minus_B3_absolute,50,0.00282361503956,0.00132950914601,0.00445944559024,10000,20263518,341,0.00420715148317,14,28,,,
paired_log_cluster_bootstrap,heldout,yolo11n,500,all_yaw,normalized_center_error,median_paired_log_relative_B5_minus_B3,50,0.316494016639,0.197421520243,0.450017012014,10000,20263519,341,0.00420715148317,14,28,,,
paired_log_cluster_bootstrap,heldout,yolo11n,500,all_yaw,iou,median_log_B5_minus_B3_absolute,50,-0.0406206667699,-0.0885196391104,-0.0173918854462,10000,20263520,268,0.000361247891415,14,28,,,
paired_log_cluster_bootstrap,heldout,yolo11n,500,all_yaw,iou,median_paired_log_relative_B5_minus_B3,50,-0.121326228109,-0.171792595339,-0.0760741280443,10000,20263521,268,0.000361247891415,14,28,,,
paired_log_cluster_bootstrap,heldout,yolo11n,500,all_yaw,recall_iou_0_3,median_log_B5_minus_B3_absolute,50,0,0,0,10000,20263522,0,0.15729920705,2,4,,,
paired_log_cluster_bootstrap,heldout,yolo11n,500,all_yaw,recall_iou_0_3,median_paired_log_relative_B5_minus_B3,50,0,0,0,10000,20263523,0,0.15729920705,2,4,,,
paired_log_cluster_bootstrap,heldout,yolo11n,500,all_yaw,recall_iou_0_5,median_log_B5_minus_B3_absolute,50,-0.75,-1,0,10000,20263524,19,0.00248412541182,2,4,,,
paired_log_cluster_bootstrap,heldout,yolo11n,500,all_yaw,recall_iou_0_5,median_paired_log_relative_B5_minus_B3,50,-1,-1,0,10000,20263525,19,0.00248412541182,2,4,,,
paired_log_cluster_bootstrap,heldout,yolo11n,500,all_yaw,recall_iou_0_7,median_log_B5_minus_B3_absolute,50,0,0,0,10000,20263526,0,0.317310507863,0,0,,,
paired_log_cluster_bootstrap,heldout,yolo11n,500,all_yaw,recall_iou_0_7,median_paired_log_relative_B5_minus_B3,50,-1,-1,-1,10000,20263527,0,0.317310507863,0,0,,,
paired_log_cluster_bootstrap,heldout,yolo11n,500,high_yaw,normalized_center_error,median_log_B5_minus_B3_absolute,38,0.0046977225896,0.0024243591439,0.00616043219977,10000,20263618,162,0.00249683716399,8,21.0526315789,,,
paired_log_cluster_bootstrap,heldout,yolo11n,500,high_yaw,normalized_center_error,median_paired_log_relative_B5_minus_B3,38,0.389426730186,0.235026545252,0.726485130443,10000,20263619,162,0.00249683716399,8,21.0526315789,,,
paired_log_cluster_bootstrap,heldout,yolo11n,500,high_yaw,iou,median_log_B5_minus_B3_absolute,38,-0.0923680332917,-0.142084526639,-0.0487631618365,10000,20263620,91,8.49538347605e-05,6,15.7894736842,,,
paired_log_cluster_bootstrap,heldout,yolo11n,500,high_yaw,iou,median_paired_log_relative_B5_minus_B3,38,-0.177898093092,-0.234701699676,-0.11401052713,10000,20263621,91,8.49538347605e-05,6,15.7894736842,,,
paired_log_cluster_bootstrap,heldout,yolo11n,500,high_yaw,recall_iou_0_3,median_log_B5_minus_B3_absolute,38,0,0,0,10000,20263622,2.5,0.317310507863,3,7.89473684211,,,
paired_log_cluster_bootstrap,heldout,yolo11n,500,high_yaw,recall_iou_0_3,median_paired_log_relative_B5_minus_B3,38,0,0,0,10000,20263623,2.5,0.317310507863,3,7.89473684211,,,
paired_log_cluster_bootstrap,heldout,yolo11n,500,high_yaw,recall_iou_0_5,median_log_B5_minus_B3_absolute,38,-1,-1,0,10000,20263624,10.5,0.0001490010171,1,2.63157894737,,,
paired_log_cluster_bootstrap,heldout,yolo11n,500,high_yaw,recall_iou_0_5,median_paired_log_relative_B5_minus_B3,38,-1,-1,-1,10000,20263625,10.5,0.0001490010171,1,2.63157894737,,,
paired_log_cluster_bootstrap,heldout,yolo11n,500,high_yaw,recall_iou_0_7,median_log_B5_minus_B3_absolute,38,0,0,0,10000,20263626,0,0.15729920705,0,0,,,
paired_log_cluster_bootstrap,heldout,yolo11n,500,high_yaw,recall_iou_0_7,median_paired_log_relative_B5_minus_B3,38,-1,-1,-1,10000,20263627,0,0.15729920705,0,0,,,
paired_log_cluster_bootstrap,heldout,yolo11s,100,all_yaw,normalized_center_error,median_log_B5_minus_B3_absolute,50,0.000117135340007,-0.000310478271505,0.000405036061102,10000,20263718,585,0.61229717001,20,40,,,
paired_log_cluster_bootstrap,heldout,yolo11s,100,all_yaw,normalized_center_error,median_paired_log_relative_B5_minus_B3,50,0.0210547695656,-0.0103703790551,0.0324512890871,10000,20263719,585,0.61229717001,20,40,,,
paired_log_cluster_bootstrap,heldout,yolo11s,100,all_yaw,iou,median_log_B5_minus_B3_absolute,50,-0.00418522863244,-0.0164566956405,0.0119443944473,10000,20263720,468,0.101791306152,18,36,,,
paired_log_cluster_bootstrap,heldout,yolo11s,100,all_yaw,iou,median_paired_log_relative_B5_minus_B3,50,-0.00708936863445,-0.0139018649009,0.00103294286302,10000,20263721,468,0.101791306152,18,36,,,
paired_log_cluster_bootstrap,heldout,yolo11s,100,all_yaw,recall_iou_0_3,median_log_B5_minus_B3_absolute,50,0,0,0,10000,20263722,0,1,0,0,,,
paired_log_cluster_bootstrap,heldout,yolo11s,100,all_yaw,recall_iou_0_3,median_paired_log_relative_B5_minus_B3,50,0,0,0,10000,20263723,0,1,0,0,,,
paired_log_cluster_bootstrap,heldout,yolo11s,100,all_yaw,recall_iou_0_5,median_log_B5_minus_B3_absolute,50,0,0,0,10000,20263724,0,1,0,0,,,
paired_log_cluster_bootstrap,heldout,yolo11s,100,all_yaw,recall_iou_0_5,median_paired_log_relative_B5_minus_B3,50,0,0,0,10000,20263725,0,1,0,0,,,
paired_log_cluster_bootstrap,heldout,yolo11s,100,all_yaw,recall_iou_0_7,median_log_B5_minus_B3_absolute,50,0,0,0,10000,20263726,0,0.317310507863,1,2,,,
paired_log_cluster_bootstrap,heldout,yolo11s,100,all_yaw,recall_iou_0_7,median_paired_log_relative_B5_minus_B3,50,0,0,0,10000,20263727,0,0.317310507863,1,2,,,
paired_log_cluster_bootstrap,heldout,yolo11s,100,high_yaw,normalized_center_error,median_log_B5_minus_B3_absolute,42,-3.42758802411e-05,-0.000579170496577,0.000526421249131,10000,20263818,332,0.135126536656,14,33.3333333333,,,
paired_log_cluster_bootstrap,heldout,yolo11s,100,high_yaw,normalized_center_error,median_paired_log_relative_B5_minus_B3,42,0.0324389721121,0.0106737906967,0.0717820048984,10000,20263819,332,0.135126536656,14,33.3333333333,,,
paired_log_cluster_bootstrap,heldout,yolo11s,100,high_yaw,iou,median_log_B5_minus_B3_absolute,42,0.00606413808063,-0.0209787207671,0.0281521598002,10000,20263820,377,0.48813874811,18,42.8571428571,,,
paired_log_cluster_bootstrap,heldout,yolo11s,100,high_yaw,iou,median_paired_log_relative_B5_minus_B3,42,-0.0049651596967,-0.0199015034566,0.00666215815401,10000,20263821,377,0.48813874811,18,42.8571428571,,,
paired_log_cluster_bootstrap,heldout,yolo11s,100,high_yaw,recall_iou_0_3,median_log_B5_minus_B3_absolute,42,0,0,0,10000,20263822,0,1,0,0,,,
paired_log_cluster_bootstrap,heldout,yolo11s,100,high_yaw,recall_iou_0_3,median_paired_log_relative_B5_minus_B3,42,0,0,0,10000,20263823,0,1,0,0,,,
paired_log_cluster_bootstrap,heldout,yolo11s,100,high_yaw,recall_iou_0_5,median_log_B5_minus_B3_absolute,42,0,0,0,10000,20263824,2.5,0.785494747118,2,4.7619047619,,,
paired_log_cluster_bootstrap,heldout,yolo11s,100,high_yaw,recall_iou_0_5,median_paired_log_relative_B5_minus_B3,42,0,0,0,10000,20263825,2.5,0.785494747118,2,4.7619047619,,,
paired_log_cluster_bootstrap,heldout,yolo11s,100,high_yaw,recall_iou_0_7,median_log_B5_minus_B3_absolute,42,0,0,0,10000,20263826,0,1,0,0,,,
paired_log_cluster_bootstrap,heldout,yolo11s,100,high_yaw,recall_iou_0_7,median_paired_log_relative_B5_minus_B3,42,0,0,0,10000,20263827,0,1,0,0,,,
paired_log_cluster_bootstrap,heldout,yolo11s,200,all_yaw,normalized_center_error,median_log_B5_minus_B3_absolute,50,0.000391602275111,-0.000162300343371,0.000774784468401,10000,20263918,480,0.128412636821,14,28,,,
paired_log_cluster_bootstrap,heldout,yolo11s,200,all_yaw,normalized_center_error,median_paired_log_relative_B5_minus_B3,50,0.0559739353285,0.0157883561253,0.100802842034,10000,20263919,480,0.128412636821,14,28,,,
paired_log_cluster_bootstrap,heldout,yolo11s,200,all_yaw,iou,median_log_B5_minus_B3_absolute,50,-0.0207142335974,-0.0345601380653,0.0150352655472,10000,20263920,435,0.0506079881302,16,32,,,
paired_log_cluster_bootstrap,heldout,yolo11s,200,all_yaw,iou,median_paired_log_relative_B5_minus_B3,50,-0.0231311804315,-0.0368889971044,-0.00292459912072,10000,20263921,435,0.0506079881302,16,32,,,
paired_log_cluster_bootstrap,heldout,yolo11s,200,all_yaw,recall_iou_0_3,median_log_B5_minus_B3_absolute,50,0,0,0,10000,20263922,0,0.317310507863,1,2,,,
paired_log_cluster_bootstrap,heldout,yolo11s,200,all_yaw,recall_iou_0_3,median_paired_log_relative_B5_minus_B3,50,0,0,0,10000,20263923,0,0.317310507863,1,2,,,
paired_log_cluster_bootstrap,heldout,yolo11s,200,all_yaw,recall_iou_0_5,median_log_B5_minus_B3_absolute,50,0,0,0,10000,20263924,0,0.15729920705,0,0,,,
paired_log_cluster_bootstrap,heldout,yolo11s,200,all_yaw,recall_iou_0_5,median_paired_log_relative_B5_minus_B3,50,0,0,0,10000,20263925,0,0.15729920705,0,0,,,
paired_log_cluster_bootstrap,heldout,yolo11s,200,all_yaw,recall_iou_0_7,median_log_B5_minus_B3_absolute,50,0,0,0,10000,20263926,0,0.317310507863,0,0,,,
paired_log_cluster_bootstrap,heldout,yolo11s,200,all_yaw,recall_iou_0_7,median_paired_log_relative_B5_minus_B3,50,-0.5,-1,0,10000,20263927,0,0.317310507863,0,0,,,
paired_log_cluster_bootstrap,heldout,yolo11s,200,high_yaw,normalized_center_error,median_log_B5_minus_B3_absolute,42,0.000791889886112,-0.000262097826423,0.00139521927059,10000,20264018,250,0.0117525566357,10,23.8095238095,,,
paired_log_cluster_bootstrap,heldout,yolo11s,200,high_yaw,normalized_center_error,median_paired_log_relative_B5_minus_B3,42,0.0888245636449,0.0372439395363,0.177448703321,10000,20264019,250,0.0117525566357,10,23.8095238095,,,
paired_log_cluster_bootstrap,heldout,yolo11s,200,high_yaw,iou,median_log_B5_minus_B3_absolute,42,-0.0240154886953,-0.0396170745638,0.0284613608012,10000,20264020,312,0.124644976449,14,33.3333333333,,,
paired_log_cluster_bootstrap,heldout,yolo11s,200,high_yaw,iou,median_paired_log_relative_B5_minus_B3,42,-0.0221757728055,-0.0536126914033,-0.00482036953562,10000,20264021,312,0.124644976449,14,33.3333333333,,,
paired_log_cluster_bootstrap,heldout,yolo11s,200,high_yaw,recall_iou_0_3,median_log_B5_minus_B3_absolute,42,0,0,0,10000,20264022,0,0.317310507863,1,2.38095238095,,,
paired_log_cluster_bootstrap,heldout,yolo11s,200,high_yaw,recall_iou_0_3,median_paired_log_relative_B5_minus_B3,42,0,0,0,10000,20264023,0,0.317310507863,1,2.38095238095,,,
paired_log_cluster_bootstrap,heldout,yolo11s,200,high_yaw,recall_iou_0_5,median_log_B5_minus_B3_absolute,42,0,0,0.5,10000,20264024,13.5,0.26105418958,6,14.2857142857,,,
paired_log_cluster_bootstrap,heldout,yolo11s,200,high_yaw,recall_iou_0_5,median_paired_log_relative_B5_minus_B3,42,0,0,0,10000,20264025,13.5,0.26105418958,6,14.2857142857,,,
paired_log_cluster_bootstrap,heldout,yolo11s,200,high_yaw,recall_iou_0_7,median_log_B5_minus_B3_absolute,42,0,0,0,10000,20264026,1.5,1,1,2.38095238095,,,
paired_log_cluster_bootstrap,heldout,yolo11s,200,high_yaw,recall_iou_0_7,median_paired_log_relative_B5_minus_B3,42,0,-1,0,10000,20264027,1.5,1,1,2.38095238095,,,
paired_log_cluster_bootstrap,heldout,yolo11s,300,all_yaw,normalized_center_error,median_log_B5_minus_B3_absolute,50,0.000448269300232,-0.000156718937048,0.00153803285394,10000,20264118,389,0.0164471107379,13,26,,,
paired_log_cluster_bootstrap,heldout,yolo11s,300,all_yaw,normalized_center_error,median_paired_log_relative_B5_minus_B3,50,0.130073636057,0.0472531930937,0.203622639685,10000,20264119,389,0.0164471107379,13,26,,,
paired_log_cluster_bootstrap,heldout,yolo11s,300,all_yaw,iou,median_log_B5_minus_B3_absolute,50,-0.0334298375955,-0.0617053440531,0.00834551298166,10000,20264120,387,0.0155998030077,16,32,,,
paired_log_cluster_bootstrap,heldout,yolo11s,300,all_yaw,iou,median_paired_log_relative_B5_minus_B3,50,-0.0419577962855,-0.0574834198357,-0.0165134057438,10000,20264121,387,0.0155998030077,16,32,,,
paired_log_cluster_bootstrap,heldout,yolo11s,300,all_yaw,recall_iou_0_3,median_log_B5_minus_B3_absolute,50,0,0,0,10000,20264122,1.5,1,1,2,,,
paired_log_cluster_bootstrap,heldout,yolo11s,300,all_yaw,recall_iou_0_3,median_paired_log_relative_B5_minus_B3,50,0,0,0,10000,20264123,1.5,1,1,2,,,
paired_log_cluster_bootstrap,heldout,yolo11s,300,all_yaw,recall_iou_0_5,median_log_B5_minus_B3_absolute,50,0,0,0,10000,20264124,7,0.414216178243,2,4,,,
paired_log_cluster_bootstrap,heldout,yolo11s,300,all_yaw,recall_iou_0_5,median_paired_log_relative_B5_minus_B3,50,0,0,0,10000,20264125,7,0.414216178243,2,4,,,
paired_log_cluster_bootstrap,heldout,yolo11s,300,all_yaw,recall_iou_0_7,median_log_B5_minus_B3_absolute,50,0,0,0,10000,20264126,0,0.317310507863,0,0,,,
paired_log_cluster_bootstrap,heldout,yolo11s,300,all_yaw,recall_iou_0_7,median_paired_log_relative_B5_minus_B3,50,-1,-1,-1,10000,20264127,0,0.317310507863,0,0,,,
paired_log_cluster_bootstrap,heldout,yolo11s,300,high_yaw,normalized_center_error,median_log_B5_minus_B3_absolute,40,0.00180236179421,0.000497259446065,0.00238319291257,10000,20264218,163,0.000900173077433,8,20,,,
paired_log_cluster_bootstrap,heldout,yolo11s,300,high_yaw,normalized_center_error,median_paired_log_relative_B5_minus_B3,40,0.210578809365,0.083015718397,0.315125295702,10000,20264219,163,0.000900173077433,8,20,,,
paired_log_cluster_bootstrap,heldout,yolo11s,300,high_yaw,iou,median_log_B5_minus_B3_absolute,40,-0.0454423209032,-0.0776055993843,0.0137475096922,10000,20264220,170,0.00213987438189,10,25,,,
paired_log_cluster_bootstrap,heldout,yolo11s,300,high_yaw,iou,median_paired_log_relative_B5_minus_B3,40,-0.0784129214992,-0.0943651767802,-0.0270441204753,10000,20264221,170,0.00213987438189,10,25,,,
paired_log_cluster_bootstrap,heldout,yolo11s,300,high_yaw,recall_iou_0_3,median_log_B5_minus_B3_absolute,40,0,0,0,10000,20264222,0,1,0,0,,,
paired_log_cluster_bootstrap,heldout,yolo11s,300,high_yaw,recall_iou_0_3,median_paired_log_relative_B5_minus_B3,40,0,0,0,10000,20264223,0,1,0,0,,,
paired_log_cluster_bootstrap,heldout,yolo11s,300,high_yaw,recall_iou_0_5,median_log_B5_minus_B3_absolute,40,0,-1,0.5,10000,20264224,7,0.414216178243,2,5,,,
paired_log_cluster_bootstrap,heldout,yolo11s,300,high_yaw,recall_iou_0_5,median_paired_log_relative_B5_minus_B3,40,0,0,0,10000,20264225,7,0.414216178243,2,5,,,
paired_log_cluster_bootstrap,heldout,yolo11s,300,high_yaw,recall_iou_0_7,median_log_B5_minus_B3_absolute,40,0,0,0,10000,20264226,0,0.0832645166636,0,0,,,
paired_log_cluster_bootstrap,heldout,yolo11s,300,high_yaw,recall_iou_0_7,median_paired_log_relative_B5_minus_B3,40,-1,-1,-1,10000,20264227,0,0.0832645166636,0,0,,,
paired_log_cluster_bootstrap,heldout,yolo11s,400,all_yaw,normalized_center_error,median_log_B5_minus_B3_absolute,50,0.00103647104986,3.61315614982e-05,0.0023302051414,10000,20264318,350,0.00551478206326,12,24,,,
paired_log_cluster_bootstrap,heldout,yolo11s,400,all_yaw,normalized_center_error,median_paired_log_relative_B5_minus_B3,50,0.19609264007,0.112955670608,0.294579663236,10000,20264319,350,0.00551478206326,12,24,,,
paired_log_cluster_bootstrap,heldout,yolo11s,400,all_yaw,iou,median_log_B5_minus_B3_absolute,50,-0.0413759206671,-0.0846767094318,0.00250408456366,10000,20264320,333,0.00328823585443,15,30,,,
paired_log_cluster_bootstrap,heldout,yolo11s,400,all_yaw,iou,median_paired_log_relative_B5_minus_B3,50,-0.0727086388022,-0.087640983649,-0.0243441184534,10000,20264321,333,0.00328823585443,15,30,,,
paired_log_cluster_bootstrap,heldout,yolo11s,400,all_yaw,recall_iou_0_3,median_log_B5_minus_B3_absolute,50,0,0,0,10000,20264322,0,1,0,0,,,
paired_log_cluster_bootstrap,heldout,yolo11s,400,all_yaw,recall_iou_0_3,median_paired_log_relative_B5_minus_B3,50,0,0,0,10000,20264323,0,1,0,0,,,
paired_log_cluster_bootstrap,heldout,yolo11s,400,all_yaw,recall_iou_0_5,median_log_B5_minus_B3_absolute,50,-0.5,-1,0,10000,20264324,19.5,0.0832645166636,3,6,,,
paired_log_cluster_bootstrap,heldout,yolo11s,400,all_yaw,recall_iou_0_5,median_paired_log_relative_B5_minus_B3,50,0,0,0,10000,20264325,19.5,0.0832645166636,3,6,,,
paired_log_cluster_bootstrap,heldout,yolo11s,400,all_yaw,recall_iou_0_7,median_log_B5_minus_B3_absolute,50,0,0,0,10000,20264326,0,0.317310507863,0,0,,,
paired_log_cluster_bootstrap,heldout,yolo11s,400,all_yaw,recall_iou_0_7,median_paired_log_relative_B5_minus_B3,50,-1,-1,-1,10000,20264327,0,0.317310507863,0,0,,,
paired_log_cluster_bootstrap,heldout,yolo11s,400,high_yaw,normalized_center_error,median_log_B5_minus_B3_absolute,39,0.00268847198582,0.00140112502147,0.00367449173315,10000,20264418,166,0.00177250044119,7,17.9487179487,,,
paired_log_cluster_bootstrap,heldout,yolo11s,400,high_yaw,normalized_center_error,median_paired_log_relative_B5_minus_B3,39,0.319622474797,0.161658714088,0.458424689346,10000,20264419,166,0.00177250044119,7,17.9487179487,,,
paired_log_cluster_bootstrap,heldout,yolo11s,400,high_yaw,iou,median_log_B5_minus_B3_absolute,39,-0.0709203165614,-0.123518319483,-0.0153706184599,10000,20264420,88,4.18732547726e-05,9,23.0769230769,,,
paired_log_cluster_bootstrap,heldout,yolo11s,400,high_yaw,iou,median_paired_log_relative_B5_minus_B3,39,-0.116425812937,-0.146244443813,-0.0482334005984,10000,20264421,88,4.18732547726e-05,9,23.0769230769,,,
paired_log_cluster_bootstrap,heldout,yolo11s,400,high_yaw,recall_iou_0_3,median_log_B5_minus_B3_absolute,39,0,0,0,10000,20264422,0,0.179712494879,0,0,,,
paired_log_cluster_bootstrap,heldout,yolo11s,400,high_yaw,recall_iou_0_3,median_paired_log_relative_B5_minus_B3,39,0,0,0,10000,20264423,0,0.179712494879,0,0,,,
paired_log_cluster_bootstrap,heldout,yolo11s,400,high_yaw,recall_iou_0_5,median_log_B5_minus_B3_absolute,39,-1,-1,0,10000,20264424,0,0.00269979606326,0,0,,,
paired_log_cluster_bootstrap,heldout,yolo11s,400,high_yaw,recall_iou_0_5,median_paired_log_relative_B5_minus_B3,39,0,-1,0,10000,20264425,0,0.00269979606326,0,0,,,
paired_log_cluster_bootstrap,heldout,yolo11s,400,high_yaw,recall_iou_0_7,median_log_B5_minus_B3_absolute,39,0,0,0,10000,20264426,0,0.317310507863,0,0,,,
paired_log_cluster_bootstrap,heldout,yolo11s,400,high_yaw,recall_iou_0_7,median_paired_log_relative_B5_minus_B3,39,-1,-1,-1,10000,20264427,0,0.317310507863,0,0,,,
paired_log_cluster_bootstrap,heldout,yolo11s,500,all_yaw,normalized_center_error,median_log_B5_minus_B3_absolute,50,0.00176269882504,0.000320753214365,0.00318551784458,10000,20264518,321,0.00224863467781,12,24,,,
paired_log_cluster_bootstrap,heldout,yolo11s,500,all_yaw,normalized_center_error,median_paired_log_relative_B5_minus_B3,50,0.273264176672,0.167457997198,0.398606528121,10000,20264519,321,0.00224863467781,12,24,,,
paired_log_cluster_bootstrap,heldout,yolo11s,500,all_yaw,iou,median_log_B5_minus_B3_absolute,50,-0.0447555208251,-0.0980993851202,-0.0150093780571,10000,20264520,250,0.00018354826338,13,26,,,
paired_log_cluster_bootstrap,heldout,yolo11s,500,all_yaw,iou,median_paired_log_relative_B5_minus_B3,50,-0.110504517327,-0.132077410016,-0.0610426381434,10000,20264521,250,0.00018354826338,13,26,,,
paired_log_cluster_bootstrap,heldout,yolo11s,500,all_yaw,recall_iou_0_3,median_log_B5_minus_B3_absolute,50,0,0,0,10000,20264522,6,0.654720846019,3,6,,,
paired_log_cluster_bootstrap,heldout,yolo11s,500,all_yaw,recall_iou_0_3,median_paired_log_relative_B5_minus_B3,50,0,0,0,10000,20264523,6,0.654720846019,3,6,,,
paired_log_cluster_bootstrap,heldout,yolo11s,500,all_yaw,recall_iou_0_5,median_log_B5_minus_B3_absolute,50,-1,-1,0,10000,20264524,0,0.000532005505139,0,0,,,
paired_log_cluster_bootstrap,heldout,yolo11s,500,all_yaw,recall_iou_0_5,median_paired_log_relative_B5_minus_B3,50,0,-1,0,10000,20264525,0,0.000532005505139,0,0,,,
paired_log_cluster_bootstrap,heldout,yolo11s,500,all_yaw,recall_iou_0_7,median_log_B5_minus_B3_absolute,50,0,0,0,10000,20264526,0,0.317310507863,0,0,,,
paired_log_cluster_bootstrap,heldout,yolo11s,500,all_yaw,recall_iou_0_7,median_paired_log_relative_B5_minus_B3,50,-1,-1,-1,10000,20264527,0,0.317310507863,0,0,,,
paired_log_cluster_bootstrap,heldout,yolo11s,500,high_yaw,normalized_center_error,median_log_B5_minus_B3_absolute,38,0.00287337189537,0.0017544299262,0.00444035837415,10000,20264618,148,0.00125202028845,6,15.7894736842,,,
paired_log_cluster_bootstrap,heldout,yolo11s,500,high_yaw,normalized_center_error,median_paired_log_relative_B5_minus_B3,38,0.402390464647,0.216380217919,0.567123296834,10000,20264619,148,0.00125202028845,6,15.7894736842,,,
paired_log_cluster_bootstrap,heldout,yolo11s,500,high_yaw,iou,median_log_B5_minus_B3_absolute,38,-0.108983526141,-0.150707402546,-0.0201143081678,10000,20264620,72,2.47994797316e-05,7,18.4210526316,,,
paired_log_cluster_bootstrap,heldout,yolo11s,500,high_yaw,iou,median_paired_log_relative_B5_minus_B3,38,-0.173723837545,-0.19871992916,-0.0744104507731,10000,20264621,72,2.47994797316e-05,7,18.4210526316,,,
paired_log_cluster_bootstrap,heldout,yolo11s,500,high_yaw,recall_iou_0_3,median_log_B5_minus_B3_absolute,38,0,0,0,10000,20264622,0,0.15729920705,0,0,,,
paired_log_cluster_bootstrap,heldout,yolo11s,500,high_yaw,recall_iou_0_3,median_paired_log_relative_B5_minus_B3,38,0,0,0,10000,20264623,0,0.15729920705,0,0,,,
paired_log_cluster_bootstrap,heldout,yolo11s,500,high_yaw,recall_iou_0_5,median_log_B5_minus_B3_absolute,38,-1,-1,0,10000,20264624,0,0.00010751117673,0,0,,,
paired_log_cluster_bootstrap,heldout,yolo11s,500,high_yaw,recall_iou_0_5,median_paired_log_relative_B5_minus_B3,38,-1,-1,-0.5,10000,20264625,0,0.00010751117673,0,0,,,
paired_log_cluster_bootstrap,heldout,yolo11s,500,high_yaw,recall_iou_0_7,median_log_B5_minus_B3_absolute,38,0,0,0,10000,20264626,0,0.317310507863,0,0,,,
paired_log_cluster_bootstrap,heldout,yolo11s,500,high_yaw,recall_iou_0_7,median_paired_log_relative_B5_minus_B3,38,-1,-1,-1,10000,20264627,0,0.317310507863,0,0,,,
paired_log_cluster_bootstrap,model_selection,yolo11n,100,all_yaw,normalized_center_error,median_log_B5_minus_B3_absolute,20,-7.7119667512e-05,-0.000240693680151,0.000238101713963,10000,20264718,88,0.525653198176,8,40,,,
paired_log_cluster_bootstrap,model_selection,yolo11n,100,all_yaw,normalized_center_error,median_paired_log_relative_B5_minus_B3,20,0.0207275395273,-0.0240396705991,0.0431105696838,10000,20264719,88,0.525653198176,8,40,,,
paired_log_cluster_bootstrap,model_selection,yolo11n,100,all_yaw,iou,median_log_B5_minus_B3_absolute,20,0.0076923971612,-0.0137928510433,0.0138223261813,10000,20264720,94,0.68132232615,9,45,,,
paired_log_cluster_bootstrap,model_selection,yolo11n,100,all_yaw,iou,median_paired_log_relative_B5_minus_B3,20,-0.00121967411464,-0.0131515417987,0.00825116660581,10000,20264721,94,0.68132232615,9,45,,,
paired_log_cluster_bootstrap,model_selection,yolo11n,100,all_yaw,recall_iou_0_3,median_log_B5_minus_B3_absolute,20,0,0,0,10000,20264722,0,1,0,0,,,
paired_log_cluster_bootstrap,model_selection,yolo11n,100,all_yaw,recall_iou_0_3,median_paired_log_relative_B5_minus_B3,20,0,0,0,10000,20264723,0,1,0,0,,,
paired_log_cluster_bootstrap,model_selection,yolo11n,100,all_yaw,recall_iou_0_5,median_log_B5_minus_B3_absolute,20,0,0,0,10000,20264724,0,1,0,0,,,
paired_log_cluster_bootstrap,model_selection,yolo11n,100,all_yaw,recall_iou_0_5,median_paired_log_relative_B5_minus_B3,20,0,0,0,10000,20264725,0,1,0,0,,,
paired_log_cluster_bootstrap,model_selection,yolo11n,100,all_yaw,recall_iou_0_7,median_log_B5_minus_B3_absolute,20,0,0,0,10000,20264726,2,0.563702861651,1,5,,,
paired_log_cluster_bootstrap,model_selection,yolo11n,100,all_yaw,recall_iou_0_7,median_paired_log_relative_B5_minus_B3,20,-1,-1,0,10000,20264727,2,0.563702861651,1,5,,,
paired_log_cluster_bootstrap,model_selection,yolo11n,100,high_yaw,normalized_center_error,median_log_B5_minus_B3_absolute,16,-0.000168001784248,-0.000451312135115,0.000563025455898,10000,20264818,65,0.876721743235,8,50,,,
paired_log_cluster_bootstrap,model_selection,yolo11n,100,high_yaw,normalized_center_error,median_paired_log_relative_B5_minus_B3,16,-0.00218075036824,-0.0452574612036,0.0471425115873,10000,20264819,65,0.876721743235,8,50,,,
paired_log_cluster_bootstrap,model_selection,yolo11n,100,high_yaw,iou,median_log_B5_minus_B3_absolute,16,0.00523026179257,-0.0187346321429,0.00546733705042,10000,20264820,46,0.2552905052,7,43.75,,,
paired_log_cluster_bootstrap,model_selection,yolo11n,100,high_yaw,iou,median_paired_log_relative_B5_minus_B3,16,-0.00744583469678,-0.019306226933,0.00829747879928,10000,20264821,46,0.2552905052,7,43.75,,,
paired_log_cluster_bootstrap,model_selection,yolo11n,100,high_yaw,recall_iou_0_3,median_log_B5_minus_B3_absolute,16,0,0,0,10000,20264822,0,1,0,0,,,
paired_log_cluster_bootstrap,model_selection,yolo11n,100,high_yaw,recall_iou_0_3,median_paired_log_relative_B5_minus_B3,16,0,0,0,10000,20264823,0,1,0,0,,,
paired_log_cluster_bootstrap,model_selection,yolo11n,100,high_yaw,recall_iou_0_5,median_log_B5_minus_B3_absolute,16,0,0,0,10000,20264824,0,1,0,0,,,
paired_log_cluster_bootstrap,model_selection,yolo11n,100,high_yaw,recall_iou_0_5,median_paired_log_relative_B5_minus_B3,16,0,0,0,10000,20264825,0,1,0,0,,,
paired_log_cluster_bootstrap,model_selection,yolo11n,100,high_yaw,recall_iou_0_7,median_log_B5_minus_B3_absolute,16,0,0,0,10000,20264826,0,0.317310507863,1,6.25,,,
paired_log_cluster_bootstrap,model_selection,yolo11n,100,high_yaw,recall_iou_0_7,median_paired_log_relative_B5_minus_B3,16,0,0,1,10000,20264827,0,0.317310507863,1,6.25,,,
paired_log_cluster_bootstrap,model_selection,yolo11n,200,all_yaw,normalized_center_error,median_log_B5_minus_B3_absolute,20,0.000498634762641,-8.95364636978e-05,0.000965335900194,10000,20264918,35,0.00896759945519,5,25,,,
paired_log_cluster_bootstrap,model_selection,yolo11n,200,all_yaw,normalized_center_error,median_paired_log_relative_B5_minus_B3,20,0.0593794400807,0.0237941899802,0.14949494241,10000,20264919,35,0.00896759945519,5,25,,,
paired_log_cluster_bootstrap,model_selection,yolo11n,200,all_yaw,iou,median_log_B5_minus_B3_absolute,20,0.00351150328453,-0.0382737757114,0.0164089680464,10000,20264920,63,0.11688763781,8,40,,,
paired_log_cluster_bootstrap,model_selection,yolo11n,200,all_yaw,iou,median_paired_log_relative_B5_minus_B3,20,-0.014391554267,-0.036504985666,0.00829029911728,10000,20264921,63,0.11688763781,8,40,,,
paired_log_cluster_bootstrap,model_selection,yolo11n,200,all_yaw,recall_iou_0_3,median_log_B5_minus_B3_absolute,20,0,0,0,10000,20264922,0,1,0,0,,,
paired_log_cluster_bootstrap,model_selection,yolo11n,200,all_yaw,recall_iou_0_3,median_paired_log_relative_B5_minus_B3,20,0,0,0,10000,20264923,0,1,0,0,,,
paired_log_cluster_bootstrap,model_selection,yolo11n,200,all_yaw,recall_iou_0_5,median_log_B5_minus_B3_absolute,20,0,0,0,10000,20264924,0,0.317310507863,0,0,,,
paired_log_cluster_bootstrap,model_selection,yolo11n,200,all_yaw,recall_iou_0_5,median_paired_log_relative_B5_minus_B3,20,0,0,0,10000,20264925,0,0.317310507863,0,0,,,
paired_log_cluster_bootstrap,model_selection,yolo11n,200,all_yaw,recall_iou_0_7,median_log_B5_minus_B3_absolute,20,0,0,0,10000,20264926,0,0.317310507863,0,0,,,
paired_log_cluster_bootstrap,model_selection,yolo11n,200,all_yaw,recall_iou_0_7,median_paired_log_relative_B5_minus_B3,20,-1,-1,-1,10000,20264927,0,0.317310507863,0,0,,,
paired_log_cluster_bootstrap,model_selection,yolo11n,200,high_yaw,normalized_center_error,median_log_B5_minus_B3_absolute,15,0.0007502468118,0.000211503324278,0.00149665719031,10000,20265018,18,0.0170587185315,2,13.3333333333,,,
paired_log_cluster_bootstrap,model_selection,yolo11n,200,high_yaw,normalized_center_error,median_paired_log_relative_B5_minus_B3,15,0.0808005753184,0.0182508724704,0.139081564196,10000,20265019,18,0.0170587185315,2,13.3333333333,,,
paired_log_cluster_bootstrap,model_selection,yolo11n,200,high_yaw,iou,median_log_B5_minus_B3_absolute,15,-0.0217292990233,-0.0677568744347,-0.00674564913196,10000,20265020,15,0.0105935390887,1,6.66666666667,,,
paired_log_cluster_bootstrap,model_selection,yolo11n,200,high_yaw,iou,median_paired_log_relative_B5_minus_B3,15,-0.0396456529957,-0.0579279345975,-0.0248629857957,10000,20265021,15,0.0105935390887,1,6.66666666667,,,
paired_log_cluster_bootstrap,model_selection,yolo11n,200,high_yaw,recall_iou_0_3,median_log_B5_minus_B3_absolute,15,0,0,0,10000,20265022,0,1,0,0,,,
paired_log_cluster_bootstrap,model_selection,yolo11n,200,high_yaw,recall_iou_0_3,median_paired_log_relative_B5_minus_B3,15,0,0,0,10000,20265023,0,1,0,0,,,
paired_log_cluster_bootstrap,model_selection,yolo11n,200,high_yaw,recall_iou_0_5,median_log_B5_minus_B3_absolute,15,0,-1,0,10000,20265024,0,0.15729920705,0,0,,,
paired_log_cluster_bootstrap,model_selection,yolo11n,200,high_yaw,recall_iou_0_5,median_paired_log_relative_B5_minus_B3,15,0,0,0,10000,20265025,0,0.15729920705,0,0,,,
paired_log_cluster_bootstrap,model_selection,yolo11n,200,high_yaw,recall_iou_0_7,median_log_B5_minus_B3_absolute,15,0,0,0,10000,20265026,0,0.317310507863,0,0,,,
paired_log_cluster_bootstrap,model_selection,yolo11n,200,high_yaw,recall_iou_0_7,median_paired_log_relative_B5_minus_B3,15,-0.5,-1,0,10000,20265027,0,0.317310507863,0,0,,,
paired_log_cluster_bootstrap,model_selection,yolo11n,300,all_yaw,normalized_center_error,median_log_B5_minus_B3_absolute,20,0.000835133407972,0.000213834712634,0.00196647622146,10000,20265118,27,0.00359182157403,4,20,,,
paired_log_cluster_bootstrap,model_selection,yolo11n,300,all_yaw,normalized_center_error,median_paired_log_relative_B5_minus_B3,20,0.147774973077,0.0985124339404,0.226163037756,10000,20265119,27,0.00359182157403,4,20,,,
paired_log_cluster_bootstrap,model_selection,yolo11n,300,all_yaw,iou,median_log_B5_minus_B3_absolute,20,-0.0137620141498,-0.0602711765565,0.00692910427947,10000,20265120,47,0.0303651133154,5,25,,,
paired_log_cluster_bootstrap,model_selection,yolo11n,300,all_yaw,iou,median_paired_log_relative_B5_minus_B3,20,-0.0367367025716,-0.0652005952509,-0.00191577516664,10000,20265121,47,0.0303651133154,5,25,,,
paired_log_cluster_bootstrap,model_selection,yolo11n,300,all_yaw,recall_iou_0_3,median_log_B5_minus_B3_absolute,20,0,0,0,10000,20265122,0,0.317310507863,1,5,,,
paired_log_cluster_bootstrap,model_selection,yolo11n,300,all_yaw,recall_iou_0_3,median_paired_log_relative_B5_minus_B3,20,0,0,0,10000,20265123,0,0.317310507863,1,5,,,
paired_log_cluster_bootstrap,model_selection,yolo11n,300,all_yaw,recall_iou_0_5,median_log_B5_minus_B3_absolute,20,0,0,0,10000,20265124,0,0.317310507863,0,0,,,
paired_log_cluster_bootstrap,model_selection,yolo11n,300,all_yaw,recall_iou_0_5,median_paired_log_relative_B5_minus_B3,20,0,0,0,10000,20265125,0,0.317310507863,0,0,,,
paired_log_cluster_bootstrap,model_selection,yolo11n,300,all_yaw,recall_iou_0_7,median_log_B5_minus_B3_absolute,20,0,0,0,10000,20265126,0,0.317310507863,0,0,,,
paired_log_cluster_bootstrap,model_selection,yolo11n,300,all_yaw,recall_iou_0_7,median_paired_log_relative_B5_minus_B3,20,-1,-1,-1,10000,20265127,0,0.317310507863,0,0,,,
paired_log_cluster_bootstrap,model_selection,yolo11n,300,high_yaw,normalized_center_error,median_log_B5_minus_B3_absolute,14,0.00131570945187,0.000900852664703,0.00226830088075,10000,20265218,1,0.00122502354207,1,7.14285714286,,,
paired_log_cluster_bootstrap,model_selection,yolo11n,300,high_yaw,normalized_center_error,median_paired_log_relative_B5_minus_B3,14,0.212252128794,0.126717710254,0.378649795189,10000,20265219,1,0.00122502354207,1,7.14285714286,,,
paired_log_cluster_bootstrap,model_selection,yolo11n,300,high_yaw,iou,median_log_B5_minus_B3_absolute,14,-0.0632765456301,-0.114665471894,-0.0268177702881,10000,20265220,7,0.00428569529948,1,7.14285714286,,,
paired_log_cluster_bootstrap,model_selection,yolo11n,300,high_yaw,iou,median_paired_log_relative_B5_minus_B3,14,-0.080363935012,-0.110700342101,-0.0402446035178,10000,20265221,7,0.00428569529948,1,7.14285714286,,,
paired_log_cluster_bootstrap,model_selection,yolo11n,300,high_yaw,recall_iou_0_3,median_log_B5_minus_B3_absolute,14,0,0,0,10000,20265222,0,1,0,0,,,
paired_log_cluster_bootstrap,model_selection,yolo11n,300,high_yaw,recall_iou_0_3,median_paired_log_relative_B5_minus_B3,14,0,0,0,10000,20265223,0,1,0,0,,,
paired_log_cluster_bootstrap,model_selection,yolo11n,300,high_yaw,recall_iou_0_5,median_log_B5_minus_B3_absolute,14,0,-1,0,10000,20265224,0,0.0832645166636,0,0,,,
paired_log_cluster_bootstrap,model_selection,yolo11n,300,high_yaw,recall_iou_0_5,median_paired_log_relative_B5_minus_B3,14,0,-1,0,10000,20265225,0,0.0832645166636,0,0,,,
paired_log_cluster_bootstrap,model_selection,yolo11n,300,high_yaw,recall_iou_0_7,median_log_B5_minus_B3_absolute,14,0,0,0,10000,20265226,0,0.317310507863,0,0,,,
paired_log_cluster_bootstrap,model_selection,yolo11n,300,high_yaw,recall_iou_0_7,median_paired_log_relative_B5_minus_B3,14,-0.5,-1,0,10000,20265227,0,0.317310507863,0,0,,,
paired_log_cluster_bootstrap,model_selection,yolo11n,400,all_yaw,normalized_center_error,median_log_B5_minus_B3_absolute,20,0.00150588153707,0.000414728610603,0.00305715376176,10000,20265318,23,0.0022039368924,3,15,,,
paired_log_cluster_bootstrap,model_selection,yolo11n,400,all_yaw,normalized_center_error,median_paired_log_relative_B5_minus_B3,20,0.214325456504,0.146283870394,0.331264652454,10000,20265319,23,0.0022039368924,3,15,,,
paired_log_cluster_bootstrap,model_selection,yolo11n,400,all_yaw,iou,median_log_B5_minus_B3_absolute,20,-0.0465995451428,-0.0985505715477,-0.0140458257946,10000,20265320,31,0.00573399095031,3,15,,,
paired_log_cluster_bootstrap,model_selection,yolo11n,400,all_yaw,iou,median_paired_log_relative_B5_minus_B3,20,-0.0584970904462,-0.103754268119,-0.0353784990551,10000,20265321,31,0.00573399095031,3,15,,,
paired_log_cluster_bootstrap,model_selection,yolo11n,400,all_yaw,recall_iou_0_3,median_log_B5_minus_B3_absolute,20,0,0,0,10000,20265322,0,0.317310507863,1,5,,,
paired_log_cluster_bootstrap,model_selection,yolo11n,400,all_yaw,recall_iou_0_3,median_paired_log_relative_B5_minus_B3,20,0,0,0,10000,20265323,0,0.317310507863,1,5,,,
paired_log_cluster_bootstrap,model_selection,yolo11n,400,all_yaw,recall_iou_0_5,median_log_B5_minus_B3_absolute,20,-1,-1,0,10000,20265324,0,0.0143058784354,0,0,,,
paired_log_cluster_bootstrap,model_selection,yolo11n,400,all_yaw,recall_iou_0_5,median_paired_log_relative_B5_minus_B3,20,0,-1,0,10000,20265325,0,0.0143058784354,0,0,,,
paired_log_cluster_bootstrap,model_selection,yolo11n,400,all_yaw,recall_iou_0_7,median_log_B5_minus_B3_absolute,20,0,0,0,10000,20265326,0,1,0,0,,,
paired_log_cluster_bootstrap,model_selection,yolo11n,400,all_yaw,recall_iou_0_7,median_paired_log_relative_B5_minus_B3,20,,,,10000,20265327,0,1,0,0,,,
paired_log_cluster_bootstrap,model_selection,yolo11n,400,high_yaw,normalized_center_error,median_log_B5_minus_B3_absolute,14,0.00203621549395,0.00134100370466,0.00386203242805,10000,20265418,0,0.000981539752522,0,0,,,
paired_log_cluster_bootstrap,model_selection,yolo11n,400,high_yaw,normalized_center_error,median_paired_log_relative_B5_minus_B3,14,0.331074393473,0.182663066325,0.502483994062,10000,20265419,0,0.000981539752522,0,0,,,
paired_log_cluster_bootstrap,model_selection,yolo11n,400,high_yaw,iou,median_log_B5_minus_B3_absolute,14,-0.0937640914155,-0.159745457746,-0.0437876895105,10000,20265420,2,0.00152327574137,1,7.14285714286,,,
paired_log_cluster_bootstrap,model_selection,yolo11n,400,high_yaw,iou,median_paired_log_relative_B5_minus_B3,14,-0.119533375334,-0.176519990179,-0.0719896260206,10000,20265421,2,0.00152327574137,1,7.14285714286,,,
paired_log_cluster_bootstrap,model_selection,yolo11n,400,high_yaw,recall_iou_0_3,median_log_B5_minus_B3_absolute,14,0,0,0,10000,20265422,0,1,0,0,,,
paired_log_cluster_bootstrap,model_selection,yolo11n,400,high_yaw,recall_iou_0_3,median_paired_log_relative_B5_minus_B3,14,0,0,0,10000,20265423,0,1,0,0,,,
paired_log_cluster_bootstrap,model_selection,yolo11n,400,high_yaw,recall_iou_0_5,median_log_B5_minus_B3_absolute,14,-0.5,-1,0,10000,20265424,0,0.0455002638964,0,0,,,
paired_log_cluster_bootstrap,model_selection,yolo11n,400,high_yaw,recall_iou_0_5,median_paired_log_relative_B5_minus_B3,14,0,-1,0,10000,20265425,0,0.0455002638964,0,0,,,
paired_log_cluster_bootstrap,model_selection,yolo11n,400,high_yaw,recall_iou_0_7,median_log_B5_minus_B3_absolute,14,0,0,0,10000,20265426,0,0.317310507863,0,0,,,
paired_log_cluster_bootstrap,model_selection,yolo11n,400,high_yaw,recall_iou_0_7,median_paired_log_relative_B5_minus_B3,14,-1,-1,-1,10000,20265427,0,0.317310507863,0,0,,,
paired_log_cluster_bootstrap,model_selection,yolo11n,500,all_yaw,normalized_center_error,median_log_B5_minus_B3_absolute,20,0.00177405123559,0.000689886341579,0.00393892273123,10000,20265518,23,0.0022039368924,3,15,,,
paired_log_cluster_bootstrap,model_selection,yolo11n,500,all_yaw,normalized_center_error,median_paired_log_relative_B5_minus_B3,20,0.229562598056,0.184983096452,0.391069961061,10000,20265519,23,0.0022039368924,3,15,,,
paired_log_cluster_bootstrap,model_selection,yolo11n,500,all_yaw,iou,median_log_B5_minus_B3_absolute,20,-0.0607778748151,-0.121456120864,-0.0184073195136,10000,20265520,29,0.00454992787031,3,15,,,
paired_log_cluster_bootstrap,model_selection,yolo11n,500,all_yaw,iou,median_paired_log_relative_B5_minus_B3,20,-0.0925920301511,-0.146345112515,-0.0447892967157,10000,20265521,29,0.00454992787031,3,15,,,
paired_log_cluster_bootstrap,model_selection,yolo11n,500,all_yaw,recall_iou_0_3,median_log_B5_minus_B3_absolute,20,0,0,0,10000,20265522,1.5,1,1,5,,,
paired_log_cluster_bootstrap,model_selection,yolo11n,500,all_yaw,recall_iou_0_3,median_paired_log_relative_B5_minus_B3,20,0,0,0,10000,20265523,1.5,1,1,5,,,
paired_log_cluster_bootstrap,model_selection,yolo11n,500,all_yaw,recall_iou_0_5,median_log_B5_minus_B3_absolute,20,-1,-1,0,10000,20265524,0,0.0143058784354,0,0,,,
paired_log_cluster_bootstrap,model_selection,yolo11n,500,all_yaw,recall_iou_0_5,median_paired_log_relative_B5_minus_B3,20,-0.5,-1,0,10000,20265525,0,0.0143058784354,0,0,,,
paired_log_cluster_bootstrap,model_selection,yolo11n,500,all_yaw,recall_iou_0_7,median_log_B5_minus_B3_absolute,20,0,0,0,10000,20265526,0,1,0,0,,,
paired_log_cluster_bootstrap,model_selection,yolo11n,500,all_yaw,recall_iou_0_7,median_paired_log_relative_B5_minus_B3,20,,,,10000,20265527,0,1,0,0,,,
paired_log_cluster_bootstrap,model_selection,yolo11n,500,high_yaw,normalized_center_error,median_log_B5_minus_B3_absolute,13,0.00368864123647,0.00123102802953,0.00551528735293,10000,20265618,0,0.00147378084388,0,0,,,
paired_log_cluster_bootstrap,model_selection,yolo11n,500,high_yaw,normalized_center_error,median_paired_log_relative_B5_minus_B3,13,0.456386269206,0.280664560901,0.639320592467,10000,20265619,0,0.00147378084388,0,0,,,
paired_log_cluster_bootstrap,model_selection,yolo11n,500,high_yaw,iou,median_log_B5_minus_B3_absolute,13,-0.0995787797254,-0.204117009715,-0.0402732836638,10000,20265620,0,0.00147378084388,0,0,,,
paired_log_cluster_bootstrap,model_selection,yolo11n,500,high_yaw,iou,median_paired_log_relative_B5_minus_B3,13,-0.165471170872,-0.244818962071,-0.11109608232,10000,20265621,0,0.00147378084388,0,0,,,
paired_log_cluster_bootstrap,model_selection,yolo11n,500,high_yaw,recall_iou_0_3,median_log_B5_minus_B3_absolute,13,0,0,0,10000,20265622,0,0.317310507863,0,0,,,
paired_log_cluster_bootstrap,model_selection,yolo11n,500,high_yaw,recall_iou_0_3,median_paired_log_relative_B5_minus_B3,13,0,0,0,10000,20265623,0,0.317310507863,0,0,,,
paired_log_cluster_bootstrap,model_selection,yolo11n,500,high_yaw,recall_iou_0_5,median_log_B5_minus_B3_absolute,13,-1,-1,0,10000,20265624,0,0.0253473186775,0,0,,,
paired_log_cluster_bootstrap,model_selection,yolo11n,500,high_yaw,recall_iou_0_5,median_paired_log_relative_B5_minus_B3,13,-0.5,-1,0,10000,20265625,0,0.0253473186775,0,0,,,
paired_log_cluster_bootstrap,model_selection,yolo11n,500,high_yaw,recall_iou_0_7,median_log_B5_minus_B3_absolute,13,0,0,0,10000,20265626,0,1,0,0,,,
paired_log_cluster_bootstrap,model_selection,yolo11n,500,high_yaw,recall_iou_0_7,median_paired_log_relative_B5_minus_B3,13,,,,10000,20265627,0,1,0,0,,,
paired_log_cluster_bootstrap,model_selection,yolo11s,100,all_yaw,normalized_center_error,median_log_B5_minus_B3_absolute,20,0.000102275883934,-0.000105459215784,0.000407499681575,10000,20265718,80,0.350656453903,9,45,,,
paired_log_cluster_bootstrap,model_selection,yolo11s,100,all_yaw,normalized_center_error,median_paired_log_relative_B5_minus_B3,20,0.00356476589052,-0.0143782425997,0.0511650361582,10000,20265719,80,0.350656453903,9,45,,,
paired_log_cluster_bootstrap,model_selection,yolo11s,100,all_yaw,iou,median_log_B5_minus_B3_absolute,20,-0.0117515411305,-0.037190364286,0.00583148966035,10000,20265720,54,0.0569145925852,8,40,,,
paired_log_cluster_bootstrap,model_selection,yolo11s,100,all_yaw,iou,median_paired_log_relative_B5_minus_B3,20,-0.00527806907673,-0.0170774294325,0.00306671260112,10000,20265721,54,0.0569145925852,8,40,,,
paired_log_cluster_bootstrap,model_selection,yolo11s,100,all_yaw,recall_iou_0_3,median_log_B5_minus_B3_absolute,20,0,0,0,10000,20265722,0,1,0,0,,,
paired_log_cluster_bootstrap,model_selection,yolo11s,100,all_yaw,recall_iou_0_3,median_paired_log_relative_B5_minus_B3,20,0,0,0,10000,20265723,0,1,0,0,,,
paired_log_cluster_bootstrap,model_selection,yolo11s,100,all_yaw,recall_iou_0_5,median_log_B5_minus_B3_absolute,20,0,0,0,10000,20265724,0,1,0,0,,,
paired_log_cluster_bootstrap,model_selection,yolo11s,100,all_yaw,recall_iou_0_5,median_paired_log_relative_B5_minus_B3,20,0,0,0,10000,20265725,0,1,0,0,,,
paired_log_cluster_bootstrap,model_selection,yolo11s,100,all_yaw,recall_iou_0_7,median_log_B5_minus_B3_absolute,20,0,0,0,10000,20265726,0,1,0,0,,,
paired_log_cluster_bootstrap,model_selection,yolo11s,100,all_yaw,recall_iou_0_7,median_paired_log_relative_B5_minus_B3,20,0,0,0,10000,20265727,0,1,0,0,,,
paired_log_cluster_bootstrap,model_selection,yolo11s,100,high_yaw,normalized_center_error,median_log_B5_minus_B3_absolute,16,0.000192270175287,-0.000237601928183,0.00024619317898,10000,20265818,39,0.133729892865,4,25,,,
paired_log_cluster_bootstrap,model_selection,yolo11s,100,high_yaw,normalized_center_error,median_paired_log_relative_B5_minus_B3,16,0.0312563821886,0.00433032813822,0.0463105961396,10000,20265819,39,0.133729892865,4,25,,,
paired_log_cluster_bootstrap,model_selection,yolo11s,100,high_yaw,iou,median_log_B5_minus_B3_absolute,16,-0.0147871667601,-0.0235024281595,0.0087742842701,10000,20265820,44,0.214601886292,6,37.5,,,
paired_log_cluster_bootstrap,model_selection,yolo11s,100,high_yaw,iou,median_paired_log_relative_B5_minus_B3,16,-0.0152858527857,-0.0289722044113,0.00478551951325,10000,20265821,44,0.214601886292,6,37.5,,,
paired_log_cluster_bootstrap,model_selection,yolo11s,100,high_yaw,recall_iou_0_3,median_log_B5_minus_B3_absolute,16,0,0,0,10000,20265822,0,1,0,0,,,
paired_log_cluster_bootstrap,model_selection,yolo11s,100,high_yaw,recall_iou_0_3,median_paired_log_relative_B5_minus_B3,16,0,0,0,10000,20265823,0,1,0,0,,,
paired_log_cluster_bootstrap,model_selection,yolo11s,100,high_yaw,recall_iou_0_5,median_log_B5_minus_B3_absolute,16,0,0,0,10000,20265824,0,1,0,0,,,
paired_log_cluster_bootstrap,model_selection,yolo11s,100,high_yaw,recall_iou_0_5,median_paired_log_relative_B5_minus_B3,16,0,0,0,10000,20265825,0,1,0,0,,,
paired_log_cluster_bootstrap,model_selection,yolo11s,100,high_yaw,recall_iou_0_7,median_log_B5_minus_B3_absolute,16,0,0,0,10000,20265826,0,0.317310507863,1,6.25,,,
paired_log_cluster_bootstrap,model_selection,yolo11s,100,high_yaw,recall_iou_0_7,median_paired_log_relative_B5_minus_B3,16,0,0,0,10000,20265827,0,0.317310507863,1,6.25,,,
paired_log_cluster_bootstrap,model_selection,yolo11s,200,all_yaw,normalized_center_error,median_log_B5_minus_B3_absolute,20,0.000386346841839,7.02788441574e-05,0.000998885782214,10000,20265918,36,0.00999638847598,4,20,,,
paired_log_cluster_bootstrap,model_selection,yolo11s,200,all_yaw,normalized_center_error,median_paired_log_relative_B5_minus_B3,20,0.0576924992448,0.00849199927513,0.114478685117,10000,20265919,36,0.00999638847598,4,20,,,
paired_log_cluster_bootstrap,model_selection,yolo11s,200,all_yaw,iou,median_log_B5_minus_B3_absolute,20,-0.0195214928096,-0.0407454289156,0.00946975834865,10000,20265920,65,0.135356900102,7,35,,,
paired_log_cluster_bootstrap,model_selection,yolo11s,200,all_yaw,iou,median_paired_log_relative_B5_minus_B3,20,-0.00647048367987,-0.0511218156809,0.00745096482932,10000,20265921,65,0.135356900102,7,35,,,
paired_log_cluster_bootstrap,model_selection,yolo11s,200,all_yaw,recall_iou_0_3,median_log_B5_minus_B3_absolute,20,0,0,0,10000,20265922,0,1,0,0,,,
paired_log_cluster_bootstrap,model_selection,yolo11s,200,all_yaw,recall_iou_0_3,median_paired_log_relative_B5_minus_B3,20,0,0,0,10000,20265923,0,1,0,0,,,
paired_log_cluster_bootstrap,model_selection,yolo11s,200,all_yaw,recall_iou_0_5,median_log_B5_minus_B3_absolute,20,0,0,0,10000,20265924,0,0.317310507863,0,0,,,
paired_log_cluster_bootstrap,model_selection,yolo11s,200,all_yaw,recall_iou_0_5,median_paired_log_relative_B5_minus_B3,20,0,0,0,10000,20265925,0,0.317310507863,0,0,,,
paired_log_cluster_bootstrap,model_selection,yolo11s,200,all_yaw,recall_iou_0_7,median_log_B5_minus_B3_absolute,20,0,0,0,10000,20265926,0,1,0,0,,,
paired_log_cluster_bootstrap,model_selection,yolo11s,200,all_yaw,recall_iou_0_7,median_paired_log_relative_B5_minus_B3,20,,,,10000,20265927,0,1,0,0,,,
paired_log_cluster_bootstrap,model_selection,yolo11s,200,high_yaw,normalized_center_error,median_log_B5_minus_B3_absolute,15,0.000330349053142,-0.000308939111068,0.00092257739034,10000,20266018,14,0.00898499765522,2,13.3333333333,,,
paired_log_cluster_bootstrap,model_selection,yolo11s,200,high_yaw,normalized_center_error,median_paired_log_relative_B5_minus_B3,15,0.123557853158,0.0149297363041,0.141553421594,10000,20266019,14,0.00898499765522,2,13.3333333333,,,
paired_log_cluster_bootstrap,model_selection,yolo11s,200,high_yaw,iou,median_log_B5_minus_B3_absolute,15,-0.0391252454402,-0.0630432770078,-0.00306050726704,10000,20266020,5,0.00178537776998,1,6.66666666667,,,
paired_log_cluster_bootstrap,model_selection,yolo11s,200,high_yaw,iou,median_paired_log_relative_B5_minus_B3,15,-0.0365827061494,-0.0564465084532,-0.00498141211342,10000,20266021,5,0.00178537776998,1,6.66666666667,,,
paired_log_cluster_bootstrap,model_selection,yolo11s,200,high_yaw,recall_iou_0_3,median_log_B5_minus_B3_absolute,15,0,0,0,10000,20266022,0,1,0,0,,,
paired_log_cluster_bootstrap,model_selection,yolo11s,200,high_yaw,recall_iou_0_3,median_paired_log_relative_B5_minus_B3,15,0,0,0,10000,20266023,0,1,0,0,,,
paired_log_cluster_bootstrap,model_selection,yolo11s,200,high_yaw,recall_iou_0_5,median_log_B5_minus_B3_absolute,15,0,0,0,10000,20266024,0,0.317310507863,0,0,,,
paired_log_cluster_bootstrap,model_selection,yolo11s,200,high_yaw,recall_iou_0_5,median_paired_log_relative_B5_minus_B3,15,0,0,0,10000,20266025,0,0.317310507863,0,0,,,
paired_log_cluster_bootstrap,model_selection,yolo11s,200,high_yaw,recall_iou_0_7,median_log_B5_minus_B3_absolute,15,0,0,0,10000,20266026,0,0.317310507863,0,0,,,
paired_log_cluster_bootstrap,model_selection,yolo11s,200,high_yaw,recall_iou_0_7,median_paired_log_relative_B5_minus_B3,15,-0.5,-1,0,10000,20266027,0,0.317310507863,0,0,,,
paired_log_cluster_bootstrap,model_selection,yolo11s,300,all_yaw,normalized_center_error,median_log_B5_minus_B3_absolute,20,0.000656265428564,0.000133963661056,0.00167539087043,10000,20266118,23,0.0022039368924,2,10,,,
paired_log_cluster_bootstrap,model_selection,yolo11s,300,all_yaw,normalized_center_error,median_paired_log_relative_B5_minus_B3,20,0.130523265921,0.0480965314843,0.181948585607,10000,20266119,23,0.0022039368924,2,10,,,
paired_log_cluster_bootstrap,model_selection,yolo11s,300,all_yaw,iou,median_log_B5_minus_B3_absolute,20,-0.0284942508808,-0.0599090961276,0.00330449347695,10000,20266120,38,0.0123742201058,6,30,,,
paired_log_cluster_bootstrap,model_selection,yolo11s,300,all_yaw,iou,median_paired_log_relative_B5_minus_B3,20,-0.0293725873284,-0.0711485883024,-0.0063839326077,10000,20266121,38,0.0123742201058,6,30,,,
paired_log_cluster_bootstrap,model_selection,yolo11s,300,all_yaw,recall_iou_0_3,median_log_B5_minus_B3_absolute,20,0,0,0,10000,20266122,0,0.317310507863,1,5,,,
paired_log_cluster_bootstrap,model_selection,yolo11s,300,all_yaw,recall_iou_0_3,median_paired_log_relative_B5_minus_B3,20,0,0,0,10000,20266123,0,0.317310507863,1,5,,,
paired_log_cluster_bootstrap,model_selection,yolo11s,300,all_yaw,recall_iou_0_5,median_log_B5_minus_B3_absolute,20,0,-0.75,0,10000,20266124,0,0.10247043486,0,0,,,
paired_log_cluster_bootstrap,model_selection,yolo11s,300,all_yaw,recall_iou_0_5,median_paired_log_relative_B5_minus_B3,20,0,0,0,10000,20266125,0,0.10247043486,0,0,,,
paired_log_cluster_bootstrap,model_selection,yolo11s,300,all_yaw,recall_iou_0_7,median_log_B5_minus_B3_absolute,20,0,0,0,10000,20266126,0,1,0,0,,,
paired_log_cluster_bootstrap,model_selection,yolo11s,300,all_yaw,recall_iou_0_7,median_paired_log_relative_B5_minus_B3,20,,,,10000,20266127,0,1,0,0,,,
paired_log_cluster_bootstrap,model_selection,yolo11s,300,high_yaw,normalized_center_error,median_log_B5_minus_B3_absolute,15,0.00108278691929,0.000512141135733,0.00182471773461,10000,20266218,10,0.00451405285492,4,26.6666666667,,,
paired_log_cluster_bootstrap,model_selection,yolo11s,300,high_yaw,normalized_center_error,median_paired_log_relative_B5_minus_B3,15,0.186428159447,0.130929526923,0.238998661982,10000,20266219,10,0.00451405285492,4,26.6666666667,,,
paired_log_cluster_bootstrap,model_selection,yolo11s,300,high_yaw,iou,median_log_B5_minus_B3_absolute,15,-0.0635197666032,-0.0749853607822,0.0264474732688,10000,20266220,11,0.00538566501664,2,13.3333333333,,,
paired_log_cluster_bootstrap,model_selection,yolo11s,300,high_yaw,iou,median_paired_log_relative_B5_minus_B3,15,-0.066173621653,-0.101241203778,-0.0203095581432,10000,20266221,11,0.00538566501664,2,13.3333333333,,,
paired_log_cluster_bootstrap,model_selection,yolo11s,300,high_yaw,recall_iou_0_3,median_log_B5_minus_B3_absolute,15,0,0,0,10000,20266222,0,1,0,0,,,
paired_log_cluster_bootstrap,model_selection,yolo11s,300,high_yaw,recall_iou_0_3,median_paired_log_relative_B5_minus_B3,15,0,0,0,10000,20266223,0,1,0,0,,,
paired_log_cluster_bootstrap,model_selection,yolo11s,300,high_yaw,recall_iou_0_5,median_log_B5_minus_B3_absolute,15,0,-1,0,10000,20266224,3,0.179712494879,1,6.66666666667,,,
paired_log_cluster_bootstrap,model_selection,yolo11s,300,high_yaw,recall_iou_0_5,median_paired_log_relative_B5_minus_B3,15,0,-1,0,10000,20266225,3,0.179712494879,1,6.66666666667,,,
paired_log_cluster_bootstrap,model_selection,yolo11s,300,high_yaw,recall_iou_0_7,median_log_B5_minus_B3_absolute,15,0,0,0,10000,20266226,0,1,0,0,,,
paired_log_cluster_bootstrap,model_selection,yolo11s,300,high_yaw,recall_iou_0_7,median_paired_log_relative_B5_minus_B3,15,0,0,0,10000,20266227,0,1,0,0,,,
paired_log_cluster_bootstrap,model_selection,yolo11s,400,all_yaw,normalized_center_error,median_log_B5_minus_B3_absolute,20,0.00117341852362,0.000492459281018,0.00243817970006,10000,20266318,21,0.00171301763822,2,10,,,
paired_log_cluster_bootstrap,model_selection,yolo11s,400,all_yaw,normalized_center_error,median_paired_log_relative_B5_minus_B3,20,0.171496538219,0.0897948540785,0.263056654122,10000,20266319,21,0.00171301763822,2,10,,,
paired_log_cluster_bootstrap,model_selection,yolo11s,400,all_yaw,iou,median_log_B5_minus_B3_absolute,20,-0.0443366914935,-0.0787695831664,-0.00640483249962,10000,20266320,27,0.00359182157403,3,15,,,
paired_log_cluster_bootstrap,model_selection,yolo11s,400,all_yaw,iou,median_paired_log_relative_B5_minus_B3,20,-0.051549260334,-0.103003458164,-0.0334732523631,10000,20266321,27,0.00359182157403,3,15,,,
paired_log_cluster_bootstrap,model_selection,yolo11s,400,all_yaw,recall_iou_0_3,median_log_B5_minus_B3_absolute,20,0,0,0,10000,20266322,0,0.317310507863,1,5,,,
paired_log_cluster_bootstrap,model_selection,yolo11s,400,all_yaw,recall_iou_0_3,median_paired_log_relative_B5_minus_B3,20,0,0,0,10000,20266323,0,0.317310507863,1,5,,,
paired_log_cluster_bootstrap,model_selection,yolo11s,400,all_yaw,recall_iou_0_5,median_log_B5_minus_B3_absolute,20,-1,-1,0,10000,20266324,0,0.0143058784354,0,0,,,
paired_log_cluster_bootstrap,model_selection,yolo11s,400,all_yaw,recall_iou_0_5,median_paired_log_relative_B5_minus_B3,20,0,-1,0,10000,20266325,0,0.0143058784354,0,0,,,
paired_log_cluster_bootstrap,model_selection,yolo11s,400,all_yaw,recall_iou_0_7,median_log_B5_minus_B3_absolute,20,0,0,0,10000,20266326,0,1,0,0,,,
paired_log_cluster_bootstrap,model_selection,yolo11s,400,all_yaw,recall_iou_0_7,median_paired_log_relative_B5_minus_B3,20,,,,10000,20266327,0,1,0,0,,,
paired_log_cluster_bootstrap,model_selection,yolo11s,400,high_yaw,normalized_center_error,median_log_B5_minus_B3_absolute,15,0.00201043616995,0.00109905025771,0.00252031590973,10000,20266418,7,0.00261077674053,2,13.3333333333,,,
paired_log_cluster_bootstrap,model_selection,yolo11s,400,high_yaw,normalized_center_error,median_paired_log_relative_B5_minus_B3,15,0.259891731324,0.196885749762,0.377313849887,10000,20266419,7,0.00261077674053,2,13.3333333333,,,
paired_log_cluster_bootstrap,model_selection,yolo11s,400,high_yaw,iou,median_log_B5_minus_B3_absolute,15,-0.0853598025782,-0.109026340674,-0.00116344813026,10000,20266420,4,0.00146977368994,1,6.66666666667,,,
paired_log_cluster_bootstrap,model_selection,yolo11s,400,high_yaw,iou,median_paired_log_relative_B5_minus_B3,15,-0.0768542295854,-0.125434269182,-0.0432883659724,10000,20266421,4,0.00146977368994,1,6.66666666667,,,
paired_log_cluster_bootstrap,model_selection,yolo11s,400,high_yaw,recall_iou_0_3,median_log_B5_minus_B3_absolute,15,0,0,0,10000,20266422,0,0.317310507863,0,0,,,
paired_log_cluster_bootstrap,model_selection,yolo11s,400,high_yaw,recall_iou_0_3,median_paired_log_relative_B5_minus_B3,15,0,0,0,10000,20266423,0,0.317310507863,0,0,,,
paired_log_cluster_bootstrap,model_selection,yolo11s,400,high_yaw,recall_iou_0_5,median_log_B5_minus_B3_absolute,15,-1,-1,0,10000,20266424,0,0.0832645166636,0,0,,,
paired_log_cluster_bootstrap,model_selection,yolo11s,400,high_yaw,recall_iou_0_5,median_paired_log_relative_B5_minus_B3,15,0,-1,0,10000,20266425,0,0.0832645166636,0,0,,,
paired_log_cluster_bootstrap,model_selection,yolo11s,400,high_yaw,recall_iou_0_7,median_log_B5_minus_B3_absolute,15,0,0,0,10000,20266426,0,0.317310507863,0,0,,,
paired_log_cluster_bootstrap,model_selection,yolo11s,400,high_yaw,recall_iou_0_7,median_paired_log_relative_B5_minus_B3,15,-1,-1,-1,10000,20266427,0,0.317310507863,0,0,,,
paired_log_cluster_bootstrap,model_selection,yolo11s,500,all_yaw,normalized_center_error,median_log_B5_minus_B3_absolute,20,0.00190536081577,0.000725447381831,0.0033560860368,10000,20266518,22,0.00194429740279,2,10,,,
paired_log_cluster_bootstrap,model_selection,yolo11s,500,all_yaw,normalized_center_error,median_paired_log_relative_B5_minus_B3,20,0.205305418805,0.139971677286,0.349233641781,10000,20266519,22,0.00194429740279,2,10,,,
paired_log_cluster_bootstrap,model_selection,yolo11s,500,all_yaw,iou,median_log_B5_minus_B3_absolute,20,-0.0600665278513,-0.101855567496,-0.0207599141668,10000,20266520,24,0.00249500769184,3,15,,,
paired_log_cluster_bootstrap,model_selection,yolo11s,500,all_yaw,iou,median_paired_log_relative_B5_minus_B3,20,-0.0861025985888,-0.122509810197,-0.0356682585172,10000,20266521,24,0.00249500769184,3,15,,,
paired_log_cluster_bootstrap,model_selection,yolo11s,500,all_yaw,recall_iou_0_3,median_log_B5_minus_B3_absolute,20,0,0,0,10000,20266522,0,0.317310507863,1,5,,,
paired_log_cluster_bootstrap,model_selection,yolo11s,500,all_yaw,recall_iou_0_3,median_paired_log_relative_B5_minus_B3,20,0,0,0,10000,20266523,0,0.317310507863,1,5,,,
paired_log_cluster_bootstrap,model_selection,yolo11s,500,all_yaw,recall_iou_0_5,median_log_B5_minus_B3_absolute,20,-1,-1,0,10000,20266524,0,0.0081509715935,0,0,,,
paired_log_cluster_bootstrap,model_selection,yolo11s,500,all_yaw,recall_iou_0_5,median_paired_log_relative_B5_minus_B3,20,-1,-1,0,10000,20266525,0,0.0081509715935,0,0,,,
paired_log_cluster_bootstrap,model_selection,yolo11s,500,all_yaw,recall_iou_0_7,median_log_B5_minus_B3_absolute,20,0,0,0,10000,20266526,0,1,0,0,,,
paired_log_cluster_bootstrap,model_selection,yolo11s,500,all_yaw,recall_iou_0_7,median_paired_log_relative_B5_minus_B3,20,,,,10000,20266527,0,1,0,0,,,
paired_log_cluster_bootstrap,model_selection,yolo11s,500,high_yaw,normalized_center_error,median_log_B5_minus_B3_absolute,14,0.00273823339846,0.00195583147803,0.00443308788774,10000,20266618,0,0.000981539752522,0,0,,,
paired_log_cluster_bootstrap,model_selection,yolo11s,500,high_yaw,normalized_center_error,median_paired_log_relative_B5_minus_B3,14,0.373861427035,0.253936905067,0.508369978649,10000,20266619,0,0.000981539752522,0,0,,,
paired_log_cluster_bootstrap,model_selection,yolo11s,500,high_yaw,iou,median_log_B5_minus_B3_absolute,14,-0.0961520915247,-0.134530238492,-0.0336137566059,10000,20266620,0,0.000981539752522,0,0,,,
paired_log_cluster_bootstrap,model_selection,yolo11s,500,high_yaw,iou,median_paired_log_relative_B5_minus_B3,14,-0.128262148637,-0.161972547005,-0.0974530144564,10000,20266621,0,0.000981539752522,0,0,,,
paired_log_cluster_bootstrap,model_selection,yolo11s,500,high_yaw,recall_iou_0_3,median_log_B5_minus_B3_absolute,14,0,0,0,10000,20266622,0,1,0,0,,,
paired_log_cluster_bootstrap,model_selection,yolo11s,500,high_yaw,recall_iou_0_3,median_paired_log_relative_B5_minus_B3,14,0,0,0,10000,20266623,0,1,0,0,,,
paired_log_cluster_bootstrap,model_selection,yolo11s,500,high_yaw,recall_iou_0_5,median_log_B5_minus_B3_absolute,14,-1,-1,0,10000,20266624,0,0.0832645166636,0,0,,,
paired_log_cluster_bootstrap,model_selection,yolo11s,500,high_yaw,recall_iou_0_5,median_paired_log_relative_B5_minus_B3,14,0,-1,0,10000,20266625,0,0.0832645166636,0,0,,,
paired_log_cluster_bootstrap,model_selection,yolo11s,500,high_yaw,recall_iou_0_7,median_log_B5_minus_B3_absolute,14,0,0,0,10000,20266626,0,1,0,0,,,
paired_log_cluster_bootstrap,model_selection,yolo11s,500,high_yaw,recall_iou_0_7,median_paired_log_relative_B5_minus_B3,14,,,,10000,20266627,0,1,0,0,,,
detector_by_model_interaction,development,yolo11s_minus_yolo11n,100,all_yaw,normalized_center_error,(B5-B3)_yolo11s_minus_(B5-B3)_yolo11n,80,-7.14505006724e-05,-0.000161013213865,2.35087715148e-05,10000,20310718,1231,0.0620755503522,,,,,
detector_by_model_interaction,development,yolo11s_minus_yolo11n,100,all_yaw,iou,(B5-B3)_yolo11s_minus_(B5-B3)_yolo11n,80,0.000188601294244,-0.00139223088115,0.00208119237723,10000,20310719,1309,0.135792151548,,,,,
detector_by_model_interaction,development,yolo11s_minus_yolo11n,100,all_yaw,recall_iou_0_3,(B5-B3)_yolo11s_minus_(B5-B3)_yolo11n,80,0,0,0,10000,20310720,0,1,,,,,
detector_by_model_interaction,development,yolo11s_minus_yolo11n,100,all_yaw,recall_iou_0_5,(B5-B3)_yolo11s_minus_(B5-B3)_yolo11n,80,0,0,0,10000,20310721,2,0.563702861651,,,,,
detector_by_model_interaction,development,yolo11s_minus_yolo11n,100,all_yaw,recall_iou_0_7,(B5-B3)_yolo11s_minus_(B5-B3)_yolo11n,80,0,0,0,10000,20310722,1.5,1,,,,,
detector_by_model_interaction,development,yolo11s_minus_yolo11n,100,high_yaw,normalized_center_error,(B5-B3)_yolo11s_minus_(B5-B3)_yolo11n,71,-7.26234948949e-05,-0.000240190565393,9.61170790025e-05,10000,20310728,1129,0.393245995417,,,,,
detector_by_model_interaction,development,yolo11s_minus_yolo11n,100,high_yaw,iou,(B5-B3)_yolo11s_minus_(B5-B3)_yolo11n,71,0.00134921893157,-0.00432744538366,0.00524051454094,10000,20310729,1235,0.805385810329,,,,,
detector_by_model_interaction,development,yolo11s_minus_yolo11n,100,high_yaw,recall_iou_0_3,(B5-B3)_yolo11s_minus_(B5-B3)_yolo11n,71,0,0,0,10000,20310730,0,1,,,,,
detector_by_model_interaction,development,yolo11s_minus_yolo11n,100,high_yaw,recall_iou_0_5,(B5-B3)_yolo11s_minus_(B5-B3)_yolo11n,71,0,0,0,10000,20310731,11.5,0.664611629541,,,,,
detector_by_model_interaction,development,yolo11s_minus_yolo11n,100,high_yaw,recall_iou_0_7,(B5-B3)_yolo11s_minus_(B5-B3)_yolo11n,71,0,0,0,10000,20310732,0,0.0455002638964,,,,,
detector_by_model_interaction,development,yolo11s_minus_yolo11n,200,all_yaw,normalized_center_error,(B5-B3)_yolo11s_minus_(B5-B3)_yolo11n,80,-0.000163412813225,-0.000345749312237,3.17621952613e-06,10000,20310738,987,0.00239699776463,,,,,
detector_by_model_interaction,development,yolo11s_minus_yolo11n,200,all_yaw,iou,(B5-B3)_yolo11s_minus_(B5-B3)_yolo11n,80,0.00601834245654,0.00274055832666,0.0103382372339,10000,20310739,1085,0.0102874780358,,,,,
detector_by_model_interaction,development,yolo11s_minus_yolo11n,200,all_yaw,recall_iou_0_3,(B5-B3)_yolo11s_minus_(B5-B3)_yolo11n,80,0,0,0,10000,20310740,0,0.317310507863,,,,,
detector_by_model_interaction,development,yolo11s_minus_yolo11n,200,all_yaw,recall_iou_0_5,(B5-B3)_yolo11s_minus_(B5-B3)_yolo11n,80,0,0,0,10000,20310741,35,0.116101743981,,,,,
detector_by_model_interaction,development,yolo11s_minus_yolo11n,200,all_yaw,recall_iou_0_7,(B5-B3)_yolo11s_minus_(B5-B3)_yolo11n,80,0,0,0,10000,20310742,0,0.10247043486,,,,,
detector_by_model_interaction,development,yolo11s_minus_yolo11n,200,high_yaw,normalized_center_error,(B5-B3)_yolo11s_minus_(B5-B3)_yolo11n,68,-0.000280516124477,-0.000614628552334,6.00235384395e-05,10000,20310748,778,0.024130873238,,,,,
detector_by_model_interaction,development,yolo11s_minus_yolo11n,200,high_yaw,iou,(B5-B3)_yolo11s_minus_(B5-B3)_yolo11n,68,-0.000287418328819,-0.00870681652548,0.00985295100592,10000,20310749,1048,0.713384311291,,,,,
detector_by_model_interaction,development,yolo11s_minus_yolo11n,200,high_yaw,recall_iou_0_3,(B5-B3)_yolo11s_minus_(B5-B3)_yolo11n,68,0,0,0,10000,20310750,0,1,,,,,
detector_by_model_interaction,development,yolo11s_minus_yolo11n,200,high_yaw,recall_iou_0_5,(B5-B3)_yolo11s_minus_(B5-B3)_yolo11n,68,0,0,0,10000,20310751,14.5,0.160053279826,,,,,
detector_by_model_interaction,development,yolo11s_minus_yolo11n,200,high_yaw,recall_iou_0_7,(B5-B3)_yolo11s_minus_(B5-B3)_yolo11n,68,0,0,0,10000,20310752,5.5,0.580912420333,,,,,
detector_by_model_interaction,development,yolo11s_minus_yolo11n,300,all_yaw,normalized_center_error,(B5-B3)_yolo11s_minus_(B5-B3)_yolo11n,80,-0.000232324135867,-0.000576066491798,-4.81685722946e-05,10000,20310758,737,2.28428070105e-05,,,,,
detector_by_model_interaction,development,yolo11s_minus_yolo11n,300,all_yaw,iou,(B5-B3)_yolo11s_minus_(B5-B3)_yolo11n,80,0.00703735391528,0.00229115525351,0.0170578455711,10000,20310759,867,0.00030430870098,,,,,
detector_by_model_interaction,development,yolo11s_minus_yolo11n,300,all_yaw,recall_iou_0_3,(B5-B3)_yolo11s_minus_(B5-B3)_yolo11n,80,0,0,0,10000,20310760,0,0.317310507863,,,,,
detector_by_model_interaction,development,yolo11s_minus_yolo11n,300,all_yaw,recall_iou_0_5,(B5-B3)_yolo11s_minus_(B5-B3)_yolo11n,80,0,0,0,10000,20310761,0,0.0081509715935,,,,,
detector_by_model_interaction,development,yolo11s_minus_yolo11n,300,all_yaw,recall_iou_0_7,(B5-B3)_yolo11s_minus_(B5-B3)_yolo11n,80,0,0,0,10000,20310762,0,0.317310507863,,,,,
detector_by_model_interaction,development,yolo11s_minus_yolo11n,300,high_yaw,normalized_center_error,(B5-B3)_yolo11s_minus_(B5-B3)_yolo11n,65,-0.000432785079645,-0.00121040200741,0.000136606377166,10000,20310768,516,0.000276162044134,,,,,
detector_by_model_interaction,development,yolo11s_minus_yolo11n,300,high_yaw,iou,(B5-B3)_yolo11s_minus_(B5-B3)_yolo11n,65,0.00142557680141,-0.00541472232173,0.0149637045046,10000,20310769,802,0.111468737714,,,,,
detector_by_model_interaction,development,yolo11s_minus_yolo11n,300,high_yaw,recall_iou_0_3,(B5-B3)_yolo11s_minus_(B5-B3)_yolo11n,65,0,0,0,10000,20310770,2.5,0.785494747118,,,,,
detector_by_model_interaction,development,yolo11s_minus_yolo11n,300,high_yaw,recall_iou_0_5,(B5-B3)_yolo11s_minus_(B5-B3)_yolo11n,65,0,0,0,10000,20310771,25,0.781511294999,,,,,
detector_by_model_interaction,development,yolo11s_minus_yolo11n,300,high_yaw,recall_iou_0_7,(B5-B3)_yolo11s_minus_(B5-B3)_yolo11n,65,0,0,0,10000,20310772,1.5,0.193646431269,,,,,
detector_by_model_interaction,development,yolo11s_minus_yolo11n,400,all_yaw,normalized_center_error,(B5-B3)_yolo11s_minus_(B5-B3)_yolo11n,80,-0.000434003828463,-0.000828406475671,-0.000134725018423,10000,20310778,645,2.91983311755e-06,,,,,
detector_by_model_interaction,development,yolo11s_minus_yolo11n,400,all_yaw,iou,(B5-B3)_yolo11s_minus_(B5-B3)_yolo11n,80,0.0133450265895,0.00608130789729,0.0215019670014,10000,20310779,596,9.04292857021e-07,,,,,
detector_by_model_interaction,development,yolo11s_minus_yolo11n,400,all_yaw,recall_iou_0_3,(B5-B3)_yolo11s_minus_(B5-B3)_yolo11n,80,0,0,0,10000,20310780,3,0.179712494879,,,,,
detector_by_model_interaction,development,yolo11s_minus_yolo11n,400,all_yaw,recall_iou_0_5,(B5-B3)_yolo11s_minus_(B5-B3)_yolo11n,80,0,0,0,10000,20310781,28,0.343776755298,,,,,
detector_by_model_interaction,development,yolo11s_minus_yolo11n,400,all_yaw,recall_iou_0_7,(B5-B3)_yolo11s_minus_(B5-B3)_yolo11n,80,0,0,0,10000,20310782,1.5,1,,,,,
detector_by_model_interaction,development,yolo11s_minus_yolo11n,400,high_yaw,normalized_center_error,(B5-B3)_yolo11s_minus_(B5-B3)_yolo11n,64,-0.00132750637749,-0.00170403339319,7.53311024812e-05,10000,20310788,589,0.00256078678837,,,,,
detector_by_model_interaction,development,yolo11s_minus_yolo11n,400,high_yaw,iou,(B5-B3)_yolo11s_minus_(B5-B3)_yolo11n,64,0.0131206782275,-0.00275826055244,0.0281363254133,10000,20310789,603,0.00555981014409,,,,,
detector_by_model_interaction,development,yolo11s_minus_yolo11n,400,high_yaw,recall_iou_0_3,(B5-B3)_yolo11s_minus_(B5-B3)_yolo11n,64,0,0,0,10000,20310790,10,0.482055973662,,,,,
detector_by_model_interaction,development,yolo11s_minus_yolo11n,400,high_yaw,recall_iou_0_5,(B5-B3)_yolo11s_minus_(B5-B3)_yolo11n,64,0,0,0,10000,20310791,30,0.0419421828467,,,,,
detector_by_model_interaction,development,yolo11s_minus_yolo11n,400,high_yaw,recall_iou_0_7,(B5-B3)_yolo11s_minus_(B5-B3)_yolo11n,64,0,0,0,10000,20310792,1,0.276302917337,,,,,
detector_by_model_interaction,development,yolo11s_minus_yolo11n,500,all_yaw,normalized_center_error,(B5-B3)_yolo11s_minus_(B5-B3)_yolo11n,80,-0.000626817743888,-0.001096015833,-0.000256516253806,10000,20310798,600,9.97084833812e-07,,,,,
detector_by_model_interaction,development,yolo11s_minus_yolo11n,500,all_yaw,iou,(B5-B3)_yolo11s_minus_(B5-B3)_yolo11n,80,0.0140426718845,0.00284148838909,0.0241232046567,10000,20310799,614,1.39957674732e-06,,,,,
detector_by_model_interaction,development,yolo11s_minus_yolo11n,500,all_yaw,recall_iou_0_3,(B5-B3)_yolo11s_minus_(B5-B3)_yolo11n,80,0,0,0,10000,20310800,2,0.563702861651,,,,,
detector_by_model_interaction,development,yolo11s_minus_yolo11n,500,all_yaw,recall_iou_0_5,(B5-B3)_yolo11s_minus_(B5-B3)_yolo11n,80,0,0,0,10000,20310801,26,0.133614402538,,,,,
detector_by_model_interaction,development,yolo11s_minus_yolo11n,500,all_yaw,recall_iou_0_7,(B5-B3)_yolo11s_minus_(B5-B3)_yolo11n,80,0,0,0,10000,20310802,1.5,1,,,,,
detector_by_model_interaction,development,yolo11s_minus_yolo11n,500,high_yaw,normalized_center_error,(B5-B3)_yolo11s_minus_(B5-B3)_yolo11n,62,-0.00100837825733,-0.00227107918126,4.69658748513e-05,10000,20310808,497,0.000774335109673,,,,,
detector_by_model_interaction,development,yolo11s_minus_yolo11n,500,high_yaw,iou,(B5-B3)_yolo11s_minus_(B5-B3)_yolo11n,62,0.016843470129,0.00162139158711,0.0370210076153,10000,20310809,580,0.00865715061194,,,,,
detector_by_model_interaction,development,yolo11s_minus_yolo11n,500,high_yaw,recall_iou_0_3,(B5-B3)_yolo11s_minus_(B5-B3)_yolo11n,62,0,0,0,10000,20310810,22,0.948850765743,,,,,
detector_by_model_interaction,development,yolo11s_minus_yolo11n,500,high_yaw,recall_iou_0_5,(B5-B3)_yolo11s_minus_(B5-B3)_yolo11n,62,0,0,0,10000,20310811,15,0.0110909380811,,,,,
detector_by_model_interaction,development,yolo11s_minus_yolo11n,500,high_yaw,recall_iou_0_7,(B5-B3)_yolo11s_minus_(B5-B3)_yolo11n,62,0,0,0,10000,20310812,0,0.317310507863,,,,,
detector_by_model_interaction,heldout,yolo11s_minus_yolo11n,100,all_yaw,normalized_center_error,(B5-B3)_yolo11s_minus_(B5-B3)_yolo11n,50,-6.32359554182e-05,-0.000166143596682,5.51138297703e-05,10000,20310818,584,0.605539866261,,,,,
detector_by_model_interaction,heldout,yolo11s_minus_yolo11n,100,all_yaw,iou,(B5-B3)_yolo11s_minus_(B5-B3)_yolo11n,50,0.00234047163161,-0.00194330949539,0.00562380132324,10000,20310819,505,0.200876130684,,,,,
detector_by_model_interaction,heldout,yolo11s_minus_yolo11n,100,all_yaw,recall_iou_0_3,(B5-B3)_yolo11s_minus_(B5-B3)_yolo11n,50,0,0,0,10000,20310820,0,1,,,,,
detector_by_model_interaction,heldout,yolo11s_minus_yolo11n,100,all_yaw,recall_iou_0_5,(B5-B3)_yolo11s_minus_(B5-B3)_yolo11n,50,0,0,0,10000,20310821,0,0.317310507863,,,,,
detector_by_model_interaction,heldout,yolo11s_minus_yolo11n,100,all_yaw,recall_iou_0_7,(B5-B3)_yolo11s_minus_(B5-B3)_yolo11n,50,0,0,0,10000,20310822,0,0.15729920705,,,,,
detector_by_model_interaction,heldout,yolo11s_minus_yolo11n,100,high_yaw,normalized_center_error,(B5-B3)_yolo11s_minus_(B5-B3)_yolo11n,42,-0.000185598481719,-0.000359651916048,8.68778414772e-05,10000,20310828,419,0.684471441668,,,,,
detector_by_model_interaction,heldout,yolo11s_minus_yolo11n,100,high_yaw,iou,(B5-B3)_yolo11s_minus_(B5-B3)_yolo11n,42,0.00474276339337,-0.00362387045252,0.00969197710177,10000,20310829,356,0.334345637404,,,,,
detector_by_model_interaction,heldout,yolo11s_minus_yolo11n,100,high_yaw,recall_iou_0_3,(B5-B3)_yolo11s_minus_(B5-B3)_yolo11n,42,0,0,0,10000,20310830,0,1,,,,,
detector_by_model_interaction,heldout,yolo11s_minus_yolo11n,100,high_yaw,recall_iou_0_5,(B5-B3)_yolo11s_minus_(B5-B3)_yolo11n,42,0,0,0,10000,20310831,2.5,0.785494747118,,,,,
detector_by_model_interaction,heldout,yolo11s_minus_yolo11n,100,high_yaw,recall_iou_0_7,(B5-B3)_yolo11s_minus_(B5-B3)_yolo11n,42,0,0,0,10000,20310832,0,1,,,,,
detector_by_model_interaction,heldout,yolo11s_minus_yolo11n,200,all_yaw,normalized_center_error,(B5-B3)_yolo11s_minus_(B5-B3)_yolo11n,50,-0.000346485544561,-0.000525688957708,-0.000178371997169,10000,20310838,362,0.00782617771724,,,,,
detector_by_model_interaction,heldout,yolo11s_minus_yolo11n,200,all_yaw,iou,(B5-B3)_yolo11s_minus_(B5-B3)_yolo11n,50,-0.000810488663895,-0.00645516662578,0.00955974558278,10000,20310839,494,0.165977415344,,,,,
detector_by_model_interaction,heldout,yolo11s_minus_yolo11n,200,all_yaw,recall_iou_0_3,(B5-B3)_yolo11s_minus_(B5-B3)_yolo11n,50,0,0,0,10000,20310840,0,1,,,,,
detector_by_model_interaction,heldout,yolo11s_minus_yolo11n,200,all_yaw,recall_iou_0_5,(B5-B3)_yolo11s_minus_(B5-B3)_yolo11n,50,0,0,0,10000,20310841,5,1,,,,,
detector_by_model_interaction,heldout,yolo11s_minus_yolo11n,200,all_yaw,recall_iou_0_7,(B5-B3)_yolo11s_minus_(B5-B3)_yolo11n,50,0,0,0,10000,20310842,0,1,,,,,
detector_by_model_interaction,heldout,yolo11s_minus_yolo11n,200,high_yaw,normalized_center_error,(B5-B3)_yolo11s_minus_(B5-B3)_yolo11n,42,-0.000113228415676,-0.000648564151586,0.00013641925368,10000,20310848,378,0.358085486053,,,,,
detector_by_model_interaction,heldout,yolo11s_minus_yolo11n,200,high_yaw,iou,(B5-B3)_yolo11s_minus_(B5-B3)_yolo11n,42,0.0113439536063,-0.00636010400808,0.0228355785484,10000,20310849,386,0.564177964647,,,,,
detector_by_model_interaction,heldout,yolo11s_minus_yolo11n,200,high_yaw,recall_iou_0_3,(B5-B3)_yolo11s_minus_(B5-B3)_yolo11n,42,0,0,0,10000,20310850,0,0.317310507863,,,,,
detector_by_model_interaction,heldout,yolo11s_minus_yolo11n,200,high_yaw,recall_iou_0_5,(B5-B3)_yolo11s_minus_(B5-B3)_yolo11n,42,0,0,0,10000,20310851,8,0.148914673179,,,,,
detector_by_model_interaction,heldout,yolo11s_minus_yolo11n,200,high_yaw,recall_iou_0_7,(B5-B3)_yolo11s_minus_(B5-B3)_yolo11n,42,0,0,0,10000,20310852,2,0.563702861651,,,,,
detector_by_model_interaction,heldout,yolo11s_minus_yolo11n,300,all_yaw,normalized_center_error,(B5-B3)_yolo11s_minus_(B5-B3)_yolo11n,50,-0.000480540284723,-0.000767606966481,-0.000265755228734,10000,20310858,388,0.0160185321876,,,,,
detector_by_model_interaction,heldout,yolo11s_minus_yolo11n,300,all_yaw,iou,(B5-B3)_yolo11s_minus_(B5-B3)_yolo11n,50,0.00384560146165,-0.00391997304997,0.0150284813451,10000,20310859,413,0.03022257523,,,,,
detector_by_model_interaction,heldout,yolo11s_minus_yolo11n,300,all_yaw,recall_iou_0_3,(B5-B3)_yolo11s_minus_(B5-B3)_yolo11n,50,0,0,0,10000,20310860,0,0.317310507863,,,,,
detector_by_model_interaction,heldout,yolo11s_minus_yolo11n,300,all_yaw,recall_iou_0_5,(B5-B3)_yolo11s_minus_(B5-B3)_yolo11n,50,0,0,0,10000,20310861,10.5,1,,,,,
detector_by_model_interaction,heldout,yolo11s_minus_yolo11n,300,all_yaw,recall_iou_0_7,(B5-B3)_yolo11s_minus_(B5-B3)_yolo11n,50,0,0,0,10000,20310862,0,1,,,,,
detector_by_model_interaction,heldout,yolo11s_minus_yolo11n,300,high_yaw,normalized_center_error,(B5-B3)_yolo11s_minus_(B5-B3)_yolo11n,40,-0.000118971897617,-0.000699890796861,0.000391897254357,10000,20310868,336,0.31990360079,,,,,
detector_by_model_interaction,heldout,yolo11s_minus_yolo11n,300,high_yaw,iou,(B5-B3)_yolo11s_minus_(B5-B3)_yolo11n,40,0.00613070446151,-0.018196957475,0.0306256684545,10000,20310869,323,0.349796101657,,,,,
detector_by_model_interaction,heldout,yolo11s_minus_yolo11n,300,high_yaw,recall_iou_0_3,(B5-B3)_yolo11s_minus_(B5-B3)_yolo11n,40,0,0,0,10000,20310870,0,0.317310507863,,,,,
detector_by_model_interaction,heldout,yolo11s_minus_yolo11n,300,high_yaw,recall_iou_0_5,(B5-B3)_yolo11s_minus_(B5-B3)_yolo11n,40,0,0,0,10000,20310871,33,0.614294664663,,,,,
detector_by_model_interaction,heldout,yolo11s_minus_yolo11n,300,high_yaw,recall_iou_0_7,(B5-B3)_yolo11s_minus_(B5-B3)_yolo11n,40,0,0,0,10000,20310872,0,0.317310507863,,,,,
detector_by_model_interaction,heldout,yolo11s_minus_yolo11n,400,all_yaw,normalized_center_error,(B5-B3)_yolo11s_minus_(B5-B3)_yolo11n,50,-0.000583824880766,-0.00091506813156,-0.00033200920989,10000,20310878,395,0.0192362844459,,,,,
detector_by_model_interaction,heldout,yolo11s_minus_yolo11n,400,all_yaw,iou,(B5-B3)_yolo11s_minus_(B5-B3)_yolo11n,50,0.00582283517308,-0.0043989098079,0.0271453006182,10000,20310879,405,0.024807493455,,,,,
detector_by_model_interaction,heldout,yolo11s_minus_yolo11n,400,all_yaw,recall_iou_0_3,(B5-B3)_yolo11s_minus_(B5-B3)_yolo11n,50,0,0,0,10000,20310880,1.5,1,,,,,
detector_by_model_interaction,heldout,yolo11s_minus_yolo11n,400,all_yaw,recall_iou_0_5,(B5-B3)_yolo11s_minus_(B5-B3)_yolo11n,50,0,0,0,10000,20310881,39,1,,,,,
detector_by_model_interaction,heldout,yolo11s_minus_yolo11n,400,all_yaw,recall_iou_0_7,(B5-B3)_yolo11s_minus_(B5-B3)_yolo11n,50,0,0,0,10000,20310882,0,1,,,,,
detector_by_model_interaction,heldout,yolo11s_minus_yolo11n,400,high_yaw,normalized_center_error,(B5-B3)_yolo11s_minus_(B5-B3)_yolo11n,39,-0.000415124273674,-0.00124829343177,0.000435342827339,10000,20310888,224,0.0205293672331,,,,,
detector_by_model_interaction,heldout,yolo11s_minus_yolo11n,400,high_yaw,iou,(B5-B3)_yolo11s_minus_(B5-B3)_yolo11n,39,0.0156832836008,-0.0199190847701,0.0462325149132,10000,20310889,308,0.364728284076,,,,,
detector_by_model_interaction,heldout,yolo11s_minus_yolo11n,400,high_yaw,recall_iou_0_3,(B5-B3)_yolo11s_minus_(B5-B3)_yolo11n,39,0,0,0,10000,20310890,0,0.10247043486,,,,,
detector_by_model_interaction,heldout,yolo11s_minus_yolo11n,400,high_yaw,recall_iou_0_5,(B5-B3)_yolo11s_minus_(B5-B3)_yolo11n,39,0,0,0,10000,20310891,31,0.849775022324,,,,,
detector_by_model_interaction,heldout,yolo11s_minus_yolo11n,400,high_yaw,recall_iou_0_7,(B5-B3)_yolo11s_minus_(B5-B3)_yolo11n,39,0,0,0,10000,20310892,0,0.317310507863,,,,,
detector_by_model_interaction,heldout,yolo11s_minus_yolo11n,500,all_yaw,normalized_center_error,(B5-B3)_yolo11s_minus_(B5-B3)_yolo11n,50,-0.000789850222681,-0.000974443793782,-0.000351532950893,10000,20310898,330,0.00299370861448,,,,,
detector_by_model_interaction,heldout,yolo11s_minus_yolo11n,500,all_yaw,iou,(B5-B3)_yolo11s_minus_(B5-B3)_yolo11n,50,0.00605988673659,-0.00946373522956,0.0300044282245,10000,20310899,440,0.0565824443855,,,,,
detector_by_model_interaction,heldout,yolo11s_minus_yolo11n,500,all_yaw,recall_iou_0_3,(B5-B3)_yolo11s_minus_(B5-B3)_yolo11n,50,0,0,0,10000,20310900,2,0.563702861651,,,,,
detector_by_model_interaction,heldout,yolo11s_minus_yolo11n,500,all_yaw,recall_iou_0_5,(B5-B3)_yolo11s_minus_(B5-B3)_yolo11n,50,0,0,0,10000,20310901,36,0.796253414738,,,,,
detector_by_model_interaction,heldout,yolo11s_minus_yolo11n,500,all_yaw,recall_iou_0_7,(B5-B3)_yolo11s_minus_(B5-B3)_yolo11n,50,0,0,0,10000,20310902,0,1,,,,,
detector_by_model_interaction,heldout,yolo11s_minus_yolo11n,500,high_yaw,normalized_center_error,(B5-B3)_yolo11s_minus_(B5-B3)_yolo11n,38,-0.000446032116082,-0.00155185866841,0.000535061614862,10000,20310908,201,0.0139660380436,,,,,
detector_by_model_interaction,heldout,yolo11s_minus_yolo11n,500,high_yaw,iou,(B5-B3)_yolo11s_minus_(B5-B3)_yolo11n,38,0.0199328741284,-0.013038957652,0.0503990090102,10000,20310909,288,0.338073275539,,,,,
detector_by_model_interaction,heldout,yolo11s_minus_yolo11n,500,high_yaw,recall_iou_0_3,(B5-B3)_yolo11s_minus_(B5-B3)_yolo11n,38,0,0,0,10000,20310910,0,0.0455002638964,,,,,
detector_by_model_interaction,heldout,yolo11s_minus_yolo11n,500,high_yaw,recall_iou_0_5,(B5-B3)_yolo11s_minus_(B5-B3)_yolo11n,38,0,-0.25,1,10000,20310911,15,0.651076634078,,,,,
detector_by_model_interaction,heldout,yolo11s_minus_yolo11n,500,high_yaw,recall_iou_0_7,(B5-B3)_yolo11s_minus_(B5-B3)_yolo11n,38,0,0,0,10000,20310912,0,0.317310507863,,,,,
detector_by_model_interaction,model_selection,yolo11s_minus_yolo11n,100,all_yaw,normalized_center_error,(B5-B3)_yolo11s_minus_(B5-B3)_yolo11n,20,-0.000114877731237,-0.000195335052721,0.000129109327012,10000,20310918,76,0.278964950781,,,,,
detector_by_model_interaction,model_selection,yolo11s_minus_yolo11n,100,all_yaw,iou,(B5-B3)_yolo11s_minus_(B5-B3)_yolo11n,20,-0.00256326435093,-0.00847970724219,0.00119547299597,10000,20310919,48,0.033340220251,,,,,
detector_by_model_interaction,model_selection,yolo11s_minus_yolo11n,100,all_yaw,recall_iou_0_3,(B5-B3)_yolo11s_minus_(B5-B3)_yolo11n,20,0,0,0,10000,20310920,0,1,,,,,
detector_by_model_interaction,model_selection,yolo11s_minus_yolo11n,100,all_yaw,recall_iou_0_5,(B5-B3)_yolo11s_minus_(B5-B3)_yolo11n,20,0,0,0,10000,20310921,0,1,,,,,
detector_by_model_interaction,model_selection,yolo11s_minus_yolo11n,100,all_yaw,recall_iou_0_7,(B5-B3)_yolo11s_minus_(B5-B3)_yolo11n,20,0,0,0,10000,20310922,2,0.563702861651,,,,,
detector_by_model_interaction,model_selection,yolo11s_minus_yolo11n,100,high_yaw,normalized_center_error,(B5-B3)_yolo11s_minus_(B5-B3)_yolo11n,16,0.000166202621832,-0.000100239171538,0.000343037957559,10000,20310928,49,0.325870024297,,,,,
detector_by_model_interaction,model_selection,yolo11s_minus_yolo11n,100,high_yaw,iou,(B5-B3)_yolo11s_minus_(B5-B3)_yolo11n,16,-0.00557100510964,-0.0120957789128,0.00433221808391,10000,20310929,46,0.2552905052,,,,,
detector_by_model_interaction,model_selection,yolo11s_minus_yolo11n,100,high_yaw,recall_iou_0_3,(B5-B3)_yolo11s_minus_(B5-B3)_yolo11n,16,0,0,0,10000,20310930,0,1,,,,,
detector_by_model_interaction,model_selection,yolo11s_minus_yolo11n,100,high_yaw,recall_iou_0_5,(B5-B3)_yolo11s_minus_(B5-B3)_yolo11n,16,0,0,0,10000,20310931,0,1,,,,,
detector_by_model_interaction,model_selection,yolo11s_minus_yolo11n,100,high_yaw,recall_iou_0_7,(B5-B3)_yolo11s_minus_(B5-B3)_yolo11n,16,0,0,0,10000,20310932,1,0.654720846019,,,,,
detector_by_model_interaction,model_selection,yolo11s_minus_yolo11n,200,all_yaw,normalized_center_error,(B5-B3)_yolo11s_minus_(B5-B3)_yolo11n,20,-4.81279039922e-05,-0.000458940399128,0.000150179967109,10000,20310938,96,0.736875370807,,,,,
detector_by_model_interaction,model_selection,yolo11s_minus_yolo11n,200,all_yaw,iou,(B5-B3)_yolo11s_minus_(B5-B3)_yolo11n,20,0.00510228060221,-0.0121784827668,0.0079001515396,10000,20310939,97,0.765198444497,,,,,
detector_by_model_interaction,model_selection,yolo11s_minus_yolo11n,200,all_yaw,recall_iou_0_3,(B5-B3)_yolo11s_minus_(B5-B3)_yolo11n,20,0,0,0,10000,20310940,0,1,,,,,
detector_by_model_interaction,model_selection,yolo11s_minus_yolo11n,200,all_yaw,recall_iou_0_5,(B5-B3)_yolo11s_minus_(B5-B3)_yolo11n,20,0,0,0,10000,20310941,1.5,1,,,,,
detector_by_model_interaction,model_selection,yolo11s_minus_yolo11n,200,all_yaw,recall_iou_0_7,(B5-B3)_yolo11s_minus_(B5-B3)_yolo11n,20,0,0,0,10000,20310942,0,0.317310507863,,,,,
detector_by_model_interaction,model_selection,yolo11s_minus_yolo11n,200,high_yaw,normalized_center_error,(B5-B3)_yolo11s_minus_(B5-B3)_yolo11n,15,0.000179940826275,-0.000434813573783,0.000360408759675,10000,20310948,41,0.280530900252,,,,,
detector_by_model_interaction,model_selection,yolo11s_minus_yolo11n,200,high_yaw,iou,(B5-B3)_yolo11s_minus_(B5-B3)_yolo11n,15,0.00809989993305,-0.00332326800041,0.0236333767143,10000,20310949,37,0.191446403571,,,,,
detector_by_model_interaction,model_selection,yolo11s_minus_yolo11n,200,high_yaw,recall_iou_0_3,(B5-B3)_yolo11s_minus_(B5-B3)_yolo11n,15,0,0,0,10000,20310950,0,1,,,,,
detector_by_model_interaction,model_selection,yolo11s_minus_yolo11n,200,high_yaw,recall_iou_0_5,(B5-B3)_yolo11s_minus_(B5-B3)_yolo11n,15,0,0,0,10000,20310951,0,0.317310507863,,,,,
detector_by_model_interaction,model_selection,yolo11s_minus_yolo11n,200,high_yaw,recall_iou_0_7,(B5-B3)_yolo11s_minus_(B5-B3)_yolo11n,15,0,0,0,10000,20310952,0,1,,,,,
detector_by_model_interaction,model_selection,yolo11s_minus_yolo11n,300,all_yaw,normalized_center_error,(B5-B3)_yolo11s_minus_(B5-B3)_yolo11n,20,-0.000170262151393,-0.000700419328527,6.30943614726e-05,10000,20310958,66,0.145399775065,,,,,
detector_by_model_interaction,model_selection,yolo11s_minus_yolo11n,300,all_yaw,iou,(B5-B3)_yolo11s_minus_(B5-B3)_yolo11n,20,0.00366262570707,-0.0156723169011,0.012585013991,10000,20310959,85,0.455272809915,,,,,
detector_by_model_interaction,model_selection,yolo11s_minus_yolo11n,300,all_yaw,recall_iou_0_3,(B5-B3)_yolo11s_minus_(B5-B3)_yolo11n,20,0,0,0,10000,20310960,0,1,,,,,
detector_by_model_interaction,model_selection,yolo11s_minus_yolo11n,300,all_yaw,recall_iou_0_5,(B5-B3)_yolo11s_minus_(B5-B3)_yolo11n,20,0,0,0,10000,20310961,3,0.449691797969,,,,,
detector_by_model_interaction,model_selection,yolo11s_minus_yolo11n,300,all_yaw,recall_iou_0_7,(B5-B3)_yolo11s_minus_(B5-B3)_yolo11n,20,0,0,0,10000,20310962,0,0.317310507863,,,,,
detector_by_model_interaction,model_selection,yolo11s_minus_yolo11n,300,high_yaw,normalized_center_error,(B5-B3)_yolo11s_minus_(B5-B3)_yolo11n,14,-0.000103358218007,-0.00129159289511,0.000324628784029,10000,20310968,27,0.109421158819,,,,,
detector_by_model_interaction,model_selection,yolo11s_minus_yolo11n,300,high_yaw,iou,(B5-B3)_yolo11s_minus_(B5-B3)_yolo11n,14,0.00829163562892,-0.00698574519508,0.0265476751494,10000,20310969,23,0.0640392905206,,,,,
detector_by_model_interaction,model_selection,yolo11s_minus_yolo11n,300,high_yaw,recall_iou_0_3,(B5-B3)_yolo11s_minus_(B5-B3)_yolo11n,14,0,0,0,10000,20310970,0,1,,,,,
detector_by_model_interaction,model_selection,yolo11s_minus_yolo11n,300,high_yaw,recall_iou_0_5,(B5-B3)_yolo11s_minus_(B5-B3)_yolo11n,14,0,-0.5,0,10000,20310971,1.5,1,,,,,
detector_by_model_interaction,model_selection,yolo11s_minus_yolo11n,300,high_yaw,recall_iou_0_7,(B5-B3)_yolo11s_minus_(B5-B3)_yolo11n,14,0,0,0,10000,20310972,0,0.317310507863,,,,,
detector_by_model_interaction,model_selection,yolo11s_minus_yolo11n,400,all_yaw,normalized_center_error,(B5-B3)_yolo11s_minus_(B5-B3)_yolo11n,20,-0.000629392176681,-0.00111472002586,-2.9337650731e-05,10000,20310978,58,0.0793216796968,,,,,
detector_by_model_interaction,model_selection,yolo11s_minus_yolo11n,400,all_yaw,iou,(B5-B3)_yolo11s_minus_(B5-B3)_yolo11n,20,0.00282713713287,-0.0142073780035,0.0157805886374,10000,20310979,88,0.525653198176,,,,,
detector_by_model_interaction,model_selection,yolo11s_minus_yolo11n,400,all_yaw,recall_iou_0_3,(B5-B3)_yolo11s_minus_(B5-B3)_yolo11n,20,0,0,0,10000,20310980,0,1,,,,,
detector_by_model_interaction,model_selection,yolo11s_minus_yolo11n,400,all_yaw,recall_iou_0_5,(B5-B3)_yolo11s_minus_(B5-B3)_yolo11n,20,0,-0.5,0.5,10000,20310981,5,1,,,,,
detector_by_model_interaction,model_selection,yolo11s_minus_yolo11n,400,all_yaw,recall_iou_0_7,(B5-B3)_yolo11s_minus_(B5-B3)_yolo11n,20,0,0,0,10000,20310982,0,1,,,,,
detector_by_model_interaction,model_selection,yolo11s_minus_yolo11n,400,high_yaw,normalized_center_error,(B5-B3)_yolo11s_minus_(B5-B3)_yolo11n,14,-0.000279665989176,-0.00212092445376,0.000543993919038,10000,20310988,26,0.0961970364628,,,,,
detector_by_model_interaction,model_selection,yolo11s_minus_yolo11n,400,high_yaw,iou,(B5-B3)_yolo11s_minus_(B5-B3)_yolo11n,14,0.0275610386446,0.00206167098827,0.0488129654289,10000,20310989,21,0.047989749695,,,,,
detector_by_model_interaction,model_selection,yolo11s_minus_yolo11n,400,high_yaw,recall_iou_0_3,(B5-B3)_yolo11s_minus_(B5-B3)_yolo11n,14,0,0,0,10000,20310990,0,1,,,,,
detector_by_model_interaction,model_selection,yolo11s_minus_yolo11n,400,high_yaw,recall_iou_0_5,(B5-B3)_yolo11s_minus_(B5-B3)_yolo11n,14,0,0,0.5,10000,20310991,0,0.317310507863,,,,,
detector_by_model_interaction,model_selection,yolo11s_minus_yolo11n,400,high_yaw,recall_iou_0_7,(B5-B3)_yolo11s_minus_(B5-B3)_yolo11n,14,0,0,0,10000,20310992,0,1,,,,,
detector_by_model_interaction,model_selection,yolo11s_minus_yolo11n,500,all_yaw,normalized_center_error,(B5-B3)_yolo11s_minus_(B5-B3)_yolo11n,20,-0.000424150099165,-0.00145862521631,0.000166314662425,10000,20310998,55,0.0619527885372,,,,,
detector_by_model_interaction,model_selection,yolo11s_minus_yolo11n,500,all_yaw,iou,(B5-B3)_yolo11s_minus_(B5-B3)_yolo11n,20,0.00581419848411,-0.019683315292,0.0254885336935,10000,20310999,80,0.350656453903,,,,,
detector_by_model_interaction,model_selection,yolo11s_minus_yolo11n,500,all_yaw,recall_iou_0_3,(B5-B3)_yolo11s_minus_(B5-B3)_yolo11n,20,0,0,0,10000,20311000,0,0.317310507863,,,,,
detector_by_model_interaction,model_selection,yolo11s_minus_yolo11n,500,all_yaw,recall_iou_0_5,(B5-B3)_yolo11s_minus_(B5-B3)_yolo11n,20,0,-1,0,10000,20311001,2,0.563702861651,,,,,
detector_by_model_interaction,model_selection,yolo11s_minus_yolo11n,500,all_yaw,recall_iou_0_7,(B5-B3)_yolo11s_minus_(B5-B3)_yolo11n,20,0,0,0,10000,20311002,0,1,,,,,
detector_by_model_interaction,model_selection,yolo11s_minus_yolo11n,500,high_yaw,normalized_center_error,(B5-B3)_yolo11s_minus_(B5-B3)_yolo11n,13,-0.00113920416624,-0.00169970119589,0.000702827637465,10000,20311008,25,0.151956185743,,,,,
detector_by_model_interaction,model_selection,yolo11s_minus_yolo11n,500,high_yaw,iou,(B5-B3)_yolo11s_minus_(B5-B3)_yolo11n,13,0.0176228331118,0.00618410295923,0.0488193336989,10000,20311009,15,0.0330469436526,,,,,
detector_by_model_interaction,model_selection,yolo11s_minus_yolo11n,500,high_yaw,recall_iou_0_3,(B5-B3)_yolo11s_minus_(B5-B3)_yolo11n,13,0,0,0,10000,20311010,0,0.317310507863,,,,,
detector_by_model_interaction,model_selection,yolo11s_minus_yolo11n,500,high_yaw,recall_iou_0_5,(B5-B3)_yolo11s_minus_(B5-B3)_yolo11n,13,0,0,1,10000,20311011,0,0.15729920705,,,,,
detector_by_model_interaction,model_selection,yolo11s_minus_yolo11n,500,high_yaw,recall_iou_0_7,(B5-B3)_yolo11s_minus_(B5-B3)_yolo11n,13,0,0,0,10000,20311012,0,1,,,,,
component_paired_log_cluster_bootstrap,heldout,yolo11n,300,high_yaw,normalized_center_error,median_paired_log_relative_M2_minus_M1,40,-0.096564811612,-0.150290563298,-0.0657517942774,10000,20260718,105,4.13872543599e-05,,,association,34,85
component_paired_log_cluster_bootstrap,heldout,yolo11n,300,high_yaw,normalized_center_error,median_paired_log_relative_M3_minus_M2,40,-0.173995931212,-0.233257317868,-0.159722565355,10000,20260719,1,3.85233844192e-08,,,detector_history_boxes,39,97.5
component_paired_log_cluster_bootstrap,heldout,yolo11n,300,high_yaw,normalized_center_error,median_paired_log_relative_M4_minus_M3,40,-0.0101572496097,-0.0340146165809,0.00637708586433,10000,20260720,300,0.139262575699,,,2D_vs_3D_history,22,55
component_paired_log_cluster_bootstrap,heldout,yolo11n,300,high_yaw,normalized_center_error,median_paired_log_relative_M5_minus_M1,40,0.0533704161228,0.0268019106351,0.103426161184,10000,20260721,113,6.55003289414e-05,,,source_depth,10,25
component_paired_log_cluster_bootstrap,heldout,yolo11n,300,high_yaw,normalized_center_error,median_paired_log_relative_M6_minus_M0,40,-0.111094094406,-0.169822256419,-0.0395056819666,10000,20260722,53,1.59823887228e-06,,,object_motion_in_principle,32,80
component_paired_log_cluster_bootstrap,heldout,yolo11n,300,high_yaw,normalized_center_error,median_paired_log_relative_M7_minus_M0,40,-0.161993126857,-0.253862049935,-0.0654735614381,10000,20260723,27,2.63254822069e-07,,,full_oracle_ceiling,35,87.5
component_paired_log_cluster_bootstrap,heldout,yolo11s,300,high_yaw,normalized_center_error,median_paired_log_relative_M2_minus_M1,40,-0.114198127968,-0.148499693127,-0.062496683483,10000,20260718,122,0.000108348164592,,,association,34,85
component_paired_log_cluster_bootstrap,heldout,yolo11s,300,high_yaw,normalized_center_error,median_paired_log_relative_M3_minus_M2,40,-0.187734010152,-0.22793471222,-0.152931628437,10000,20260719,0,3.56938820447e-08,,,detector_history_boxes,40,100
component_paired_log_cluster_bootstrap,heldout,yolo11s,300,high_yaw,normalized_center_error,median_paired_log_relative_M4_minus_M3,40,-0.00619700139129,-0.0178025377563,0.0118246863602,10000,20260720,344,0.375011270663,,,2D_vs_3D_history,24,60
component_paired_log_cluster_bootstrap,heldout,yolo11s,300,high_yaw,normalized_center_error,median_paired_log_relative_M5_minus_M1,40,0.0687882962465,0.0454914261751,0.0978604960998,10000,20260721,75,6.70530687003e-06,,,source_depth,8,20
component_paired_log_cluster_bootstrap,heldout,yolo11s,300,high_yaw,normalized_center_error,median_paired_log_relative_M6_minus_M0,40,-0.0984984382571,-0.162162422541,-0.0250844692099,10000,20260722,80,9.18042150391e-06,,,object_motion_in_principle,33,82.5
component_paired_log_cluster_bootstrap,heldout,yolo11s,300,high_yaw,normalized_center_error,median_paired_log_relative_M7_minus_M0,40,-0.107967313353,-0.170805633151,-0.0401728986913,10000,20260723,35,4.64349906996e-07,,,full_oracle_ceiling,37,92.5
