role,detector,log_id,association_oracle,depth_oracle,velocity_oracle,ego_motion_transform,sample_comparisons,median_normalized_center_error,record_type,effect,effect_coefficient_normalized_center_error
development,yolo11n,01bb304d-7bd8-35f8-bbef-7086b688e35e,0,0,0,0,29,0.0168895730691,factorial_cell,,
development,yolo11n,01bb304d-7bd8-35f8-bbef-7086b688e35e,0,0,0,1,29,0.0114991686669,factorial_cell,,
development,yolo11n,01bb304d-7bd8-35f8-bbef-7086b688e35e,0,0,1,0,29,0.0115913465373,factorial_cell,,
development,yolo11n,01bb304d-7bd8-35f8-bbef-7086b688e35e,0,0,1,1,29,0.00506977963842,factorial_cell,,
development,yolo11n,01bb304d-7bd8-35f8-bbef-7086b688e35e,0,1,0,0,29,0.0167964365567,factorial_cell,,
development,yolo11n,01bb304d-7bd8-35f8-bbef-7086b688e35e,0,1,0,1,29,0.0111488278846,factorial_cell,,
development,yolo11n,01bb304d-7bd8-35f8-bbef-7086b688e35e,0,1,1,0,29,0.0118351018168,factorial_cell,,
development,yolo11n,01bb304d-7bd8-35f8-bbef-7086b688e35e,0,1,1,1,29,0.00505648467229,factorial_cell,,
development,yolo11n,01bb304d-7bd8-35f8-bbef-7086b688e35e,1,0,0,0,29,0.0159295375272,factorial_cell,,
development,yolo11n,01bb304d-7bd8-35f8-bbef-7086b688e35e,1,0,0,1,29,0.00762573216851,factorial_cell,,
development,yolo11n,01bb304d-7bd8-35f8-bbef-7086b688e35e,1,0,1,0,29,0.0115913465373,factorial_cell,,
development,yolo11n,01bb304d-7bd8-35f8-bbef-7086b688e35e,1,0,1,1,29,0.00506977963842,factorial_cell,,
development,yolo11n,01bb304d-7bd8-35f8-bbef-7086b688e35e,1,1,0,0,29,0.0157959006713,factorial_cell,,
development,yolo11n,01bb304d-7bd8-35f8-bbef-7086b688e35e,1,1,0,1,29,0.00762012713866,factorial_cell,,
development,yolo11n,01bb304d-7bd8-35f8-bbef-7086b688e35e,1,1,1,0,29,0.0118351018168,factorial_cell,,
development,yolo11n,01bb304d-7bd8-35f8-bbef-7086b688e35e,1,1,1,1,29,0.00505648467229,factorial_cell,,
development,yolo11n,349c4c1c-9561-360f-9ae7-59772335d54b,0,0,0,0,71,0.0170275935533,factorial_cell,,
development,yolo11n,349c4c1c-9561-360f-9ae7-59772335d54b,0,0,0,1,71,0.0134780065635,factorial_cell,,
development,yolo11n,349c4c1c-9561-360f-9ae7-59772335d54b,0,0,1,0,71,0.0113180481773,factorial_cell,,
development,yolo11n,349c4c1c-9561-360f-9ae7-59772335d54b,0,0,1,1,71,0.0099168415617,factorial_cell,,
development,yolo11n,349c4c1c-9561-360f-9ae7-59772335d54b,0,1,0,0,71,0.0169258165862,factorial_cell,,
development,yolo11n,349c4c1c-9561-360f-9ae7-59772335d54b,0,1,0,1,71,0.013452173103,factorial_cell,,
development,yolo11n,349c4c1c-9561-360f-9ae7-59772335d54b,0,1,1,0,71,0.0113244024635,factorial_cell,,
development,yolo11n,349c4c1c-9561-360f-9ae7-59772335d54b,0,1,1,1,71,0.00980370426799,factorial_cell,,
development,yolo11n,349c4c1c-9561-360f-9ae7-59772335d54b,1,0,0,0,71,0.0123904457025,factorial_cell,,
development,yolo11n,349c4c1c-9561-360f-9ae7-59772335d54b,1,0,0,1,71,0.0116487190643,factorial_cell,,
development,yolo11n,349c4c1c-9561-360f-9ae7-59772335d54b,1,0,1,0,71,0.0113180481773,factorial_cell,,
development,yolo11n,349c4c1c-9561-360f-9ae7-59772335d54b,1,0,1,1,71,0.0099168415617,factorial_cell,,
development,yolo11n,349c4c1c-9561-360f-9ae7-59772335d54b,1,1,0,0,71,0.0130211768903,factorial_cell,,
development,yolo11n,349c4c1c-9561-360f-9ae7-59772335d54b,1,1,0,1,71,0.0116428007764,factorial_cell,,
development,yolo11n,349c4c1c-9561-360f-9ae7-59772335d54b,1,1,1,0,71,0.0113244024635,factorial_cell,,
development,yolo11n,349c4c1c-9561-360f-9ae7-59772335d54b,1,1,1,1,71,0.00980370426799,factorial_cell,,
development,yolo11n,41b6f7d7-e431-3992-b783-74b9edf42215,0,0,0,0,48,0.010829034802,factorial_cell,,
development,yolo11n,41b6f7d7-e431-3992-b783-74b9edf42215,0,0,0,1,48,0.00812108022145,factorial_cell,,
development,yolo11n,41b6f7d7-e431-3992-b783-74b9edf42215,0,0,1,0,48,0.00693740046046,factorial_cell,,
development,yolo11n,41b6f7d7-e431-3992-b783-74b9edf42215,0,0,1,1,48,0.00573584247227,factorial_cell,,
development,yolo11n,41b6f7d7-e431-3992-b783-74b9edf42215,0,1,0,0,48,0.0103442580649,factorial_cell,,
development,yolo11n,41b6f7d7-e431-3992-b783-74b9edf42215,0,1,0,1,48,0.00750071638457,factorial_cell,,
development,yolo11n,41b6f7d7-e431-3992-b783-74b9edf42215,0,1,1,0,48,0.00670822366833,factorial_cell,,
development,yolo11n,41b6f7d7-e431-3992-b783-74b9edf42215,0,1,1,1,48,0.00539659401657,factorial_cell,,
development,yolo11n,41b6f7d7-e431-3992-b783-74b9edf42215,1,0,0,0,48,0.00769282786499,factorial_cell,,
development,yolo11n,41b6f7d7-e431-3992-b783-74b9edf42215,1,0,0,1,48,0.00607418351936,factorial_cell,,
development,yolo11n,41b6f7d7-e431-3992-b783-74b9edf42215,1,0,1,0,48,0.00693740046046,factorial_cell,,
development,yolo11n,41b6f7d7-e431-3992-b783-74b9edf42215,1,0,1,1,48,0.00573584247227,factorial_cell,,
development,yolo11n,41b6f7d7-e431-3992-b783-74b9edf42215,1,1,0,0,48,0.00760732481356,factorial_cell,,
development,yolo11n,41b6f7d7-e431-3992-b783-74b9edf42215,1,1,0,1,48,0.00556990048361,factorial_cell,,
development,yolo11n,41b6f7d7-e431-3992-b783-74b9edf42215,1,1,1,0,48,0.00670822366833,factorial_cell,,
development,yolo11n,41b6f7d7-e431-3992-b783-74b9edf42215,1,1,1,1,48,0.00539659401657,factorial_cell,,
development,yolo11n,5b1d8b11-4f90-3577-be0b-193e102fda82,0,0,0,0,38,0.0392418380938,factorial_cell,,
development,yolo11n,5b1d8b11-4f90-3577-be0b-193e102fda82,0,0,0,1,38,0.0106006363194,factorial_cell,,
development,yolo11n,5b1d8b11-4f90-3577-be0b-193e102fda82,0,0,1,0,38,0.0269404283763,factorial_cell,,
development,yolo11n,5b1d8b11-4f90-3577-be0b-193e102fda82,0,0,1,1,38,0.00670774260841,factorial_cell,,
development,yolo11n,5b1d8b11-4f90-3577-be0b-193e102fda82,0,1,0,0,38,0.0392427779093,factorial_cell,,
development,yolo11n,5b1d8b11-4f90-3577-be0b-193e102fda82,0,1,0,1,38,0.0105534212987,factorial_cell,,
development,yolo11n,5b1d8b11-4f90-3577-be0b-193e102fda82,0,1,1,0,38,0.0277858853727,factorial_cell,,
development,yolo11n,5b1d8b11-4f90-3577-be0b-193e102fda82,0,1,1,1,38,0.00661752498724,factorial_cell,,
development,yolo11n,5b1d8b11-4f90-3577-be0b-193e102fda82,1,0,0,0,38,0.0417543218702,factorial_cell,,
development,yolo11n,5b1d8b11-4f90-3577-be0b-193e102fda82,1,0,0,1,38,0.00870572947976,factorial_cell,,
development,yolo11n,5b1d8b11-4f90-3577-be0b-193e102fda82,1,0,1,0,38,0.0269404283763,factorial_cell,,
development,yolo11n,5b1d8b11-4f90-3577-be0b-193e102fda82,1,0,1,1,38,0.00670774260841,factorial_cell,,
development,yolo11n,5b1d8b11-4f90-3577-be0b-193e102fda82,1,1,0,0,38,0.0417946841745,factorial_cell,,
development,yolo11n,5b1d8b11-4f90-3577-be0b-193e102fda82,1,1,0,1,38,0.00858347179583,factorial_cell,,
development,yolo11n,5b1d8b11-4f90-3577-be0b-193e102fda82,1,1,1,0,38,0.0277858853727,factorial_cell,,
development,yolo11n,5b1d8b11-4f90-3577-be0b-193e102fda82,1,1,1,1,38,0.00661752498724,factorial_cell,,
development,yolo11n,6dc6e668-549e-33b8-b952-ed8e807b1d48,0,0,0,0,43,0.0173884702632,factorial_cell,,
development,yolo11n,6dc6e668-549e-33b8-b952-ed8e807b1d48,0,0,0,1,43,0.0155273272834,factorial_cell,,
development,yolo11n,6dc6e668-549e-33b8-b952-ed8e807b1d48,0,0,1,0,43,0.0150513581436,factorial_cell,,
development,yolo11n,6dc6e668-549e-33b8-b952-ed8e807b1d48,0,0,1,1,43,0.0090940137501,factorial_cell,,
development,yolo11n,6dc6e668-549e-33b8-b952-ed8e807b1d48,0,1,0,0,43,0.0173884702632,factorial_cell,,
development,yolo11n,6dc6e668-549e-33b8-b952-ed8e807b1d48,0,1,0,1,43,0.0156049171377,factorial_cell,,
development,yolo11n,6dc6e668-549e-33b8-b952-ed8e807b1d48,0,1,1,0,43,0.0150658338591,factorial_cell,,
development,yolo11n,6dc6e668-549e-33b8-b952-ed8e807b1d48,0,1,1,1,43,0.010192825972,factorial_cell,,
development,yolo11n,6dc6e668-549e-33b8-b952-ed8e807b1d48,1,0,0,0,43,0.0173884702632,factorial_cell,,
development,yolo11n,6dc6e668-549e-33b8-b952-ed8e807b1d48,1,0,0,1,43,0.0160556682694,factorial_cell,,
development,yolo11n,6dc6e668-549e-33b8-b952-ed8e807b1d48,1,0,1,0,43,0.0150513581436,factorial_cell,,
development,yolo11n,6dc6e668-549e-33b8-b952-ed8e807b1d48,1,0,1,1,43,0.0090940137501,factorial_cell,,
development,yolo11n,6dc6e668-549e-33b8-b952-ed8e807b1d48,1,1,0,0,43,0.0173884702632,factorial_cell,,
development,yolo11n,6dc6e668-549e-33b8-b952-ed8e807b1d48,1,1,0,1,43,0.0164157010732,factorial_cell,,
development,yolo11n,6dc6e668-549e-33b8-b952-ed8e807b1d48,1,1,1,0,43,0.0150658338591,factorial_cell,,
development,yolo11n,6dc6e668-549e-33b8-b952-ed8e807b1d48,1,1,1,1,43,0.010192825972,factorial_cell,,
development,yolo11n,80da8956-f418-319c-9f49-3d47d9002546,0,0,0,0,34,0.01175590661,factorial_cell,,
development,yolo11n,80da8956-f418-319c-9f49-3d47d9002546,0,0,0,1,34,0.00545774867499,factorial_cell,,
development,yolo11n,80da8956-f418-319c-9f49-3d47d9002546,0,0,1,0,34,0.00483695149048,factorial_cell,,
development,yolo11n,80da8956-f418-319c-9f49-3d47d9002546,0,0,1,1,34,0.00206384204307,factorial_cell,,
development,yolo11n,80da8956-f418-319c-9f49-3d47d9002546,0,1,0,0,34,0.0116890228001,factorial_cell,,
development,yolo11n,80da8956-f418-319c-9f49-3d47d9002546,0,1,0,1,34,0.00608912251348,factorial_cell,,
development,yolo11n,80da8956-f418-319c-9f49-3d47d9002546,0,1,1,0,34,0.00482179998082,factorial_cell,,
development,yolo11n,80da8956-f418-319c-9f49-3d47d9002546,0,1,1,1,34,0.0020795275246,factorial_cell,,
development,yolo11n,80da8956-f418-319c-9f49-3d47d9002546,1,0,0,0,34,0.00679542468986,factorial_cell,,
development,yolo11n,80da8956-f418-319c-9f49-3d47d9002546,1,0,0,1,34,0.00431588712176,factorial_cell,,
development,yolo11n,80da8956-f418-319c-9f49-3d47d9002546,1,0,1,0,34,0.00483695149048,factorial_cell,,
development,yolo11n,80da8956-f418-319c-9f49-3d47d9002546,1,0,1,1,34,0.00206384204307,factorial_cell,,
development,yolo11n,80da8956-f418-319c-9f49-3d47d9002546,1,1,0,0,34,0.00676275317925,factorial_cell,,
development,yolo11n,80da8956-f418-319c-9f49-3d47d9002546,1,1,0,1,34,0.00459278480435,factorial_cell,,
development,yolo11n,80da8956-f418-319c-9f49-3d47d9002546,1,1,1,0,34,0.00482179998082,factorial_cell,,
development,yolo11n,80da8956-f418-319c-9f49-3d47d9002546,1,1,1,1,34,0.0020795275246,factorial_cell,,
development,yolo11n,9239d493-31d7-3dd0-a05f-03d50a242392,0,0,0,0,28,0.017961772271,factorial_cell,,
development,yolo11n,9239d493-31d7-3dd0-a05f-03d50a242392,0,0,0,1,28,0.0163090893198,factorial_cell,,
development,yolo11n,9239d493-31d7-3dd0-a05f-03d50a242392,0,0,1,0,28,0.0103413305442,factorial_cell,,
development,yolo11n,9239d493-31d7-3dd0-a05f-03d50a242392,0,0,1,1,28,0.00756920129471,factorial_cell,,
development,yolo11n,9239d493-31d7-3dd0-a05f-03d50a242392,0,1,0,0,28,0.0169474690802,factorial_cell,,
development,yolo11n,9239d493-31d7-3dd0-a05f-03d50a242392,0,1,0,1,28,0.016343011618,factorial_cell,,
development,yolo11n,9239d493-31d7-3dd0-a05f-03d50a242392,0,1,1,0,28,0.0102245288979,factorial_cell,,
development,yolo11n,9239d493-31d7-3dd0-a05f-03d50a242392,0,1,1,1,28,0.00794967738784,factorial_cell,,
development,yolo11n,9239d493-31d7-3dd0-a05f-03d50a242392,1,0,0,0,28,0.0145003524035,factorial_cell,,
development,yolo11n,9239d493-31d7-3dd0-a05f-03d50a242392,1,0,0,1,28,0.0104220500638,factorial_cell,,
development,yolo11n,9239d493-31d7-3dd0-a05f-03d50a242392,1,0,1,0,28,0.0103413305442,factorial_cell,,
development,yolo11n,9239d493-31d7-3dd0-a05f-03d50a242392,1,0,1,1,28,0.00756920129471,factorial_cell,,
development,yolo11n,9239d493-31d7-3dd0-a05f-03d50a242392,1,1,0,0,28,0.0141590722263,factorial_cell,,
development,yolo11n,9239d493-31d7-3dd0-a05f-03d50a242392,1,1,0,1,28,0.0129603262011,factorial_cell,,
development,yolo11n,9239d493-31d7-3dd0-a05f-03d50a242392,1,1,1,0,28,0.0102245288979,factorial_cell,,
development,yolo11n,9239d493-31d7-3dd0-a05f-03d50a242392,1,1,1,1,28,0.00794967738784,factorial_cell,,
development,yolo11n,aa539866-29e4-353e-95a9-b6d321b53b33,0,0,0,0,57,0.0123696395264,factorial_cell,,
development,yolo11n,aa539866-29e4-353e-95a9-b6d321b53b33,0,0,0,1,57,0.00789616761109,factorial_cell,,
development,yolo11n,aa539866-29e4-353e-95a9-b6d321b53b33,0,0,1,0,57,0.0113902052675,factorial_cell,,
development,yolo11n,aa539866-29e4-353e-95a9-b6d321b53b33,0,0,1,1,57,0.00476712473161,factorial_cell,,
development,yolo11n,aa539866-29e4-353e-95a9-b6d321b53b33,0,1,0,0,57,0.0123719988023,factorial_cell,,
development,yolo11n,aa539866-29e4-353e-95a9-b6d321b53b33,0,1,0,1,57,0.00829004503674,factorial_cell,,
development,yolo11n,aa539866-29e4-353e-95a9-b6d321b53b33,0,1,1,0,57,0.011385167023,factorial_cell,,
development,yolo11n,aa539866-29e4-353e-95a9-b6d321b53b33,0,1,1,1,57,0.00467181720703,factorial_cell,,
development,yolo11n,aa539866-29e4-353e-95a9-b6d321b53b33,1,0,0,0,57,0.0120778522321,factorial_cell,,
development,yolo11n,aa539866-29e4-353e-95a9-b6d321b53b33,1,0,0,1,57,0.00607707965655,factorial_cell,,
development,yolo11n,aa539866-29e4-353e-95a9-b6d321b53b33,1,0,1,0,57,0.0113902052675,factorial_cell,,
development,yolo11n,aa539866-29e4-353e-95a9-b6d321b53b33,1,0,1,1,57,0.00476712473161,factorial_cell,,
development,yolo11n,aa539866-29e4-353e-95a9-b6d321b53b33,1,1,0,0,57,0.0121604544652,factorial_cell,,
development,yolo11n,aa539866-29e4-353e-95a9-b6d321b53b33,1,1,0,1,57,0.00586526413963,factorial_cell,,
development,yolo11n,aa539866-29e4-353e-95a9-b6d321b53b33,1,1,1,0,57,0.011385167023,factorial_cell,,
development,yolo11n,aa539866-29e4-353e-95a9-b6d321b53b33,1,1,1,1,57,0.00467181720703,factorial_cell,,
development,yolo11n,c7f5e5c1-dc52-3619-8998-420b2e280d8a,0,0,0,0,54,0.00924679218802,factorial_cell,,
development,yolo11n,c7f5e5c1-dc52-3619-8998-420b2e280d8a,0,0,0,1,54,0.00988584782915,factorial_cell,,
development,yolo11n,c7f5e5c1-dc52-3619-8998-420b2e280d8a,0,0,1,0,54,0.00845649242811,factorial_cell,,
development,yolo11n,c7f5e5c1-dc52-3619-8998-420b2e280d8a,0,0,1,1,54,0.00572107166229,factorial_cell,,
development,yolo11n,c7f5e5c1-dc52-3619-8998-420b2e280d8a,0,1,0,0,54,0.00909340512153,factorial_cell,,
development,yolo11n,c7f5e5c1-dc52-3619-8998-420b2e280d8a,0,1,0,1,54,0.00941309886393,factorial_cell,,
development,yolo11n,c7f5e5c1-dc52-3619-8998-420b2e280d8a,0,1,1,0,54,0.00859117293164,factorial_cell,,
development,yolo11n,c7f5e5c1-dc52-3619-8998-420b2e280d8a,0,1,1,1,54,0.00564703473993,factorial_cell,,
development,yolo11n,c7f5e5c1-dc52-3619-8998-420b2e280d8a,1,0,0,0,54,0.00948131833912,factorial_cell,,
development,yolo11n,c7f5e5c1-dc52-3619-8998-420b2e280d8a,1,0,0,1,54,0.00981409856373,factorial_cell,,
development,yolo11n,c7f5e5c1-dc52-3619-8998-420b2e280d8a,1,0,1,0,54,0.00845649242811,factorial_cell,,
development,yolo11n,c7f5e5c1-dc52-3619-8998-420b2e280d8a,1,0,1,1,54,0.00572107166229,factorial_cell,,
development,yolo11n,c7f5e5c1-dc52-3619-8998-420b2e280d8a,1,1,0,0,54,0.00962417761455,factorial_cell,,
development,yolo11n,c7f5e5c1-dc52-3619-8998-420b2e280d8a,1,1,0,1,54,0.00988976522045,factorial_cell,,
development,yolo11n,c7f5e5c1-dc52-3619-8998-420b2e280d8a,1,1,1,0,54,0.00859117293164,factorial_cell,,
development,yolo11n,c7f5e5c1-dc52-3619-8998-420b2e280d8a,1,1,1,1,54,0.00564703473993,factorial_cell,,
development,yolo11n,ec3133b4-2b17-3d49-b78a-4bc480ac5137,0,0,0,0,32,0.0108816962463,factorial_cell,,
development,yolo11n,ec3133b4-2b17-3d49-b78a-4bc480ac5137,0,0,0,1,32,0.00940740454723,factorial_cell,,
development,yolo11n,ec3133b4-2b17-3d49-b78a-4bc480ac5137,0,0,1,0,32,0.00797655772783,factorial_cell,,
development,yolo11n,ec3133b4-2b17-3d49-b78a-4bc480ac5137,0,0,1,1,32,0.00500359509271,factorial_cell,,
development,yolo11n,ec3133b4-2b17-3d49-b78a-4bc480ac5137,0,1,0,0,32,0.0107396828712,factorial_cell,,
development,yolo11n,ec3133b4-2b17-3d49-b78a-4bc480ac5137,0,1,0,1,32,0.00884624838396,factorial_cell,,
development,yolo11n,ec3133b4-2b17-3d49-b78a-4bc480ac5137,0,1,1,0,32,0.0079228487339,factorial_cell,,
development,yolo11n,ec3133b4-2b17-3d49-b78a-4bc480ac5137,0,1,1,1,32,0.00516936714779,factorial_cell,,
development,yolo11n,ec3133b4-2b17-3d49-b78a-4bc480ac5137,1,0,0,0,32,0.00977689518758,factorial_cell,,
development,yolo11n,ec3133b4-2b17-3d49-b78a-4bc480ac5137,1,0,0,1,32,0.00799270425449,factorial_cell,,
development,yolo11n,ec3133b4-2b17-3d49-b78a-4bc480ac5137,1,0,1,0,32,0.00797655772783,factorial_cell,,
development,yolo11n,ec3133b4-2b17-3d49-b78a-4bc480ac5137,1,0,1,1,32,0.00500359509271,factorial_cell,,
development,yolo11n,ec3133b4-2b17-3d49-b78a-4bc480ac5137,1,1,0,0,32,0.00977784921057,factorial_cell,,
development,yolo11n,ec3133b4-2b17-3d49-b78a-4bc480ac5137,1,1,0,1,32,0.00791945997293,factorial_cell,,
development,yolo11n,ec3133b4-2b17-3d49-b78a-4bc480ac5137,1,1,1,0,32,0.0079228487339,factorial_cell,,
development,yolo11n,ec3133b4-2b17-3d49-b78a-4bc480ac5137,1,1,1,1,32,0.00516936714779,factorial_cell,,
heldout,yolo11n,0b86f508-5df9-4a46-bc59-5b9536dbde9f,0,0,0,0,65,0.0131647730465,factorial_cell,,
heldout,yolo11n,0b86f508-5df9-4a46-bc59-5b9536dbde9f,0,0,0,1,65,0.0106500764939,factorial_cell,,
heldout,yolo11n,0b86f508-5df9-4a46-bc59-5b9536dbde9f,0,0,1,0,65,0.011268218442,factorial_cell,,
heldout,yolo11n,0b86f508-5df9-4a46-bc59-5b9536dbde9f,0,0,1,1,65,0.00702517322611,factorial_cell,,
heldout,yolo11n,0b86f508-5df9-4a46-bc59-5b9536dbde9f,0,1,0,0,65,0.012970053501,factorial_cell,,
heldout,yolo11n,0b86f508-5df9-4a46-bc59-5b9536dbde9f,0,1,0,1,65,0.00993822770693,factorial_cell,,
heldout,yolo11n,0b86f508-5df9-4a46-bc59-5b9536dbde9f,0,1,1,0,65,0.0111204169561,factorial_cell,,
heldout,yolo11n,0b86f508-5df9-4a46-bc59-5b9536dbde9f,0,1,1,1,65,0.00652644843365,factorial_cell,,
heldout,yolo11n,0b86f508-5df9-4a46-bc59-5b9536dbde9f,1,0,0,0,65,0.0130766676077,factorial_cell,,
heldout,yolo11n,0b86f508-5df9-4a46-bc59-5b9536dbde9f,1,0,0,1,65,0.010943652255,factorial_cell,,
heldout,yolo11n,0b86f508-5df9-4a46-bc59-5b9536dbde9f,1,0,1,0,65,0.011268218442,factorial_cell,,
heldout,yolo11n,0b86f508-5df9-4a46-bc59-5b9536dbde9f,1,0,1,1,65,0.00702517322611,factorial_cell,,
heldout,yolo11n,0b86f508-5df9-4a46-bc59-5b9536dbde9f,1,1,0,0,65,0.0131821114283,factorial_cell,,
heldout,yolo11n,0b86f508-5df9-4a46-bc59-5b9536dbde9f,1,1,0,1,65,0.00983530870272,factorial_cell,,
heldout,yolo11n,0b86f508-5df9-4a46-bc59-5b9536dbde9f,1,1,1,0,65,0.0111204169561,factorial_cell,,
heldout,yolo11n,0b86f508-5df9-4a46-bc59-5b9536dbde9f,1,1,1,1,65,0.00652644843365,factorial_cell,,
heldout,yolo11n,24642607-2a51-384a-90a7-228067956d05,0,0,0,0,53,0.0283337573849,factorial_cell,,
heldout,yolo11n,24642607-2a51-384a-90a7-228067956d05,0,0,0,1,53,0.024405512282,factorial_cell,,
heldout,yolo11n,24642607-2a51-384a-90a7-228067956d05,0,0,1,0,53,0.0224655224571,factorial_cell,,
heldout,yolo11n,24642607-2a51-384a-90a7-228067956d05,0,0,1,1,53,0.0186605198588,factorial_cell,,
heldout,yolo11n,24642607-2a51-384a-90a7-228067956d05,0,1,0,0,53,0.028243793143,factorial_cell,,
heldout,yolo11n,24642607-2a51-384a-90a7-228067956d05,0,1,0,1,53,0.0242511786793,factorial_cell,,
heldout,yolo11n,24642607-2a51-384a-90a7-228067956d05,0,1,1,0,53,0.0224674373806,factorial_cell,,
heldout,yolo11n,24642607-2a51-384a-90a7-228067956d05,0,1,1,1,53,0.016487470272,factorial_cell,,
heldout,yolo11n,24642607-2a51-384a-90a7-228067956d05,1,0,0,0,53,0.0232939807146,factorial_cell,,
heldout,yolo11n,24642607-2a51-384a-90a7-228067956d05,1,0,0,1,53,0.0183815954896,factorial_cell,,
heldout,yolo11n,24642607-2a51-384a-90a7-228067956d05,1,0,1,0,53,0.0224655224571,factorial_cell,,
heldout,yolo11n,24642607-2a51-384a-90a7-228067956d05,1,0,1,1,53,0.0186605198588,factorial_cell,,
heldout,yolo11n,24642607-2a51-384a-90a7-228067956d05,1,1,0,0,53,0.0218842434187,factorial_cell,,
heldout,yolo11n,24642607-2a51-384a-90a7-228067956d05,1,1,0,1,53,0.0175638062632,factorial_cell,,
heldout,yolo11n,24642607-2a51-384a-90a7-228067956d05,1,1,1,0,53,0.0224674373806,factorial_cell,,
heldout,yolo11n,24642607-2a51-384a-90a7-228067956d05,1,1,1,1,53,0.016487470272,factorial_cell,,
heldout,yolo11n,4e3fedbb-847c-3d5b-8a62-c9ff84550985,0,0,0,0,37,0.0111361756709,factorial_cell,,
heldout,yolo11n,4e3fedbb-847c-3d5b-8a62-c9ff84550985,0,0,0,1,37,0.00960079437518,factorial_cell,,
heldout,yolo11n,4e3fedbb-847c-3d5b-8a62-c9ff84550985,0,0,1,0,37,0.00614159954944,factorial_cell,,
heldout,yolo11n,4e3fedbb-847c-3d5b-8a62-c9ff84550985,0,0,1,1,37,0.00543650606441,factorial_cell,,
heldout,yolo11n,4e3fedbb-847c-3d5b-8a62-c9ff84550985,0,1,0,0,37,0.0109023596164,factorial_cell,,
heldout,yolo11n,4e3fedbb-847c-3d5b-8a62-c9ff84550985,0,1,0,1,37,0.0091957338923,factorial_cell,,
heldout,yolo11n,4e3fedbb-847c-3d5b-8a62-c9ff84550985,0,1,1,0,37,0.00635383313533,factorial_cell,,
heldout,yolo11n,4e3fedbb-847c-3d5b-8a62-c9ff84550985,0,1,1,1,37,0.00540455295461,factorial_cell,,
heldout,yolo11n,4e3fedbb-847c-3d5b-8a62-c9ff84550985,1,0,0,0,37,0.00902452978657,factorial_cell,,
heldout,yolo11n,4e3fedbb-847c-3d5b-8a62-c9ff84550985,1,0,0,1,37,0.0085171645218,factorial_cell,,
heldout,yolo11n,4e3fedbb-847c-3d5b-8a62-c9ff84550985,1,0,1,0,37,0.00614159954944,factorial_cell,,
heldout,yolo11n,4e3fedbb-847c-3d5b-8a62-c9ff84550985,1,0,1,1,37,0.00543650606441,factorial_cell,,
heldout,yolo11n,4e3fedbb-847c-3d5b-8a62-c9ff84550985,1,1,0,0,37,0.00902452978657,factorial_cell,,
heldout,yolo11n,4e3fedbb-847c-3d5b-8a62-c9ff84550985,1,1,0,1,37,0.00844373253045,factorial_cell,,
heldout,yolo11n,4e3fedbb-847c-3d5b-8a62-c9ff84550985,1,1,1,0,37,0.00635383313533,factorial_cell,,
heldout,yolo11n,4e3fedbb-847c-3d5b-8a62-c9ff84550985,1,1,1,1,37,0.00540455295461,factorial_cell,,
heldout,yolo11n,7a2c222d-addc-30b2-aac6-596cb65a22e3,0,0,0,0,4,0.0400010341618,factorial_cell,,
heldout,yolo11n,7a2c222d-addc-30b2-aac6-596cb65a22e3,0,0,0,1,4,0.0413614437546,factorial_cell,,
heldout,yolo11n,7a2c222d-addc-30b2-aac6-596cb65a22e3,0,0,1,0,4,0.0158639644341,factorial_cell,,
heldout,yolo11n,7a2c222d-addc-30b2-aac6-596cb65a22e3,0,0,1,1,4,0.0265149115724,factorial_cell,,
heldout,yolo11n,7a2c222d-addc-30b2-aac6-596cb65a22e3,0,1,0,0,4,0.0404220870892,factorial_cell,,
heldout,yolo11n,7a2c222d-addc-30b2-aac6-596cb65a22e3,0,1,0,1,4,0.0494802054103,factorial_cell,,
heldout,yolo11n,7a2c222d-addc-30b2-aac6-596cb65a22e3,0,1,1,0,4,0.017227787043,factorial_cell,,
heldout,yolo11n,7a2c222d-addc-30b2-aac6-596cb65a22e3,0,1,1,1,4,0.0278265922577,factorial_cell,,
heldout,yolo11n,7a2c222d-addc-30b2-aac6-596cb65a22e3,1,0,0,0,4,0.0330127989386,factorial_cell,,
heldout,yolo11n,7a2c222d-addc-30b2-aac6-596cb65a22e3,1,0,0,1,4,0.047531810127,factorial_cell,,
heldout,yolo11n,7a2c222d-addc-30b2-aac6-596cb65a22e3,1,0,1,0,4,0.0158639644341,factorial_cell,,
heldout,yolo11n,7a2c222d-addc-30b2-aac6-596cb65a22e3,1,0,1,1,4,0.0265149115724,factorial_cell,,
heldout,yolo11n,7a2c222d-addc-30b2-aac6-596cb65a22e3,1,1,0,0,4,0.0340891722698,factorial_cell,,
heldout,yolo11n,7a2c222d-addc-30b2-aac6-596cb65a22e3,1,1,0,1,4,0.0483978399952,factorial_cell,,
heldout,yolo11n,7a2c222d-addc-30b2-aac6-596cb65a22e3,1,1,1,0,4,0.017227787043,factorial_cell,,
heldout,yolo11n,7a2c222d-addc-30b2-aac6-596cb65a22e3,1,1,1,1,4,0.0278265922577,factorial_cell,,
heldout,yolo11n,b87683ae-14c5-321f-8af3-623e7bafc3a7,0,0,0,0,40,0.0489928853409,factorial_cell,,
heldout,yolo11n,b87683ae-14c5-321f-8af3-623e7bafc3a7,0,0,0,1,40,0.0173552332107,factorial_cell,,
heldout,yolo11n,b87683ae-14c5-321f-8af3-623e7bafc3a7,0,0,1,0,40,0.0458815213921,factorial_cell,,
heldout,yolo11n,b87683ae-14c5-321f-8af3-623e7bafc3a7,0,0,1,1,40,0.00848879747166,factorial_cell,,
heldout,yolo11n,b87683ae-14c5-321f-8af3-623e7bafc3a7,0,1,0,0,40,0.0500730235634,factorial_cell,,
heldout,yolo11n,b87683ae-14c5-321f-8af3-623e7bafc3a7,0,1,0,1,40,0.0162158866463,factorial_cell,,
heldout,yolo11n,b87683ae-14c5-321f-8af3-623e7bafc3a7,0,1,1,0,40,0.0458504145932,factorial_cell,,
heldout,yolo11n,b87683ae-14c5-321f-8af3-623e7bafc3a7,0,1,1,1,40,0.00874702734668,factorial_cell,,
heldout,yolo11n,b87683ae-14c5-321f-8af3-623e7bafc3a7,1,0,0,0,40,0.0493631873849,factorial_cell,,
heldout,yolo11n,b87683ae-14c5-321f-8af3-623e7bafc3a7,1,0,0,1,40,0.0381414596882,factorial_cell,,
heldout,yolo11n,b87683ae-14c5-321f-8af3-623e7bafc3a7,1,0,1,0,40,0.0458815213921,factorial_cell,,
heldout,yolo11n,b87683ae-14c5-321f-8af3-623e7bafc3a7,1,0,1,1,40,0.00848879747166,factorial_cell,,
heldout,yolo11n,b87683ae-14c5-321f-8af3-623e7bafc3a7,1,1,0,0,40,0.0476050179067,factorial_cell,,
heldout,yolo11n,b87683ae-14c5-321f-8af3-623e7bafc3a7,1,1,0,1,40,0.0318532438526,factorial_cell,,
heldout,yolo11n,b87683ae-14c5-321f-8af3-623e7bafc3a7,1,1,1,0,40,0.0458504145932,factorial_cell,,
heldout,yolo11n,b87683ae-14c5-321f-8af3-623e7bafc3a7,1,1,1,1,40,0.00874702734668,factorial_cell,,
heldout,yolo11n,e1d68dde-22a9-3918-a526-0850b21ff2eb,0,0,0,0,26,0.042452316126,factorial_cell,,
heldout,yolo11n,e1d68dde-22a9-3918-a526-0850b21ff2eb,0,0,0,1,26,0.0387941756832,factorial_cell,,
heldout,yolo11n,e1d68dde-22a9-3918-a526-0850b21ff2eb,0,0,1,0,26,0.0145663542307,factorial_cell,,
heldout,yolo11n,e1d68dde-22a9-3918-a526-0850b21ff2eb,0,0,1,1,26,0.0187953098523,factorial_cell,,
heldout,yolo11n,e1d68dde-22a9-3918-a526-0850b21ff2eb,0,1,0,0,26,0.0340893333178,factorial_cell,,
heldout,yolo11n,e1d68dde-22a9-3918-a526-0850b21ff2eb,0,1,0,1,26,0.0316183823055,factorial_cell,,
heldout,yolo11n,e1d68dde-22a9-3918-a526-0850b21ff2eb,0,1,1,0,26,0.0119430002094,factorial_cell,,
heldout,yolo11n,e1d68dde-22a9-3918-a526-0850b21ff2eb,0,1,1,1,26,0.0132976863434,factorial_cell,,
heldout,yolo11n,e1d68dde-22a9-3918-a526-0850b21ff2eb,1,0,0,0,26,0.0406961898855,factorial_cell,,
heldout,yolo11n,e1d68dde-22a9-3918-a526-0850b21ff2eb,1,0,0,1,26,0.0417605773731,factorial_cell,,
heldout,yolo11n,e1d68dde-22a9-3918-a526-0850b21ff2eb,1,0,1,0,26,0.0145663542307,factorial_cell,,
heldout,yolo11n,e1d68dde-22a9-3918-a526-0850b21ff2eb,1,0,1,1,26,0.0187953098523,factorial_cell,,
heldout,yolo11n,e1d68dde-22a9-3918-a526-0850b21ff2eb,1,1,0,0,26,0.040197680879,factorial_cell,,
heldout,yolo11n,e1d68dde-22a9-3918-a526-0850b21ff2eb,1,1,0,1,26,0.0404803968398,factorial_cell,,
heldout,yolo11n,e1d68dde-22a9-3918-a526-0850b21ff2eb,1,1,1,0,26,0.0119430002094,factorial_cell,,
heldout,yolo11n,e1d68dde-22a9-3918-a526-0850b21ff2eb,1,1,1,1,26,0.0132976863434,factorial_cell,,
heldout,yolo11n,f292cc5c-7a90-360d-b62a-074c643bdf59,0,0,0,0,38,0.0163077413631,factorial_cell,,
heldout,yolo11n,f292cc5c-7a90-360d-b62a-074c643bdf59,0,0,0,1,38,0.00874737772823,factorial_cell,,
heldout,yolo11n,f292cc5c-7a90-360d-b62a-074c643bdf59,0,0,1,0,38,0.0127054783191,factorial_cell,,
heldout,yolo11n,f292cc5c-7a90-360d-b62a-074c643bdf59,0,0,1,1,38,0.00435935112636,factorial_cell,,
heldout,yolo11n,f292cc5c-7a90-360d-b62a-074c643bdf59,0,1,0,0,38,0.0156139299373,factorial_cell,,
heldout,yolo11n,f292cc5c-7a90-360d-b62a-074c643bdf59,0,1,0,1,38,0.00846416897807,factorial_cell,,
heldout,yolo11n,f292cc5c-7a90-360d-b62a-074c643bdf59,0,1,1,0,38,0.0127073519223,factorial_cell,,
heldout,yolo11n,f292cc5c-7a90-360d-b62a-074c643bdf59,0,1,1,1,38,0.00453143231878,factorial_cell,,
heldout,yolo11n,f292cc5c-7a90-360d-b62a-074c643bdf59,1,0,0,0,38,0.0131788889379,factorial_cell,,
heldout,yolo11n,f292cc5c-7a90-360d-b62a-074c643bdf59,1,0,0,1,38,0.00667851294024,factorial_cell,,
heldout,yolo11n,f292cc5c-7a90-360d-b62a-074c643bdf59,1,0,1,0,38,0.0127054783191,factorial_cell,,
heldout,yolo11n,f292cc5c-7a90-360d-b62a-074c643bdf59,1,0,1,1,38,0.00435935112636,factorial_cell,,
heldout,yolo11n,f292cc5c-7a90-360d-b62a-074c643bdf59,1,1,0,0,38,0.0131792965096,factorial_cell,,
heldout,yolo11n,f292cc5c-7a90-360d-b62a-074c643bdf59,1,1,0,1,38,0.00706433007865,factorial_cell,,
heldout,yolo11n,f292cc5c-7a90-360d-b62a-074c643bdf59,1,1,1,0,38,0.0127073519223,factorial_cell,,
heldout,yolo11n,f292cc5c-7a90-360d-b62a-074c643bdf59,1,1,1,1,38,0.00453143231878,factorial_cell,,
model_selection,yolo11n,8940f5f1-13e0-3094-99ba-da2d17639774,0,0,0,0,53,0.0101133713362,factorial_cell,,
model_selection,yolo11n,8940f5f1-13e0-3094-99ba-da2d17639774,0,0,0,1,53,0.00807597176254,factorial_cell,,
model_selection,yolo11n,8940f5f1-13e0-3094-99ba-da2d17639774,0,0,1,0,53,0.00549368398979,factorial_cell,,
model_selection,yolo11n,8940f5f1-13e0-3094-99ba-da2d17639774,0,0,1,1,53,0.00417617191034,factorial_cell,,
model_selection,yolo11n,8940f5f1-13e0-3094-99ba-da2d17639774,0,1,0,0,53,0.00995151082916,factorial_cell,,
model_selection,yolo11n,8940f5f1-13e0-3094-99ba-da2d17639774,0,1,0,1,53,0.00807401047935,factorial_cell,,
model_selection,yolo11n,8940f5f1-13e0-3094-99ba-da2d17639774,0,1,1,0,53,0.00542099062664,factorial_cell,,
model_selection,yolo11n,8940f5f1-13e0-3094-99ba-da2d17639774,0,1,1,1,53,0.00379160034706,factorial_cell,,
model_selection,yolo11n,8940f5f1-13e0-3094-99ba-da2d17639774,1,0,0,0,53,0.00696105396748,factorial_cell,,
model_selection,yolo11n,8940f5f1-13e0-3094-99ba-da2d17639774,1,0,0,1,53,0.00509042779169,factorial_cell,,
model_selection,yolo11n,8940f5f1-13e0-3094-99ba-da2d17639774,1,0,1,0,53,0.00549368398979,factorial_cell,,
model_selection,yolo11n,8940f5f1-13e0-3094-99ba-da2d17639774,1,0,1,1,53,0.00417617191034,factorial_cell,,
model_selection,yolo11n,8940f5f1-13e0-3094-99ba-da2d17639774,1,1,0,0,53,0.00696558610581,factorial_cell,,
model_selection,yolo11n,8940f5f1-13e0-3094-99ba-da2d17639774,1,1,0,1,53,0.00514466006973,factorial_cell,,
model_selection,yolo11n,8940f5f1-13e0-3094-99ba-da2d17639774,1,1,1,0,53,0.00542099062664,factorial_cell,,
model_selection,yolo11n,8940f5f1-13e0-3094-99ba-da2d17639774,1,1,1,1,53,0.00379160034706,factorial_cell,,
model_selection,yolo11n,a88da814-ecc6-39c0-93ba-8a81f403a7e4,0,0,0,0,61,0.00872936747126,factorial_cell,,
model_selection,yolo11n,a88da814-ecc6-39c0-93ba-8a81f403a7e4,0,0,0,1,61,0.00667878899151,factorial_cell,,
model_selection,yolo11n,a88da814-ecc6-39c0-93ba-8a81f403a7e4,0,0,1,0,61,0.00566035381998,factorial_cell,,
model_selection,yolo11n,a88da814-ecc6-39c0-93ba-8a81f403a7e4,0,0,1,1,61,0.00401556892959,factorial_cell,,
model_selection,yolo11n,a88da814-ecc6-39c0-93ba-8a81f403a7e4,0,1,0,0,61,0.0083858881792,factorial_cell,,
model_selection,yolo11n,a88da814-ecc6-39c0-93ba-8a81f403a7e4,0,1,0,1,61,0.00599209160244,factorial_cell,,
model_selection,yolo11n,a88da814-ecc6-39c0-93ba-8a81f403a7e4,0,1,1,0,61,0.00566765124268,factorial_cell,,
model_selection,yolo11n,a88da814-ecc6-39c0-93ba-8a81f403a7e4,0,1,1,1,61,0.00420655647938,factorial_cell,,
model_selection,yolo11n,a88da814-ecc6-39c0-93ba-8a81f403a7e4,1,0,0,0,61,0.0079629613855,factorial_cell,,
model_selection,yolo11n,a88da814-ecc6-39c0-93ba-8a81f403a7e4,1,0,0,1,61,0.00521018819759,factorial_cell,,
model_selection,yolo11n,a88da814-ecc6-39c0-93ba-8a81f403a7e4,1,0,1,0,61,0.00566035381998,factorial_cell,,
model_selection,yolo11n,a88da814-ecc6-39c0-93ba-8a81f403a7e4,1,0,1,1,61,0.00401556892959,factorial_cell,,
model_selection,yolo11n,a88da814-ecc6-39c0-93ba-8a81f403a7e4,1,1,0,0,61,0.00795846001889,factorial_cell,,
model_selection,yolo11n,a88da814-ecc6-39c0-93ba-8a81f403a7e4,1,1,0,1,61,0.0049259697561,factorial_cell,,
model_selection,yolo11n,a88da814-ecc6-39c0-93ba-8a81f403a7e4,1,1,1,0,61,0.00566765124268,factorial_cell,,
model_selection,yolo11n,a88da814-ecc6-39c0-93ba-8a81f403a7e4,1,1,1,1,61,0.00420655647938,factorial_cell,,
development,yolo11s,1d43ed4e-e705-308a-bdfa-49d99285c42a,0,0,0,0,106,0.00767864557341,factorial_cell,,
development,yolo11s,1d43ed4e-e705-308a-bdfa-49d99285c42a,0,0,0,1,106,0.00756172550765,factorial_cell,,
development,yolo11s,1d43ed4e-e705-308a-bdfa-49d99285c42a,0,0,1,0,106,0.00528295318296,factorial_cell,,
development,yolo11s,1d43ed4e-e705-308a-bdfa-49d99285c42a,0,0,1,1,106,0.00490490230254,factorial_cell,,
development,yolo11s,1d43ed4e-e705-308a-bdfa-49d99285c42a,0,1,0,0,106,0.0076464014215,factorial_cell,,
development,yolo11s,1d43ed4e-e705-308a-bdfa-49d99285c42a,0,1,0,1,106,0.0075507711796,factorial_cell,,
development,yolo11s,1d43ed4e-e705-308a-bdfa-49d99285c42a,0,1,1,0,106,0.00532842752747,factorial_cell,,
development,yolo11s,1d43ed4e-e705-308a-bdfa-49d99285c42a,0,1,1,1,106,0.00488324480349,factorial_cell,,
development,yolo11s,1d43ed4e-e705-308a-bdfa-49d99285c42a,1,0,0,0,106,0.00780063807166,factorial_cell,,
development,yolo11s,1d43ed4e-e705-308a-bdfa-49d99285c42a,1,0,0,1,106,0.00662807369551,factorial_cell,,
development,yolo11s,1d43ed4e-e705-308a-bdfa-49d99285c42a,1,0,1,0,106,0.00528295318296,factorial_cell,,
development,yolo11s,1d43ed4e-e705-308a-bdfa-49d99285c42a,1,0,1,1,106,0.00490490230254,factorial_cell,,
development,yolo11s,1d43ed4e-e705-308a-bdfa-49d99285c42a,1,1,0,0,106,0.00781225312684,factorial_cell,,
development,yolo11s,1d43ed4e-e705-308a-bdfa-49d99285c42a,1,1,0,1,106,0.00663568077856,factorial_cell,,
development,yolo11s,1d43ed4e-e705-308a-bdfa-49d99285c42a,1,1,1,0,106,0.00532842752747,factorial_cell,,
development,yolo11s,1d43ed4e-e705-308a-bdfa-49d99285c42a,1,1,1,1,106,0.00488324480349,factorial_cell,,
development,yolo11s,366ceb72-9f11-385a-8bc9-a26a18dbdd22,0,0,0,0,99,0.0110180802788,factorial_cell,,
development,yolo11s,366ceb72-9f11-385a-8bc9-a26a18dbdd22,0,0,0,1,99,0.00688241002032,factorial_cell,,
development,yolo11s,366ceb72-9f11-385a-8bc9-a26a18dbdd22,0,0,1,0,99,0.00965883133868,factorial_cell,,
development,yolo11s,366ceb72-9f11-385a-8bc9-a26a18dbdd22,0,0,1,1,99,0.00520136896359,factorial_cell,,
development,yolo11s,366ceb72-9f11-385a-8bc9-a26a18dbdd22,0,1,0,0,99,0.0113624399972,factorial_cell,,
development,yolo11s,366ceb72-9f11-385a-8bc9-a26a18dbdd22,0,1,0,1,99,0.00691199868202,factorial_cell,,
development,yolo11s,366ceb72-9f11-385a-8bc9-a26a18dbdd22,0,1,1,0,99,0.00968148849724,factorial_cell,,
development,yolo11s,366ceb72-9f11-385a-8bc9-a26a18dbdd22,0,1,1,1,99,0.00508078232539,factorial_cell,,
development,yolo11s,366ceb72-9f11-385a-8bc9-a26a18dbdd22,1,0,0,0,99,0.00958650984095,factorial_cell,,
development,yolo11s,366ceb72-9f11-385a-8bc9-a26a18dbdd22,1,0,0,1,99,0.00659717247355,factorial_cell,,
development,yolo11s,366ceb72-9f11-385a-8bc9-a26a18dbdd22,1,0,1,0,99,0.00965883133868,factorial_cell,,
development,yolo11s,366ceb72-9f11-385a-8bc9-a26a18dbdd22,1,0,1,1,99,0.00520136896359,factorial_cell,,
development,yolo11s,366ceb72-9f11-385a-8bc9-a26a18dbdd22,1,1,0,0,99,0.0100141459702,factorial_cell,,
development,yolo11s,366ceb72-9f11-385a-8bc9-a26a18dbdd22,1,1,0,1,99,0.00625879954562,factorial_cell,,
development,yolo11s,366ceb72-9f11-385a-8bc9-a26a18dbdd22,1,1,1,0,99,0.00968148849724,factorial_cell,,
development,yolo11s,366ceb72-9f11-385a-8bc9-a26a18dbdd22,1,1,1,1,99,0.00508078232539,factorial_cell,,
development,yolo11s,4207ef92-0b3b-4708-8868-4ffcaef308e0,0,0,0,0,61,0.00977277967322,factorial_cell,,
development,yolo11s,4207ef92-0b3b-4708-8868-4ffcaef308e0,0,0,0,1,61,0.00727939741702,factorial_cell,,
development,yolo11s,4207ef92-0b3b-4708-8868-4ffcaef308e0,0,0,1,0,61,0.00713185645369,factorial_cell,,
development,yolo11s,4207ef92-0b3b-4708-8868-4ffcaef308e0,0,0,1,1,61,0.00539502330244,factorial_cell,,
development,yolo11s,4207ef92-0b3b-4708-8868-4ffcaef308e0,0,1,0,0,61,0.00977318340732,factorial_cell,,
development,yolo11s,4207ef92-0b3b-4708-8868-4ffcaef308e0,0,1,0,1,61,0.00710289154443,factorial_cell,,
development,yolo11s,4207ef92-0b3b-4708-8868-4ffcaef308e0,0,1,1,0,61,0.00707895095255,factorial_cell,,
development,yolo11s,4207ef92-0b3b-4708-8868-4ffcaef308e0,0,1,1,1,61,0.00538458010058,factorial_cell,,
development,yolo11s,4207ef92-0b3b-4708-8868-4ffcaef308e0,1,0,0,0,61,0.0110374693309,factorial_cell,,
development,yolo11s,4207ef92-0b3b-4708-8868-4ffcaef308e0,1,0,0,1,61,0.00721959900469,factorial_cell,,
development,yolo11s,4207ef92-0b3b-4708-8868-4ffcaef308e0,1,0,1,0,61,0.00713185645369,factorial_cell,,
development,yolo11s,4207ef92-0b3b-4708-8868-4ffcaef308e0,1,0,1,1,61,0.00539502330244,factorial_cell,,
development,yolo11s,4207ef92-0b3b-4708-8868-4ffcaef308e0,1,1,0,0,61,0.0109963233081,factorial_cell,,
development,yolo11s,4207ef92-0b3b-4708-8868-4ffcaef308e0,1,1,0,1,61,0.00734868917051,factorial_cell,,
development,yolo11s,4207ef92-0b3b-4708-8868-4ffcaef308e0,1,1,1,0,61,0.00707895095255,factorial_cell,,
development,yolo11s,4207ef92-0b3b-4708-8868-4ffcaef308e0,1,1,1,1,61,0.00538458010058,factorial_cell,,
development,yolo11s,633addf9-441c-35e7-868a-738aa612d51c,0,0,0,0,103,0.00980394532279,factorial_cell,,
development,yolo11s,633addf9-441c-35e7-868a-738aa612d51c,0,0,0,1,103,0.00729751012874,factorial_cell,,
development,yolo11s,633addf9-441c-35e7-868a-738aa612d51c,0,0,1,0,103,0.00778789048013,factorial_cell,,
development,yolo11s,633addf9-441c-35e7-868a-738aa612d51c,0,0,1,1,103,0.00579919778545,factorial_cell,,
development,yolo11s,633addf9-441c-35e7-868a-738aa612d51c,0,1,0,0,103,0.00978685817622,factorial_cell,,
development,yolo11s,633addf9-441c-35e7-868a-738aa612d51c,0,1,0,1,103,0.00716704582003,factorial_cell,,
development,yolo11s,633addf9-441c-35e7-868a-738aa612d51c,0,1,1,0,103,0.00767828693007,factorial_cell,,
development,yolo11s,633addf9-441c-35e7-868a-738aa612d51c,0,1,1,1,103,0.00573474032651,factorial_cell,,
development,yolo11s,633addf9-441c-35e7-868a-738aa612d51c,1,0,0,0,103,0.0085897703499,factorial_cell,,
development,yolo11s,633addf9-441c-35e7-868a-738aa612d51c,1,0,0,1,103,0.00677576607889,factorial_cell,,
development,yolo11s,633addf9-441c-35e7-868a-738aa612d51c,1,0,1,0,103,0.00778789048013,factorial_cell,,
development,yolo11s,633addf9-441c-35e7-868a-738aa612d51c,1,0,1,1,103,0.00579919778545,factorial_cell,,
development,yolo11s,633addf9-441c-35e7-868a-738aa612d51c,1,1,0,0,103,0.0081988095017,factorial_cell,,
development,yolo11s,633addf9-441c-35e7-868a-738aa612d51c,1,1,0,1,103,0.00643808453435,factorial_cell,,
development,yolo11s,633addf9-441c-35e7-868a-738aa612d51c,1,1,1,0,103,0.00767828693007,factorial_cell,,
development,yolo11s,633addf9-441c-35e7-868a-738aa612d51c,1,1,1,1,103,0.00573474032651,factorial_cell,,
development,yolo11s,74f15437-b85e-314a-9d86-7294b98bf07f,0,0,0,0,54,0.0179916548991,factorial_cell,,
development,yolo11s,74f15437-b85e-314a-9d86-7294b98bf07f,0,0,0,1,54,0.00968871329044,factorial_cell,,
development,yolo11s,74f15437-b85e-314a-9d86-7294b98bf07f,0,0,1,0,54,0.0164443543767,factorial_cell,,
development,yolo11s,74f15437-b85e-314a-9d86-7294b98bf07f,0,0,1,1,54,0.00821560176972,factorial_cell,,
development,yolo11s,74f15437-b85e-314a-9d86-7294b98bf07f,0,1,0,0,54,0.0163050406157,factorial_cell,,
development,yolo11s,74f15437-b85e-314a-9d86-7294b98bf07f,0,1,0,1,54,0.00994936558886,factorial_cell,,
development,yolo11s,74f15437-b85e-314a-9d86-7294b98bf07f,0,1,1,0,54,0.0163613205886,factorial_cell,,
development,yolo11s,74f15437-b85e-314a-9d86-7294b98bf07f,0,1,1,1,54,0.00822408368783,factorial_cell,,
development,yolo11s,74f15437-b85e-314a-9d86-7294b98bf07f,1,0,0,0,54,0.0194198022726,factorial_cell,,
development,yolo11s,74f15437-b85e-314a-9d86-7294b98bf07f,1,0,0,1,54,0.00982044187512,factorial_cell,,
development,yolo11s,74f15437-b85e-314a-9d86-7294b98bf07f,1,0,1,0,54,0.0164443543767,factorial_cell,,
development,yolo11s,74f15437-b85e-314a-9d86-7294b98bf07f,1,0,1,1,54,0.00821560176972,factorial_cell,,
development,yolo11s,74f15437-b85e-314a-9d86-7294b98bf07f,1,1,0,0,54,0.0194063938859,factorial_cell,,
development,yolo11s,74f15437-b85e-314a-9d86-7294b98bf07f,1,1,0,1,54,0.00956377328671,factorial_cell,,
development,yolo11s,74f15437-b85e-314a-9d86-7294b98bf07f,1,1,1,0,54,0.0163613205886,factorial_cell,,
development,yolo11s,74f15437-b85e-314a-9d86-7294b98bf07f,1,1,1,1,54,0.00822408368783,factorial_cell,,
development,yolo11s,8a0ff1a2-9045-3be3-b67f-3914d88178ec,0,0,0,0,104,0.0108549284398,factorial_cell,,
development,yolo11s,8a0ff1a2-9045-3be3-b67f-3914d88178ec,0,0,0,1,104,0.00720851666669,factorial_cell,,
development,yolo11s,8a0ff1a2-9045-3be3-b67f-3914d88178ec,0,0,1,0,104,0.00770248255399,factorial_cell,,
development,yolo11s,8a0ff1a2-9045-3be3-b67f-3914d88178ec,0,0,1,1,104,0.00535168669038,factorial_cell,,
development,yolo11s,8a0ff1a2-9045-3be3-b67f-3914d88178ec,0,1,0,0,104,0.00995611472052,factorial_cell,,
development,yolo11s,8a0ff1a2-9045-3be3-b67f-3914d88178ec,0,1,0,1,104,0.00669670691845,factorial_cell,,
development,yolo11s,8a0ff1a2-9045-3be3-b67f-3914d88178ec,0,1,1,0,104,0.00769538263364,factorial_cell,,
development,yolo11s,8a0ff1a2-9045-3be3-b67f-3914d88178ec,0,1,1,1,104,0.00541273458253,factorial_cell,,
development,yolo11s,8a0ff1a2-9045-3be3-b67f-3914d88178ec,1,0,0,0,104,0.00878208143982,factorial_cell,,
development,yolo11s,8a0ff1a2-9045-3be3-b67f-3914d88178ec,1,0,0,1,104,0.00568169850407,factorial_cell,,
development,yolo11s,8a0ff1a2-9045-3be3-b67f-3914d88178ec,1,0,1,0,104,0.00770248255399,factorial_cell,,
development,yolo11s,8a0ff1a2-9045-3be3-b67f-3914d88178ec,1,0,1,1,104,0.00535168669038,factorial_cell,,
development,yolo11s,8a0ff1a2-9045-3be3-b67f-3914d88178ec,1,1,0,0,104,0.00863635597391,factorial_cell,,
development,yolo11s,8a0ff1a2-9045-3be3-b67f-3914d88178ec,1,1,0,1,104,0.0059067087756,factorial_cell,,
development,yolo11s,8a0ff1a2-9045-3be3-b67f-3914d88178ec,1,1,1,0,104,0.00769538263364,factorial_cell,,
development,yolo11s,8a0ff1a2-9045-3be3-b67f-3914d88178ec,1,1,1,1,104,0.00541273458253,factorial_cell,,
development,yolo11s,97738d01-b24f-365e-8818-2463149154d2,0,0,0,0,40,0.0129883157298,factorial_cell,,
development,yolo11s,97738d01-b24f-365e-8818-2463149154d2,0,0,0,1,40,0.0077725024187,factorial_cell,,
development,yolo11s,97738d01-b24f-365e-8818-2463149154d2,0,0,1,0,40,0.00997718024882,factorial_cell,,
development,yolo11s,97738d01-b24f-365e-8818-2463149154d2,0,0,1,1,40,0.00434767789923,factorial_cell,,
development,yolo11s,97738d01-b24f-365e-8818-2463149154d2,0,1,0,0,40,0.0129914304037,factorial_cell,,
development,yolo11s,97738d01-b24f-365e-8818-2463149154d2,0,1,0,1,40,0.00737984485049,factorial_cell,,
development,yolo11s,97738d01-b24f-365e-8818-2463149154d2,0,1,1,0,40,0.0100189415164,factorial_cell,,
development,yolo11s,97738d01-b24f-365e-8818-2463149154d2,0,1,1,1,40,0.00418100583291,factorial_cell,,
development,yolo11s,97738d01-b24f-365e-8818-2463149154d2,1,0,0,0,40,0.0133183959031,factorial_cell,,
development,yolo11s,97738d01-b24f-365e-8818-2463149154d2,1,0,0,1,40,0.00559434051939,factorial_cell,,
development,yolo11s,97738d01-b24f-365e-8818-2463149154d2,1,0,1,0,40,0.00997718024882,factorial_cell,,
development,yolo11s,97738d01-b24f-365e-8818-2463149154d2,1,0,1,1,40,0.00434767789923,factorial_cell,,
development,yolo11s,97738d01-b24f-365e-8818-2463149154d2,1,1,0,0,40,0.0126907012891,factorial_cell,,
development,yolo11s,97738d01-b24f-365e-8818-2463149154d2,1,1,0,1,40,0.00558228239824,factorial_cell,,
development,yolo11s,97738d01-b24f-365e-8818-2463149154d2,1,1,1,0,40,0.0100189415164,factorial_cell,,
development,yolo11s,97738d01-b24f-365e-8818-2463149154d2,1,1,1,1,40,0.00418100583291,factorial_cell,,
development,yolo11s,ab83611b-436e-3de7-aad1-f0c9ad254196,0,0,0,0,73,0.00785250278815,factorial_cell,,
development,yolo11s,ab83611b-436e-3de7-aad1-f0c9ad254196,0,0,0,1,73,0.00600260758313,factorial_cell,,
development,yolo11s,ab83611b-436e-3de7-aad1-f0c9ad254196,0,0,1,0,73,0.00543317646181,factorial_cell,,
development,yolo11s,ab83611b-436e-3de7-aad1-f0c9ad254196,0,0,1,1,73,0.00482983409359,factorial_cell,,
development,yolo11s,ab83611b-436e-3de7-aad1-f0c9ad254196,0,1,0,0,73,0.00723916089898,factorial_cell,,
development,yolo11s,ab83611b-436e-3de7-aad1-f0c9ad254196,0,1,0,1,73,0.00592847585937,factorial_cell,,
development,yolo11s,ab83611b-436e-3de7-aad1-f0c9ad254196,0,1,1,0,73,0.00543299759643,factorial_cell,,
development,yolo11s,ab83611b-436e-3de7-aad1-f0c9ad254196,0,1,1,1,73,0.00471858020485,factorial_cell,,
development,yolo11s,ab83611b-436e-3de7-aad1-f0c9ad254196,1,0,0,0,73,0.00592582114592,factorial_cell,,
development,yolo11s,ab83611b-436e-3de7-aad1-f0c9ad254196,1,0,0,1,73,0.00553395351812,factorial_cell,,
development,yolo11s,ab83611b-436e-3de7-aad1-f0c9ad254196,1,0,1,0,73,0.00543317646181,factorial_cell,,
development,yolo11s,ab83611b-436e-3de7-aad1-f0c9ad254196,1,0,1,1,73,0.00482983409359,factorial_cell,,
development,yolo11s,ab83611b-436e-3de7-aad1-f0c9ad254196,1,1,0,0,73,0.00588844932939,factorial_cell,,
development,yolo11s,ab83611b-436e-3de7-aad1-f0c9ad254196,1,1,0,1,73,0.00552578909457,factorial_cell,,
development,yolo11s,ab83611b-436e-3de7-aad1-f0c9ad254196,1,1,1,0,73,0.00543299759643,factorial_cell,,
development,yolo11s,ab83611b-436e-3de7-aad1-f0c9ad254196,1,1,1,1,73,0.00471858020485,factorial_cell,,
development,yolo11s,d20c3612-a64d-3aa8-bd4a-58890413afbb,0,0,0,0,95,0.0083627190444,factorial_cell,,
development,yolo11s,d20c3612-a64d-3aa8-bd4a-58890413afbb,0,0,0,1,95,0.00856931458838,factorial_cell,,
development,yolo11s,d20c3612-a64d-3aa8-bd4a-58890413afbb,0,0,1,0,95,0.00604971642658,factorial_cell,,
development,yolo11s,d20c3612-a64d-3aa8-bd4a-58890413afbb,0,0,1,1,95,0.00495299444035,factorial_cell,,
development,yolo11s,d20c3612-a64d-3aa8-bd4a-58890413afbb,0,1,0,0,95,0.0084007345443,factorial_cell,,
development,yolo11s,d20c3612-a64d-3aa8-bd4a-58890413afbb,0,1,0,1,95,0.00833719435926,factorial_cell,,
development,yolo11s,d20c3612-a64d-3aa8-bd4a-58890413afbb,0,1,1,0,95,0.00577015587248,factorial_cell,,
development,yolo11s,d20c3612-a64d-3aa8-bd4a-58890413afbb,0,1,1,1,95,0.00485616373391,factorial_cell,,
development,yolo11s,d20c3612-a64d-3aa8-bd4a-58890413afbb,1,0,0,0,95,0.00819247567916,factorial_cell,,
development,yolo11s,d20c3612-a64d-3aa8-bd4a-58890413afbb,1,0,0,1,95,0.00803077381154,factorial_cell,,
development,yolo11s,d20c3612-a64d-3aa8-bd4a-58890413afbb,1,0,1,0,95,0.00604971642658,factorial_cell,,
development,yolo11s,d20c3612-a64d-3aa8-bd4a-58890413afbb,1,0,1,1,95,0.00495299444035,factorial_cell,,
development,yolo11s,d20c3612-a64d-3aa8-bd4a-58890413afbb,1,1,0,0,95,0.00811317659573,factorial_cell,,
development,yolo11s,d20c3612-a64d-3aa8-bd4a-58890413afbb,1,1,0,1,95,0.00785283041114,factorial_cell,,
development,yolo11s,d20c3612-a64d-3aa8-bd4a-58890413afbb,1,1,1,0,95,0.00577015587248,factorial_cell,,
development,yolo11s,d20c3612-a64d-3aa8-bd4a-58890413afbb,1,1,1,1,95,0.00485616373391,factorial_cell,,
development,yolo11s,f3cc42c7-84a8-35c5-8683-13878bb9beeb,0,0,0,0,105,0.0128221277759,factorial_cell,,
development,yolo11s,f3cc42c7-84a8-35c5-8683-13878bb9beeb,0,0,0,1,105,0.00920126765282,factorial_cell,,
development,yolo11s,f3cc42c7-84a8-35c5-8683-13878bb9beeb,0,0,1,0,105,0.0108719191475,factorial_cell,,
development,yolo11s,f3cc42c7-84a8-35c5-8683-13878bb9beeb,0,0,1,1,105,0.00606413950414,factorial_cell,,
development,yolo11s,f3cc42c7-84a8-35c5-8683-13878bb9beeb,0,1,0,0,105,0.0128324077061,factorial_cell,,
development,yolo11s,f3cc42c7-84a8-35c5-8683-13878bb9beeb,0,1,0,1,105,0.00897936424479,factorial_cell,,
development,yolo11s,f3cc42c7-84a8-35c5-8683-13878bb9beeb,0,1,1,0,105,0.0107988488814,factorial_cell,,
development,yolo11s,f3cc42c7-84a8-35c5-8683-13878bb9beeb,0,1,1,1,105,0.00610434209498,factorial_cell,,
development,yolo11s,f3cc42c7-84a8-35c5-8683-13878bb9beeb,1,0,0,0,105,0.0118516155536,factorial_cell,,
development,yolo11s,f3cc42c7-84a8-35c5-8683-13878bb9beeb,1,0,0,1,105,0.00894409559063,factorial_cell,,
development,yolo11s,f3cc42c7-84a8-35c5-8683-13878bb9beeb,1,0,1,0,105,0.0108719191475,factorial_cell,,
development,yolo11s,f3cc42c7-84a8-35c5-8683-13878bb9beeb,1,0,1,1,105,0.00606413950414,factorial_cell,,
development,yolo11s,f3cc42c7-84a8-35c5-8683-13878bb9beeb,1,1,0,0,105,0.0118708801312,factorial_cell,,
development,yolo11s,f3cc42c7-84a8-35c5-8683-13878bb9beeb,1,1,0,1,105,0.00881912189214,factorial_cell,,
development,yolo11s,f3cc42c7-84a8-35c5-8683-13878bb9beeb,1,1,1,0,105,0.0107988488814,factorial_cell,,
development,yolo11s,f3cc42c7-84a8-35c5-8683-13878bb9beeb,1,1,1,1,105,0.00610434209498,factorial_cell,,
heldout,yolo11s,0fb7276f-ecb5-3e5b-87a8-cc74c709c715,0,0,0,0,77,0.0109133785548,factorial_cell,,
heldout,yolo11s,0fb7276f-ecb5-3e5b-87a8-cc74c709c715,0,0,0,1,77,0.00622468059078,factorial_cell,,
heldout,yolo11s,0fb7276f-ecb5-3e5b-87a8-cc74c709c715,0,0,1,0,77,0.0105823488489,factorial_cell,,
heldout,yolo11s,0fb7276f-ecb5-3e5b-87a8-cc74c709c715,0,0,1,1,77,0.00338490744351,factorial_cell,,
heldout,yolo11s,0fb7276f-ecb5-3e5b-87a8-cc74c709c715,0,1,0,0,77,0.0109413813368,factorial_cell,,
heldout,yolo11s,0fb7276f-ecb5-3e5b-87a8-cc74c709c715,0,1,0,1,77,0.00621407433576,factorial_cell,,
heldout,yolo11s,0fb7276f-ecb5-3e5b-87a8-cc74c709c715,0,1,1,0,77,0.0105823064939,factorial_cell,,
heldout,yolo11s,0fb7276f-ecb5-3e5b-87a8-cc74c709c715,0,1,1,1,77,0.00348113504949,factorial_cell,,
heldout,yolo11s,0fb7276f-ecb5-3e5b-87a8-cc74c709c715,1,0,0,0,77,0.0111142816073,factorial_cell,,
heldout,yolo11s,0fb7276f-ecb5-3e5b-87a8-cc74c709c715,1,0,0,1,77,0.00463390146382,factorial_cell,,
heldout,yolo11s,0fb7276f-ecb5-3e5b-87a8-cc74c709c715,1,0,1,0,77,0.0105823488489,factorial_cell,,
heldout,yolo11s,0fb7276f-ecb5-3e5b-87a8-cc74c709c715,1,0,1,1,77,0.00338490744351,factorial_cell,,
heldout,yolo11s,0fb7276f-ecb5-3e5b-87a8-cc74c709c715,1,1,0,0,77,0.0112131752904,factorial_cell,,
heldout,yolo11s,0fb7276f-ecb5-3e5b-87a8-cc74c709c715,1,1,0,1,77,0.00460732694799,factorial_cell,,
heldout,yolo11s,0fb7276f-ecb5-3e5b-87a8-cc74c709c715,1,1,1,0,77,0.0105823064939,factorial_cell,,
heldout,yolo11s,0fb7276f-ecb5-3e5b-87a8-cc74c709c715,1,1,1,1,77,0.00348113504949,factorial_cell,,
heldout,yolo11s,29a00842-ead2-3050-b587-c5ef507e4125,0,0,0,0,113,0.0117861002589,factorial_cell,,
heldout,yolo11s,29a00842-ead2-3050-b587-c5ef507e4125,0,0,0,1,113,0.00724844964583,factorial_cell,,
heldout,yolo11s,29a00842-ead2-3050-b587-c5ef507e4125,0,0,1,0,113,0.00894217369687,factorial_cell,,
heldout,yolo11s,29a00842-ead2-3050-b587-c5ef507e4125,0,0,1,1,113,0.0047347936914,factorial_cell,,
heldout,yolo11s,29a00842-ead2-3050-b587-c5ef507e4125,0,1,0,0,113,0.0116098240002,factorial_cell,,
heldout,yolo11s,29a00842-ead2-3050-b587-c5ef507e4125,0,1,0,1,113,0.00718977838155,factorial_cell,,
heldout,yolo11s,29a00842-ead2-3050-b587-c5ef507e4125,0,1,1,0,113,0.00896330419414,factorial_cell,,
heldout,yolo11s,29a00842-ead2-3050-b587-c5ef507e4125,0,1,1,1,113,0.00436907276031,factorial_cell,,
heldout,yolo11s,29a00842-ead2-3050-b587-c5ef507e4125,1,0,0,0,113,0.0103955216169,factorial_cell,,
heldout,yolo11s,29a00842-ead2-3050-b587-c5ef507e4125,1,0,0,1,113,0.00656699519092,factorial_cell,,
heldout,yolo11s,29a00842-ead2-3050-b587-c5ef507e4125,1,0,1,0,113,0.00894217369687,factorial_cell,,
heldout,yolo11s,29a00842-ead2-3050-b587-c5ef507e4125,1,0,1,1,113,0.0047347936914,factorial_cell,,
heldout,yolo11s,29a00842-ead2-3050-b587-c5ef507e4125,1,1,0,0,113,0.0103936596721,factorial_cell,,
heldout,yolo11s,29a00842-ead2-3050-b587-c5ef507e4125,1,1,0,1,113,0.00643670487211,factorial_cell,,
heldout,yolo11s,29a00842-ead2-3050-b587-c5ef507e4125,1,1,1,0,113,0.00896330419414,factorial_cell,,
heldout,yolo11s,29a00842-ead2-3050-b587-c5ef507e4125,1,1,1,1,113,0.00436907276031,factorial_cell,,
heldout,yolo11s,58e82365-03bc-3b2f-b55a-a4ad0e3e792d,0,0,0,0,41,0.0129234760887,factorial_cell,,
heldout,yolo11s,58e82365-03bc-3b2f-b55a-a4ad0e3e792d,0,0,0,1,41,0.0106528485979,factorial_cell,,
heldout,yolo11s,58e82365-03bc-3b2f-b55a-a4ad0e3e792d,0,0,1,0,41,0.00924441923436,factorial_cell,,
heldout,yolo11s,58e82365-03bc-3b2f-b55a-a4ad0e3e792d,0,0,1,1,41,0.00606594294624,factorial_cell,,
heldout,yolo11s,58e82365-03bc-3b2f-b55a-a4ad0e3e792d,0,1,0,0,41,0.0127417299002,factorial_cell,,
heldout,yolo11s,58e82365-03bc-3b2f-b55a-a4ad0e3e792d,0,1,0,1,41,0.0100930869538,factorial_cell,,
heldout,yolo11s,58e82365-03bc-3b2f-b55a-a4ad0e3e792d,0,1,1,0,41,0.00924590448208,factorial_cell,,
heldout,yolo11s,58e82365-03bc-3b2f-b55a-a4ad0e3e792d,0,1,1,1,41,0.00587422110918,factorial_cell,,
heldout,yolo11s,58e82365-03bc-3b2f-b55a-a4ad0e3e792d,1,0,0,0,41,0.0113860612883,factorial_cell,,
heldout,yolo11s,58e82365-03bc-3b2f-b55a-a4ad0e3e792d,1,0,0,1,41,0.00926086733872,factorial_cell,,
heldout,yolo11s,58e82365-03bc-3b2f-b55a-a4ad0e3e792d,1,0,1,0,41,0.00924441923436,factorial_cell,,
heldout,yolo11s,58e82365-03bc-3b2f-b55a-a4ad0e3e792d,1,0,1,1,41,0.00606594294624,factorial_cell,,
heldout,yolo11s,58e82365-03bc-3b2f-b55a-a4ad0e3e792d,1,1,0,0,41,0.0103741754,factorial_cell,,
heldout,yolo11s,58e82365-03bc-3b2f-b55a-a4ad0e3e792d,1,1,0,1,41,0.0100605350504,factorial_cell,,
heldout,yolo11s,58e82365-03bc-3b2f-b55a-a4ad0e3e792d,1,1,1,0,41,0.00924590448208,factorial_cell,,
heldout,yolo11s,58e82365-03bc-3b2f-b55a-a4ad0e3e792d,1,1,1,1,41,0.00587422110918,factorial_cell,,
heldout,yolo11s,95bf6003-7068-3a78-a0c0-9e470a06e60f,0,0,0,0,65,0.00892257705009,factorial_cell,,
heldout,yolo11s,95bf6003-7068-3a78-a0c0-9e470a06e60f,0,0,0,1,65,0.00669555276941,factorial_cell,,
heldout,yolo11s,95bf6003-7068-3a78-a0c0-9e470a06e60f,0,0,1,0,65,0.00643103259848,factorial_cell,,
heldout,yolo11s,95bf6003-7068-3a78-a0c0-9e470a06e60f,0,0,1,1,65,0.00549465471168,factorial_cell,,
heldout,yolo11s,95bf6003-7068-3a78-a0c0-9e470a06e60f,0,1,0,0,65,0.00827140003775,factorial_cell,,
heldout,yolo11s,95bf6003-7068-3a78-a0c0-9e470a06e60f,0,1,0,1,65,0.00686739350058,factorial_cell,,
heldout,yolo11s,95bf6003-7068-3a78-a0c0-9e470a06e60f,0,1,1,0,65,0.00644084528841,factorial_cell,,
heldout,yolo11s,95bf6003-7068-3a78-a0c0-9e470a06e60f,0,1,1,1,65,0.00548572798526,factorial_cell,,
heldout,yolo11s,95bf6003-7068-3a78-a0c0-9e470a06e60f,1,0,0,0,65,0.00955886280093,factorial_cell,,
heldout,yolo11s,95bf6003-7068-3a78-a0c0-9e470a06e60f,1,0,0,1,65,0.00633567820893,factorial_cell,,
heldout,yolo11s,95bf6003-7068-3a78-a0c0-9e470a06e60f,1,0,1,0,65,0.00643103259848,factorial_cell,,
heldout,yolo11s,95bf6003-7068-3a78-a0c0-9e470a06e60f,1,0,1,1,65,0.00549465471168,factorial_cell,,
heldout,yolo11s,95bf6003-7068-3a78-a0c0-9e470a06e60f,1,1,0,0,65,0.00949309328427,factorial_cell,,
heldout,yolo11s,95bf6003-7068-3a78-a0c0-9e470a06e60f,1,1,0,1,65,0.00629640808182,factorial_cell,,
heldout,yolo11s,95bf6003-7068-3a78-a0c0-9e470a06e60f,1,1,1,0,65,0.00644084528841,factorial_cell,,
heldout,yolo11s,95bf6003-7068-3a78-a0c0-9e470a06e60f,1,1,1,1,65,0.00548572798526,factorial_cell,,
heldout,yolo11s,cae56e40-8470-3c9c-af75-6e444189488f,0,0,0,0,97,0.0118986589539,factorial_cell,,
heldout,yolo11s,cae56e40-8470-3c9c-af75-6e444189488f,0,0,0,1,97,0.00750543197746,factorial_cell,,
heldout,yolo11s,cae56e40-8470-3c9c-af75-6e444189488f,0,0,1,0,97,0.00923832439877,factorial_cell,,
heldout,yolo11s,cae56e40-8470-3c9c-af75-6e444189488f,0,0,1,1,97,0.00609376775544,factorial_cell,,
heldout,yolo11s,cae56e40-8470-3c9c-af75-6e444189488f,0,1,0,0,97,0.0118320416467,factorial_cell,,
heldout,yolo11s,cae56e40-8470-3c9c-af75-6e444189488f,0,1,0,1,97,0.00755933430644,factorial_cell,,
heldout,yolo11s,cae56e40-8470-3c9c-af75-6e444189488f,0,1,1,0,97,0.00921959519792,factorial_cell,,
heldout,yolo11s,cae56e40-8470-3c9c-af75-6e444189488f,0,1,1,1,97,0.00573070137049,factorial_cell,,
heldout,yolo11s,cae56e40-8470-3c9c-af75-6e444189488f,1,0,0,0,97,0.0104823518327,factorial_cell,,
heldout,yolo11s,cae56e40-8470-3c9c-af75-6e444189488f,1,0,0,1,97,0.00630064895915,factorial_cell,,
heldout,yolo11s,cae56e40-8470-3c9c-af75-6e444189488f,1,0,1,0,97,0.00923832439877,factorial_cell,,
heldout,yolo11s,cae56e40-8470-3c9c-af75-6e444189488f,1,0,1,1,97,0.00609376775544,factorial_cell,,
heldout,yolo11s,cae56e40-8470-3c9c-af75-6e444189488f,1,1,0,0,97,0.0104837172862,factorial_cell,,
heldout,yolo11s,cae56e40-8470-3c9c-af75-6e444189488f,1,1,0,1,97,0.00611579063173,factorial_cell,,
heldout,yolo11s,cae56e40-8470-3c9c-af75-6e444189488f,1,1,1,0,97,0.00921959519792,factorial_cell,,
heldout,yolo11s,cae56e40-8470-3c9c-af75-6e444189488f,1,1,1,1,97,0.00573070137049,factorial_cell,,
heldout,yolo11s,e50e7698-de3d-355f-aca2-eddd09c09533,0,0,0,0,96,0.0173502996364,factorial_cell,,
heldout,yolo11s,e50e7698-de3d-355f-aca2-eddd09c09533,0,0,0,1,96,0.0084718861207,factorial_cell,,
heldout,yolo11s,e50e7698-de3d-355f-aca2-eddd09c09533,0,0,1,0,96,0.0126674896364,factorial_cell,,
heldout,yolo11s,e50e7698-de3d-355f-aca2-eddd09c09533,0,0,1,1,96,0.00535278115816,factorial_cell,,
heldout,yolo11s,e50e7698-de3d-355f-aca2-eddd09c09533,0,1,0,0,96,0.0171044871982,factorial_cell,,
heldout,yolo11s,e50e7698-de3d-355f-aca2-eddd09c09533,0,1,0,1,96,0.00849291619733,factorial_cell,,
heldout,yolo11s,e50e7698-de3d-355f-aca2-eddd09c09533,0,1,1,0,96,0.0126624881045,factorial_cell,,
heldout,yolo11s,e50e7698-de3d-355f-aca2-eddd09c09533,0,1,1,1,96,0.00517930368797,factorial_cell,,
heldout,yolo11s,e50e7698-de3d-355f-aca2-eddd09c09533,1,0,0,0,96,0.0134746725353,factorial_cell,,
heldout,yolo11s,e50e7698-de3d-355f-aca2-eddd09c09533,1,0,0,1,96,0.00648180657168,factorial_cell,,
heldout,yolo11s,e50e7698-de3d-355f-aca2-eddd09c09533,1,0,1,0,96,0.0126674896364,factorial_cell,,
heldout,yolo11s,e50e7698-de3d-355f-aca2-eddd09c09533,1,0,1,1,96,0.00535278115816,factorial_cell,,
heldout,yolo11s,e50e7698-de3d-355f-aca2-eddd09c09533,1,1,0,0,96,0.0130862552821,factorial_cell,,
heldout,yolo11s,e50e7698-de3d-355f-aca2-eddd09c09533,1,1,0,1,96,0.00624372641462,factorial_cell,,
heldout,yolo11s,e50e7698-de3d-355f-aca2-eddd09c09533,1,1,1,0,96,0.0126624881045,factorial_cell,,
heldout,yolo11s,e50e7698-de3d-355f-aca2-eddd09c09533,1,1,1,1,96,0.00517930368797,factorial_cell,,
model_selection,yolo11s,069cc46d-38bb-309d-88cf-296a3d0c0820,0,0,0,0,84,0.0105369111373,factorial_cell,,
model_selection,yolo11s,069cc46d-38bb-309d-88cf-296a3d0c0820,0,0,0,1,84,0.00600467056783,factorial_cell,,
model_selection,yolo11s,069cc46d-38bb-309d-88cf-296a3d0c0820,0,0,1,0,84,0.00747471441723,factorial_cell,,
model_selection,yolo11s,069cc46d-38bb-309d-88cf-296a3d0c0820,0,0,1,1,84,0.00447403764269,factorial_cell,,
model_selection,yolo11s,069cc46d-38bb-309d-88cf-296a3d0c0820,0,1,0,0,84,0.0104528976063,factorial_cell,,
model_selection,yolo11s,069cc46d-38bb-309d-88cf-296a3d0c0820,0,1,0,1,84,0.00584954092706,factorial_cell,,
model_selection,yolo11s,069cc46d-38bb-309d-88cf-296a3d0c0820,0,1,1,0,84,0.00751613372084,factorial_cell,,
model_selection,yolo11s,069cc46d-38bb-309d-88cf-296a3d0c0820,0,1,1,1,84,0.00458671338071,factorial_cell,,
model_selection,yolo11s,069cc46d-38bb-309d-88cf-296a3d0c0820,1,0,0,0,84,0.00777123201481,factorial_cell,,
model_selection,yolo11s,069cc46d-38bb-309d-88cf-296a3d0c0820,1,0,0,1,84,0.00435774791256,factorial_cell,,
model_selection,yolo11s,069cc46d-38bb-309d-88cf-296a3d0c0820,1,0,1,0,84,0.00747471441723,factorial_cell,,
model_selection,yolo11s,069cc46d-38bb-309d-88cf-296a3d0c0820,1,0,1,1,84,0.00447403764269,factorial_cell,,
model_selection,yolo11s,069cc46d-38bb-309d-88cf-296a3d0c0820,1,1,0,0,84,0.00766995917732,factorial_cell,,
model_selection,yolo11s,069cc46d-38bb-309d-88cf-296a3d0c0820,1,1,0,1,84,0.0043262203562,factorial_cell,,
model_selection,yolo11s,069cc46d-38bb-309d-88cf-296a3d0c0820,1,1,1,0,84,0.00751613372084,factorial_cell,,
model_selection,yolo11s,069cc46d-38bb-309d-88cf-296a3d0c0820,1,1,1,1,84,0.00458671338071,factorial_cell,,
model_selection,yolo11s,8feb3dbe-4450-3aeb-b22b-e65128aa696b,0,0,0,0,8,0.00670886130109,factorial_cell,,
model_selection,yolo11s,8feb3dbe-4450-3aeb-b22b-e65128aa696b,0,0,0,1,8,0.00413229314211,factorial_cell,,
model_selection,yolo11s,8feb3dbe-4450-3aeb-b22b-e65128aa696b,0,0,1,0,8,0.0047077977064,factorial_cell,,
model_selection,yolo11s,8feb3dbe-4450-3aeb-b22b-e65128aa696b,0,0,1,1,8,0.00198210343626,factorial_cell,,
model_selection,yolo11s,8feb3dbe-4450-3aeb-b22b-e65128aa696b,0,1,0,0,8,0.00666814976875,factorial_cell,,
model_selection,yolo11s,8feb3dbe-4450-3aeb-b22b-e65128aa696b,0,1,0,1,8,0.00401565155085,factorial_cell,,
model_selection,yolo11s,8feb3dbe-4450-3aeb-b22b-e65128aa696b,0,1,1,0,8,0.00468084677347,factorial_cell,,
model_selection,yolo11s,8feb3dbe-4450-3aeb-b22b-e65128aa696b,0,1,1,1,8,0.00199496198208,factorial_cell,,
model_selection,yolo11s,8feb3dbe-4450-3aeb-b22b-e65128aa696b,1,0,0,0,8,0.00645132036369,factorial_cell,,
model_selection,yolo11s,8feb3dbe-4450-3aeb-b22b-e65128aa696b,1,0,0,1,8,0.00338475714496,factorial_cell,,
model_selection,yolo11s,8feb3dbe-4450-3aeb-b22b-e65128aa696b,1,0,1,0,8,0.0047077977064,factorial_cell,,
model_selection,yolo11s,8feb3dbe-4450-3aeb-b22b-e65128aa696b,1,0,1,1,8,0.00198210343626,factorial_cell,,
model_selection,yolo11s,8feb3dbe-4450-3aeb-b22b-e65128aa696b,1,1,0,0,8,0.00639454109089,factorial_cell,,
model_selection,yolo11s,8feb3dbe-4450-3aeb-b22b-e65128aa696b,1,1,0,1,8,0.00316349896096,factorial_cell,,
model_selection,yolo11s,8feb3dbe-4450-3aeb-b22b-e65128aa696b,1,1,1,0,8,0.00468084677347,factorial_cell,,
model_selection,yolo11s,8feb3dbe-4450-3aeb-b22b-e65128aa696b,1,1,1,1,8,0.00199496198208,factorial_cell,,
model_selection,yolo11s,d0ba7a1b-f5ca-39d6-98d0-29c671baec65,0,0,0,0,69,0.0136659845191,factorial_cell,,
model_selection,yolo11s,d0ba7a1b-f5ca-39d6-98d0-29c671baec65,0,0,0,1,69,0.00803893932727,factorial_cell,,
model_selection,yolo11s,d0ba7a1b-f5ca-39d6-98d0-29c671baec65,0,0,1,0,69,0.0104752848103,factorial_cell,,
model_selection,yolo11s,d0ba7a1b-f5ca-39d6-98d0-29c671baec65,0,0,1,1,69,0.00407474457743,factorial_cell,,
model_selection,yolo11s,d0ba7a1b-f5ca-39d6-98d0-29c671baec65,0,1,0,0,69,0.0132690943632,factorial_cell,,
model_selection,yolo11s,d0ba7a1b-f5ca-39d6-98d0-29c671baec65,0,1,0,1,69,0.00746821007845,factorial_cell,,
model_selection,yolo11s,d0ba7a1b-f5ca-39d6-98d0-29c671baec65,0,1,1,0,69,0.0103772908399,factorial_cell,,
model_selection,yolo11s,d0ba7a1b-f5ca-39d6-98d0-29c671baec65,0,1,1,1,69,0.00412279169045,factorial_cell,,
model_selection,yolo11s,d0ba7a1b-f5ca-39d6-98d0-29c671baec65,1,0,0,0,69,0.0104646313341,factorial_cell,,
model_selection,yolo11s,d0ba7a1b-f5ca-39d6-98d0-29c671baec65,1,0,0,1,69,0.00569139200638,factorial_cell,,
model_selection,yolo11s,d0ba7a1b-f5ca-39d6-98d0-29c671baec65,1,0,1,0,69,0.0104752848103,factorial_cell,,
model_selection,yolo11s,d0ba7a1b-f5ca-39d6-98d0-29c671baec65,1,0,1,1,69,0.00407474457743,factorial_cell,,
model_selection,yolo11s,d0ba7a1b-f5ca-39d6-98d0-29c671baec65,1,1,0,0,69,0.0101873194624,factorial_cell,,
model_selection,yolo11s,d0ba7a1b-f5ca-39d6-98d0-29c671baec65,1,1,0,1,69,0.00576207868306,factorial_cell,,
model_selection,yolo11s,d0ba7a1b-f5ca-39d6-98d0-29c671baec65,1,1,1,0,69,0.0103772908399,factorial_cell,,
model_selection,yolo11s,d0ba7a1b-f5ca-39d6-98d0-29c671baec65,1,1,1,1,69,0.00412279169045,factorial_cell,,
development,yolo11n,16af3863-0d31-3cd1-8fa2-58053ffb953a,0,0,0,0,108,0.0154283185407,factorial_cell,,
development,yolo11n,16af3863-0d31-3cd1-8fa2-58053ffb953a,0,0,0,1,108,0.01034123854,factorial_cell,,
development,yolo11n,16af3863-0d31-3cd1-8fa2-58053ffb953a,0,0,1,0,108,0.0117022717857,factorial_cell,,
development,yolo11n,16af3863-0d31-3cd1-8fa2-58053ffb953a,0,0,1,1,108,0.00604836547,factorial_cell,,
development,yolo11n,16af3863-0d31-3cd1-8fa2-58053ffb953a,0,1,0,0,108,0.0156311341692,factorial_cell,,
development,yolo11n,16af3863-0d31-3cd1-8fa2-58053ffb953a,0,1,0,1,108,0.00984920008404,factorial_cell,,
development,yolo11n,16af3863-0d31-3cd1-8fa2-58053ffb953a,0,1,1,0,108,0.0116955285281,factorial_cell,,
development,yolo11n,16af3863-0d31-3cd1-8fa2-58053ffb953a,0,1,1,1,108,0.00590296862089,factorial_cell,,
development,yolo11n,16af3863-0d31-3cd1-8fa2-58053ffb953a,1,0,0,0,108,0.0136409081986,factorial_cell,,
development,yolo11n,16af3863-0d31-3cd1-8fa2-58053ffb953a,1,0,0,1,108,0.00738958796491,factorial_cell,,
development,yolo11n,16af3863-0d31-3cd1-8fa2-58053ffb953a,1,0,1,0,108,0.0117022717857,factorial_cell,,
development,yolo11n,16af3863-0d31-3cd1-8fa2-58053ffb953a,1,0,1,1,108,0.00604836547,factorial_cell,,
development,yolo11n,16af3863-0d31-3cd1-8fa2-58053ffb953a,1,1,0,0,108,0.0135499518562,factorial_cell,,
development,yolo11n,16af3863-0d31-3cd1-8fa2-58053ffb953a,1,1,0,1,108,0.00739607541554,factorial_cell,,
development,yolo11n,16af3863-0d31-3cd1-8fa2-58053ffb953a,1,1,1,0,108,0.0116955285281,factorial_cell,,
development,yolo11n,16af3863-0d31-3cd1-8fa2-58053ffb953a,1,1,1,1,108,0.00590296862089,factorial_cell,,
development,yolo11n,3576c0f5-c1b5-35bb-a0c4-ee95cba5c754,0,0,0,0,27,0.0131121712365,factorial_cell,,
development,yolo11n,3576c0f5-c1b5-35bb-a0c4-ee95cba5c754,0,0,0,1,27,0.0131059633422,factorial_cell,,
development,yolo11n,3576c0f5-c1b5-35bb-a0c4-ee95cba5c754,0,0,1,0,27,0.00784036076421,factorial_cell,,
development,yolo11n,3576c0f5-c1b5-35bb-a0c4-ee95cba5c754,0,0,1,1,27,0.00563055454674,factorial_cell,,
development,yolo11n,3576c0f5-c1b5-35bb-a0c4-ee95cba5c754,0,1,0,0,27,0.0131121712365,factorial_cell,,
development,yolo11n,3576c0f5-c1b5-35bb-a0c4-ee95cba5c754,0,1,0,1,27,0.0131075143036,factorial_cell,,
development,yolo11n,3576c0f5-c1b5-35bb-a0c4-ee95cba5c754,0,1,1,0,27,0.0078120749064,factorial_cell,,
development,yolo11n,3576c0f5-c1b5-35bb-a0c4-ee95cba5c754,0,1,1,1,27,0.00587720010085,factorial_cell,,
development,yolo11n,3576c0f5-c1b5-35bb-a0c4-ee95cba5c754,1,0,0,0,27,0.00916258093009,factorial_cell,,
development,yolo11n,3576c0f5-c1b5-35bb-a0c4-ee95cba5c754,1,0,0,1,27,0.0108804215299,factorial_cell,,
development,yolo11n,3576c0f5-c1b5-35bb-a0c4-ee95cba5c754,1,0,1,0,27,0.00784036076421,factorial_cell,,
development,yolo11n,3576c0f5-c1b5-35bb-a0c4-ee95cba5c754,1,0,1,1,27,0.00563055454674,factorial_cell,,
development,yolo11n,3576c0f5-c1b5-35bb-a0c4-ee95cba5c754,1,1,0,0,27,0.00930473260785,factorial_cell,,
development,yolo11n,3576c0f5-c1b5-35bb-a0c4-ee95cba5c754,1,1,0,1,27,0.0109045183817,factorial_cell,,
development,yolo11n,3576c0f5-c1b5-35bb-a0c4-ee95cba5c754,1,1,1,0,27,0.0078120749064,factorial_cell,,
development,yolo11n,3576c0f5-c1b5-35bb-a0c4-ee95cba5c754,1,1,1,1,27,0.00587720010085,factorial_cell,,
development,yolo11n,41d69427-364c-366e-94a5-8e556bcac39f,0,0,0,0,87,0.0105944230891,factorial_cell,,
development,yolo11n,41d69427-364c-366e-94a5-8e556bcac39f,0,0,0,1,87,0.00882708701231,factorial_cell,,
development,yolo11n,41d69427-364c-366e-94a5-8e556bcac39f,0,0,1,0,87,0.00705864632221,factorial_cell,,
development,yolo11n,41d69427-364c-366e-94a5-8e556bcac39f,0,0,1,1,87,0.00629269740677,factorial_cell,,
development,yolo11n,41d69427-364c-366e-94a5-8e556bcac39f,0,1,0,0,87,0.0104385482046,factorial_cell,,
development,yolo11n,41d69427-364c-366e-94a5-8e556bcac39f,0,1,0,1,87,0.00861021380798,factorial_cell,,
development,yolo11n,41d69427-364c-366e-94a5-8e556bcac39f,0,1,1,0,87,0.00712565325781,factorial_cell,,
development,yolo11n,41d69427-364c-366e-94a5-8e556bcac39f,0,1,1,1,87,0.00623989529705,factorial_cell,,
development,yolo11n,41d69427-364c-366e-94a5-8e556bcac39f,1,0,0,0,87,0.00862141290911,factorial_cell,,
development,yolo11n,41d69427-364c-366e-94a5-8e556bcac39f,1,0,0,1,87,0.00769042773804,factorial_cell,,
development,yolo11n,41d69427-364c-366e-94a5-8e556bcac39f,1,0,1,0,87,0.00705864632221,factorial_cell,,
development,yolo11n,41d69427-364c-366e-94a5-8e556bcac39f,1,0,1,1,87,0.00629269740677,factorial_cell,,
development,yolo11n,41d69427-364c-366e-94a5-8e556bcac39f,1,1,0,0,87,0.00894067024569,factorial_cell,,
development,yolo11n,41d69427-364c-366e-94a5-8e556bcac39f,1,1,0,1,87,0.00735141218169,factorial_cell,,
development,yolo11n,41d69427-364c-366e-94a5-8e556bcac39f,1,1,1,0,87,0.00712565325781,factorial_cell,,
development,yolo11n,41d69427-364c-366e-94a5-8e556bcac39f,1,1,1,1,87,0.00623989529705,factorial_cell,,
development,yolo11n,62a1e53b-b55c-36c2-bc5b-e216d494875a,0,0,0,0,81,0.007389143756,factorial_cell,,
development,yolo11n,62a1e53b-b55c-36c2-bc5b-e216d494875a,0,0,0,1,81,0.00546458130067,factorial_cell,,
development,yolo11n,62a1e53b-b55c-36c2-bc5b-e216d494875a,0,0,1,0,81,0.00759082531432,factorial_cell,,
development,yolo11n,62a1e53b-b55c-36c2-bc5b-e216d494875a,0,0,1,1,81,0.00380216555138,factorial_cell,,
development,yolo11n,62a1e53b-b55c-36c2-bc5b-e216d494875a,0,1,0,0,81,0.00740275810843,factorial_cell,,
development,yolo11n,62a1e53b-b55c-36c2-bc5b-e216d494875a,0,1,0,1,81,0.00529749886362,factorial_cell,,
development,yolo11n,62a1e53b-b55c-36c2-bc5b-e216d494875a,0,1,1,0,81,0.00761033358383,factorial_cell,,
development,yolo11n,62a1e53b-b55c-36c2-bc5b-e216d494875a,0,1,1,1,81,0.00393277724205,factorial_cell,,
development,yolo11n,62a1e53b-b55c-36c2-bc5b-e216d494875a,1,0,0,0,81,0.00825870100405,factorial_cell,,
development,yolo11n,62a1e53b-b55c-36c2-bc5b-e216d494875a,1,0,0,1,81,0.00480731896606,factorial_cell,,
development,yolo11n,62a1e53b-b55c-36c2-bc5b-e216d494875a,1,0,1,0,81,0.00759082531432,factorial_cell,,
development,yolo11n,62a1e53b-b55c-36c2-bc5b-e216d494875a,1,0,1,1,81,0.00380216555138,factorial_cell,,
development,yolo11n,62a1e53b-b55c-36c2-bc5b-e216d494875a,1,1,0,0,81,0.0082217333429,factorial_cell,,
development,yolo11n,62a1e53b-b55c-36c2-bc5b-e216d494875a,1,1,0,1,81,0.00503839624173,factorial_cell,,
development,yolo11n,62a1e53b-b55c-36c2-bc5b-e216d494875a,1,1,1,0,81,0.00761033358383,factorial_cell,,
development,yolo11n,62a1e53b-b55c-36c2-bc5b-e216d494875a,1,1,1,1,81,0.00393277724205,factorial_cell,,
development,yolo11n,74dd5c1d-7a9a-32d1-903a-fc57e07109b9,0,0,0,0,36,0.0265498880446,factorial_cell,,
development,yolo11n,74dd5c1d-7a9a-32d1-903a-fc57e07109b9,0,0,0,1,36,0.0160247007875,factorial_cell,,
development,yolo11n,74dd5c1d-7a9a-32d1-903a-fc57e07109b9,0,0,1,0,36,0.0119014203212,factorial_cell,,
development,yolo11n,74dd5c1d-7a9a-32d1-903a-fc57e07109b9,0,0,1,1,36,0.00850007336718,factorial_cell,,
development,yolo11n,74dd5c1d-7a9a-32d1-903a-fc57e07109b9,0,1,0,0,36,0.02234790214,factorial_cell,,
development,yolo11n,74dd5c1d-7a9a-32d1-903a-fc57e07109b9,0,1,0,1,36,0.0156639954709,factorial_cell,,
development,yolo11n,74dd5c1d-7a9a-32d1-903a-fc57e07109b9,0,1,1,0,36,0.0119251590784,factorial_cell,,
development,yolo11n,74dd5c1d-7a9a-32d1-903a-fc57e07109b9,0,1,1,1,36,0.00853382764647,factorial_cell,,
development,yolo11n,74dd5c1d-7a9a-32d1-903a-fc57e07109b9,1,0,0,0,36,0.0151736037749,factorial_cell,,
development,yolo11n,74dd5c1d-7a9a-32d1-903a-fc57e07109b9,1,0,0,1,36,0.00972598807749,factorial_cell,,
development,yolo11n,74dd5c1d-7a9a-32d1-903a-fc57e07109b9,1,0,1,0,36,0.0119014203212,factorial_cell,,
development,yolo11n,74dd5c1d-7a9a-32d1-903a-fc57e07109b9,1,0,1,1,36,0.00850007336718,factorial_cell,,
development,yolo11n,74dd5c1d-7a9a-32d1-903a-fc57e07109b9,1,1,0,0,36,0.0150137869928,factorial_cell,,
development,yolo11n,74dd5c1d-7a9a-32d1-903a-fc57e07109b9,1,1,0,1,36,0.00964013615698,factorial_cell,,
development,yolo11n,74dd5c1d-7a9a-32d1-903a-fc57e07109b9,1,1,1,0,36,0.0119251590784,factorial_cell,,
development,yolo11n,74dd5c1d-7a9a-32d1-903a-fc57e07109b9,1,1,1,1,36,0.00853382764647,factorial_cell,,
development,yolo11n,85026edc-5fdf-308e-a8ef-a1aad1151c50,0,0,0,0,57,0.0151364252177,factorial_cell,,
development,yolo11n,85026edc-5fdf-308e-a8ef-a1aad1151c50,0,0,0,1,57,0.0151222524673,factorial_cell,,
development,yolo11n,85026edc-5fdf-308e-a8ef-a1aad1151c50,0,0,1,0,57,0.00930450410731,factorial_cell,,
development,yolo11n,85026edc-5fdf-308e-a8ef-a1aad1151c50,0,0,1,1,57,0.00780937768964,factorial_cell,,
development,yolo11n,85026edc-5fdf-308e-a8ef-a1aad1151c50,0,1,0,0,57,0.0136710200795,factorial_cell,,
development,yolo11n,85026edc-5fdf-308e-a8ef-a1aad1151c50,0,1,0,1,57,0.0130001608681,factorial_cell,,
development,yolo11n,85026edc-5fdf-308e-a8ef-a1aad1151c50,0,1,1,0,57,0.0092437585529,factorial_cell,,
development,yolo11n,85026edc-5fdf-308e-a8ef-a1aad1151c50,0,1,1,1,57,0.00784735400901,factorial_cell,,
development,yolo11n,85026edc-5fdf-308e-a8ef-a1aad1151c50,1,0,0,0,57,0.0116865496217,factorial_cell,,
development,yolo11n,85026edc-5fdf-308e-a8ef-a1aad1151c50,1,0,0,1,57,0.010605277531,factorial_cell,,
development,yolo11n,85026edc-5fdf-308e-a8ef-a1aad1151c50,1,0,1,0,57,0.00930450410731,factorial_cell,,
development,yolo11n,85026edc-5fdf-308e-a8ef-a1aad1151c50,1,0,1,1,57,0.00780937768964,factorial_cell,,
development,yolo11n,85026edc-5fdf-308e-a8ef-a1aad1151c50,1,1,0,0,57,0.0113889238781,factorial_cell,,
development,yolo11n,85026edc-5fdf-308e-a8ef-a1aad1151c50,1,1,0,1,57,0.0104006605609,factorial_cell,,
development,yolo11n,85026edc-5fdf-308e-a8ef-a1aad1151c50,1,1,1,0,57,0.0092437585529,factorial_cell,,
development,yolo11n,85026edc-5fdf-308e-a8ef-a1aad1151c50,1,1,1,1,57,0.00784735400901,factorial_cell,,
development,yolo11n,96284bbc-6b58-330f-a5a6-76cd518543f0,0,0,0,0,97,0.0122021116859,factorial_cell,,
development,yolo11n,96284bbc-6b58-330f-a5a6-76cd518543f0,0,0,0,1,97,0.00879524218597,factorial_cell,,
development,yolo11n,96284bbc-6b58-330f-a5a6-76cd518543f0,0,0,1,0,97,0.00945752535803,factorial_cell,,
development,yolo11n,96284bbc-6b58-330f-a5a6-76cd518543f0,0,0,1,1,97,0.00476936279784,factorial_cell,,
development,yolo11n,96284bbc-6b58-330f-a5a6-76cd518543f0,0,1,0,0,97,0.0114803834566,factorial_cell,,
development,yolo11n,96284bbc-6b58-330f-a5a6-76cd518543f0,0,1,0,1,97,0.00864993427566,factorial_cell,,
development,yolo11n,96284bbc-6b58-330f-a5a6-76cd518543f0,0,1,1,0,97,0.00947431099468,factorial_cell,,
development,yolo11n,96284bbc-6b58-330f-a5a6-76cd518543f0,0,1,1,1,97,0.00516003290971,factorial_cell,,
development,yolo11n,96284bbc-6b58-330f-a5a6-76cd518543f0,1,0,0,0,97,0.00960329266067,factorial_cell,,
development,yolo11n,96284bbc-6b58-330f-a5a6-76cd518543f0,1,0,0,1,97,0.00691980174262,factorial_cell,,
development,yolo11n,96284bbc-6b58-330f-a5a6-76cd518543f0,1,0,1,0,97,0.00945752535803,factorial_cell,,
development,yolo11n,96284bbc-6b58-330f-a5a6-76cd518543f0,1,0,1,1,97,0.00476936279784,factorial_cell,,
development,yolo11n,96284bbc-6b58-330f-a5a6-76cd518543f0,1,1,0,0,97,0.00956649207699,factorial_cell,,
development,yolo11n,96284bbc-6b58-330f-a5a6-76cd518543f0,1,1,0,1,97,0.00716888815667,factorial_cell,,
development,yolo11n,96284bbc-6b58-330f-a5a6-76cd518543f0,1,1,1,0,97,0.00947431099468,factorial_cell,,
development,yolo11n,96284bbc-6b58-330f-a5a6-76cd518543f0,1,1,1,1,97,0.00516003290971,factorial_cell,,
development,yolo11n,aa82b61f-7156-3c68-95a4-b79cebd120eb,0,0,0,0,68,0.0193558841812,factorial_cell,,
development,yolo11n,aa82b61f-7156-3c68-95a4-b79cebd120eb,0,0,0,1,68,0.00811224864141,factorial_cell,,
development,yolo11n,aa82b61f-7156-3c68-95a4-b79cebd120eb,0,0,1,0,68,0.0151827175637,factorial_cell,,
development,yolo11n,aa82b61f-7156-3c68-95a4-b79cebd120eb,0,0,1,1,68,0.0044617314574,factorial_cell,,
development,yolo11n,aa82b61f-7156-3c68-95a4-b79cebd120eb,0,1,0,0,68,0.0192968612085,factorial_cell,,
development,yolo11n,aa82b61f-7156-3c68-95a4-b79cebd120eb,0,1,0,1,68,0.0079194720726,factorial_cell,,
development,yolo11n,aa82b61f-7156-3c68-95a4-b79cebd120eb,0,1,1,0,68,0.014926876637,factorial_cell,,
development,yolo11n,aa82b61f-7156-3c68-95a4-b79cebd120eb,0,1,1,1,68,0.00439642726822,factorial_cell,,
development,yolo11n,aa82b61f-7156-3c68-95a4-b79cebd120eb,1,0,0,0,68,0.0206494810341,factorial_cell,,
development,yolo11n,aa82b61f-7156-3c68-95a4-b79cebd120eb,1,0,0,1,68,0.00717648447568,factorial_cell,,
development,yolo11n,aa82b61f-7156-3c68-95a4-b79cebd120eb,1,0,1,0,68,0.0151827175637,factorial_cell,,
development,yolo11n,aa82b61f-7156-3c68-95a4-b79cebd120eb,1,0,1,1,68,0.0044617314574,factorial_cell,,
development,yolo11n,aa82b61f-7156-3c68-95a4-b79cebd120eb,1,1,0,0,68,0.019774433707,factorial_cell,,
development,yolo11n,aa82b61f-7156-3c68-95a4-b79cebd120eb,1,1,0,1,68,0.00751796239755,factorial_cell,,
development,yolo11n,aa82b61f-7156-3c68-95a4-b79cebd120eb,1,1,1,0,68,0.014926876637,factorial_cell,,
development,yolo11n,aa82b61f-7156-3c68-95a4-b79cebd120eb,1,1,1,1,68,0.00439642726822,factorial_cell,,
development,yolo11n,cf6a99cb-b8bc-34d7-bdca-30e50e66cd74,0,0,0,0,69,0.00588020988996,factorial_cell,,
development,yolo11n,cf6a99cb-b8bc-34d7-bdca-30e50e66cd74,0,0,0,1,69,0.00584233698576,factorial_cell,,
development,yolo11n,cf6a99cb-b8bc-34d7-bdca-30e50e66cd74,0,0,1,0,69,0.00449042721255,factorial_cell,,
development,yolo11n,cf6a99cb-b8bc-34d7-bdca-30e50e66cd74,0,0,1,1,69,0.0042293847847,factorial_cell,,
development,yolo11n,cf6a99cb-b8bc-34d7-bdca-30e50e66cd74,0,1,0,0,69,0.00588633403839,factorial_cell,,
development,yolo11n,cf6a99cb-b8bc-34d7-bdca-30e50e66cd74,0,1,0,1,69,0.00558208531351,factorial_cell,,
development,yolo11n,cf6a99cb-b8bc-34d7-bdca-30e50e66cd74,0,1,1,0,69,0.00450150639529,factorial_cell,,
development,yolo11n,cf6a99cb-b8bc-34d7-bdca-30e50e66cd74,0,1,1,1,69,0.00424604734489,factorial_cell,,
development,yolo11n,cf6a99cb-b8bc-34d7-bdca-30e50e66cd74,1,0,0,0,69,0.00602669379338,factorial_cell,,
development,yolo11n,cf6a99cb-b8bc-34d7-bdca-30e50e66cd74,1,0,0,1,69,0.00514819855851,factorial_cell,,
development,yolo11n,cf6a99cb-b8bc-34d7-bdca-30e50e66cd74,1,0,1,0,69,0.00449042721255,factorial_cell,,
development,yolo11n,cf6a99cb-b8bc-34d7-bdca-30e50e66cd74,1,0,1,1,69,0.0042293847847,factorial_cell,,
development,yolo11n,cf6a99cb-b8bc-34d7-bdca-30e50e66cd74,1,1,0,0,69,0.00596358466078,factorial_cell,,
development,yolo11n,cf6a99cb-b8bc-34d7-bdca-30e50e66cd74,1,1,0,1,69,0.00511346108705,factorial_cell,,
development,yolo11n,cf6a99cb-b8bc-34d7-bdca-30e50e66cd74,1,1,1,0,69,0.00450150639529,factorial_cell,,
development,yolo11n,cf6a99cb-b8bc-34d7-bdca-30e50e66cd74,1,1,1,1,69,0.00424604734489,factorial_cell,,
development,yolo11n,ef4a46c4-138e-3478-b94e-3e60a567ec7d,0,0,0,0,49,0.0245073253321,factorial_cell,,
development,yolo11n,ef4a46c4-138e-3478-b94e-3e60a567ec7d,0,0,0,1,49,0.00920578150322,factorial_cell,,
development,yolo11n,ef4a46c4-138e-3478-b94e-3e60a567ec7d,0,0,1,0,49,0.0188502753487,factorial_cell,,
development,yolo11n,ef4a46c4-138e-3478-b94e-3e60a567ec7d,0,0,1,1,49,0.004144715932,factorial_cell,,
development,yolo11n,ef4a46c4-138e-3478-b94e-3e60a567ec7d,0,1,0,0,49,0.0235987301547,factorial_cell,,
development,yolo11n,ef4a46c4-138e-3478-b94e-3e60a567ec7d,0,1,0,1,49,0.00924746713469,factorial_cell,,
development,yolo11n,ef4a46c4-138e-3478-b94e-3e60a567ec7d,0,1,1,0,49,0.0175580534287,factorial_cell,,
development,yolo11n,ef4a46c4-138e-3478-b94e-3e60a567ec7d,0,1,1,1,49,0.00440217192878,factorial_cell,,
development,yolo11n,ef4a46c4-138e-3478-b94e-3e60a567ec7d,1,0,0,0,49,0.0242414907797,factorial_cell,,
development,yolo11n,ef4a46c4-138e-3478-b94e-3e60a567ec7d,1,0,0,1,49,0.00562932340001,factorial_cell,,
development,yolo11n,ef4a46c4-138e-3478-b94e-3e60a567ec7d,1,0,1,0,49,0.0188502753487,factorial_cell,,
development,yolo11n,ef4a46c4-138e-3478-b94e-3e60a567ec7d,1,0,1,1,49,0.004144715932,factorial_cell,,
development,yolo11n,ef4a46c4-138e-3478-b94e-3e60a567ec7d,1,1,0,0,49,0.024222005239,factorial_cell,,
development,yolo11n,ef4a46c4-138e-3478-b94e-3e60a567ec7d,1,1,0,1,49,0.00563223920949,factorial_cell,,
development,yolo11n,ef4a46c4-138e-3478-b94e-3e60a567ec7d,1,1,1,0,49,0.0175580534287,factorial_cell,,
development,yolo11n,ef4a46c4-138e-3478-b94e-3e60a567ec7d,1,1,1,1,49,0.00440217192878,factorial_cell,,
heldout,yolo11n,0c3bad78-9f1e-395d-a376-2eb7499229fd,0,0,0,0,35,0.0146699926883,factorial_cell,,
heldout,yolo11n,0c3bad78-9f1e-395d-a376-2eb7499229fd,0,0,0,1,35,0.00552785119498,factorial_cell,,
heldout,yolo11n,0c3bad78-9f1e-395d-a376-2eb7499229fd,0,0,1,0,35,0.0113030012475,factorial_cell,,
heldout,yolo11n,0c3bad78-9f1e-395d-a376-2eb7499229fd,0,0,1,1,35,0.00295068921201,factorial_cell,,
heldout,yolo11n,0c3bad78-9f1e-395d-a376-2eb7499229fd,0,1,0,0,35,0.0143676608139,factorial_cell,,
heldout,yolo11n,0c3bad78-9f1e-395d-a376-2eb7499229fd,0,1,0,1,35,0.00543603566196,factorial_cell,,
heldout,yolo11n,0c3bad78-9f1e-395d-a376-2eb7499229fd,0,1,1,0,35,0.0113274513232,factorial_cell,,
heldout,yolo11n,0c3bad78-9f1e-395d-a376-2eb7499229fd,0,1,1,1,35,0.0029858033369,factorial_cell,,
heldout,yolo11n,0c3bad78-9f1e-395d-a376-2eb7499229fd,1,0,0,0,35,0.0110869657654,factorial_cell,,
heldout,yolo11n,0c3bad78-9f1e-395d-a376-2eb7499229fd,1,0,0,1,35,0.00395317187869,factorial_cell,,
heldout,yolo11n,0c3bad78-9f1e-395d-a376-2eb7499229fd,1,0,1,0,35,0.0113030012475,factorial_cell,,
heldout,yolo11n,0c3bad78-9f1e-395d-a376-2eb7499229fd,1,0,1,1,35,0.00295068921201,factorial_cell,,
heldout,yolo11n,0c3bad78-9f1e-395d-a376-2eb7499229fd,1,1,0,0,35,0.0110956968168,factorial_cell,,
heldout,yolo11n,0c3bad78-9f1e-395d-a376-2eb7499229fd,1,1,0,1,35,0.00375578141218,factorial_cell,,
heldout,yolo11n,0c3bad78-9f1e-395d-a376-2eb7499229fd,1,1,1,0,35,0.0113274513232,factorial_cell,,
heldout,yolo11n,0c3bad78-9f1e-395d-a376-2eb7499229fd,1,1,1,1,35,0.0029858033369,factorial_cell,,
heldout,yolo11n,27c03d98-6ac3-38a3-ba5e-102b184d01ef,0,0,0,0,16,0.0246822981183,factorial_cell,,
heldout,yolo11n,27c03d98-6ac3-38a3-ba5e-102b184d01ef,0,0,0,1,16,0.0133945400997,factorial_cell,,
heldout,yolo11n,27c03d98-6ac3-38a3-ba5e-102b184d01ef,0,0,1,0,16,0.0152446009459,factorial_cell,,
heldout,yolo11n,27c03d98-6ac3-38a3-ba5e-102b184d01ef,0,0,1,1,16,0.00834144333123,factorial_cell,,
heldout,yolo11n,27c03d98-6ac3-38a3-ba5e-102b184d01ef,0,1,0,0,16,0.0246978663583,factorial_cell,,
heldout,yolo11n,27c03d98-6ac3-38a3-ba5e-102b184d01ef,0,1,0,1,16,0.0133400883437,factorial_cell,,
heldout,yolo11n,27c03d98-6ac3-38a3-ba5e-102b184d01ef,0,1,1,0,16,0.0152251227853,factorial_cell,,
heldout,yolo11n,27c03d98-6ac3-38a3-ba5e-102b184d01ef,0,1,1,1,16,0.00917136270395,factorial_cell,,
heldout,yolo11n,27c03d98-6ac3-38a3-ba5e-102b184d01ef,1,0,0,0,16,0.0139563919658,factorial_cell,,
heldout,yolo11n,27c03d98-6ac3-38a3-ba5e-102b184d01ef,1,0,0,1,16,0.0130379975058,factorial_cell,,
heldout,yolo11n,27c03d98-6ac3-38a3-ba5e-102b184d01ef,1,0,1,0,16,0.0152446009459,factorial_cell,,
heldout,yolo11n,27c03d98-6ac3-38a3-ba5e-102b184d01ef,1,0,1,1,16,0.00834144333123,factorial_cell,,
heldout,yolo11n,27c03d98-6ac3-38a3-ba5e-102b184d01ef,1,1,0,0,16,0.0134969662352,factorial_cell,,
heldout,yolo11n,27c03d98-6ac3-38a3-ba5e-102b184d01ef,1,1,0,1,16,0.0125180755966,factorial_cell,,
heldout,yolo11n,27c03d98-6ac3-38a3-ba5e-102b184d01ef,1,1,1,0,16,0.0152251227853,factorial_cell,,
heldout,yolo11n,27c03d98-6ac3-38a3-ba5e-102b184d01ef,1,1,1,1,16,0.00917136270395,factorial_cell,,
heldout,yolo11n,52071780-5758-3ed4-8835-0d64ecdc5575,0,0,0,0,75,0.0120648211521,factorial_cell,,
heldout,yolo11n,52071780-5758-3ed4-8835-0d64ecdc5575,0,0,0,1,75,0.0088147352599,factorial_cell,,
heldout,yolo11n,52071780-5758-3ed4-8835-0d64ecdc5575,0,0,1,0,75,0.00834945444064,factorial_cell,,
heldout,yolo11n,52071780-5758-3ed4-8835-0d64ecdc5575,0,0,1,1,75,0.0044029360633,factorial_cell,,
heldout,yolo11n,52071780-5758-3ed4-8835-0d64ecdc5575,0,1,0,0,75,0.0109600940062,factorial_cell,,
heldout,yolo11n,52071780-5758-3ed4-8835-0d64ecdc5575,0,1,0,1,75,0.00768698486088,factorial_cell,,
heldout,yolo11n,52071780-5758-3ed4-8835-0d64ecdc5575,0,1,1,0,75,0.00834554934001,factorial_cell,,
heldout,yolo11n,52071780-5758-3ed4-8835-0d64ecdc5575,0,1,1,1,75,0.00465606827266,factorial_cell,,
heldout,yolo11n,52071780-5758-3ed4-8835-0d64ecdc5575,1,0,0,0,75,0.00981360804467,factorial_cell,,
heldout,yolo11n,52071780-5758-3ed4-8835-0d64ecdc5575,1,0,0,1,75,0.00632668518936,factorial_cell,,
heldout,yolo11n,52071780-5758-3ed4-8835-0d64ecdc5575,1,0,1,0,75,0.00834945444064,factorial_cell,,
heldout,yolo11n,52071780-5758-3ed4-8835-0d64ecdc5575,1,0,1,1,75,0.0044029360633,factorial_cell,,
heldout,yolo11n,52071780-5758-3ed4-8835-0d64ecdc5575,1,1,0,0,75,0.00968321634096,factorial_cell,,
heldout,yolo11n,52071780-5758-3ed4-8835-0d64ecdc5575,1,1,0,1,75,0.00572284640967,factorial_cell,,
heldout,yolo11n,52071780-5758-3ed4-8835-0d64ecdc5575,1,1,1,0,75,0.00834554934001,factorial_cell,,
heldout,yolo11n,52071780-5758-3ed4-8835-0d64ecdc5575,1,1,1,1,75,0.00465606827266,factorial_cell,,
heldout,yolo11n,858d739b-a0ba-35aa-bafc-4f7988bcad17,0,0,0,0,46,0.0180473837306,factorial_cell,,
heldout,yolo11n,858d739b-a0ba-35aa-bafc-4f7988bcad17,0,0,0,1,46,0.00969446538037,factorial_cell,,
heldout,yolo11n,858d739b-a0ba-35aa-bafc-4f7988bcad17,0,0,1,0,46,0.0168510325723,factorial_cell,,
heldout,yolo11n,858d739b-a0ba-35aa-bafc-4f7988bcad17,0,0,1,1,46,0.00882109024717,factorial_cell,,
heldout,yolo11n,858d739b-a0ba-35aa-bafc-4f7988bcad17,0,1,0,0,46,0.0180532723673,factorial_cell,,
heldout,yolo11n,858d739b-a0ba-35aa-bafc-4f7988bcad17,0,1,0,1,46,0.00897521643787,factorial_cell,,
heldout,yolo11n,858d739b-a0ba-35aa-bafc-4f7988bcad17,0,1,1,0,46,0.0166648707588,factorial_cell,,
heldout,yolo11n,858d739b-a0ba-35aa-bafc-4f7988bcad17,0,1,1,1,46,0.00859818555025,factorial_cell,,
heldout,yolo11n,858d739b-a0ba-35aa-bafc-4f7988bcad17,1,0,0,0,46,0.0175105941896,factorial_cell,,
heldout,yolo11n,858d739b-a0ba-35aa-bafc-4f7988bcad17,1,0,0,1,46,0.00891840747434,factorial_cell,,
heldout,yolo11n,858d739b-a0ba-35aa-bafc-4f7988bcad17,1,0,1,0,46,0.0168510325723,factorial_cell,,
heldout,yolo11n,858d739b-a0ba-35aa-bafc-4f7988bcad17,1,0,1,1,46,0.00882109024717,factorial_cell,,
heldout,yolo11n,858d739b-a0ba-35aa-bafc-4f7988bcad17,1,1,0,0,46,0.0175096575528,factorial_cell,,
heldout,yolo11n,858d739b-a0ba-35aa-bafc-4f7988bcad17,1,1,0,1,46,0.00889009903638,factorial_cell,,
heldout,yolo11n,858d739b-a0ba-35aa-bafc-4f7988bcad17,1,1,1,0,46,0.0166648707588,factorial_cell,,
heldout,yolo11n,858d739b-a0ba-35aa-bafc-4f7988bcad17,1,1,1,1,46,0.00859818555025,factorial_cell,,
heldout,yolo11n,c8ec7be0-92aa-3222-946e-fbcf398c841e,0,0,0,0,43,0.0231452367403,factorial_cell,,
heldout,yolo11n,c8ec7be0-92aa-3222-946e-fbcf398c841e,0,0,0,1,43,0.0112741300194,factorial_cell,,
heldout,yolo11n,c8ec7be0-92aa-3222-946e-fbcf398c841e,0,0,1,0,43,0.0262720747377,factorial_cell,,
heldout,yolo11n,c8ec7be0-92aa-3222-946e-fbcf398c841e,0,0,1,1,43,0.00810705500368,factorial_cell,,
heldout,yolo11n,c8ec7be0-92aa-3222-946e-fbcf398c841e,0,1,0,0,43,0.0230705171526,factorial_cell,,
heldout,yolo11n,c8ec7be0-92aa-3222-946e-fbcf398c841e,0,1,0,1,43,0.011022863615,factorial_cell,,
heldout,yolo11n,c8ec7be0-92aa-3222-946e-fbcf398c841e,0,1,1,0,43,0.0263244308117,factorial_cell,,
heldout,yolo11n,c8ec7be0-92aa-3222-946e-fbcf398c841e,0,1,1,1,43,0.00818440939948,factorial_cell,,
heldout,yolo11n,c8ec7be0-92aa-3222-946e-fbcf398c841e,1,0,0,0,43,0.0269031354561,factorial_cell,,
heldout,yolo11n,c8ec7be0-92aa-3222-946e-fbcf398c841e,1,0,0,1,43,0.0145191252772,factorial_cell,,
heldout,yolo11n,c8ec7be0-92aa-3222-946e-fbcf398c841e,1,0,1,0,43,0.0262720747377,factorial_cell,,
heldout,yolo11n,c8ec7be0-92aa-3222-946e-fbcf398c841e,1,0,1,1,43,0.00810705500368,factorial_cell,,
heldout,yolo11n,c8ec7be0-92aa-3222-946e-fbcf398c841e,1,1,0,0,43,0.0292909020977,factorial_cell,,
heldout,yolo11n,c8ec7be0-92aa-3222-946e-fbcf398c841e,1,1,0,1,43,0.0141354962609,factorial_cell,,
heldout,yolo11n,c8ec7be0-92aa-3222-946e-fbcf398c841e,1,1,1,0,43,0.0263244308117,factorial_cell,,
heldout,yolo11n,c8ec7be0-92aa-3222-946e-fbcf398c841e,1,1,1,1,43,0.00818440939948,factorial_cell,,
heldout,yolo11n,e2e921fe-e489-3656-a0a2-5e17bd399ddf,0,0,0,0,38,0.00582455684976,factorial_cell,,
heldout,yolo11n,e2e921fe-e489-3656-a0a2-5e17bd399ddf,0,0,0,1,38,0.0046778244702,factorial_cell,,
heldout,yolo11n,e2e921fe-e489-3656-a0a2-5e17bd399ddf,0,0,1,0,38,0.00517000444934,factorial_cell,,
heldout,yolo11n,e2e921fe-e489-3656-a0a2-5e17bd399ddf,0,0,1,1,38,0.00356582440492,factorial_cell,,
heldout,yolo11n,e2e921fe-e489-3656-a0a2-5e17bd399ddf,0,1,0,0,38,0.00578745970014,factorial_cell,,
heldout,yolo11n,e2e921fe-e489-3656-a0a2-5e17bd399ddf,0,1,0,1,38,0.00475066966961,factorial_cell,,
heldout,yolo11n,e2e921fe-e489-3656-a0a2-5e17bd399ddf,0,1,1,0,38,0.00513759493199,factorial_cell,,
heldout,yolo11n,e2e921fe-e489-3656-a0a2-5e17bd399ddf,0,1,1,1,38,0.00361618582891,factorial_cell,,
heldout,yolo11n,e2e921fe-e489-3656-a0a2-5e17bd399ddf,1,0,0,0,38,0.00536881423966,factorial_cell,,
heldout,yolo11n,e2e921fe-e489-3656-a0a2-5e17bd399ddf,1,0,0,1,38,0.00389267830679,factorial_cell,,
heldout,yolo11n,e2e921fe-e489-3656-a0a2-5e17bd399ddf,1,0,1,0,38,0.00517000444934,factorial_cell,,
heldout,yolo11n,e2e921fe-e489-3656-a0a2-5e17bd399ddf,1,0,1,1,38,0.00356582440492,factorial_cell,,
heldout,yolo11n,e2e921fe-e489-3656-a0a2-5e17bd399ddf,1,1,0,0,38,0.00528096965263,factorial_cell,,
heldout,yolo11n,e2e921fe-e489-3656-a0a2-5e17bd399ddf,1,1,0,1,38,0.00385329114612,factorial_cell,,
heldout,yolo11n,e2e921fe-e489-3656-a0a2-5e17bd399ddf,1,1,1,0,38,0.00513759493199,factorial_cell,,
heldout,yolo11n,e2e921fe-e489-3656-a0a2-5e17bd399ddf,1,1,1,1,38,0.00361618582891,factorial_cell,,
heldout,yolo11n,f6cc0ebf-fc6a-3bf2-8bcb-76d8c43f194e,0,0,0,0,78,0.0085454631005,factorial_cell,,
heldout,yolo11n,f6cc0ebf-fc6a-3bf2-8bcb-76d8c43f194e,0,0,0,1,78,0.00865264141301,factorial_cell,,
heldout,yolo11n,f6cc0ebf-fc6a-3bf2-8bcb-76d8c43f194e,0,0,1,0,78,0.00682932857823,factorial_cell,,
heldout,yolo11n,f6cc0ebf-fc6a-3bf2-8bcb-76d8c43f194e,0,0,1,1,78,0.00525003153132,factorial_cell,,
heldout,yolo11n,f6cc0ebf-fc6a-3bf2-8bcb-76d8c43f194e,0,1,0,0,78,0.00714955067065,factorial_cell,,
heldout,yolo11n,f6cc0ebf-fc6a-3bf2-8bcb-76d8c43f194e,0,1,0,1,78,0.0080796813723,factorial_cell,,
heldout,yolo11n,f6cc0ebf-fc6a-3bf2-8bcb-76d8c43f194e,0,1,1,0,78,0.00656589958223,factorial_cell,,
heldout,yolo11n,f6cc0ebf-fc6a-3bf2-8bcb-76d8c43f194e,0,1,1,1,78,0.00513899616072,factorial_cell,,
heldout,yolo11n,f6cc0ebf-fc6a-3bf2-8bcb-76d8c43f194e,1,0,0,0,78,0.00653444205627,factorial_cell,,
heldout,yolo11n,f6cc0ebf-fc6a-3bf2-8bcb-76d8c43f194e,1,0,0,1,78,0.00627951505925,factorial_cell,,
heldout,yolo11n,f6cc0ebf-fc6a-3bf2-8bcb-76d8c43f194e,1,0,1,0,78,0.00682932857823,factorial_cell,,
heldout,yolo11n,f6cc0ebf-fc6a-3bf2-8bcb-76d8c43f194e,1,0,1,1,78,0.00525003153132,factorial_cell,,
heldout,yolo11n,f6cc0ebf-fc6a-3bf2-8bcb-76d8c43f194e,1,1,0,0,78,0.0070321667076,factorial_cell,,
heldout,yolo11n,f6cc0ebf-fc6a-3bf2-8bcb-76d8c43f194e,1,1,0,1,78,0.00619359299614,factorial_cell,,
heldout,yolo11n,f6cc0ebf-fc6a-3bf2-8bcb-76d8c43f194e,1,1,1,0,78,0.00656589958223,factorial_cell,,
heldout,yolo11n,f6cc0ebf-fc6a-3bf2-8bcb-76d8c43f194e,1,1,1,1,78,0.00513899616072,factorial_cell,,
model_selection,yolo11n,8c52d911-fe34-3424-9864-d3fdfac38064,0,0,0,0,21,0.0127896322116,factorial_cell,,
model_selection,yolo11n,8c52d911-fe34-3424-9864-d3fdfac38064,0,0,0,1,21,0.00781136566527,factorial_cell,,
model_selection,yolo11n,8c52d911-fe34-3424-9864-d3fdfac38064,0,0,1,0,21,0.0115223545432,factorial_cell,,
model_selection,yolo11n,8c52d911-fe34-3424-9864-d3fdfac38064,0,0,1,1,21,0.00739134690581,factorial_cell,,
model_selection,yolo11n,8c52d911-fe34-3424-9864-d3fdfac38064,0,1,0,0,21,0.0134001669516,factorial_cell,,
model_selection,yolo11n,8c52d911-fe34-3424-9864-d3fdfac38064,0,1,0,1,21,0.00742224885387,factorial_cell,,
model_selection,yolo11n,8c52d911-fe34-3424-9864-d3fdfac38064,0,1,1,0,21,0.0115235470417,factorial_cell,,
model_selection,yolo11n,8c52d911-fe34-3424-9864-d3fdfac38064,0,1,1,1,21,0.00745684047538,factorial_cell,,
model_selection,yolo11n,8c52d911-fe34-3424-9864-d3fdfac38064,1,0,0,0,21,0.0111657660969,factorial_cell,,
model_selection,yolo11n,8c52d911-fe34-3424-9864-d3fdfac38064,1,0,0,1,21,0.00961860498603,factorial_cell,,
model_selection,yolo11n,8c52d911-fe34-3424-9864-d3fdfac38064,1,0,1,0,21,0.0115223545432,factorial_cell,,
model_selection,yolo11n,8c52d911-fe34-3424-9864-d3fdfac38064,1,0,1,1,21,0.00739134690581,factorial_cell,,
model_selection,yolo11n,8c52d911-fe34-3424-9864-d3fdfac38064,1,1,0,0,21,0.0113785756056,factorial_cell,,
model_selection,yolo11n,8c52d911-fe34-3424-9864-d3fdfac38064,1,1,0,1,21,0.00831630429083,factorial_cell,,
model_selection,yolo11n,8c52d911-fe34-3424-9864-d3fdfac38064,1,1,1,0,21,0.0115235470417,factorial_cell,,
model_selection,yolo11n,8c52d911-fe34-3424-9864-d3fdfac38064,1,1,1,1,21,0.00745684047538,factorial_cell,,
model_selection,yolo11n,b29b43d7-3af9-363e-aaeb-8805d958f982,0,0,0,0,15,0.00748355364251,factorial_cell,,
model_selection,yolo11n,b29b43d7-3af9-363e-aaeb-8805d958f982,0,0,0,1,15,0.00684528106414,factorial_cell,,
model_selection,yolo11n,b29b43d7-3af9-363e-aaeb-8805d958f982,0,0,1,0,15,0.00506823542501,factorial_cell,,
model_selection,yolo11n,b29b43d7-3af9-363e-aaeb-8805d958f982,0,0,1,1,15,0.00666260605446,factorial_cell,,
model_selection,yolo11n,b29b43d7-3af9-363e-aaeb-8805d958f982,0,1,0,0,15,0.00749872278568,factorial_cell,,
model_selection,yolo11n,b29b43d7-3af9-363e-aaeb-8805d958f982,0,1,0,1,15,0.0065087308782,factorial_cell,,
model_selection,yolo11n,b29b43d7-3af9-363e-aaeb-8805d958f982,0,1,1,0,15,0.00496365001546,factorial_cell,,
model_selection,yolo11n,b29b43d7-3af9-363e-aaeb-8805d958f982,0,1,1,1,15,0.00660304802827,factorial_cell,,
model_selection,yolo11n,b29b43d7-3af9-363e-aaeb-8805d958f982,1,0,0,0,15,0.00646372762289,factorial_cell,,
model_selection,yolo11n,b29b43d7-3af9-363e-aaeb-8805d958f982,1,0,0,1,15,0.00545742877768,factorial_cell,,
model_selection,yolo11n,b29b43d7-3af9-363e-aaeb-8805d958f982,1,0,1,0,15,0.00506823542501,factorial_cell,,
model_selection,yolo11n,b29b43d7-3af9-363e-aaeb-8805d958f982,1,0,1,1,15,0.00666260605446,factorial_cell,,
model_selection,yolo11n,b29b43d7-3af9-363e-aaeb-8805d958f982,1,1,0,0,15,0.00648711320806,factorial_cell,,
model_selection,yolo11n,b29b43d7-3af9-363e-aaeb-8805d958f982,1,1,0,1,15,0.00503753984004,factorial_cell,,
model_selection,yolo11n,b29b43d7-3af9-363e-aaeb-8805d958f982,1,1,1,0,15,0.00496365001546,factorial_cell,,
model_selection,yolo11n,b29b43d7-3af9-363e-aaeb-8805d958f982,1,1,1,1,15,0.00660304802827,factorial_cell,,
development,yolo11s,1e6f21fd-5c8a-3526-ac50-72adae89d6a8,0,0,0,0,85,0.00886139578792,factorial_cell,,
development,yolo11s,1e6f21fd-5c8a-3526-ac50-72adae89d6a8,0,0,0,1,85,0.00770067376128,factorial_cell,,
development,yolo11s,1e6f21fd-5c8a-3526-ac50-72adae89d6a8,0,0,1,0,85,0.00754582323799,factorial_cell,,
development,yolo11s,1e6f21fd-5c8a-3526-ac50-72adae89d6a8,0,0,1,1,85,0.00628466185503,factorial_cell,,
development,yolo11s,1e6f21fd-5c8a-3526-ac50-72adae89d6a8,0,1,0,0,85,0.00843622862959,factorial_cell,,
development,yolo11s,1e6f21fd-5c8a-3526-ac50-72adae89d6a8,0,1,0,1,85,0.00757126769841,factorial_cell,,
development,yolo11s,1e6f21fd-5c8a-3526-ac50-72adae89d6a8,0,1,1,0,85,0.00771814225143,factorial_cell,,
development,yolo11s,1e6f21fd-5c8a-3526-ac50-72adae89d6a8,0,1,1,1,85,0.00613888399953,factorial_cell,,
development,yolo11s,1e6f21fd-5c8a-3526-ac50-72adae89d6a8,1,0,0,0,85,0.00885096461678,factorial_cell,,
development,yolo11s,1e6f21fd-5c8a-3526-ac50-72adae89d6a8,1,0,0,1,85,0.00675380603877,factorial_cell,,
development,yolo11s,1e6f21fd-5c8a-3526-ac50-72adae89d6a8,1,0,1,0,85,0.00754582323799,factorial_cell,,
development,yolo11s,1e6f21fd-5c8a-3526-ac50-72adae89d6a8,1,0,1,1,85,0.00628466185503,factorial_cell,,
development,yolo11s,1e6f21fd-5c8a-3526-ac50-72adae89d6a8,1,1,0,0,85,0.00881395373999,factorial_cell,,
development,yolo11s,1e6f21fd-5c8a-3526-ac50-72adae89d6a8,1,1,0,1,85,0.00680327732785,factorial_cell,,
development,yolo11s,1e6f21fd-5c8a-3526-ac50-72adae89d6a8,1,1,1,0,85,0.00771814225143,factorial_cell,,
development,yolo11s,1e6f21fd-5c8a-3526-ac50-72adae89d6a8,1,1,1,1,85,0.00613888399953,factorial_cell,,
development,yolo11s,380e5bf0-1c68-36a4-ac64-09a03b60bebf,0,0,0,0,51,0.00809647818279,factorial_cell,,
development,yolo11s,380e5bf0-1c68-36a4-ac64-09a03b60bebf,0,0,0,1,51,0.00767896130783,factorial_cell,,
development,yolo11s,380e5bf0-1c68-36a4-ac64-09a03b60bebf,0,0,1,0,51,0.00691944394371,factorial_cell,,
development,yolo11s,380e5bf0-1c68-36a4-ac64-09a03b60bebf,0,0,1,1,51,0.00597105898088,factorial_cell,,
development,yolo11s,380e5bf0-1c68-36a4-ac64-09a03b60bebf,0,1,0,0,51,0.0081900637572,factorial_cell,,
development,yolo11s,380e5bf0-1c68-36a4-ac64-09a03b60bebf,0,1,0,1,51,0.00745013584045,factorial_cell,,
development,yolo11s,380e5bf0-1c68-36a4-ac64-09a03b60bebf,0,1,1,0,51,0.00632115967782,factorial_cell,,
development,yolo11s,380e5bf0-1c68-36a4-ac64-09a03b60bebf,0,1,1,1,51,0.00565800551008,factorial_cell,,
development,yolo11s,380e5bf0-1c68-36a4-ac64-09a03b60bebf,1,0,0,0,51,0.0083425945015,factorial_cell,,
development,yolo11s,380e5bf0-1c68-36a4-ac64-09a03b60bebf,1,0,0,1,51,0.00750000860236,factorial_cell,,
development,yolo11s,380e5bf0-1c68-36a4-ac64-09a03b60bebf,1,0,1,0,51,0.00691944394371,factorial_cell,,
development,yolo11s,380e5bf0-1c68-36a4-ac64-09a03b60bebf,1,0,1,1,51,0.00597105898088,factorial_cell,,
development,yolo11s,380e5bf0-1c68-36a4-ac64-09a03b60bebf,1,1,0,0,51,0.00798825234275,factorial_cell,,
development,yolo11s,380e5bf0-1c68-36a4-ac64-09a03b60bebf,1,1,0,1,51,0.00769537668775,factorial_cell,,
development,yolo11s,380e5bf0-1c68-36a4-ac64-09a03b60bebf,1,1,1,0,51,0.00632115967782,factorial_cell,,
development,yolo11s,380e5bf0-1c68-36a4-ac64-09a03b60bebf,1,1,1,1,51,0.00565800551008,factorial_cell,,
development,yolo11s,453e5558-6363-38e3-bf9b-42b5ba0a6f1d,0,0,0,0,50,0.0137965873701,factorial_cell,,
development,yolo11s,453e5558-6363-38e3-bf9b-42b5ba0a6f1d,0,0,0,1,50,0.00604252744042,factorial_cell,,
development,yolo11s,453e5558-6363-38e3-bf9b-42b5ba0a6f1d,0,0,1,0,50,0.0124963608797,factorial_cell,,
development,yolo11s,453e5558-6363-38e3-bf9b-42b5ba0a6f1d,0,0,1,1,50,0.00438341541108,factorial_cell,,
development,yolo11s,453e5558-6363-38e3-bf9b-42b5ba0a6f1d,0,1,0,0,50,0.0140414565774,factorial_cell,,
development,yolo11s,453e5558-6363-38e3-bf9b-42b5ba0a6f1d,0,1,0,1,50,0.00599679667986,factorial_cell,,
development,yolo11s,453e5558-6363-38e3-bf9b-42b5ba0a6f1d,0,1,1,0,50,0.0125274023974,factorial_cell,,
development,yolo11s,453e5558-6363-38e3-bf9b-42b5ba0a6f1d,0,1,1,1,50,0.00407468750372,factorial_cell,,
development,yolo11s,453e5558-6363-38e3-bf9b-42b5ba0a6f1d,1,0,0,0,50,0.0147346304125,factorial_cell,,
development,yolo11s,453e5558-6363-38e3-bf9b-42b5ba0a6f1d,1,0,0,1,50,0.00576782109901,factorial_cell,,
development,yolo11s,453e5558-6363-38e3-bf9b-42b5ba0a6f1d,1,0,1,0,50,0.0124963608797,factorial_cell,,
development,yolo11s,453e5558-6363-38e3-bf9b-42b5ba0a6f1d,1,0,1,1,50,0.00438341541108,factorial_cell,,
development,yolo11s,453e5558-6363-38e3-bf9b-42b5ba0a6f1d,1,1,0,0,50,0.0147105533372,factorial_cell,,
development,yolo11s,453e5558-6363-38e3-bf9b-42b5ba0a6f1d,1,1,0,1,50,0.00571707143051,factorial_cell,,
development,yolo11s,453e5558-6363-38e3-bf9b-42b5ba0a6f1d,1,1,1,0,50,0.0125274023974,factorial_cell,,
development,yolo11s,453e5558-6363-38e3-bf9b-42b5ba0a6f1d,1,1,1,1,50,0.00407468750372,factorial_cell,,
development,yolo11s,639d4834-f922-3e27-9913-20aa649f815d,0,0,0,0,106,0.0120490165543,factorial_cell,,
development,yolo11s,639d4834-f922-3e27-9913-20aa649f815d,0,0,0,1,106,0.00588797004851,factorial_cell,,
development,yolo11s,639d4834-f922-3e27-9913-20aa649f815d,0,0,1,0,106,0.010482943053,factorial_cell,,
development,yolo11s,639d4834-f922-3e27-9913-20aa649f815d,0,0,1,1,106,0.00441772025271,factorial_cell,,
development,yolo11s,639d4834-f922-3e27-9913-20aa649f815d,0,1,0,0,106,0.0119538754883,factorial_cell,,
development,yolo11s,639d4834-f922-3e27-9913-20aa649f815d,0,1,0,1,106,0.00600024378959,factorial_cell,,
development,yolo11s,639d4834-f922-3e27-9913-20aa649f815d,0,1,1,0,106,0.010478689224,factorial_cell,,
development,yolo11s,639d4834-f922-3e27-9913-20aa649f815d,0,1,1,1,106,0.0044727475654,factorial_cell,,
development,yolo11s,639d4834-f922-3e27-9913-20aa649f815d,1,0,0,0,106,0.0105723404639,factorial_cell,,
development,yolo11s,639d4834-f922-3e27-9913-20aa649f815d,1,0,0,1,106,0.00495508842295,factorial_cell,,
development,yolo11s,639d4834-f922-3e27-9913-20aa649f815d,1,0,1,0,106,0.010482943053,factorial_cell,,
development,yolo11s,639d4834-f922-3e27-9913-20aa649f815d,1,0,1,1,106,0.00441772025271,factorial_cell,,
development,yolo11s,639d4834-f922-3e27-9913-20aa649f815d,1,1,0,0,106,0.0105668615123,factorial_cell,,
development,yolo11s,639d4834-f922-3e27-9913-20aa649f815d,1,1,0,1,106,0.00519239548578,factorial_cell,,
development,yolo11s,639d4834-f922-3e27-9913-20aa649f815d,1,1,1,0,106,0.010478689224,factorial_cell,,
development,yolo11s,639d4834-f922-3e27-9913-20aa649f815d,1,1,1,1,106,0.0044727475654,factorial_cell,,
development,yolo11s,768cf7e2-eb6c-3468-969e-e3b0fd87b34e,0,0,0,0,40,0.00889768695219,factorial_cell,,
development,yolo11s,768cf7e2-eb6c-3468-969e-e3b0fd87b34e,0,0,0,1,40,0.00367653515146,factorial_cell,,
development,yolo11s,768cf7e2-eb6c-3468-969e-e3b0fd87b34e,0,0,1,0,40,0.00788068194104,factorial_cell,,
development,yolo11s,768cf7e2-eb6c-3468-969e-e3b0fd87b34e,0,0,1,1,40,0.00236273485696,factorial_cell,,
development,yolo11s,768cf7e2-eb6c-3468-969e-e3b0fd87b34e,0,1,0,0,40,0.00860279816768,factorial_cell,,
development,yolo11s,768cf7e2-eb6c-3468-969e-e3b0fd87b34e,0,1,0,1,40,0.00382046074976,factorial_cell,,
development,yolo11s,768cf7e2-eb6c-3468-969e-e3b0fd87b34e,0,1,1,0,40,0.00788565889343,factorial_cell,,
development,yolo11s,768cf7e2-eb6c-3468-969e-e3b0fd87b34e,0,1,1,1,40,0.00259357142323,factorial_cell,,
development,yolo11s,768cf7e2-eb6c-3468-969e-e3b0fd87b34e,1,0,0,0,40,0.00638283107042,factorial_cell,,
development,yolo11s,768cf7e2-eb6c-3468-969e-e3b0fd87b34e,1,0,0,1,40,0.00302977046751,factorial_cell,,
development,yolo11s,768cf7e2-eb6c-3468-969e-e3b0fd87b34e,1,0,1,0,40,0.00788068194104,factorial_cell,,
development,yolo11s,768cf7e2-eb6c-3468-969e-e3b0fd87b34e,1,0,1,1,40,0.00236273485696,factorial_cell,,
development,yolo11s,768cf7e2-eb6c-3468-969e-e3b0fd87b34e,1,1,0,0,40,0.00639793183416,factorial_cell,,
development,yolo11s,768cf7e2-eb6c-3468-969e-e3b0fd87b34e,1,1,0,1,40,0.00305669817006,factorial_cell,,
development,yolo11s,768cf7e2-eb6c-3468-969e-e3b0fd87b34e,1,1,1,0,40,0.00788565889343,factorial_cell,,
development,yolo11s,768cf7e2-eb6c-3468-969e-e3b0fd87b34e,1,1,1,1,40,0.00259357142323,factorial_cell,,
development,yolo11s,8c019de9-7043-37bc-9498-b5858e7240af,0,0,0,0,20,0.0155823396195,factorial_cell,,
development,yolo11s,8c019de9-7043-37bc-9498-b5858e7240af,0,0,0,1,20,0.00938353768762,factorial_cell,,
development,yolo11s,8c019de9-7043-37bc-9498-b5858e7240af,0,0,1,0,20,0.0154832748336,factorial_cell,,
development,yolo11s,8c019de9-7043-37bc-9498-b5858e7240af,0,0,1,1,20,0.00665039485665,factorial_cell,,
development,yolo11s,8c019de9-7043-37bc-9498-b5858e7240af,0,1,0,0,20,0.0155977798078,factorial_cell,,
development,yolo11s,8c019de9-7043-37bc-9498-b5858e7240af,0,1,0,1,20,0.00948189330413,factorial_cell,,
development,yolo11s,8c019de9-7043-37bc-9498-b5858e7240af,0,1,1,0,20,0.0155181333455,factorial_cell,,
development,yolo11s,8c019de9-7043-37bc-9498-b5858e7240af,0,1,1,1,20,0.00665221141945,factorial_cell,,
development,yolo11s,8c019de9-7043-37bc-9498-b5858e7240af,1,0,0,0,20,0.0153036265971,factorial_cell,,
development,yolo11s,8c019de9-7043-37bc-9498-b5858e7240af,1,0,0,1,20,0.00684896512496,factorial_cell,,
development,yolo11s,8c019de9-7043-37bc-9498-b5858e7240af,1,0,1,0,20,0.0154832748336,factorial_cell,,
development,yolo11s,8c019de9-7043-37bc-9498-b5858e7240af,1,0,1,1,20,0.00665039485665,factorial_cell,,
development,yolo11s,8c019de9-7043-37bc-9498-b5858e7240af,1,1,0,0,20,0.0153225034158,factorial_cell,,
development,yolo11s,8c019de9-7043-37bc-9498-b5858e7240af,1,1,0,1,20,0.00680410986089,factorial_cell,,
development,yolo11s,8c019de9-7043-37bc-9498-b5858e7240af,1,1,1,0,20,0.0155181333455,factorial_cell,,
development,yolo11s,8c019de9-7043-37bc-9498-b5858e7240af,1,1,1,1,20,0.00665221141945,factorial_cell,,
development,yolo11s,9a25fd14-783b-35c3-ab2d-df4687f82b5e,0,0,0,0,98,0.0107207412717,factorial_cell,,
development,yolo11s,9a25fd14-783b-35c3-ab2d-df4687f82b5e,0,0,0,1,98,0.00851713088884,factorial_cell,,
development,yolo11s,9a25fd14-783b-35c3-ab2d-df4687f82b5e,0,0,1,0,98,0.00884623100513,factorial_cell,,
development,yolo11s,9a25fd14-783b-35c3-ab2d-df4687f82b5e,0,0,1,1,98,0.00522768669445,factorial_cell,,
development,yolo11s,9a25fd14-783b-35c3-ab2d-df4687f82b5e,0,1,0,0,98,0.0104884659292,factorial_cell,,
development,yolo11s,9a25fd14-783b-35c3-ab2d-df4687f82b5e,0,1,0,1,98,0.00833140131983,factorial_cell,,
development,yolo11s,9a25fd14-783b-35c3-ab2d-df4687f82b5e,0,1,1,0,98,0.00888126498846,factorial_cell,,
development,yolo11s,9a25fd14-783b-35c3-ab2d-df4687f82b5e,0,1,1,1,98,0.00521749235977,factorial_cell,,
development,yolo11s,9a25fd14-783b-35c3-ab2d-df4687f82b5e,1,0,0,0,98,0.00879787489656,factorial_cell,,
development,yolo11s,9a25fd14-783b-35c3-ab2d-df4687f82b5e,1,0,0,1,98,0.00635608240074,factorial_cell,,
development,yolo11s,9a25fd14-783b-35c3-ab2d-df4687f82b5e,1,0,1,0,98,0.00884623100513,factorial_cell,,
development,yolo11s,9a25fd14-783b-35c3-ab2d-df4687f82b5e,1,0,1,1,98,0.00522768669445,factorial_cell,,
development,yolo11s,9a25fd14-783b-35c3-ab2d-df4687f82b5e,1,1,0,0,98,0.00900841469695,factorial_cell,,
development,yolo11s,9a25fd14-783b-35c3-ab2d-df4687f82b5e,1,1,0,1,98,0.00618514130903,factorial_cell,,
development,yolo11s,9a25fd14-783b-35c3-ab2d-df4687f82b5e,1,1,1,0,98,0.00888126498846,factorial_cell,,
development,yolo11s,9a25fd14-783b-35c3-ab2d-df4687f82b5e,1,1,1,1,98,0.00521749235977,factorial_cell,,
development,yolo11s,ac1b1697-42b9-4225-a666-d17f72204fa8,0,0,0,0,76,0.0102618421561,factorial_cell,,
development,yolo11s,ac1b1697-42b9-4225-a666-d17f72204fa8,0,0,0,1,76,0.00780530114899,factorial_cell,,
development,yolo11s,ac1b1697-42b9-4225-a666-d17f72204fa8,0,0,1,0,76,0.00871022072559,factorial_cell,,
development,yolo11s,ac1b1697-42b9-4225-a666-d17f72204fa8,0,0,1,1,76,0.00547123718408,factorial_cell,,
development,yolo11s,ac1b1697-42b9-4225-a666-d17f72204fa8,0,1,0,0,76,0.0100849767885,factorial_cell,,
development,yolo11s,ac1b1697-42b9-4225-a666-d17f72204fa8,0,1,0,1,76,0.00788800047331,factorial_cell,,
development,yolo11s,ac1b1697-42b9-4225-a666-d17f72204fa8,0,1,1,0,76,0.00880842693219,factorial_cell,,
development,yolo11s,ac1b1697-42b9-4225-a666-d17f72204fa8,0,1,1,1,76,0.00543646000759,factorial_cell,,
development,yolo11s,ac1b1697-42b9-4225-a666-d17f72204fa8,1,0,0,0,76,0.00923791072964,factorial_cell,,
development,yolo11s,ac1b1697-42b9-4225-a666-d17f72204fa8,1,0,0,1,76,0.00666914294195,factorial_cell,,
development,yolo11s,ac1b1697-42b9-4225-a666-d17f72204fa8,1,0,1,0,76,0.00871022072559,factorial_cell,,
development,yolo11s,ac1b1697-42b9-4225-a666-d17f72204fa8,1,0,1,1,76,0.00547123718408,factorial_cell,,
development,yolo11s,ac1b1697-42b9-4225-a666-d17f72204fa8,1,1,0,0,76,0.00921214174247,factorial_cell,,
development,yolo11s,ac1b1697-42b9-4225-a666-d17f72204fa8,1,1,0,1,76,0.00666990075612,factorial_cell,,
development,yolo11s,ac1b1697-42b9-4225-a666-d17f72204fa8,1,1,1,0,76,0.00880842693219,factorial_cell,,
development,yolo11s,ac1b1697-42b9-4225-a666-d17f72204fa8,1,1,1,1,76,0.00543646000759,factorial_cell,,
development,yolo11s,d37be0e2-8223-3eeb-a0e2-c4b75d5ff87b,0,0,0,0,32,0.0135895231623,factorial_cell,,
development,yolo11s,d37be0e2-8223-3eeb-a0e2-c4b75d5ff87b,0,0,0,1,32,0.00541898273391,factorial_cell,,
development,yolo11s,d37be0e2-8223-3eeb-a0e2-c4b75d5ff87b,0,0,1,0,32,0.0114350050465,factorial_cell,,
development,yolo11s,d37be0e2-8223-3eeb-a0e2-c4b75d5ff87b,0,0,1,1,32,0.00393452641835,factorial_cell,,
development,yolo11s,d37be0e2-8223-3eeb-a0e2-c4b75d5ff87b,0,1,0,0,32,0.0135642991284,factorial_cell,,
development,yolo11s,d37be0e2-8223-3eeb-a0e2-c4b75d5ff87b,0,1,0,1,32,0.0054765493177,factorial_cell,,
development,yolo11s,d37be0e2-8223-3eeb-a0e2-c4b75d5ff87b,0,1,1,0,32,0.0114290363626,factorial_cell,,
development,yolo11s,d37be0e2-8223-3eeb-a0e2-c4b75d5ff87b,0,1,1,1,32,0.0035483438721,factorial_cell,,
development,yolo11s,d37be0e2-8223-3eeb-a0e2-c4b75d5ff87b,1,0,0,0,32,0.0120456972774,factorial_cell,,
development,yolo11s,d37be0e2-8223-3eeb-a0e2-c4b75d5ff87b,1,0,0,1,32,0.00528275223951,factorial_cell,,
development,yolo11s,d37be0e2-8223-3eeb-a0e2-c4b75d5ff87b,1,0,1,0,32,0.0114350050465,factorial_cell,,
development,yolo11s,d37be0e2-8223-3eeb-a0e2-c4b75d5ff87b,1,0,1,1,32,0.00393452641835,factorial_cell,,
development,yolo11s,d37be0e2-8223-3eeb-a0e2-c4b75d5ff87b,1,1,0,0,32,0.0120047924655,factorial_cell,,
development,yolo11s,d37be0e2-8223-3eeb-a0e2-c4b75d5ff87b,1,1,0,1,32,0.00530223578654,factorial_cell,,
development,yolo11s,d37be0e2-8223-3eeb-a0e2-c4b75d5ff87b,1,1,1,0,32,0.0114290363626,factorial_cell,,
development,yolo11s,d37be0e2-8223-3eeb-a0e2-c4b75d5ff87b,1,1,1,1,32,0.0035483438721,factorial_cell,,
development,yolo11s,f7cdc2d1-f59a-30a2-aae8-8bb81c769e6e,0,0,0,0,79,0.00919052881849,factorial_cell,,
development,yolo11s,f7cdc2d1-f59a-30a2-aae8-8bb81c769e6e,0,0,0,1,79,0.00572764219465,factorial_cell,,
development,yolo11s,f7cdc2d1-f59a-30a2-aae8-8bb81c769e6e,0,0,1,0,79,0.00686205100621,factorial_cell,,
development,yolo11s,f7cdc2d1-f59a-30a2-aae8-8bb81c769e6e,0,0,1,1,79,0.00360698989761,factorial_cell,,
development,yolo11s,f7cdc2d1-f59a-30a2-aae8-8bb81c769e6e,0,1,0,0,79,0.00890879755556,factorial_cell,,
development,yolo11s,f7cdc2d1-f59a-30a2-aae8-8bb81c769e6e,0,1,0,1,79,0.00569929901444,factorial_cell,,
development,yolo11s,f7cdc2d1-f59a-30a2-aae8-8bb81c769e6e,0,1,1,0,79,0.00688905008646,factorial_cell,,
development,yolo11s,f7cdc2d1-f59a-30a2-aae8-8bb81c769e6e,0,1,1,1,79,0.00361442403594,factorial_cell,,
development,yolo11s,f7cdc2d1-f59a-30a2-aae8-8bb81c769e6e,1,0,0,0,79,0.00795774575603,factorial_cell,,
development,yolo11s,f7cdc2d1-f59a-30a2-aae8-8bb81c769e6e,1,0,0,1,79,0.0051406007682,factorial_cell,,
development,yolo11s,f7cdc2d1-f59a-30a2-aae8-8bb81c769e6e,1,0,1,0,79,0.00686205100621,factorial_cell,,
development,yolo11s,f7cdc2d1-f59a-30a2-aae8-8bb81c769e6e,1,0,1,1,79,0.00360698989761,factorial_cell,,
development,yolo11s,f7cdc2d1-f59a-30a2-aae8-8bb81c769e6e,1,1,0,0,79,0.00767247861041,factorial_cell,,
development,yolo11s,f7cdc2d1-f59a-30a2-aae8-8bb81c769e6e,1,1,0,1,79,0.00504577296123,factorial_cell,,
development,yolo11s,f7cdc2d1-f59a-30a2-aae8-8bb81c769e6e,1,1,1,0,79,0.00688905008646,factorial_cell,,
development,yolo11s,f7cdc2d1-f59a-30a2-aae8-8bb81c769e6e,1,1,1,1,79,0.00361442403594,factorial_cell,,
heldout,yolo11s,15ec0778-826e-3ed7-9775-54fbf66997f4,0,0,0,0,28,0.00957399635406,factorial_cell,,
heldout,yolo11s,15ec0778-826e-3ed7-9775-54fbf66997f4,0,0,0,1,28,0.00473672378181,factorial_cell,,
heldout,yolo11s,15ec0778-826e-3ed7-9775-54fbf66997f4,0,0,1,0,28,0.00779854896033,factorial_cell,,
heldout,yolo11s,15ec0778-826e-3ed7-9775-54fbf66997f4,0,0,1,1,28,0.00354273340941,factorial_cell,,
heldout,yolo11s,15ec0778-826e-3ed7-9775-54fbf66997f4,0,1,0,0,28,0.00949411684516,factorial_cell,,
heldout,yolo11s,15ec0778-826e-3ed7-9775-54fbf66997f4,0,1,0,1,28,0.00468425681528,factorial_cell,,
heldout,yolo11s,15ec0778-826e-3ed7-9775-54fbf66997f4,0,1,1,0,28,0.0077248075516,factorial_cell,,
heldout,yolo11s,15ec0778-826e-3ed7-9775-54fbf66997f4,0,1,1,1,28,0.00353226068043,factorial_cell,,
heldout,yolo11s,15ec0778-826e-3ed7-9775-54fbf66997f4,1,0,0,0,28,0.00824052121441,factorial_cell,,
heldout,yolo11s,15ec0778-826e-3ed7-9775-54fbf66997f4,1,0,0,1,28,0.00439634509393,factorial_cell,,
heldout,yolo11s,15ec0778-826e-3ed7-9775-54fbf66997f4,1,0,1,0,28,0.00779854896033,factorial_cell,,
heldout,yolo11s,15ec0778-826e-3ed7-9775-54fbf66997f4,1,0,1,1,28,0.00354273340941,factorial_cell,,
heldout,yolo11s,15ec0778-826e-3ed7-9775-54fbf66997f4,1,1,0,0,28,0.00831982230421,factorial_cell,,
heldout,yolo11s,15ec0778-826e-3ed7-9775-54fbf66997f4,1,1,0,1,28,0.00419946362907,factorial_cell,,
heldout,yolo11s,15ec0778-826e-3ed7-9775-54fbf66997f4,1,1,1,0,28,0.0077248075516,factorial_cell,,
heldout,yolo11s,15ec0778-826e-3ed7-9775-54fbf66997f4,1,1,1,1,28,0.00353226068043,factorial_cell,,
heldout,yolo11s,2c652f9e-8db8-3572-aa49-fae1344a875b,0,0,0,0,57,0.0201548692427,factorial_cell,,
heldout,yolo11s,2c652f9e-8db8-3572-aa49-fae1344a875b,0,0,0,1,57,0.0176527714138,factorial_cell,,
heldout,yolo11s,2c652f9e-8db8-3572-aa49-fae1344a875b,0,0,1,0,57,0.0140437124424,factorial_cell,,
heldout,yolo11s,2c652f9e-8db8-3572-aa49-fae1344a875b,0,0,1,1,57,0.0106908132198,factorial_cell,,
heldout,yolo11s,2c652f9e-8db8-3572-aa49-fae1344a875b,0,1,0,0,57,0.0198546981855,factorial_cell,,
heldout,yolo11s,2c652f9e-8db8-3572-aa49-fae1344a875b,0,1,0,1,57,0.0173940901152,factorial_cell,,
heldout,yolo11s,2c652f9e-8db8-3572-aa49-fae1344a875b,0,1,1,0,57,0.0155092989836,factorial_cell,,
heldout,yolo11s,2c652f9e-8db8-3572-aa49-fae1344a875b,0,1,1,1,57,0.0110340607947,factorial_cell,,
heldout,yolo11s,2c652f9e-8db8-3572-aa49-fae1344a875b,1,0,0,0,57,0.0230657920506,factorial_cell,,
heldout,yolo11s,2c652f9e-8db8-3572-aa49-fae1344a875b,1,0,0,1,57,0.0208828336468,factorial_cell,,
heldout,yolo11s,2c652f9e-8db8-3572-aa49-fae1344a875b,1,0,1,0,57,0.0140437124424,factorial_cell,,
heldout,yolo11s,2c652f9e-8db8-3572-aa49-fae1344a875b,1,0,1,1,57,0.0106908132198,factorial_cell,,
heldout,yolo11s,2c652f9e-8db8-3572-aa49-fae1344a875b,1,1,0,0,57,0.0230666950879,factorial_cell,,
heldout,yolo11s,2c652f9e-8db8-3572-aa49-fae1344a875b,1,1,0,1,57,0.0171436071498,factorial_cell,,
heldout,yolo11s,2c652f9e-8db8-3572-aa49-fae1344a875b,1,1,1,0,57,0.0155092989836,factorial_cell,,
heldout,yolo11s,2c652f9e-8db8-3572-aa49-fae1344a875b,1,1,1,1,57,0.0110340607947,factorial_cell,,
heldout,yolo11s,58fed0d4-97d5-469b-89a4-4394838e10c7,0,0,0,0,37,0.0173628137699,factorial_cell,,
heldout,yolo11s,58fed0d4-97d5-469b-89a4-4394838e10c7,0,0,0,1,37,0.0106066833526,factorial_cell,,
heldout,yolo11s,58fed0d4-97d5-469b-89a4-4394838e10c7,0,0,1,0,37,0.0119002106845,factorial_cell,,
heldout,yolo11s,58fed0d4-97d5-469b-89a4-4394838e10c7,0,0,1,1,37,0.00838050147332,factorial_cell,,
heldout,yolo11s,58fed0d4-97d5-469b-89a4-4394838e10c7,0,1,0,0,37,0.0168681838863,factorial_cell,,
heldout,yolo11s,58fed0d4-97d5-469b-89a4-4394838e10c7,0,1,0,1,37,0.0102288392711,factorial_cell,,
heldout,yolo11s,58fed0d4-97d5-469b-89a4-4394838e10c7,0,1,1,0,37,0.0119055559515,factorial_cell,,
heldout,yolo11s,58fed0d4-97d5-469b-89a4-4394838e10c7,0,1,1,1,37,0.00812281229132,factorial_cell,,
heldout,yolo11s,58fed0d4-97d5-469b-89a4-4394838e10c7,1,0,0,0,37,0.0175330353162,factorial_cell,,
heldout,yolo11s,58fed0d4-97d5-469b-89a4-4394838e10c7,1,0,0,1,37,0.00884999370734,factorial_cell,,
heldout,yolo11s,58fed0d4-97d5-469b-89a4-4394838e10c7,1,0,1,0,37,0.0119002106845,factorial_cell,,
heldout,yolo11s,58fed0d4-97d5-469b-89a4-4394838e10c7,1,0,1,1,37,0.00838050147332,factorial_cell,,
heldout,yolo11s,58fed0d4-97d5-469b-89a4-4394838e10c7,1,1,0,0,37,0.0172128237626,factorial_cell,,
heldout,yolo11s,58fed0d4-97d5-469b-89a4-4394838e10c7,1,1,0,1,37,0.00898716089057,factorial_cell,,
heldout,yolo11s,58fed0d4-97d5-469b-89a4-4394838e10c7,1,1,1,0,37,0.0119055559515,factorial_cell,,
heldout,yolo11s,58fed0d4-97d5-469b-89a4-4394838e10c7,1,1,1,1,37,0.00812281229132,factorial_cell,,
heldout,yolo11s,a7636fca-4d9e-3052-bef2-af0ce5d1df74,0,0,0,0,37,0.0191005320739,factorial_cell,,
heldout,yolo11s,a7636fca-4d9e-3052-bef2-af0ce5d1df74,0,0,0,1,37,0.0101183470698,factorial_cell,,
heldout,yolo11s,a7636fca-4d9e-3052-bef2-af0ce5d1df74,0,0,1,0,37,0.0203878255019,factorial_cell,,
heldout,yolo11s,a7636fca-4d9e-3052-bef2-af0ce5d1df74,0,0,1,1,37,0.00893793563824,factorial_cell,,
heldout,yolo11s,a7636fca-4d9e-3052-bef2-af0ce5d1df74,0,1,0,0,37,0.0190673421665,factorial_cell,,
heldout,yolo11s,a7636fca-4d9e-3052-bef2-af0ce5d1df74,0,1,0,1,37,0.00992533748192,factorial_cell,,
heldout,yolo11s,a7636fca-4d9e-3052-bef2-af0ce5d1df74,0,1,1,0,37,0.0204479549836,factorial_cell,,
heldout,yolo11s,a7636fca-4d9e-3052-bef2-af0ce5d1df74,0,1,1,1,37,0.00667116600175,factorial_cell,,
heldout,yolo11s,a7636fca-4d9e-3052-bef2-af0ce5d1df74,1,0,0,0,37,0.0203878283334,factorial_cell,,
heldout,yolo11s,a7636fca-4d9e-3052-bef2-af0ce5d1df74,1,0,0,1,37,0.0100567057127,factorial_cell,,
heldout,yolo11s,a7636fca-4d9e-3052-bef2-af0ce5d1df74,1,0,1,0,37,0.0203878255019,factorial_cell,,
heldout,yolo11s,a7636fca-4d9e-3052-bef2-af0ce5d1df74,1,0,1,1,37,0.00893793563824,factorial_cell,,
heldout,yolo11s,a7636fca-4d9e-3052-bef2-af0ce5d1df74,1,1,0,0,37,0.0194940093124,factorial_cell,,
heldout,yolo11s,a7636fca-4d9e-3052-bef2-af0ce5d1df74,1,1,0,1,37,0.00966627907627,factorial_cell,,
heldout,yolo11s,a7636fca-4d9e-3052-bef2-af0ce5d1df74,1,1,1,0,37,0.0204479549836,factorial_cell,,
heldout,yolo11s,a7636fca-4d9e-3052-bef2-af0ce5d1df74,1,1,1,1,37,0.00667116600175,factorial_cell,,
heldout,yolo11s,d1395998-7e8a-417d-91e9-5ca6ec045ee1,0,0,0,0,51,0.00643608903456,factorial_cell,,
heldout,yolo11s,d1395998-7e8a-417d-91e9-5ca6ec045ee1,0,0,0,1,51,0.00647694477985,factorial_cell,,
heldout,yolo11s,d1395998-7e8a-417d-91e9-5ca6ec045ee1,0,0,1,0,51,0.0061856580738,factorial_cell,,
heldout,yolo11s,d1395998-7e8a-417d-91e9-5ca6ec045ee1,0,0,1,1,51,0.00460293188843,factorial_cell,,
heldout,yolo11s,d1395998-7e8a-417d-91e9-5ca6ec045ee1,0,1,0,0,51,0.00653170616891,factorial_cell,,
heldout,yolo11s,d1395998-7e8a-417d-91e9-5ca6ec045ee1,0,1,0,1,51,0.00652256974674,factorial_cell,,
heldout,yolo11s,d1395998-7e8a-417d-91e9-5ca6ec045ee1,0,1,1,0,51,0.00580775469026,factorial_cell,,
heldout,yolo11s,d1395998-7e8a-417d-91e9-5ca6ec045ee1,0,1,1,1,51,0.00493809931171,factorial_cell,,
heldout,yolo11s,d1395998-7e8a-417d-91e9-5ca6ec045ee1,1,0,0,0,51,0.00618597646621,factorial_cell,,
heldout,yolo11s,d1395998-7e8a-417d-91e9-5ca6ec045ee1,1,0,0,1,51,0.00610625717859,factorial_cell,,
heldout,yolo11s,d1395998-7e8a-417d-91e9-5ca6ec045ee1,1,0,1,0,51,0.0061856580738,factorial_cell,,
heldout,yolo11s,d1395998-7e8a-417d-91e9-5ca6ec045ee1,1,0,1,1,51,0.00460293188843,factorial_cell,,
heldout,yolo11s,d1395998-7e8a-417d-91e9-5ca6ec045ee1,1,1,0,0,51,0.00620377833798,factorial_cell,,
heldout,yolo11s,d1395998-7e8a-417d-91e9-5ca6ec045ee1,1,1,0,1,51,0.006083692065,factorial_cell,,
heldout,yolo11s,d1395998-7e8a-417d-91e9-5ca6ec045ee1,1,1,1,0,51,0.00580775469026,factorial_cell,,
heldout,yolo11s,d1395998-7e8a-417d-91e9-5ca6ec045ee1,1,1,1,1,51,0.00493809931171,factorial_cell,,
heldout,yolo11s,e72ef05c-8b94-3885-a34f-fff3b2b954b4,0,0,0,0,65,0.00510738536135,factorial_cell,,
heldout,yolo11s,e72ef05c-8b94-3885-a34f-fff3b2b954b4,0,0,0,1,65,0.0050945159422,factorial_cell,,
heldout,yolo11s,e72ef05c-8b94-3885-a34f-fff3b2b954b4,0,0,1,0,65,0.00306997850358,factorial_cell,,
heldout,yolo11s,e72ef05c-8b94-3885-a34f-fff3b2b954b4,0,0,1,1,65,0.00306406881136,factorial_cell,,
heldout,yolo11s,e72ef05c-8b94-3885-a34f-fff3b2b954b4,0,1,0,0,65,0.00529613094358,factorial_cell,,
heldout,yolo11s,e72ef05c-8b94-3885-a34f-fff3b2b954b4,0,1,0,1,65,0.00529562787165,factorial_cell,,
heldout,yolo11s,e72ef05c-8b94-3885-a34f-fff3b2b954b4,0,1,1,0,65,0.00349390039823,factorial_cell,,
heldout,yolo11s,e72ef05c-8b94-3885-a34f-fff3b2b954b4,0,1,1,1,65,0.00348687036401,factorial_cell,,
heldout,yolo11s,e72ef05c-8b94-3885-a34f-fff3b2b954b4,1,0,0,0,65,0.00471628957711,factorial_cell,,
heldout,yolo11s,e72ef05c-8b94-3885-a34f-fff3b2b954b4,1,0,0,1,65,0.00470358090742,factorial_cell,,
heldout,yolo11s,e72ef05c-8b94-3885-a34f-fff3b2b954b4,1,0,1,0,65,0.00306997850358,factorial_cell,,
heldout,yolo11s,e72ef05c-8b94-3885-a34f-fff3b2b954b4,1,0,1,1,65,0.00306406881136,factorial_cell,,
heldout,yolo11s,e72ef05c-8b94-3885-a34f-fff3b2b954b4,1,1,0,0,65,0.00471513568692,factorial_cell,,
heldout,yolo11s,e72ef05c-8b94-3885-a34f-fff3b2b954b4,1,1,0,1,65,0.00472581174368,factorial_cell,,
heldout,yolo11s,e72ef05c-8b94-3885-a34f-fff3b2b954b4,1,1,1,0,65,0.00349390039823,factorial_cell,,
heldout,yolo11s,e72ef05c-8b94-3885-a34f-fff3b2b954b4,1,1,1,1,65,0.00348687036401,factorial_cell,,
model_selection,yolo11s,0b324587-6097-3f92-a07a-a44f48c85d9e,0,0,0,0,32,0.0291039848902,factorial_cell,,
model_selection,yolo11s,0b324587-6097-3f92-a07a-a44f48c85d9e,0,0,0,1,32,0.0116382713963,factorial_cell,,
model_selection,yolo11s,0b324587-6097-3f92-a07a-a44f48c85d9e,0,0,1,0,32,0.0267650388625,factorial_cell,,
model_selection,yolo11s,0b324587-6097-3f92-a07a-a44f48c85d9e,0,0,1,1,32,0.0059222657751,factorial_cell,,
model_selection,yolo11s,0b324587-6097-3f92-a07a-a44f48c85d9e,0,1,0,0,32,0.0288146845924,factorial_cell,,
model_selection,yolo11s,0b324587-6097-3f92-a07a-a44f48c85d9e,0,1,0,1,32,0.0116140647239,factorial_cell,,
model_selection,yolo11s,0b324587-6097-3f92-a07a-a44f48c85d9e,0,1,1,0,32,0.026719443299,factorial_cell,,
model_selection,yolo11s,0b324587-6097-3f92-a07a-a44f48c85d9e,0,1,1,1,32,0.00574141497695,factorial_cell,,
model_selection,yolo11s,0b324587-6097-3f92-a07a-a44f48c85d9e,1,0,0,0,32,0.029009444542,factorial_cell,,
model_selection,yolo11s,0b324587-6097-3f92-a07a-a44f48c85d9e,1,0,0,1,32,0.0089000040858,factorial_cell,,
model_selection,yolo11s,0b324587-6097-3f92-a07a-a44f48c85d9e,1,0,1,0,32,0.0267650388625,factorial_cell,,
model_selection,yolo11s,0b324587-6097-3f92-a07a-a44f48c85d9e,1,0,1,1,32,0.0059222657751,factorial_cell,,
model_selection,yolo11s,0b324587-6097-3f92-a07a-a44f48c85d9e,1,1,0,0,32,0.0287120077181,factorial_cell,,
model_selection,yolo11s,0b324587-6097-3f92-a07a-a44f48c85d9e,1,1,0,1,32,0.0089154031354,factorial_cell,,
model_selection,yolo11s,0b324587-6097-3f92-a07a-a44f48c85d9e,1,1,1,0,32,0.026719443299,factorial_cell,,
model_selection,yolo11s,0b324587-6097-3f92-a07a-a44f48c85d9e,1,1,1,1,32,0.00574141497695,factorial_cell,,
model_selection,yolo11s,902d5e72-b665-3615-af2d-a2b6164864b2,0,0,0,0,73,0.00885708566575,factorial_cell,,
model_selection,yolo11s,902d5e72-b665-3615-af2d-a2b6164864b2,0,0,0,1,73,0.00596702513279,factorial_cell,,
model_selection,yolo11s,902d5e72-b665-3615-af2d-a2b6164864b2,0,0,1,0,73,0.00809045850706,factorial_cell,,
model_selection,yolo11s,902d5e72-b665-3615-af2d-a2b6164864b2,0,0,1,1,73,0.00397277151099,factorial_cell,,
model_selection,yolo11s,902d5e72-b665-3615-af2d-a2b6164864b2,0,1,0,0,73,0.00852163083106,factorial_cell,,
model_selection,yolo11s,902d5e72-b665-3615-af2d-a2b6164864b2,0,1,0,1,73,0.00596836246496,factorial_cell,,
model_selection,yolo11s,902d5e72-b665-3615-af2d-a2b6164864b2,0,1,1,0,73,0.00830000863031,factorial_cell,,
model_selection,yolo11s,902d5e72-b665-3615-af2d-a2b6164864b2,0,1,1,1,73,0.00411793508388,factorial_cell,,
model_selection,yolo11s,902d5e72-b665-3615-af2d-a2b6164864b2,1,0,0,0,73,0.00814908164131,factorial_cell,,
model_selection,yolo11s,902d5e72-b665-3615-af2d-a2b6164864b2,1,0,0,1,73,0.00480122587823,factorial_cell,,
model_selection,yolo11s,902d5e72-b665-3615-af2d-a2b6164864b2,1,0,1,0,73,0.00809045850706,factorial_cell,,
model_selection,yolo11s,902d5e72-b665-3615-af2d-a2b6164864b2,1,0,1,1,73,0.00397277151099,factorial_cell,,
model_selection,yolo11s,902d5e72-b665-3615-af2d-a2b6164864b2,1,1,0,0,73,0.00814913438516,factorial_cell,,
model_selection,yolo11s,902d5e72-b665-3615-af2d-a2b6164864b2,1,1,0,1,73,0.00497052905913,factorial_cell,,
model_selection,yolo11s,902d5e72-b665-3615-af2d-a2b6164864b2,1,1,1,0,73,0.00830000863031,factorial_cell,,
model_selection,yolo11s,902d5e72-b665-3615-af2d-a2b6164864b2,1,1,1,1,73,0.00411793508388,factorial_cell,,
model_selection,yolo11s,e0cfd042-ae29-3d21-bb47-81eb8f933ec8,0,0,0,0,27,0.0293650475311,factorial_cell,,
model_selection,yolo11s,e0cfd042-ae29-3d21-bb47-81eb8f933ec8,0,0,0,1,27,0.0202944361405,factorial_cell,,
model_selection,yolo11s,e0cfd042-ae29-3d21-bb47-81eb8f933ec8,0,0,1,0,27,0.0119662797124,factorial_cell,,
model_selection,yolo11s,e0cfd042-ae29-3d21-bb47-81eb8f933ec8,0,0,1,1,27,0.00834421824794,factorial_cell,,
model_selection,yolo11s,e0cfd042-ae29-3d21-bb47-81eb8f933ec8,0,1,0,0,27,0.0295702264572,factorial_cell,,
model_selection,yolo11s,e0cfd042-ae29-3d21-bb47-81eb8f933ec8,0,1,0,1,27,0.020171129588,factorial_cell,,
model_selection,yolo11s,e0cfd042-ae29-3d21-bb47-81eb8f933ec8,0,1,1,0,27,0.0119649888433,factorial_cell,,
model_selection,yolo11s,e0cfd042-ae29-3d21-bb47-81eb8f933ec8,0,1,1,1,27,0.00843526740556,factorial_cell,,
model_selection,yolo11s,e0cfd042-ae29-3d21-bb47-81eb8f933ec8,1,0,0,0,27,0.0142271043278,factorial_cell,,
model_selection,yolo11s,e0cfd042-ae29-3d21-bb47-81eb8f933ec8,1,0,0,1,27,0.01258141586,factorial_cell,,
model_selection,yolo11s,e0cfd042-ae29-3d21-bb47-81eb8f933ec8,1,0,1,0,27,0.0119662797124,factorial_cell,,
model_selection,yolo11s,e0cfd042-ae29-3d21-bb47-81eb8f933ec8,1,0,1,1,27,0.00834421824794,factorial_cell,,
model_selection,yolo11s,e0cfd042-ae29-3d21-bb47-81eb8f933ec8,1,1,0,0,27,0.0139932069306,factorial_cell,,
model_selection,yolo11s,e0cfd042-ae29-3d21-bb47-81eb8f933ec8,1,1,0,1,27,0.0125451255906,factorial_cell,,
model_selection,yolo11s,e0cfd042-ae29-3d21-bb47-81eb8f933ec8,1,1,1,0,27,0.0119649888433,factorial_cell,,
model_selection,yolo11s,e0cfd042-ae29-3d21-bb47-81eb8f933ec8,1,1,1,1,27,0.00843526740556,factorial_cell,,
development,yolo11n,1d43ed4e-e705-308a-bdfa-49d99285c42a,0,0,0,0,97,0.0071542545267,factorial_cell,,
development,yolo11n,1d43ed4e-e705-308a-bdfa-49d99285c42a,0,0,0,1,97,0.00681424037261,factorial_cell,,
development,yolo11n,1d43ed4e-e705-308a-bdfa-49d99285c42a,0,0,1,0,97,0.00475917378064,factorial_cell,,
development,yolo11n,1d43ed4e-e705-308a-bdfa-49d99285c42a,0,0,1,1,97,0.00500928781959,factorial_cell,,
development,yolo11n,1d43ed4e-e705-308a-bdfa-49d99285c42a,0,1,0,0,97,0.00687115244061,factorial_cell,,
development,yolo11n,1d43ed4e-e705-308a-bdfa-49d99285c42a,0,1,0,1,97,0.00671857536645,factorial_cell,,
development,yolo11n,1d43ed4e-e705-308a-bdfa-49d99285c42a,0,1,1,0,97,0.00475998488259,factorial_cell,,
development,yolo11n,1d43ed4e-e705-308a-bdfa-49d99285c42a,0,1,1,1,97,0.00500935563165,factorial_cell,,
development,yolo11n,1d43ed4e-e705-308a-bdfa-49d99285c42a,1,0,0,0,97,0.00633184515071,factorial_cell,,
development,yolo11n,1d43ed4e-e705-308a-bdfa-49d99285c42a,1,0,0,1,97,0.00623246231834,factorial_cell,,
development,yolo11n,1d43ed4e-e705-308a-bdfa-49d99285c42a,1,0,1,0,97,0.00475917378064,factorial_cell,,
development,yolo11n,1d43ed4e-e705-308a-bdfa-49d99285c42a,1,0,1,1,97,0.00500928781959,factorial_cell,,
development,yolo11n,1d43ed4e-e705-308a-bdfa-49d99285c42a,1,1,0,0,97,0.00633088251357,factorial_cell,,
development,yolo11n,1d43ed4e-e705-308a-bdfa-49d99285c42a,1,1,0,1,97,0.00622568182935,factorial_cell,,
development,yolo11n,1d43ed4e-e705-308a-bdfa-49d99285c42a,1,1,1,0,97,0.00475998488259,factorial_cell,,
development,yolo11n,1d43ed4e-e705-308a-bdfa-49d99285c42a,1,1,1,1,97,0.00500935563165,factorial_cell,,
development,yolo11n,366ceb72-9f11-385a-8bc9-a26a18dbdd22,0,0,0,0,74,0.0143251932074,factorial_cell,,
development,yolo11n,366ceb72-9f11-385a-8bc9-a26a18dbdd22,0,0,0,1,74,0.00841152082911,factorial_cell,,
development,yolo11n,366ceb72-9f11-385a-8bc9-a26a18dbdd22,0,0,1,0,74,0.00853229051818,factorial_cell,,
development,yolo11n,366ceb72-9f11-385a-8bc9-a26a18dbdd22,0,0,1,1,74,0.00533451848025,factorial_cell,,
development,yolo11n,366ceb72-9f11-385a-8bc9-a26a18dbdd22,0,1,0,0,74,0.0141537526567,factorial_cell,,
development,yolo11n,366ceb72-9f11-385a-8bc9-a26a18dbdd22,0,1,0,1,74,0.00804531997659,factorial_cell,,
development,yolo11n,366ceb72-9f11-385a-8bc9-a26a18dbdd22,0,1,1,0,74,0.00867449445447,factorial_cell,,
development,yolo11n,366ceb72-9f11-385a-8bc9-a26a18dbdd22,0,1,1,1,74,0.00550504339852,factorial_cell,,
development,yolo11n,366ceb72-9f11-385a-8bc9-a26a18dbdd22,1,0,0,0,74,0.0104277711087,factorial_cell,,
development,yolo11n,366ceb72-9f11-385a-8bc9-a26a18dbdd22,1,0,0,1,74,0.00683574481858,factorial_cell,,
development,yolo11n,366ceb72-9f11-385a-8bc9-a26a18dbdd22,1,0,1,0,74,0.00853229051818,factorial_cell,,
development,yolo11n,366ceb72-9f11-385a-8bc9-a26a18dbdd22,1,0,1,1,74,0.00533451848025,factorial_cell,,
development,yolo11n,366ceb72-9f11-385a-8bc9-a26a18dbdd22,1,1,0,0,74,0.0102457241335,factorial_cell,,
development,yolo11n,366ceb72-9f11-385a-8bc9-a26a18dbdd22,1,1,0,1,74,0.00657875602087,factorial_cell,,
development,yolo11n,366ceb72-9f11-385a-8bc9-a26a18dbdd22,1,1,1,0,74,0.00867449445447,factorial_cell,,
development,yolo11n,366ceb72-9f11-385a-8bc9-a26a18dbdd22,1,1,1,1,74,0.00550504339852,factorial_cell,,
development,yolo11n,4207ef92-0b3b-4708-8868-4ffcaef308e0,0,0,0,0,51,0.00724518363902,factorial_cell,,
development,yolo11n,4207ef92-0b3b-4708-8868-4ffcaef308e0,0,0,0,1,51,0.00606792925523,factorial_cell,,
development,yolo11n,4207ef92-0b3b-4708-8868-4ffcaef308e0,0,0,1,0,51,0.00653751094726,factorial_cell,,
development,yolo11n,4207ef92-0b3b-4708-8868-4ffcaef308e0,0,0,1,1,51,0.00498762553651,factorial_cell,,
development,yolo11n,4207ef92-0b3b-4708-8868-4ffcaef308e0,0,1,0,0,51,0.00754810326514,factorial_cell,,
development,yolo11n,4207ef92-0b3b-4708-8868-4ffcaef308e0,0,1,0,1,51,0.005918413679,factorial_cell,,
development,yolo11n,4207ef92-0b3b-4708-8868-4ffcaef308e0,0,1,1,0,51,0.00645400724628,factorial_cell,,
development,yolo11n,4207ef92-0b3b-4708-8868-4ffcaef308e0,0,1,1,1,51,0.00500703846764,factorial_cell,,
development,yolo11n,4207ef92-0b3b-4708-8868-4ffcaef308e0,1,0,0,0,51,0.00868821202407,factorial_cell,,
development,yolo11n,4207ef92-0b3b-4708-8868-4ffcaef308e0,1,0,0,1,51,0.00618349483169,factorial_cell,,
development,yolo11n,4207ef92-0b3b-4708-8868-4ffcaef308e0,1,0,1,0,51,0.00653751094726,factorial_cell,,
development,yolo11n,4207ef92-0b3b-4708-8868-4ffcaef308e0,1,0,1,1,51,0.00498762553651,factorial_cell,,
development,yolo11n,4207ef92-0b3b-4708-8868-4ffcaef308e0,1,1,0,0,51,0.00827159630979,factorial_cell,,
development,yolo11n,4207ef92-0b3b-4708-8868-4ffcaef308e0,1,1,0,1,51,0.00600192544305,factorial_cell,,
development,yolo11n,4207ef92-0b3b-4708-8868-4ffcaef308e0,1,1,1,0,51,0.00645400724628,factorial_cell,,
development,yolo11n,4207ef92-0b3b-4708-8868-4ffcaef308e0,1,1,1,1,51,0.00500703846764,factorial_cell,,
development,yolo11n,633addf9-441c-35e7-868a-738aa612d51c,0,0,0,0,86,0.00986219978127,factorial_cell,,
development,yolo11n,633addf9-441c-35e7-868a-738aa612d51c,0,0,0,1,86,0.00732068970193,factorial_cell,,
development,yolo11n,633addf9-441c-35e7-868a-738aa612d51c,0,0,1,0,86,0.00829541731475,factorial_cell,,
development,yolo11n,633addf9-441c-35e7-868a-738aa612d51c,0,0,1,1,86,0.005826155597,factorial_cell,,
development,yolo11n,633addf9-441c-35e7-868a-738aa612d51c,0,1,0,0,86,0.00966824045135,factorial_cell,,
development,yolo11n,633addf9-441c-35e7-868a-738aa612d51c,0,1,0,1,86,0.00710487257456,factorial_cell,,
development,yolo11n,633addf9-441c-35e7-868a-738aa612d51c,0,1,1,0,86,0.0083014685351,factorial_cell,,
development,yolo11n,633addf9-441c-35e7-868a-738aa612d51c,0,1,1,1,86,0.00590773545763,factorial_cell,,
development,yolo11n,633addf9-441c-35e7-868a-738aa612d51c,1,0,0,0,86,0.00895425313089,factorial_cell,,
development,yolo11n,633addf9-441c-35e7-868a-738aa612d51c,1,0,0,1,86,0.00709427863289,factorial_cell,,
development,yolo11n,633addf9-441c-35e7-868a-738aa612d51c,1,0,1,0,86,0.00829541731475,factorial_cell,,
development,yolo11n,633addf9-441c-35e7-868a-738aa612d51c,1,0,1,1,86,0.005826155597,factorial_cell,,
development,yolo11n,633addf9-441c-35e7-868a-738aa612d51c,1,1,0,0,86,0.00893157632117,factorial_cell,,
development,yolo11n,633addf9-441c-35e7-868a-738aa612d51c,1,1,0,1,86,0.00705760836149,factorial_cell,,
development,yolo11n,633addf9-441c-35e7-868a-738aa612d51c,1,1,1,0,86,0.0083014685351,factorial_cell,,
development,yolo11n,633addf9-441c-35e7-868a-738aa612d51c,1,1,1,1,86,0.00590773545763,factorial_cell,,
development,yolo11n,74f15437-b85e-314a-9d86-7294b98bf07f,0,0,0,0,56,0.0179123180835,factorial_cell,,
development,yolo11n,74f15437-b85e-314a-9d86-7294b98bf07f,0,0,0,1,56,0.0105592614068,factorial_cell,,
development,yolo11n,74f15437-b85e-314a-9d86-7294b98bf07f,0,0,1,0,56,0.0157797948767,factorial_cell,,
development,yolo11n,74f15437-b85e-314a-9d86-7294b98bf07f,0,0,1,1,56,0.00814984064937,factorial_cell,,
development,yolo11n,74f15437-b85e-314a-9d86-7294b98bf07f,0,1,0,0,56,0.0192117922052,factorial_cell,,
development,yolo11n,74f15437-b85e-314a-9d86-7294b98bf07f,0,1,0,1,56,0.0106743081384,factorial_cell,,
development,yolo11n,74f15437-b85e-314a-9d86-7294b98bf07f,0,1,1,0,56,0.0157812587856,factorial_cell,,
development,yolo11n,74f15437-b85e-314a-9d86-7294b98bf07f,0,1,1,1,56,0.0078002787578,factorial_cell,,
development,yolo11n,74f15437-b85e-314a-9d86-7294b98bf07f,1,0,0,0,56,0.0180477746864,factorial_cell,,
development,yolo11n,74f15437-b85e-314a-9d86-7294b98bf07f,1,0,0,1,56,0.00986173062426,factorial_cell,,
development,yolo11n,74f15437-b85e-314a-9d86-7294b98bf07f,1,0,1,0,56,0.0157797948767,factorial_cell,,
development,yolo11n,74f15437-b85e-314a-9d86-7294b98bf07f,1,0,1,1,56,0.00814984064937,factorial_cell,,
development,yolo11n,74f15437-b85e-314a-9d86-7294b98bf07f,1,1,0,0,56,0.018087484314,factorial_cell,,
development,yolo11n,74f15437-b85e-314a-9d86-7294b98bf07f,1,1,0,1,56,0.00923652916727,factorial_cell,,
development,yolo11n,74f15437-b85e-314a-9d86-7294b98bf07f,1,1,1,0,56,0.0157812587856,factorial_cell,,
development,yolo11n,74f15437-b85e-314a-9d86-7294b98bf07f,1,1,1,1,56,0.0078002787578,factorial_cell,,
development,yolo11n,8a0ff1a2-9045-3be3-b67f-3914d88178ec,0,0,0,0,89,0.00896982792216,factorial_cell,,
development,yolo11n,8a0ff1a2-9045-3be3-b67f-3914d88178ec,0,0,0,1,89,0.00750619384104,factorial_cell,,
development,yolo11n,8a0ff1a2-9045-3be3-b67f-3914d88178ec,0,0,1,0,89,0.00698158007386,factorial_cell,,
development,yolo11n,8a0ff1a2-9045-3be3-b67f-3914d88178ec,0,0,1,1,89,0.00525389890647,factorial_cell,,
development,yolo11n,8a0ff1a2-9045-3be3-b67f-3914d88178ec,0,1,0,0,89,0.00826593529058,factorial_cell,,
development,yolo11n,8a0ff1a2-9045-3be3-b67f-3914d88178ec,0,1,0,1,89,0.00693881240451,factorial_cell,,
development,yolo11n,8a0ff1a2-9045-3be3-b67f-3914d88178ec,0,1,1,0,89,0.00698176895113,factorial_cell,,
development,yolo11n,8a0ff1a2-9045-3be3-b67f-3914d88178ec,0,1,1,1,89,0.00527894885205,factorial_cell,,
development,yolo11n,8a0ff1a2-9045-3be3-b67f-3914d88178ec,1,0,0,0,89,0.00840789425195,factorial_cell,,
development,yolo11n,8a0ff1a2-9045-3be3-b67f-3914d88178ec,1,0,0,1,89,0.00667349880429,factorial_cell,,
development,yolo11n,8a0ff1a2-9045-3be3-b67f-3914d88178ec,1,0,1,0,89,0.00698158007386,factorial_cell,,
development,yolo11n,8a0ff1a2-9045-3be3-b67f-3914d88178ec,1,0,1,1,89,0.00525389890647,factorial_cell,,
development,yolo11n,8a0ff1a2-9045-3be3-b67f-3914d88178ec,1,1,0,0,89,0.00822191587311,factorial_cell,,
development,yolo11n,8a0ff1a2-9045-3be3-b67f-3914d88178ec,1,1,0,1,89,0.00659745880157,factorial_cell,,
development,yolo11n,8a0ff1a2-9045-3be3-b67f-3914d88178ec,1,1,1,0,89,0.00698176895113,factorial_cell,,
development,yolo11n,8a0ff1a2-9045-3be3-b67f-3914d88178ec,1,1,1,1,89,0.00527894885205,factorial_cell,,
development,yolo11n,97738d01-b24f-365e-8818-2463149154d2,0,0,0,0,45,0.012889633987,factorial_cell,,
development,yolo11n,97738d01-b24f-365e-8818-2463149154d2,0,0,0,1,45,0.00834940676432,factorial_cell,,
development,yolo11n,97738d01-b24f-365e-8818-2463149154d2,0,0,1,0,45,0.00934540990119,factorial_cell,,
development,yolo11n,97738d01-b24f-365e-8818-2463149154d2,0,0,1,1,45,0.00552943768045,factorial_cell,,
development,yolo11n,97738d01-b24f-365e-8818-2463149154d2,0,1,0,0,45,0.0128762511176,factorial_cell,,
development,yolo11n,97738d01-b24f-365e-8818-2463149154d2,0,1,0,1,45,0.00818345091476,factorial_cell,,
development,yolo11n,97738d01-b24f-365e-8818-2463149154d2,0,1,1,0,45,0.0093209431223,factorial_cell,,
development,yolo11n,97738d01-b24f-365e-8818-2463149154d2,0,1,1,1,45,0.00545702988877,factorial_cell,,
development,yolo11n,97738d01-b24f-365e-8818-2463149154d2,1,0,0,0,45,0.0114542315017,factorial_cell,,
development,yolo11n,97738d01-b24f-365e-8818-2463149154d2,1,0,0,1,45,0.00729793563407,factorial_cell,,
development,yolo11n,97738d01-b24f-365e-8818-2463149154d2,1,0,1,0,45,0.00934540990119,factorial_cell,,
development,yolo11n,97738d01-b24f-365e-8818-2463149154d2,1,0,1,1,45,0.00552943768045,factorial_cell,,
development,yolo11n,97738d01-b24f-365e-8818-2463149154d2,1,1,0,0,45,0.0114673349792,factorial_cell,,
development,yolo11n,97738d01-b24f-365e-8818-2463149154d2,1,1,0,1,45,0.00673581544747,factorial_cell,,
development,yolo11n,97738d01-b24f-365e-8818-2463149154d2,1,1,1,0,45,0.0093209431223,factorial_cell,,
development,yolo11n,97738d01-b24f-365e-8818-2463149154d2,1,1,1,1,45,0.00545702988877,factorial_cell,,
development,yolo11n,ab83611b-436e-3de7-aad1-f0c9ad254196,0,0,0,0,50,0.00742155216576,factorial_cell,,
development,yolo11n,ab83611b-436e-3de7-aad1-f0c9ad254196,0,0,0,1,50,0.00745168889124,factorial_cell,,
development,yolo11n,ab83611b-436e-3de7-aad1-f0c9ad254196,0,0,1,0,50,0.00548067447848,factorial_cell,,
development,yolo11n,ab83611b-436e-3de7-aad1-f0c9ad254196,0,0,1,1,50,0.00531459611071,factorial_cell,,
development,yolo11n,ab83611b-436e-3de7-aad1-f0c9ad254196,0,1,0,0,50,0.00729247292325,factorial_cell,,
development,yolo11n,ab83611b-436e-3de7-aad1-f0c9ad254196,0,1,0,1,50,0.00728980624878,factorial_cell,,
development,yolo11n,ab83611b-436e-3de7-aad1-f0c9ad254196,0,1,1,0,50,0.00546910224556,factorial_cell,,
development,yolo11n,ab83611b-436e-3de7-aad1-f0c9ad254196,0,1,1,1,50,0.00523513935275,factorial_cell,,
development,yolo11n,ab83611b-436e-3de7-aad1-f0c9ad254196,1,0,0,0,50,0.00767663947113,factorial_cell,,
development,yolo11n,ab83611b-436e-3de7-aad1-f0c9ad254196,1,0,0,1,50,0.0074177331712,factorial_cell,,
development,yolo11n,ab83611b-436e-3de7-aad1-f0c9ad254196,1,0,1,0,50,0.00548067447848,factorial_cell,,
development,yolo11n,ab83611b-436e-3de7-aad1-f0c9ad254196,1,0,1,1,50,0.00531459611071,factorial_cell,,
development,yolo11n,ab83611b-436e-3de7-aad1-f0c9ad254196,1,1,0,0,50,0.00760678771434,factorial_cell,,
development,yolo11n,ab83611b-436e-3de7-aad1-f0c9ad254196,1,1,0,1,50,0.00732548943713,factorial_cell,,
development,yolo11n,ab83611b-436e-3de7-aad1-f0c9ad254196,1,1,1,0,50,0.00546910224556,factorial_cell,,
development,yolo11n,ab83611b-436e-3de7-aad1-f0c9ad254196,1,1,1,1,50,0.00523513935275,factorial_cell,,
development,yolo11n,d20c3612-a64d-3aa8-bd4a-58890413afbb,0,0,0,0,54,0.00904361645638,factorial_cell,,
development,yolo11n,d20c3612-a64d-3aa8-bd4a-58890413afbb,0,0,0,1,54,0.00763559954423,factorial_cell,,
development,yolo11n,d20c3612-a64d-3aa8-bd4a-58890413afbb,0,0,1,0,54,0.00663216851347,factorial_cell,,
development,yolo11n,d20c3612-a64d-3aa8-bd4a-58890413afbb,0,0,1,1,54,0.00510258219789,factorial_cell,,
development,yolo11n,d20c3612-a64d-3aa8-bd4a-58890413afbb,0,1,0,0,54,0.00913248749842,factorial_cell,,
development,yolo11n,d20c3612-a64d-3aa8-bd4a-58890413afbb,0,1,0,1,54,0.007283498563,factorial_cell,,
development,yolo11n,d20c3612-a64d-3aa8-bd4a-58890413afbb,0,1,1,0,54,0.00600915697884,factorial_cell,,
development,yolo11n,d20c3612-a64d-3aa8-bd4a-58890413afbb,0,1,1,1,54,0.00442188645691,factorial_cell,,
development,yolo11n,d20c3612-a64d-3aa8-bd4a-58890413afbb,1,0,0,0,54,0.00710980641622,factorial_cell,,
development,yolo11n,d20c3612-a64d-3aa8-bd4a-58890413afbb,1,0,0,1,54,0.00757929727387,factorial_cell,,
development,yolo11n,d20c3612-a64d-3aa8-bd4a-58890413afbb,1,0,1,0,54,0.00663216851347,factorial_cell,,
development,yolo11n,d20c3612-a64d-3aa8-bd4a-58890413afbb,1,0,1,1,54,0.00510258219789,factorial_cell,,
development,yolo11n,d20c3612-a64d-3aa8-bd4a-58890413afbb,1,1,0,0,54,0.00711300463547,factorial_cell,,
development,yolo11n,d20c3612-a64d-3aa8-bd4a-58890413afbb,1,1,0,1,54,0.00732971002901,factorial_cell,,
development,yolo11n,d20c3612-a64d-3aa8-bd4a-58890413afbb,1,1,1,0,54,0.00600915697884,factorial_cell,,
development,yolo11n,d20c3612-a64d-3aa8-bd4a-58890413afbb,1,1,1,1,54,0.00442188645691,factorial_cell,,
development,yolo11n,f3cc42c7-84a8-35c5-8683-13878bb9beeb,0,0,0,0,78,0.0113591642208,factorial_cell,,
development,yolo11n,f3cc42c7-84a8-35c5-8683-13878bb9beeb,0,0,0,1,78,0.00908170821657,factorial_cell,,
development,yolo11n,f3cc42c7-84a8-35c5-8683-13878bb9beeb,0,0,1,0,78,0.00773607099352,factorial_cell,,
development,yolo11n,f3cc42c7-84a8-35c5-8683-13878bb9beeb,0,0,1,1,78,0.00585267669949,factorial_cell,,
development,yolo11n,f3cc42c7-84a8-35c5-8683-13878bb9beeb,0,1,0,0,78,0.0113946043793,factorial_cell,,
development,yolo11n,f3cc42c7-84a8-35c5-8683-13878bb9beeb,0,1,0,1,78,0.00940286410023,factorial_cell,,
development,yolo11n,f3cc42c7-84a8-35c5-8683-13878bb9beeb,0,1,1,0,78,0.00775903814865,factorial_cell,,
development,yolo11n,f3cc42c7-84a8-35c5-8683-13878bb9beeb,0,1,1,1,78,0.00566851035675,factorial_cell,,
development,yolo11n,f3cc42c7-84a8-35c5-8683-13878bb9beeb,1,0,0,0,78,0.00895981262075,factorial_cell,,
development,yolo11n,f3cc42c7-84a8-35c5-8683-13878bb9beeb,1,0,0,1,78,0.00818781256563,factorial_cell,,
development,yolo11n,f3cc42c7-84a8-35c5-8683-13878bb9beeb,1,0,1,0,78,0.00773607099352,factorial_cell,,
development,yolo11n,f3cc42c7-84a8-35c5-8683-13878bb9beeb,1,0,1,1,78,0.00585267669949,factorial_cell,,
development,yolo11n,f3cc42c7-84a8-35c5-8683-13878bb9beeb,1,1,0,0,78,0.00891300711964,factorial_cell,,
development,yolo11n,f3cc42c7-84a8-35c5-8683-13878bb9beeb,1,1,0,1,78,0.00793162496836,factorial_cell,,
development,yolo11n,f3cc42c7-84a8-35c5-8683-13878bb9beeb,1,1,1,0,78,0.00775903814865,factorial_cell,,
development,yolo11n,f3cc42c7-84a8-35c5-8683-13878bb9beeb,1,1,1,1,78,0.00566851035675,factorial_cell,,
heldout,yolo11n,0fb7276f-ecb5-3e5b-87a8-cc74c709c715,0,0,0,0,48,0.017612629385,factorial_cell,,
heldout,yolo11n,0fb7276f-ecb5-3e5b-87a8-cc74c709c715,0,0,0,1,48,0.00841330502556,factorial_cell,,
heldout,yolo11n,0fb7276f-ecb5-3e5b-87a8-cc74c709c715,0,0,1,0,48,0.0115886472798,factorial_cell,,
heldout,yolo11n,0fb7276f-ecb5-3e5b-87a8-cc74c709c715,0,0,1,1,48,0.00478462113495,factorial_cell,,
heldout,yolo11n,0fb7276f-ecb5-3e5b-87a8-cc74c709c715,0,1,0,0,48,0.0159930168637,factorial_cell,,
heldout,yolo11n,0fb7276f-ecb5-3e5b-87a8-cc74c709c715,0,1,0,1,48,0.0082764333114,factorial_cell,,
heldout,yolo11n,0fb7276f-ecb5-3e5b-87a8-cc74c709c715,0,1,1,0,48,0.0115882437643,factorial_cell,,
heldout,yolo11n,0fb7276f-ecb5-3e5b-87a8-cc74c709c715,0,1,1,1,48,0.0046457755656,factorial_cell,,
heldout,yolo11n,0fb7276f-ecb5-3e5b-87a8-cc74c709c715,1,0,0,0,48,0.0113624621847,factorial_cell,,
heldout,yolo11n,0fb7276f-ecb5-3e5b-87a8-cc74c709c715,1,0,0,1,48,0.00710941246916,factorial_cell,,
heldout,yolo11n,0fb7276f-ecb5-3e5b-87a8-cc74c709c715,1,0,1,0,48,0.0115886472798,factorial_cell,,
heldout,yolo11n,0fb7276f-ecb5-3e5b-87a8-cc74c709c715,1,0,1,1,48,0.00478462113495,factorial_cell,,
heldout,yolo11n,0fb7276f-ecb5-3e5b-87a8-cc74c709c715,1,1,0,0,48,0.0113401563367,factorial_cell,,
heldout,yolo11n,0fb7276f-ecb5-3e5b-87a8-cc74c709c715,1,1,0,1,48,0.0072149679667,factorial_cell,,
heldout,yolo11n,0fb7276f-ecb5-3e5b-87a8-cc74c709c715,1,1,1,0,48,0.0115882437643,factorial_cell,,
heldout,yolo11n,0fb7276f-ecb5-3e5b-87a8-cc74c709c715,1,1,1,1,48,0.0046457755656,factorial_cell,,
heldout,yolo11n,29a00842-ead2-3050-b587-c5ef507e4125,0,0,0,0,100,0.0124097183071,factorial_cell,,
heldout,yolo11n,29a00842-ead2-3050-b587-c5ef507e4125,0,0,0,1,100,0.00879792916468,factorial_cell,,
heldout,yolo11n,29a00842-ead2-3050-b587-c5ef507e4125,0,0,1,0,100,0.00889954241404,factorial_cell,,
heldout,yolo11n,29a00842-ead2-3050-b587-c5ef507e4125,0,0,1,1,100,0.00515202089736,factorial_cell,,
heldout,yolo11n,29a00842-ead2-3050-b587-c5ef507e4125,0,1,0,0,100,0.0123983595882,factorial_cell,,
heldout,yolo11n,29a00842-ead2-3050-b587-c5ef507e4125,0,1,0,1,100,0.0085801763926,factorial_cell,,
heldout,yolo11n,29a00842-ead2-3050-b587-c5ef507e4125,0,1,1,0,100,0.00889476645871,factorial_cell,,
heldout,yolo11n,29a00842-ead2-3050-b587-c5ef507e4125,0,1,1,1,100,0.00516970404346,factorial_cell,,
heldout,yolo11n,29a00842-ead2-3050-b587-c5ef507e4125,1,0,0,0,100,0.00963748869845,factorial_cell,,
heldout,yolo11n,29a00842-ead2-3050-b587-c5ef507e4125,1,0,0,1,100,0.00656311196125,factorial_cell,,
heldout,yolo11n,29a00842-ead2-3050-b587-c5ef507e4125,1,0,1,0,100,0.00889954241404,factorial_cell,,
heldout,yolo11n,29a00842-ead2-3050-b587-c5ef507e4125,1,0,1,1,100,0.00515202089736,factorial_cell,,
heldout,yolo11n,29a00842-ead2-3050-b587-c5ef507e4125,1,1,0,0,100,0.00964691825044,factorial_cell,,
heldout,yolo11n,29a00842-ead2-3050-b587-c5ef507e4125,1,1,0,1,100,0.00651659954207,factorial_cell,,
heldout,yolo11n,29a00842-ead2-3050-b587-c5ef507e4125,1,1,1,0,100,0.00889476645871,factorial_cell,,
heldout,yolo11n,29a00842-ead2-3050-b587-c5ef507e4125,1,1,1,1,100,0.00516970404346,factorial_cell,,
heldout,yolo11n,58e82365-03bc-3b2f-b55a-a4ad0e3e792d,0,0,0,0,36,0.00819983814823,factorial_cell,,
heldout,yolo11n,58e82365-03bc-3b2f-b55a-a4ad0e3e792d,0,0,0,1,36,0.00761270034338,factorial_cell,,
heldout,yolo11n,58e82365-03bc-3b2f-b55a-a4ad0e3e792d,0,0,1,0,36,0.00520028575365,factorial_cell,,
heldout,yolo11n,58e82365-03bc-3b2f-b55a-a4ad0e3e792d,0,0,1,1,36,0.00527986529875,factorial_cell,,
heldout,yolo11n,58e82365-03bc-3b2f-b55a-a4ad0e3e792d,0,1,0,0,36,0.00827003825629,factorial_cell,,
heldout,yolo11n,58e82365-03bc-3b2f-b55a-a4ad0e3e792d,0,1,0,1,36,0.00752266130927,factorial_cell,,
heldout,yolo11n,58e82365-03bc-3b2f-b55a-a4ad0e3e792d,0,1,1,0,36,0.00520366924442,factorial_cell,,
heldout,yolo11n,58e82365-03bc-3b2f-b55a-a4ad0e3e792d,0,1,1,1,36,0.0052660148849,factorial_cell,,
heldout,yolo11n,58e82365-03bc-3b2f-b55a-a4ad0e3e792d,1,0,0,0,36,0.00765677508395,factorial_cell,,
heldout,yolo11n,58e82365-03bc-3b2f-b55a-a4ad0e3e792d,1,0,0,1,36,0.00559408922491,factorial_cell,,
heldout,yolo11n,58e82365-03bc-3b2f-b55a-a4ad0e3e792d,1,0,1,0,36,0.00520028575365,factorial_cell,,
heldout,yolo11n,58e82365-03bc-3b2f-b55a-a4ad0e3e792d,1,0,1,1,36,0.00527986529875,factorial_cell,,
heldout,yolo11n,58e82365-03bc-3b2f-b55a-a4ad0e3e792d,1,1,0,0,36,0.00761223700168,factorial_cell,,
heldout,yolo11n,58e82365-03bc-3b2f-b55a-a4ad0e3e792d,1,1,0,1,36,0.00522027409263,factorial_cell,,
heldout,yolo11n,58e82365-03bc-3b2f-b55a-a4ad0e3e792d,1,1,1,0,36,0.00520366924442,factorial_cell,,
heldout,yolo11n,58e82365-03bc-3b2f-b55a-a4ad0e3e792d,1,1,1,1,36,0.0052660148849,factorial_cell,,
heldout,yolo11n,95bf6003-7068-3a78-a0c0-9e470a06e60f,0,0,0,0,76,0.00783606474461,factorial_cell,,
heldout,yolo11n,95bf6003-7068-3a78-a0c0-9e470a06e60f,0,0,0,1,76,0.00690732229635,factorial_cell,,
heldout,yolo11n,95bf6003-7068-3a78-a0c0-9e470a06e60f,0,0,1,0,76,0.00684141291288,factorial_cell,,
heldout,yolo11n,95bf6003-7068-3a78-a0c0-9e470a06e60f,0,0,1,1,76,0.00498350197547,factorial_cell,,
heldout,yolo11n,95bf6003-7068-3a78-a0c0-9e470a06e60f,0,1,0,0,76,0.00800623666686,factorial_cell,,
heldout,yolo11n,95bf6003-7068-3a78-a0c0-9e470a06e60f,0,1,0,1,76,0.0067165386723,factorial_cell,,
heldout,yolo11n,95bf6003-7068-3a78-a0c0-9e470a06e60f,0,1,1,0,76,0.00684558121681,factorial_cell,,
heldout,yolo11n,95bf6003-7068-3a78-a0c0-9e470a06e60f,0,1,1,1,76,0.0049760901727,factorial_cell,,
heldout,yolo11n,95bf6003-7068-3a78-a0c0-9e470a06e60f,1,0,0,0,76,0.00808311565553,factorial_cell,,
heldout,yolo11n,95bf6003-7068-3a78-a0c0-9e470a06e60f,1,0,0,1,76,0.00616541619181,factorial_cell,,
heldout,yolo11n,95bf6003-7068-3a78-a0c0-9e470a06e60f,1,0,1,0,76,0.00684141291288,factorial_cell,,
heldout,yolo11n,95bf6003-7068-3a78-a0c0-9e470a06e60f,1,0,1,1,76,0.00498350197547,factorial_cell,,
heldout,yolo11n,95bf6003-7068-3a78-a0c0-9e470a06e60f,1,1,0,0,76,0.00808302344344,factorial_cell,,
heldout,yolo11n,95bf6003-7068-3a78-a0c0-9e470a06e60f,1,1,0,1,76,0.00610970174512,factorial_cell,,
heldout,yolo11n,95bf6003-7068-3a78-a0c0-9e470a06e60f,1,1,1,0,76,0.00684558121681,factorial_cell,,
heldout,yolo11n,95bf6003-7068-3a78-a0c0-9e470a06e60f,1,1,1,1,76,0.0049760901727,factorial_cell,,
heldout,yolo11n,cae56e40-8470-3c9c-af75-6e444189488f,0,0,0,0,84,0.00958594056358,factorial_cell,,
heldout,yolo11n,cae56e40-8470-3c9c-af75-6e444189488f,0,0,0,1,84,0.00661866998591,factorial_cell,,
heldout,yolo11n,cae56e40-8470-3c9c-af75-6e444189488f,0,0,1,0,84,0.00743586459427,factorial_cell,,
heldout,yolo11n,cae56e40-8470-3c9c-af75-6e444189488f,0,0,1,1,84,0.00499232741576,factorial_cell,,
heldout,yolo11n,cae56e40-8470-3c9c-af75-6e444189488f,0,1,0,0,84,0.00966462708396,factorial_cell,,
heldout,yolo11n,cae56e40-8470-3c9c-af75-6e444189488f,0,1,0,1,84,0.006368167452,factorial_cell,,
heldout,yolo11n,cae56e40-8470-3c9c-af75-6e444189488f,0,1,1,0,84,0.00740012684753,factorial_cell,,
heldout,yolo11n,cae56e40-8470-3c9c-af75-6e444189488f,0,1,1,1,84,0.00489635443417,factorial_cell,,
heldout,yolo11n,cae56e40-8470-3c9c-af75-6e444189488f,1,0,0,0,84,0.00733144871352,factorial_cell,,
heldout,yolo11n,cae56e40-8470-3c9c-af75-6e444189488f,1,0,0,1,84,0.00531698774505,factorial_cell,,
heldout,yolo11n,cae56e40-8470-3c9c-af75-6e444189488f,1,0,1,0,84,0.00743586459427,factorial_cell,,
heldout,yolo11n,cae56e40-8470-3c9c-af75-6e444189488f,1,0,1,1,84,0.00499232741576,factorial_cell,,
heldout,yolo11n,cae56e40-8470-3c9c-af75-6e444189488f,1,1,0,0,84,0.00742155058403,factorial_cell,,
heldout,yolo11n,cae56e40-8470-3c9c-af75-6e444189488f,1,1,0,1,84,0.0052939687238,factorial_cell,,
heldout,yolo11n,cae56e40-8470-3c9c-af75-6e444189488f,1,1,1,0,84,0.00740012684753,factorial_cell,,
heldout,yolo11n,cae56e40-8470-3c9c-af75-6e444189488f,1,1,1,1,84,0.00489635443417,factorial_cell,,
heldout,yolo11n,e50e7698-de3d-355f-aca2-eddd09c09533,0,0,0,0,60,0.0215030382934,factorial_cell,,
heldout,yolo11n,e50e7698-de3d-355f-aca2-eddd09c09533,0,0,0,1,60,0.00966081709757,factorial_cell,,
heldout,yolo11n,e50e7698-de3d-355f-aca2-eddd09c09533,0,0,1,0,60,0.0184276012104,factorial_cell,,
heldout,yolo11n,e50e7698-de3d-355f-aca2-eddd09c09533,0,0,1,1,60,0.00646109572385,factorial_cell,,
heldout,yolo11n,e50e7698-de3d-355f-aca2-eddd09c09533,0,1,0,0,60,0.0231919666645,factorial_cell,,
heldout,yolo11n,e50e7698-de3d-355f-aca2-eddd09c09533,0,1,0,1,60,0.00940367811849,factorial_cell,,
heldout,yolo11n,e50e7698-de3d-355f-aca2-eddd09c09533,0,1,1,0,60,0.0184217973959,factorial_cell,,
heldout,yolo11n,e50e7698-de3d-355f-aca2-eddd09c09533,0,1,1,1,60,0.00626073190629,factorial_cell,,
heldout,yolo11n,e50e7698-de3d-355f-aca2-eddd09c09533,1,0,0,0,60,0.0194437600393,factorial_cell,,
heldout,yolo11n,e50e7698-de3d-355f-aca2-eddd09c09533,1,0,0,1,60,0.0078616517397,factorial_cell,,
heldout,yolo11n,e50e7698-de3d-355f-aca2-eddd09c09533,1,0,1,0,60,0.0184276012104,factorial_cell,,
heldout,yolo11n,e50e7698-de3d-355f-aca2-eddd09c09533,1,0,1,1,60,0.00646109572385,factorial_cell,,
heldout,yolo11n,e50e7698-de3d-355f-aca2-eddd09c09533,1,1,0,0,60,0.0191697683826,factorial_cell,,
heldout,yolo11n,e50e7698-de3d-355f-aca2-eddd09c09533,1,1,0,1,60,0.0076337666246,factorial_cell,,
heldout,yolo11n,e50e7698-de3d-355f-aca2-eddd09c09533,1,1,1,0,60,0.0184217973959,factorial_cell,,
heldout,yolo11n,e50e7698-de3d-355f-aca2-eddd09c09533,1,1,1,1,60,0.00626073190629,factorial_cell,,
model_selection,yolo11n,069cc46d-38bb-309d-88cf-296a3d0c0820,0,0,0,0,84,0.0125660702535,factorial_cell,,
model_selection,yolo11n,069cc46d-38bb-309d-88cf-296a3d0c0820,0,0,0,1,84,0.00843342161258,factorial_cell,,
model_selection,yolo11n,069cc46d-38bb-309d-88cf-296a3d0c0820,0,0,1,0,84,0.0108729219421,factorial_cell,,
model_selection,yolo11n,069cc46d-38bb-309d-88cf-296a3d0c0820,0,0,1,1,84,0.00640955848291,factorial_cell,,
model_selection,yolo11n,069cc46d-38bb-309d-88cf-296a3d0c0820,0,1,0,0,84,0.0128137817988,factorial_cell,,
model_selection,yolo11n,069cc46d-38bb-309d-88cf-296a3d0c0820,0,1,0,1,84,0.00809228533656,factorial_cell,,
model_selection,yolo11n,069cc46d-38bb-309d-88cf-296a3d0c0820,0,1,1,0,84,0.0107456321137,factorial_cell,,
model_selection,yolo11n,069cc46d-38bb-309d-88cf-296a3d0c0820,0,1,1,1,84,0.00683865278017,factorial_cell,,
model_selection,yolo11n,069cc46d-38bb-309d-88cf-296a3d0c0820,1,0,0,0,84,0.0116026923915,factorial_cell,,
model_selection,yolo11n,069cc46d-38bb-309d-88cf-296a3d0c0820,1,0,0,1,84,0.00676921029664,factorial_cell,,
model_selection,yolo11n,069cc46d-38bb-309d-88cf-296a3d0c0820,1,0,1,0,84,0.0108729219421,factorial_cell,,
model_selection,yolo11n,069cc46d-38bb-309d-88cf-296a3d0c0820,1,0,1,1,84,0.00640955848291,factorial_cell,,
model_selection,yolo11n,069cc46d-38bb-309d-88cf-296a3d0c0820,1,1,0,0,84,0.0116334102225,factorial_cell,,
model_selection,yolo11n,069cc46d-38bb-309d-88cf-296a3d0c0820,1,1,0,1,84,0.00645057923789,factorial_cell,,
model_selection,yolo11n,069cc46d-38bb-309d-88cf-296a3d0c0820,1,1,1,0,84,0.0107456321137,factorial_cell,,
model_selection,yolo11n,069cc46d-38bb-309d-88cf-296a3d0c0820,1,1,1,1,84,0.00683865278017,factorial_cell,,
model_selection,yolo11n,8feb3dbe-4450-3aeb-b22b-e65128aa696b,0,0,0,0,3,0.00806465176138,factorial_cell,,
model_selection,yolo11n,8feb3dbe-4450-3aeb-b22b-e65128aa696b,0,0,0,1,3,0.00298371964027,factorial_cell,,
model_selection,yolo11n,8feb3dbe-4450-3aeb-b22b-e65128aa696b,0,0,1,0,3,0.0102339142477,factorial_cell,,
model_selection,yolo11n,8feb3dbe-4450-3aeb-b22b-e65128aa696b,0,0,1,1,3,0.00275609513781,factorial_cell,,
model_selection,yolo11n,8feb3dbe-4450-3aeb-b22b-e65128aa696b,0,1,0,0,3,0.00810232004618,factorial_cell,,
model_selection,yolo11n,8feb3dbe-4450-3aeb-b22b-e65128aa696b,0,1,0,1,3,0.0029845288652,factorial_cell,,
model_selection,yolo11n,8feb3dbe-4450-3aeb-b22b-e65128aa696b,0,1,1,0,3,0.010233556044,factorial_cell,,
model_selection,yolo11n,8feb3dbe-4450-3aeb-b22b-e65128aa696b,0,1,1,1,3,0.00275676937151,factorial_cell,,
model_selection,yolo11n,8feb3dbe-4450-3aeb-b22b-e65128aa696b,1,0,0,0,3,0.0102967316098,factorial_cell,,
model_selection,yolo11n,8feb3dbe-4450-3aeb-b22b-e65128aa696b,1,0,0,1,3,0.00298371964027,factorial_cell,,
model_selection,yolo11n,8feb3dbe-4450-3aeb-b22b-e65128aa696b,1,0,1,0,3,0.0102339142477,factorial_cell,,
model_selection,yolo11n,8feb3dbe-4450-3aeb-b22b-e65128aa696b,1,0,1,1,3,0.00275609513781,factorial_cell,,
model_selection,yolo11n,8feb3dbe-4450-3aeb-b22b-e65128aa696b,1,1,0,0,3,0.0102951970231,factorial_cell,,
model_selection,yolo11n,8feb3dbe-4450-3aeb-b22b-e65128aa696b,1,1,0,1,3,0.0029845288652,factorial_cell,,
model_selection,yolo11n,8feb3dbe-4450-3aeb-b22b-e65128aa696b,1,1,1,0,3,0.010233556044,factorial_cell,,
model_selection,yolo11n,8feb3dbe-4450-3aeb-b22b-e65128aa696b,1,1,1,1,3,0.00275676937151,factorial_cell,,
model_selection,yolo11n,d0ba7a1b-f5ca-39d6-98d0-29c671baec65,0,0,0,0,51,0.0174680818365,factorial_cell,,
model_selection,yolo11n,d0ba7a1b-f5ca-39d6-98d0-29c671baec65,0,0,0,1,51,0.00766851479124,factorial_cell,,
model_selection,yolo11n,d0ba7a1b-f5ca-39d6-98d0-29c671baec65,0,0,1,0,51,0.0110429032238,factorial_cell,,
model_selection,yolo11n,d0ba7a1b-f5ca-39d6-98d0-29c671baec65,0,0,1,1,51,0.00406277113871,factorial_cell,,
model_selection,yolo11n,d0ba7a1b-f5ca-39d6-98d0-29c671baec65,0,1,0,0,51,0.013171961942,factorial_cell,,
model_selection,yolo11n,d0ba7a1b-f5ca-39d6-98d0-29c671baec65,0,1,0,1,51,0.0077435600871,factorial_cell,,
model_selection,yolo11n,d0ba7a1b-f5ca-39d6-98d0-29c671baec65,0,1,1,0,51,0.0111198708442,factorial_cell,,
model_selection,yolo11n,d0ba7a1b-f5ca-39d6-98d0-29c671baec65,0,1,1,1,51,0.00383465208711,factorial_cell,,
model_selection,yolo11n,d0ba7a1b-f5ca-39d6-98d0-29c671baec65,1,0,0,0,51,0.01074592011,factorial_cell,,
model_selection,yolo11n,d0ba7a1b-f5ca-39d6-98d0-29c671baec65,1,0,0,1,51,0.00606806695667,factorial_cell,,
model_selection,yolo11n,d0ba7a1b-f5ca-39d6-98d0-29c671baec65,1,0,1,0,51,0.0110429032238,factorial_cell,,
model_selection,yolo11n,d0ba7a1b-f5ca-39d6-98d0-29c671baec65,1,0,1,1,51,0.00406277113871,factorial_cell,,
model_selection,yolo11n,d0ba7a1b-f5ca-39d6-98d0-29c671baec65,1,1,0,0,51,0.0107473140469,factorial_cell,,
model_selection,yolo11n,d0ba7a1b-f5ca-39d6-98d0-29c671baec65,1,1,0,1,51,0.00642966385059,factorial_cell,,
model_selection,yolo11n,d0ba7a1b-f5ca-39d6-98d0-29c671baec65,1,1,1,0,51,0.0111198708442,factorial_cell,,
model_selection,yolo11n,d0ba7a1b-f5ca-39d6-98d0-29c671baec65,1,1,1,1,51,0.00383465208711,factorial_cell,,
development,yolo11s,2772dd5f-bc0a-47ea-ae19-a5e0dbef8f41,0,0,0,0,57,0.0236103183093,factorial_cell,,
development,yolo11s,2772dd5f-bc0a-47ea-ae19-a5e0dbef8f41,0,0,0,1,57,0.0137864724485,factorial_cell,,
development,yolo11s,2772dd5f-bc0a-47ea-ae19-a5e0dbef8f41,0,0,1,0,57,0.0187136675386,factorial_cell,,
development,yolo11s,2772dd5f-bc0a-47ea-ae19-a5e0dbef8f41,0,0,1,1,57,0.00780065198518,factorial_cell,,
development,yolo11s,2772dd5f-bc0a-47ea-ae19-a5e0dbef8f41,0,1,0,0,57,0.023163083762,factorial_cell,,
development,yolo11s,2772dd5f-bc0a-47ea-ae19-a5e0dbef8f41,0,1,0,1,57,0.0138648933231,factorial_cell,,
development,yolo11s,2772dd5f-bc0a-47ea-ae19-a5e0dbef8f41,0,1,1,0,57,0.01870910433,factorial_cell,,
development,yolo11s,2772dd5f-bc0a-47ea-ae19-a5e0dbef8f41,0,1,1,1,57,0.00794365253339,factorial_cell,,
development,yolo11s,2772dd5f-bc0a-47ea-ae19-a5e0dbef8f41,1,0,0,0,57,0.0205310569505,factorial_cell,,
development,yolo11s,2772dd5f-bc0a-47ea-ae19-a5e0dbef8f41,1,0,0,1,57,0.0116129134978,factorial_cell,,
development,yolo11s,2772dd5f-bc0a-47ea-ae19-a5e0dbef8f41,1,0,1,0,57,0.0187136675386,factorial_cell,,
development,yolo11s,2772dd5f-bc0a-47ea-ae19-a5e0dbef8f41,1,0,1,1,57,0.00780065198518,factorial_cell,,
development,yolo11s,2772dd5f-bc0a-47ea-ae19-a5e0dbef8f41,1,1,0,0,57,0.0204780563603,factorial_cell,,
development,yolo11s,2772dd5f-bc0a-47ea-ae19-a5e0dbef8f41,1,1,0,1,57,0.0108892255136,factorial_cell,,
development,yolo11s,2772dd5f-bc0a-47ea-ae19-a5e0dbef8f41,1,1,1,0,57,0.01870910433,factorial_cell,,
development,yolo11s,2772dd5f-bc0a-47ea-ae19-a5e0dbef8f41,1,1,1,1,57,0.00794365253339,factorial_cell,,
development,yolo11s,3dd173a6-8b21-3189-bd53-132919b96a48,0,0,0,0,33,0.00975144062395,factorial_cell,,
development,yolo11s,3dd173a6-8b21-3189-bd53-132919b96a48,0,0,0,1,33,0.00525690939143,factorial_cell,,
development,yolo11s,3dd173a6-8b21-3189-bd53-132919b96a48,0,0,1,0,33,0.00624560240365,factorial_cell,,
development,yolo11s,3dd173a6-8b21-3189-bd53-132919b96a48,0,0,1,1,33,0.00433656129,factorial_cell,,
development,yolo11s,3dd173a6-8b21-3189-bd53-132919b96a48,0,1,0,0,33,0.00969475911525,factorial_cell,,
development,yolo11s,3dd173a6-8b21-3189-bd53-132919b96a48,0,1,0,1,33,0.00537454562439,factorial_cell,,
development,yolo11s,3dd173a6-8b21-3189-bd53-132919b96a48,0,1,1,0,33,0.00632252709295,factorial_cell,,
development,yolo11s,3dd173a6-8b21-3189-bd53-132919b96a48,0,1,1,1,33,0.00434374809136,factorial_cell,,
development,yolo11s,3dd173a6-8b21-3189-bd53-132919b96a48,1,0,0,0,33,0.00590850856508,factorial_cell,,
development,yolo11s,3dd173a6-8b21-3189-bd53-132919b96a48,1,0,0,1,33,0.0047016366303,factorial_cell,,
development,yolo11s,3dd173a6-8b21-3189-bd53-132919b96a48,1,0,1,0,33,0.00624560240365,factorial_cell,,
development,yolo11s,3dd173a6-8b21-3189-bd53-132919b96a48,1,0,1,1,33,0.00433656129,factorial_cell,,
development,yolo11s,3dd173a6-8b21-3189-bd53-132919b96a48,1,1,0,0,33,0.00592302068579,factorial_cell,,
development,yolo11s,3dd173a6-8b21-3189-bd53-132919b96a48,1,1,0,1,33,0.00469673838982,factorial_cell,,
development,yolo11s,3dd173a6-8b21-3189-bd53-132919b96a48,1,1,1,0,33,0.00632252709295,factorial_cell,,
development,yolo11s,3dd173a6-8b21-3189-bd53-132919b96a48,1,1,1,1,33,0.00434374809136,factorial_cell,,
development,yolo11s,46d917cd-531c-330b-8d7b-979b51a8927f,0,0,0,0,81,0.0224796439402,factorial_cell,,
development,yolo11s,46d917cd-531c-330b-8d7b-979b51a8927f,0,0,0,1,81,0.0101231267816,factorial_cell,,
development,yolo11s,46d917cd-531c-330b-8d7b-979b51a8927f,0,0,1,0,81,0.0169878782877,factorial_cell,,
development,yolo11s,46d917cd-531c-330b-8d7b-979b51a8927f,0,0,1,1,81,0.00608631035955,factorial_cell,,
development,yolo11s,46d917cd-531c-330b-8d7b-979b51a8927f,0,1,0,0,81,0.0218408474843,factorial_cell,,
development,yolo11s,46d917cd-531c-330b-8d7b-979b51a8927f,0,1,0,1,81,0.00967854284577,factorial_cell,,
development,yolo11s,46d917cd-531c-330b-8d7b-979b51a8927f,0,1,1,0,81,0.0169534430587,factorial_cell,,
development,yolo11s,46d917cd-531c-330b-8d7b-979b51a8927f,0,1,1,1,81,0.00614728554534,factorial_cell,,
development,yolo11s,46d917cd-531c-330b-8d7b-979b51a8927f,1,0,0,0,81,0.0230505615076,factorial_cell,,
development,yolo11s,46d917cd-531c-330b-8d7b-979b51a8927f,1,0,0,1,81,0.00809181093189,factorial_cell,,
development,yolo11s,46d917cd-531c-330b-8d7b-979b51a8927f,1,0,1,0,81,0.0169878782877,factorial_cell,,
development,yolo11s,46d917cd-531c-330b-8d7b-979b51a8927f,1,0,1,1,81,0.00608631035955,factorial_cell,,
development,yolo11s,46d917cd-531c-330b-8d7b-979b51a8927f,1,1,0,0,81,0.0211883263281,factorial_cell,,
development,yolo11s,46d917cd-531c-330b-8d7b-979b51a8927f,1,1,0,1,81,0.00826243031112,factorial_cell,,
development,yolo11s,46d917cd-531c-330b-8d7b-979b51a8927f,1,1,1,0,81,0.0169534430587,factorial_cell,,
development,yolo11s,46d917cd-531c-330b-8d7b-979b51a8927f,1,1,1,1,81,0.00614728554534,factorial_cell,,
development,yolo11s,6937b4e5-b5b4-3970-b5dd-9ad194e6c338,0,0,0,0,63,0.0250694109762,factorial_cell,,
development,yolo11s,6937b4e5-b5b4-3970-b5dd-9ad194e6c338,0,0,0,1,63,0.0142699657108,factorial_cell,,
development,yolo11s,6937b4e5-b5b4-3970-b5dd-9ad194e6c338,0,0,1,0,63,0.0154255873013,factorial_cell,,
development,yolo11s,6937b4e5-b5b4-3970-b5dd-9ad194e6c338,0,0,1,1,63,0.00652647842454,factorial_cell,,
development,yolo11s,6937b4e5-b5b4-3970-b5dd-9ad194e6c338,0,1,0,0,63,0.022987965501,factorial_cell,,
development,yolo11s,6937b4e5-b5b4-3970-b5dd-9ad194e6c338,0,1,0,1,63,0.0131464892464,factorial_cell,,
development,yolo11s,6937b4e5-b5b4-3970-b5dd-9ad194e6c338,0,1,1,0,63,0.0153862204108,factorial_cell,,
development,yolo11s,6937b4e5-b5b4-3970-b5dd-9ad194e6c338,0,1,1,1,63,0.00628043925328,factorial_cell,,
development,yolo11s,6937b4e5-b5b4-3970-b5dd-9ad194e6c338,1,0,0,0,63,0.0183455310572,factorial_cell,,
development,yolo11s,6937b4e5-b5b4-3970-b5dd-9ad194e6c338,1,0,0,1,63,0.0103394601747,factorial_cell,,
development,yolo11s,6937b4e5-b5b4-3970-b5dd-9ad194e6c338,1,0,1,0,63,0.0154255873013,factorial_cell,,
development,yolo11s,6937b4e5-b5b4-3970-b5dd-9ad194e6c338,1,0,1,1,63,0.00652647842454,factorial_cell,,
development,yolo11s,6937b4e5-b5b4-3970-b5dd-9ad194e6c338,1,1,0,0,63,0.0183050187546,factorial_cell,,
development,yolo11s,6937b4e5-b5b4-3970-b5dd-9ad194e6c338,1,1,0,1,63,0.0105987461356,factorial_cell,,
development,yolo11s,6937b4e5-b5b4-3970-b5dd-9ad194e6c338,1,1,1,0,63,0.0153862204108,factorial_cell,,
development,yolo11s,6937b4e5-b5b4-3970-b5dd-9ad194e6c338,1,1,1,1,63,0.00628043925328,factorial_cell,,
development,yolo11s,770a58e6-eff6-39b7-a265-fe7f202fe8b2,0,0,0,0,20,0.0177114099737,factorial_cell,,
development,yolo11s,770a58e6-eff6-39b7-a265-fe7f202fe8b2,0,0,0,1,20,0.011071661478,factorial_cell,,
development,yolo11s,770a58e6-eff6-39b7-a265-fe7f202fe8b2,0,0,1,0,20,0.0101679350884,factorial_cell,,
development,yolo11s,770a58e6-eff6-39b7-a265-fe7f202fe8b2,0,0,1,1,20,0.00516103450272,factorial_cell,,
development,yolo11s,770a58e6-eff6-39b7-a265-fe7f202fe8b2,0,1,0,0,20,0.0177852317354,factorial_cell,,
development,yolo11s,770a58e6-eff6-39b7-a265-fe7f202fe8b2,0,1,0,1,20,0.0110804580476,factorial_cell,,
development,yolo11s,770a58e6-eff6-39b7-a265-fe7f202fe8b2,0,1,1,0,20,0.010459581483,factorial_cell,,
development,yolo11s,770a58e6-eff6-39b7-a265-fe7f202fe8b2,0,1,1,1,20,0.00521230204889,factorial_cell,,
development,yolo11s,770a58e6-eff6-39b7-a265-fe7f202fe8b2,1,0,0,0,20,0.0119623582024,factorial_cell,,
development,yolo11s,770a58e6-eff6-39b7-a265-fe7f202fe8b2,1,0,0,1,20,0.00826575825091,factorial_cell,,
development,yolo11s,770a58e6-eff6-39b7-a265-fe7f202fe8b2,1,0,1,0,20,0.0101679350884,factorial_cell,,
development,yolo11s,770a58e6-eff6-39b7-a265-fe7f202fe8b2,1,0,1,1,20,0.00516103450272,factorial_cell,,
development,yolo11s,770a58e6-eff6-39b7-a265-fe7f202fe8b2,1,1,0,0,20,0.012364344703,factorial_cell,,
development,yolo11s,770a58e6-eff6-39b7-a265-fe7f202fe8b2,1,1,0,1,20,0.00834935824801,factorial_cell,,
development,yolo11s,770a58e6-eff6-39b7-a265-fe7f202fe8b2,1,1,1,0,20,0.010459581483,factorial_cell,,
development,yolo11s,770a58e6-eff6-39b7-a265-fe7f202fe8b2,1,1,1,1,20,0.00521230204889,factorial_cell,,
development,yolo11s,8ee606e6-4cbd-3c07-8419-fbda836ccaac,0,0,0,0,65,0.0131286681639,factorial_cell,,
development,yolo11s,8ee606e6-4cbd-3c07-8419-fbda836ccaac,0,0,0,1,65,0.010803637983,factorial_cell,,
development,yolo11s,8ee606e6-4cbd-3c07-8419-fbda836ccaac,0,0,1,0,65,0.00946876790702,factorial_cell,,
development,yolo11s,8ee606e6-4cbd-3c07-8419-fbda836ccaac,0,0,1,1,65,0.00698416644874,factorial_cell,,
development,yolo11s,8ee606e6-4cbd-3c07-8419-fbda836ccaac,0,1,0,0,65,0.011012268637,factorial_cell,,
development,yolo11s,8ee606e6-4cbd-3c07-8419-fbda836ccaac,0,1,0,1,65,0.0106950299002,factorial_cell,,
development,yolo11s,8ee606e6-4cbd-3c07-8419-fbda836ccaac,0,1,1,0,65,0.0094595174175,factorial_cell,,
development,yolo11s,8ee606e6-4cbd-3c07-8419-fbda836ccaac,0,1,1,1,65,0.00677043088707,factorial_cell,,
development,yolo11s,8ee606e6-4cbd-3c07-8419-fbda836ccaac,1,0,0,0,65,0.0105789504883,factorial_cell,,
development,yolo11s,8ee606e6-4cbd-3c07-8419-fbda836ccaac,1,0,0,1,65,0.00810640280796,factorial_cell,,
development,yolo11s,8ee606e6-4cbd-3c07-8419-fbda836ccaac,1,0,1,0,65,0.00946876790702,factorial_cell,,
development,yolo11s,8ee606e6-4cbd-3c07-8419-fbda836ccaac,1,0,1,1,65,0.00698416644874,factorial_cell,,
development,yolo11s,8ee606e6-4cbd-3c07-8419-fbda836ccaac,1,1,0,0,65,0.0102514189502,factorial_cell,,
development,yolo11s,8ee606e6-4cbd-3c07-8419-fbda836ccaac,1,1,0,1,65,0.00783891866042,factorial_cell,,
development,yolo11s,8ee606e6-4cbd-3c07-8419-fbda836ccaac,1,1,1,0,65,0.0094595174175,factorial_cell,,
development,yolo11s,8ee606e6-4cbd-3c07-8419-fbda836ccaac,1,1,1,1,65,0.00677043088707,factorial_cell,,
development,yolo11s,9afab336-dbae-3f70-a669-46813f4570d7,0,0,0,0,68,0.0158995127111,factorial_cell,,
development,yolo11s,9afab336-dbae-3f70-a669-46813f4570d7,0,0,0,1,68,0.0112117624316,factorial_cell,,
development,yolo11s,9afab336-dbae-3f70-a669-46813f4570d7,0,0,1,0,68,0.00942048993311,factorial_cell,,
development,yolo11s,9afab336-dbae-3f70-a669-46813f4570d7,0,0,1,1,68,0.00683031498388,factorial_cell,,
development,yolo11s,9afab336-dbae-3f70-a669-46813f4570d7,0,1,0,0,68,0.016695325277,factorial_cell,,
development,yolo11s,9afab336-dbae-3f70-a669-46813f4570d7,0,1,0,1,68,0.0122270154739,factorial_cell,,
development,yolo11s,9afab336-dbae-3f70-a669-46813f4570d7,0,1,1,0,68,0.0092020906071,factorial_cell,,
development,yolo11s,9afab336-dbae-3f70-a669-46813f4570d7,0,1,1,1,68,0.00724247958173,factorial_cell,,
development,yolo11s,9afab336-dbae-3f70-a669-46813f4570d7,1,0,0,0,68,0.0156001243807,factorial_cell,,
development,yolo11s,9afab336-dbae-3f70-a669-46813f4570d7,1,0,0,1,68,0.0104804286835,factorial_cell,,
development,yolo11s,9afab336-dbae-3f70-a669-46813f4570d7,1,0,1,0,68,0.00942048993311,factorial_cell,,
development,yolo11s,9afab336-dbae-3f70-a669-46813f4570d7,1,0,1,1,68,0.00683031498388,factorial_cell,,
development,yolo11s,9afab336-dbae-3f70-a669-46813f4570d7,1,1,0,0,68,0.0157615086216,factorial_cell,,
development,yolo11s,9afab336-dbae-3f70-a669-46813f4570d7,1,1,0,1,68,0.0103601238836,factorial_cell,,
development,yolo11s,9afab336-dbae-3f70-a669-46813f4570d7,1,1,1,0,68,0.0092020906071,factorial_cell,,
development,yolo11s,9afab336-dbae-3f70-a669-46813f4570d7,1,1,1,1,68,0.00724247958173,factorial_cell,,
development,yolo11s,b21b7285-2199-3264-b10a-524e9b23502a,0,0,0,0,50,0.0229197053983,factorial_cell,,
development,yolo11s,b21b7285-2199-3264-b10a-524e9b23502a,0,0,0,1,50,0.0180622119986,factorial_cell,,
development,yolo11s,b21b7285-2199-3264-b10a-524e9b23502a,0,0,1,0,50,0.0212221188848,factorial_cell,,
development,yolo11s,b21b7285-2199-3264-b10a-524e9b23502a,0,0,1,1,50,0.0166091678072,factorial_cell,,
development,yolo11s,b21b7285-2199-3264-b10a-524e9b23502a,0,1,0,0,50,0.0229221274818,factorial_cell,,
development,yolo11s,b21b7285-2199-3264-b10a-524e9b23502a,0,1,0,1,50,0.0180667118391,factorial_cell,,
development,yolo11s,b21b7285-2199-3264-b10a-524e9b23502a,0,1,1,0,50,0.0212227939626,factorial_cell,,
development,yolo11s,b21b7285-2199-3264-b10a-524e9b23502a,0,1,1,1,50,0.0166639127746,factorial_cell,,
development,yolo11s,b21b7285-2199-3264-b10a-524e9b23502a,1,0,0,0,50,0.0214078491599,factorial_cell,,
development,yolo11s,b21b7285-2199-3264-b10a-524e9b23502a,1,0,0,1,50,0.0154361667726,factorial_cell,,
development,yolo11s,b21b7285-2199-3264-b10a-524e9b23502a,1,0,1,0,50,0.0212221188848,factorial_cell,,
development,yolo11s,b21b7285-2199-3264-b10a-524e9b23502a,1,0,1,1,50,0.0166091678072,factorial_cell,,
development,yolo11s,b21b7285-2199-3264-b10a-524e9b23502a,1,1,0,0,50,0.0213773439979,factorial_cell,,
development,yolo11s,b21b7285-2199-3264-b10a-524e9b23502a,1,1,0,1,50,0.0154371875081,factorial_cell,,
development,yolo11s,b21b7285-2199-3264-b10a-524e9b23502a,1,1,1,0,50,0.0212227939626,factorial_cell,,
development,yolo11s,b21b7285-2199-3264-b10a-524e9b23502a,1,1,1,1,50,0.0166639127746,factorial_cell,,
development,yolo11s,d3efe9ba-f10a-35e7-b17e-6850c66693fe,0,0,0,0,9,0.016492957968,factorial_cell,,
development,yolo11s,d3efe9ba-f10a-35e7-b17e-6850c66693fe,0,0,0,1,9,0.00606472903876,factorial_cell,,
development,yolo11s,d3efe9ba-f10a-35e7-b17e-6850c66693fe,0,0,1,0,9,0.0106898351706,factorial_cell,,
development,yolo11s,d3efe9ba-f10a-35e7-b17e-6850c66693fe,0,0,1,1,9,0.00431631131301,factorial_cell,,
development,yolo11s,d3efe9ba-f10a-35e7-b17e-6850c66693fe,0,1,0,0,9,0.016492957968,factorial_cell,,
development,yolo11s,d3efe9ba-f10a-35e7-b17e-6850c66693fe,0,1,0,1,9,0.00603959979732,factorial_cell,,
development,yolo11s,d3efe9ba-f10a-35e7-b17e-6850c66693fe,0,1,1,0,9,0.0106909663359,factorial_cell,,
development,yolo11s,d3efe9ba-f10a-35e7-b17e-6850c66693fe,0,1,1,1,9,0.00434853324017,factorial_cell,,
development,yolo11s,d3efe9ba-f10a-35e7-b17e-6850c66693fe,1,0,0,0,9,0.016492957968,factorial_cell,,
development,yolo11s,d3efe9ba-f10a-35e7-b17e-6850c66693fe,1,0,0,1,9,0.00565714189219,factorial_cell,,
development,yolo11s,d3efe9ba-f10a-35e7-b17e-6850c66693fe,1,0,1,0,9,0.0106898351706,factorial_cell,,
development,yolo11s,d3efe9ba-f10a-35e7-b17e-6850c66693fe,1,0,1,1,9,0.00431631131301,factorial_cell,,
development,yolo11s,d3efe9ba-f10a-35e7-b17e-6850c66693fe,1,1,0,0,9,0.016492957968,factorial_cell,,
development,yolo11s,d3efe9ba-f10a-35e7-b17e-6850c66693fe,1,1,0,1,9,0.0056922391199,factorial_cell,,
development,yolo11s,d3efe9ba-f10a-35e7-b17e-6850c66693fe,1,1,1,0,9,0.0106909663359,factorial_cell,,
development,yolo11s,d3efe9ba-f10a-35e7-b17e-6850c66693fe,1,1,1,1,9,0.00434853324017,factorial_cell,,
development,yolo11s,fa9ec72a-cbcf-35dc-be20-4d0d9e7215ef,0,0,0,0,35,0.0106314443032,factorial_cell,,
development,yolo11s,fa9ec72a-cbcf-35dc-be20-4d0d9e7215ef,0,0,0,1,35,0.00667216574752,factorial_cell,,
development,yolo11s,fa9ec72a-cbcf-35dc-be20-4d0d9e7215ef,0,0,1,0,35,0.00881415980168,factorial_cell,,
development,yolo11s,fa9ec72a-cbcf-35dc-be20-4d0d9e7215ef,0,0,1,1,35,0.00669637097934,factorial_cell,,
development,yolo11s,fa9ec72a-cbcf-35dc-be20-4d0d9e7215ef,0,1,0,0,35,0.0106351711907,factorial_cell,,
development,yolo11s,fa9ec72a-cbcf-35dc-be20-4d0d9e7215ef,0,1,0,1,35,0.00667426181894,factorial_cell,,
development,yolo11s,fa9ec72a-cbcf-35dc-be20-4d0d9e7215ef,0,1,1,0,35,0.00881429154713,factorial_cell,,
development,yolo11s,fa9ec72a-cbcf-35dc-be20-4d0d9e7215ef,0,1,1,1,35,0.00680697661583,factorial_cell,,
development,yolo11s,fa9ec72a-cbcf-35dc-be20-4d0d9e7215ef,1,0,0,0,35,0.0117544579964,factorial_cell,,
development,yolo11s,fa9ec72a-cbcf-35dc-be20-4d0d9e7215ef,1,0,0,1,35,0.00774338987177,factorial_cell,,
development,yolo11s,fa9ec72a-cbcf-35dc-be20-4d0d9e7215ef,1,0,1,0,35,0.00881415980168,factorial_cell,,
development,yolo11s,fa9ec72a-cbcf-35dc-be20-4d0d9e7215ef,1,0,1,1,35,0.00669637097934,factorial_cell,,
development,yolo11s,fa9ec72a-cbcf-35dc-be20-4d0d9e7215ef,1,1,0,0,35,0.0117641959223,factorial_cell,,
development,yolo11s,fa9ec72a-cbcf-35dc-be20-4d0d9e7215ef,1,1,0,1,35,0.0078792963281,factorial_cell,,
development,yolo11s,fa9ec72a-cbcf-35dc-be20-4d0d9e7215ef,1,1,1,0,35,0.00881429154713,factorial_cell,,
development,yolo11s,fa9ec72a-cbcf-35dc-be20-4d0d9e7215ef,1,1,1,1,35,0.00680697661583,factorial_cell,,
heldout,yolo11s,182ba3f7-b89a-36cc-ae40-32a341b0d3e9,0,0,0,0,37,0.00434073660909,factorial_cell,,
heldout,yolo11s,182ba3f7-b89a-36cc-ae40-32a341b0d3e9,0,0,0,1,37,0.00410400604806,factorial_cell,,
heldout,yolo11s,182ba3f7-b89a-36cc-ae40-32a341b0d3e9,0,0,1,0,37,0.00329749010198,factorial_cell,,
heldout,yolo11s,182ba3f7-b89a-36cc-ae40-32a341b0d3e9,0,0,1,1,37,0.00279991990263,factorial_cell,,
heldout,yolo11s,182ba3f7-b89a-36cc-ae40-32a341b0d3e9,0,1,0,0,37,0.00430482311651,factorial_cell,,
heldout,yolo11s,182ba3f7-b89a-36cc-ae40-32a341b0d3e9,0,1,0,1,37,0.00418904758945,factorial_cell,,
heldout,yolo11s,182ba3f7-b89a-36cc-ae40-32a341b0d3e9,0,1,1,0,37,0.00329829307646,factorial_cell,,
heldout,yolo11s,182ba3f7-b89a-36cc-ae40-32a341b0d3e9,0,1,1,1,37,0.00286059504176,factorial_cell,,
heldout,yolo11s,182ba3f7-b89a-36cc-ae40-32a341b0d3e9,1,0,0,0,37,0.00361793980657,factorial_cell,,
heldout,yolo11s,182ba3f7-b89a-36cc-ae40-32a341b0d3e9,1,0,0,1,37,0.00326634642022,factorial_cell,,
heldout,yolo11s,182ba3f7-b89a-36cc-ae40-32a341b0d3e9,1,0,1,0,37,0.00329749010198,factorial_cell,,
heldout,yolo11s,182ba3f7-b89a-36cc-ae40-32a341b0d3e9,1,0,1,1,37,0.00279991990263,factorial_cell,,
heldout,yolo11s,182ba3f7-b89a-36cc-ae40-32a341b0d3e9,1,1,0,0,37,0.00367488436487,factorial_cell,,
heldout,yolo11s,182ba3f7-b89a-36cc-ae40-32a341b0d3e9,1,1,0,1,37,0.0035366617066,factorial_cell,,
heldout,yolo11s,182ba3f7-b89a-36cc-ae40-32a341b0d3e9,1,1,1,0,37,0.00329829307646,factorial_cell,,
heldout,yolo11s,182ba3f7-b89a-36cc-ae40-32a341b0d3e9,1,1,1,1,37,0.00286059504176,factorial_cell,,
heldout,yolo11s,36aec72e-5086-376c-b109-295b128e77e1,0,0,0,0,44,0.0117123107032,factorial_cell,,
heldout,yolo11s,36aec72e-5086-376c-b109-295b128e77e1,0,0,0,1,44,0.00853296192691,factorial_cell,,
heldout,yolo11s,36aec72e-5086-376c-b109-295b128e77e1,0,0,1,0,44,0.00669887077114,factorial_cell,,
heldout,yolo11s,36aec72e-5086-376c-b109-295b128e77e1,0,0,1,1,44,0.00434909207466,factorial_cell,,
heldout,yolo11s,36aec72e-5086-376c-b109-295b128e77e1,0,1,0,0,44,0.0115547617837,factorial_cell,,
heldout,yolo11s,36aec72e-5086-376c-b109-295b128e77e1,0,1,0,1,44,0.0084094481792,factorial_cell,,
heldout,yolo11s,36aec72e-5086-376c-b109-295b128e77e1,0,1,1,0,44,0.00641950274682,factorial_cell,,
heldout,yolo11s,36aec72e-5086-376c-b109-295b128e77e1,0,1,1,1,44,0.00397311952621,factorial_cell,,
heldout,yolo11s,36aec72e-5086-376c-b109-295b128e77e1,1,0,0,0,44,0.0100360162465,factorial_cell,,
heldout,yolo11s,36aec72e-5086-376c-b109-295b128e77e1,1,0,0,1,44,0.00668841450584,factorial_cell,,
heldout,yolo11s,36aec72e-5086-376c-b109-295b128e77e1,1,0,1,0,44,0.00669887077114,factorial_cell,,
heldout,yolo11s,36aec72e-5086-376c-b109-295b128e77e1,1,0,1,1,44,0.00434909207466,factorial_cell,,
heldout,yolo11s,36aec72e-5086-376c-b109-295b128e77e1,1,1,0,0,44,0.00993132609046,factorial_cell,,
heldout,yolo11s,36aec72e-5086-376c-b109-295b128e77e1,1,1,0,1,44,0.00663644234869,factorial_cell,,
heldout,yolo11s,36aec72e-5086-376c-b109-295b128e77e1,1,1,1,0,44,0.00641950274682,factorial_cell,,
heldout,yolo11s,36aec72e-5086-376c-b109-295b128e77e1,1,1,1,1,44,0.00397311952621,factorial_cell,,
heldout,yolo11s,6c932547-4c11-31d7-b8ef-0c16a13dbfc3,0,0,0,0,109,0.00967891841225,factorial_cell,,
heldout,yolo11s,6c932547-4c11-31d7-b8ef-0c16a13dbfc3,0,0,0,1,109,0.00776485588313,factorial_cell,,
heldout,yolo11s,6c932547-4c11-31d7-b8ef-0c16a13dbfc3,0,0,1,0,109,0.00908764810865,factorial_cell,,
heldout,yolo11s,6c932547-4c11-31d7-b8ef-0c16a13dbfc3,0,0,1,1,109,0.00545801108468,factorial_cell,,
heldout,yolo11s,6c932547-4c11-31d7-b8ef-0c16a13dbfc3,0,1,0,0,109,0.00967681609303,factorial_cell,,
heldout,yolo11s,6c932547-4c11-31d7-b8ef-0c16a13dbfc3,0,1,0,1,109,0.00748302464994,factorial_cell,,
heldout,yolo11s,6c932547-4c11-31d7-b8ef-0c16a13dbfc3,0,1,1,0,109,0.00917673288719,factorial_cell,,
heldout,yolo11s,6c932547-4c11-31d7-b8ef-0c16a13dbfc3,0,1,1,1,109,0.00576890028339,factorial_cell,,
heldout,yolo11s,6c932547-4c11-31d7-b8ef-0c16a13dbfc3,1,0,0,0,109,0.00950758478683,factorial_cell,,
heldout,yolo11s,6c932547-4c11-31d7-b8ef-0c16a13dbfc3,1,0,0,1,109,0.00660145459128,factorial_cell,,
heldout,yolo11s,6c932547-4c11-31d7-b8ef-0c16a13dbfc3,1,0,1,0,109,0.00908764810865,factorial_cell,,
heldout,yolo11s,6c932547-4c11-31d7-b8ef-0c16a13dbfc3,1,0,1,1,109,0.00545801108468,factorial_cell,,
heldout,yolo11s,6c932547-4c11-31d7-b8ef-0c16a13dbfc3,1,1,0,0,109,0.00965386698934,factorial_cell,,
heldout,yolo11s,6c932547-4c11-31d7-b8ef-0c16a13dbfc3,1,1,0,1,109,0.00640212081276,factorial_cell,,
heldout,yolo11s,6c932547-4c11-31d7-b8ef-0c16a13dbfc3,1,1,1,0,109,0.00917673288719,factorial_cell,,
heldout,yolo11s,6c932547-4c11-31d7-b8ef-0c16a13dbfc3,1,1,1,1,109,0.00576890028339,factorial_cell,,
heldout,yolo11s,a91d4c7b-bf55-3a0e-9eba-1a43577bcca8,0,0,0,0,60,0.0123932472157,factorial_cell,,
heldout,yolo11s,a91d4c7b-bf55-3a0e-9eba-1a43577bcca8,0,0,0,1,60,0.0106625962424,factorial_cell,,
heldout,yolo11s,a91d4c7b-bf55-3a0e-9eba-1a43577bcca8,0,0,1,0,60,0.008392915902,factorial_cell,,
heldout,yolo11s,a91d4c7b-bf55-3a0e-9eba-1a43577bcca8,0,0,1,1,60,0.00439101610304,factorial_cell,,
heldout,yolo11s,a91d4c7b-bf55-3a0e-9eba-1a43577bcca8,0,1,0,0,60,0.0123072335494,factorial_cell,,
heldout,yolo11s,a91d4c7b-bf55-3a0e-9eba-1a43577bcca8,0,1,0,1,60,0.0106488005926,factorial_cell,,
heldout,yolo11s,a91d4c7b-bf55-3a0e-9eba-1a43577bcca8,0,1,1,0,60,0.00888309198015,factorial_cell,,
heldout,yolo11s,a91d4c7b-bf55-3a0e-9eba-1a43577bcca8,0,1,1,1,60,0.00443362209737,factorial_cell,,
heldout,yolo11s,a91d4c7b-bf55-3a0e-9eba-1a43577bcca8,1,0,0,0,60,0.0122436940862,factorial_cell,,
heldout,yolo11s,a91d4c7b-bf55-3a0e-9eba-1a43577bcca8,1,0,0,1,60,0.00823825140969,factorial_cell,,
heldout,yolo11s,a91d4c7b-bf55-3a0e-9eba-1a43577bcca8,1,0,1,0,60,0.008392915902,factorial_cell,,
heldout,yolo11s,a91d4c7b-bf55-3a0e-9eba-1a43577bcca8,1,0,1,1,60,0.00439101610304,factorial_cell,,
heldout,yolo11s,a91d4c7b-bf55-3a0e-9eba-1a43577bcca8,1,1,0,0,60,0.0122349626911,factorial_cell,,
heldout,yolo11s,a91d4c7b-bf55-3a0e-9eba-1a43577bcca8,1,1,0,1,60,0.00807359947252,factorial_cell,,
heldout,yolo11s,a91d4c7b-bf55-3a0e-9eba-1a43577bcca8,1,1,1,0,60,0.00888309198015,factorial_cell,,
heldout,yolo11s,a91d4c7b-bf55-3a0e-9eba-1a43577bcca8,1,1,1,1,60,0.00443362209737,factorial_cell,,
heldout,yolo11s,d3ca0450-2167-38fb-b34b-449741cb38f3,0,0,0,0,23,0.0290133423015,factorial_cell,,
heldout,yolo11s,d3ca0450-2167-38fb-b34b-449741cb38f3,0,0,0,1,23,0.0108804642734,factorial_cell,,
heldout,yolo11s,d3ca0450-2167-38fb-b34b-449741cb38f3,0,0,1,0,23,0.0240167907829,factorial_cell,,
heldout,yolo11s,d3ca0450-2167-38fb-b34b-449741cb38f3,0,0,1,1,23,0.0148091303423,factorial_cell,,
heldout,yolo11s,d3ca0450-2167-38fb-b34b-449741cb38f3,0,1,0,0,23,0.030016734383,factorial_cell,,
heldout,yolo11s,d3ca0450-2167-38fb-b34b-449741cb38f3,0,1,0,1,23,0.00956709203294,factorial_cell,,
heldout,yolo11s,d3ca0450-2167-38fb-b34b-449741cb38f3,0,1,1,0,23,0.0239342541729,factorial_cell,,
heldout,yolo11s,d3ca0450-2167-38fb-b34b-449741cb38f3,0,1,1,1,23,0.0107787538829,factorial_cell,,
heldout,yolo11s,d3ca0450-2167-38fb-b34b-449741cb38f3,1,0,0,0,23,0.0349684132344,factorial_cell,,
heldout,yolo11s,d3ca0450-2167-38fb-b34b-449741cb38f3,1,0,0,1,23,0.00949119325682,factorial_cell,,
heldout,yolo11s,d3ca0450-2167-38fb-b34b-449741cb38f3,1,0,1,0,23,0.0240167907829,factorial_cell,,
heldout,yolo11s,d3ca0450-2167-38fb-b34b-449741cb38f3,1,0,1,1,23,0.0148091303423,factorial_cell,,
heldout,yolo11s,d3ca0450-2167-38fb-b34b-449741cb38f3,1,1,0,0,23,0.0273429577448,factorial_cell,,
heldout,yolo11s,d3ca0450-2167-38fb-b34b-449741cb38f3,1,1,0,1,23,0.00861406426826,factorial_cell,,
heldout,yolo11s,d3ca0450-2167-38fb-b34b-449741cb38f3,1,1,1,0,23,0.0239342541729,factorial_cell,,
heldout,yolo11s,d3ca0450-2167-38fb-b34b-449741cb38f3,1,1,1,1,23,0.0107787538829,factorial_cell,,
heldout,yolo11s,e8c9fd64-fdd2-422d-a2a2-6f47500d1d12,0,0,0,0,58,0.0139096793437,factorial_cell,,
heldout,yolo11s,e8c9fd64-fdd2-422d-a2a2-6f47500d1d12,0,0,0,1,58,0.0115874978686,factorial_cell,,
heldout,yolo11s,e8c9fd64-fdd2-422d-a2a2-6f47500d1d12,0,0,1,0,58,0.00957472507079,factorial_cell,,
heldout,yolo11s,e8c9fd64-fdd2-422d-a2a2-6f47500d1d12,0,0,1,1,58,0.00750089231587,factorial_cell,,
heldout,yolo11s,e8c9fd64-fdd2-422d-a2a2-6f47500d1d12,0,1,0,0,58,0.0139341028763,factorial_cell,,
heldout,yolo11s,e8c9fd64-fdd2-422d-a2a2-6f47500d1d12,0,1,0,1,58,0.0110688092892,factorial_cell,,
heldout,yolo11s,e8c9fd64-fdd2-422d-a2a2-6f47500d1d12,0,1,1,0,58,0.00957837718399,factorial_cell,,
heldout,yolo11s,e8c9fd64-fdd2-422d-a2a2-6f47500d1d12,0,1,1,1,58,0.00694678290967,factorial_cell,,
heldout,yolo11s,e8c9fd64-fdd2-422d-a2a2-6f47500d1d12,1,0,0,0,58,0.0109299748805,factorial_cell,,
heldout,yolo11s,e8c9fd64-fdd2-422d-a2a2-6f47500d1d12,1,0,0,1,58,0.00874023266583,factorial_cell,,
heldout,yolo11s,e8c9fd64-fdd2-422d-a2a2-6f47500d1d12,1,0,1,0,58,0.00957472507079,factorial_cell,,
heldout,yolo11s,e8c9fd64-fdd2-422d-a2a2-6f47500d1d12,1,0,1,1,58,0.00750089231587,factorial_cell,,
heldout,yolo11s,e8c9fd64-fdd2-422d-a2a2-6f47500d1d12,1,1,0,0,58,0.0109196607424,factorial_cell,,
heldout,yolo11s,e8c9fd64-fdd2-422d-a2a2-6f47500d1d12,1,1,0,1,58,0.00857226901064,factorial_cell,,
heldout,yolo11s,e8c9fd64-fdd2-422d-a2a2-6f47500d1d12,1,1,1,0,58,0.00957837718399,factorial_cell,,
heldout,yolo11s,e8c9fd64-fdd2-422d-a2a2-6f47500d1d12,1,1,1,1,58,0.00694678290967,factorial_cell,,
model_selection,yolo11s,12c3c14b-9cf2-3434-9a5d-e0bfa332f6ce,0,0,0,0,80,0.0126347389417,factorial_cell,,
model_selection,yolo11s,12c3c14b-9cf2-3434-9a5d-e0bfa332f6ce,0,0,0,1,80,0.0071147529464,factorial_cell,,
model_selection,yolo11s,12c3c14b-9cf2-3434-9a5d-e0bfa332f6ce,0,0,1,0,80,0.00907560629163,factorial_cell,,
model_selection,yolo11s,12c3c14b-9cf2-3434-9a5d-e0bfa332f6ce,0,0,1,1,80,0.00333423234301,factorial_cell,,
model_selection,yolo11s,12c3c14b-9cf2-3434-9a5d-e0bfa332f6ce,0,1,0,0,80,0.012275058908,factorial_cell,,
model_selection,yolo11s,12c3c14b-9cf2-3434-9a5d-e0bfa332f6ce,0,1,0,1,80,0.00699553762026,factorial_cell,,
model_selection,yolo11s,12c3c14b-9cf2-3434-9a5d-e0bfa332f6ce,0,1,1,0,80,0.00905325719278,factorial_cell,,
model_selection,yolo11s,12c3c14b-9cf2-3434-9a5d-e0bfa332f6ce,0,1,1,1,80,0.00330238381075,factorial_cell,,
model_selection,yolo11s,12c3c14b-9cf2-3434-9a5d-e0bfa332f6ce,1,0,0,0,80,0.00950548939428,factorial_cell,,
model_selection,yolo11s,12c3c14b-9cf2-3434-9a5d-e0bfa332f6ce,1,0,0,1,80,0.00546747426908,factorial_cell,,
model_selection,yolo11s,12c3c14b-9cf2-3434-9a5d-e0bfa332f6ce,1,0,1,0,80,0.00907560629163,factorial_cell,,
model_selection,yolo11s,12c3c14b-9cf2-3434-9a5d-e0bfa332f6ce,1,0,1,1,80,0.00333423234301,factorial_cell,,
model_selection,yolo11s,12c3c14b-9cf2-3434-9a5d-e0bfa332f6ce,1,1,0,0,80,0.00951043517042,factorial_cell,,
model_selection,yolo11s,12c3c14b-9cf2-3434-9a5d-e0bfa332f6ce,1,1,0,1,80,0.00569761695157,factorial_cell,,
model_selection,yolo11s,12c3c14b-9cf2-3434-9a5d-e0bfa332f6ce,1,1,1,0,80,0.00905325719278,factorial_cell,,
model_selection,yolo11s,12c3c14b-9cf2-3434-9a5d-e0bfa332f6ce,1,1,1,1,80,0.00330238381075,factorial_cell,,
model_selection,yolo11s,9441ffdd-f06e-36e0-839e-b836b0f19bc9,0,0,0,0,35,0.0108800788949,factorial_cell,,
model_selection,yolo11s,9441ffdd-f06e-36e0-839e-b836b0f19bc9,0,0,0,1,35,0.00600569125044,factorial_cell,,
model_selection,yolo11s,9441ffdd-f06e-36e0-839e-b836b0f19bc9,0,0,1,0,35,0.014380093195,factorial_cell,,
model_selection,yolo11s,9441ffdd-f06e-36e0-839e-b836b0f19bc9,0,0,1,1,35,0.00314871234806,factorial_cell,,
model_selection,yolo11s,9441ffdd-f06e-36e0-839e-b836b0f19bc9,0,1,0,0,35,0.0108263050572,factorial_cell,,
model_selection,yolo11s,9441ffdd-f06e-36e0-839e-b836b0f19bc9,0,1,0,1,35,0.00626644891105,factorial_cell,,
model_selection,yolo11s,9441ffdd-f06e-36e0-839e-b836b0f19bc9,0,1,1,0,35,0.0144332101057,factorial_cell,,
model_selection,yolo11s,9441ffdd-f06e-36e0-839e-b836b0f19bc9,0,1,1,1,35,0.00312644638251,factorial_cell,,
model_selection,yolo11s,9441ffdd-f06e-36e0-839e-b836b0f19bc9,1,0,0,0,35,0.0103521883223,factorial_cell,,
model_selection,yolo11s,9441ffdd-f06e-36e0-839e-b836b0f19bc9,1,0,0,1,35,0.00431087841566,factorial_cell,,
model_selection,yolo11s,9441ffdd-f06e-36e0-839e-b836b0f19bc9,1,0,1,0,35,0.014380093195,factorial_cell,,
model_selection,yolo11s,9441ffdd-f06e-36e0-839e-b836b0f19bc9,1,0,1,1,35,0.00314871234806,factorial_cell,,
model_selection,yolo11s,9441ffdd-f06e-36e0-839e-b836b0f19bc9,1,1,0,0,35,0.0108008170107,factorial_cell,,
model_selection,yolo11s,9441ffdd-f06e-36e0-839e-b836b0f19bc9,1,1,0,1,35,0.00442722276111,factorial_cell,,
model_selection,yolo11s,9441ffdd-f06e-36e0-839e-b836b0f19bc9,1,1,1,0,35,0.0144332101057,factorial_cell,,
model_selection,yolo11s,9441ffdd-f06e-36e0-839e-b836b0f19bc9,1,1,1,1,35,0.00312644638251,factorial_cell,,
model_selection,yolo11s,e2043284-6122-3cc9-a7e7-f091a16361b7,0,0,0,0,70,0.0119966492499,factorial_cell,,
model_selection,yolo11s,e2043284-6122-3cc9-a7e7-f091a16361b7,0,0,0,1,70,0.00892188596142,factorial_cell,,
model_selection,yolo11s,e2043284-6122-3cc9-a7e7-f091a16361b7,0,0,1,0,70,0.00958812294936,factorial_cell,,
model_selection,yolo11s,e2043284-6122-3cc9-a7e7-f091a16361b7,0,0,1,1,70,0.00644281405791,factorial_cell,,
model_selection,yolo11s,e2043284-6122-3cc9-a7e7-f091a16361b7,0,1,0,0,70,0.0119335456904,factorial_cell,,
model_selection,yolo11s,e2043284-6122-3cc9-a7e7-f091a16361b7,0,1,0,1,70,0.00873016540417,factorial_cell,,
model_selection,yolo11s,e2043284-6122-3cc9-a7e7-f091a16361b7,0,1,1,0,70,0.00958222110658,factorial_cell,,
model_selection,yolo11s,e2043284-6122-3cc9-a7e7-f091a16361b7,0,1,1,1,70,0.00620388639053,factorial_cell,,
model_selection,yolo11s,e2043284-6122-3cc9-a7e7-f091a16361b7,1,0,0,0,70,0.011066974659,factorial_cell,,
model_selection,yolo11s,e2043284-6122-3cc9-a7e7-f091a16361b7,1,0,0,1,70,0.00730165810806,factorial_cell,,
model_selection,yolo11s,e2043284-6122-3cc9-a7e7-f091a16361b7,1,0,1,0,70,0.00958812294936,factorial_cell,,
model_selection,yolo11s,e2043284-6122-3cc9-a7e7-f091a16361b7,1,0,1,1,70,0.00644281405791,factorial_cell,,
model_selection,yolo11s,e2043284-6122-3cc9-a7e7-f091a16361b7,1,1,0,0,70,0.0108360889541,factorial_cell,,
model_selection,yolo11s,e2043284-6122-3cc9-a7e7-f091a16361b7,1,1,0,1,70,0.00714652661195,factorial_cell,,
model_selection,yolo11s,e2043284-6122-3cc9-a7e7-f091a16361b7,1,1,1,0,70,0.00958222110658,factorial_cell,,
model_selection,yolo11s,e2043284-6122-3cc9-a7e7-f091a16361b7,1,1,1,1,70,0.00620388639053,factorial_cell,,
development,yolo11n,1e6f21fd-5c8a-3526-ac50-72adae89d6a8,0,0,0,0,88,0.00988132176992,factorial_cell,,
development,yolo11n,1e6f21fd-5c8a-3526-ac50-72adae89d6a8,0,0,0,1,88,0.0073329799395,factorial_cell,,
development,yolo11n,1e6f21fd-5c8a-3526-ac50-72adae89d6a8,0,0,1,0,88,0.00855588617938,factorial_cell,,
development,yolo11n,1e6f21fd-5c8a-3526-ac50-72adae89d6a8,0,0,1,1,88,0.00625471273428,factorial_cell,,
development,yolo11n,1e6f21fd-5c8a-3526-ac50-72adae89d6a8,0,1,0,0,88,0.0097145802152,factorial_cell,,
development,yolo11n,1e6f21fd-5c8a-3526-ac50-72adae89d6a8,0,1,0,1,88,0.00728586672023,factorial_cell,,
development,yolo11n,1e6f21fd-5c8a-3526-ac50-72adae89d6a8,0,1,1,0,88,0.00854258383422,factorial_cell,,
development,yolo11n,1e6f21fd-5c8a-3526-ac50-72adae89d6a8,0,1,1,1,88,0.00608077403517,factorial_cell,,
development,yolo11n,1e6f21fd-5c8a-3526-ac50-72adae89d6a8,1,0,0,0,88,0.00818312771048,factorial_cell,,
development,yolo11n,1e6f21fd-5c8a-3526-ac50-72adae89d6a8,1,0,0,1,88,0.00680941928237,factorial_cell,,
development,yolo11n,1e6f21fd-5c8a-3526-ac50-72adae89d6a8,1,0,1,0,88,0.00855588617938,factorial_cell,,
development,yolo11n,1e6f21fd-5c8a-3526-ac50-72adae89d6a8,1,0,1,1,88,0.00625471273428,factorial_cell,,
development,yolo11n,1e6f21fd-5c8a-3526-ac50-72adae89d6a8,1,1,0,0,88,0.00845558683064,factorial_cell,,
development,yolo11n,1e6f21fd-5c8a-3526-ac50-72adae89d6a8,1,1,0,1,88,0.0065570794904,factorial_cell,,
development,yolo11n,1e6f21fd-5c8a-3526-ac50-72adae89d6a8,1,1,1,0,88,0.00854258383422,factorial_cell,,
development,yolo11n,1e6f21fd-5c8a-3526-ac50-72adae89d6a8,1,1,1,1,88,0.00608077403517,factorial_cell,,
development,yolo11n,380e5bf0-1c68-36a4-ac64-09a03b60bebf,0,0,0,0,60,0.0100617011565,factorial_cell,,
development,yolo11n,380e5bf0-1c68-36a4-ac64-09a03b60bebf,0,0,0,1,60,0.00888472200741,factorial_cell,,
development,yolo11n,380e5bf0-1c68-36a4-ac64-09a03b60bebf,0,0,1,0,60,0.00834970944303,factorial_cell,,
development,yolo11n,380e5bf0-1c68-36a4-ac64-09a03b60bebf,0,0,1,1,60,0.00705971676607,factorial_cell,,
development,yolo11n,380e5bf0-1c68-36a4-ac64-09a03b60bebf,0,1,0,0,60,0.00991521713329,factorial_cell,,
development,yolo11n,380e5bf0-1c68-36a4-ac64-09a03b60bebf,0,1,0,1,60,0.00864413356421,factorial_cell,,
development,yolo11n,380e5bf0-1c68-36a4-ac64-09a03b60bebf,0,1,1,0,60,0.0087809412351,factorial_cell,,
development,yolo11n,380e5bf0-1c68-36a4-ac64-09a03b60bebf,0,1,1,1,60,0.00713617941428,factorial_cell,,
development,yolo11n,380e5bf0-1c68-36a4-ac64-09a03b60bebf,1,0,0,0,60,0.0100693914808,factorial_cell,,
development,yolo11n,380e5bf0-1c68-36a4-ac64-09a03b60bebf,1,0,0,1,60,0.007477148856,factorial_cell,,
development,yolo11n,380e5bf0-1c68-36a4-ac64-09a03b60bebf,1,0,1,0,60,0.00834970944303,factorial_cell,,
development,yolo11n,380e5bf0-1c68-36a4-ac64-09a03b60bebf,1,0,1,1,60,0.00705971676607,factorial_cell,,
development,yolo11n,380e5bf0-1c68-36a4-ac64-09a03b60bebf,1,1,0,0,60,0.00981391998958,factorial_cell,,
development,yolo11n,380e5bf0-1c68-36a4-ac64-09a03b60bebf,1,1,0,1,60,0.00746792403423,factorial_cell,,
development,yolo11n,380e5bf0-1c68-36a4-ac64-09a03b60bebf,1,1,1,0,60,0.0087809412351,factorial_cell,,
development,yolo11n,380e5bf0-1c68-36a4-ac64-09a03b60bebf,1,1,1,1,60,0.00713617941428,factorial_cell,,
development,yolo11n,453e5558-6363-38e3-bf9b-42b5ba0a6f1d,0,0,0,0,58,0.0121798327582,factorial_cell,,
development,yolo11n,453e5558-6363-38e3-bf9b-42b5ba0a6f1d,0,0,0,1,58,0.00468284328256,factorial_cell,,
development,yolo11n,453e5558-6363-38e3-bf9b-42b5ba0a6f1d,0,0,1,0,58,0.0118452569937,factorial_cell,,
development,yolo11n,453e5558-6363-38e3-bf9b-42b5ba0a6f1d,0,0,1,1,58,0.00317249451759,factorial_cell,,
development,yolo11n,453e5558-6363-38e3-bf9b-42b5ba0a6f1d,0,1,0,0,58,0.0121828938327,factorial_cell,,
development,yolo11n,453e5558-6363-38e3-bf9b-42b5ba0a6f1d,0,1,0,1,58,0.00449666041382,factorial_cell,,
development,yolo11n,453e5558-6363-38e3-bf9b-42b5ba0a6f1d,0,1,1,0,58,0.011929644797,factorial_cell,,
development,yolo11n,453e5558-6363-38e3-bf9b-42b5ba0a6f1d,0,1,1,1,58,0.00323607753169,factorial_cell,,
development,yolo11n,453e5558-6363-38e3-bf9b-42b5ba0a6f1d,1,0,0,0,58,0.0118079322751,factorial_cell,,
development,yolo11n,453e5558-6363-38e3-bf9b-42b5ba0a6f1d,1,0,0,1,58,0.00526718307141,factorial_cell,,
development,yolo11n,453e5558-6363-38e3-bf9b-42b5ba0a6f1d,1,0,1,0,58,0.0118452569937,factorial_cell,,
development,yolo11n,453e5558-6363-38e3-bf9b-42b5ba0a6f1d,1,0,1,1,58,0.00317249451759,factorial_cell,,
development,yolo11n,453e5558-6363-38e3-bf9b-42b5ba0a6f1d,1,1,0,0,58,0.0118051580425,factorial_cell,,
development,yolo11n,453e5558-6363-38e3-bf9b-42b5ba0a6f1d,1,1,0,1,58,0.00527203632905,factorial_cell,,
development,yolo11n,453e5558-6363-38e3-bf9b-42b5ba0a6f1d,1,1,1,0,58,0.011929644797,factorial_cell,,
development,yolo11n,453e5558-6363-38e3-bf9b-42b5ba0a6f1d,1,1,1,1,58,0.00323607753169,factorial_cell,,
development,yolo11n,639d4834-f922-3e27-9913-20aa649f815d,0,0,0,0,83,0.012975448905,factorial_cell,,
development,yolo11n,639d4834-f922-3e27-9913-20aa649f815d,0,0,0,1,83,0.00916152668162,factorial_cell,,
development,yolo11n,639d4834-f922-3e27-9913-20aa649f815d,0,0,1,0,83,0.0109782375508,factorial_cell,,
development,yolo11n,639d4834-f922-3e27-9913-20aa649f815d,0,0,1,1,83,0.0041734928452,factorial_cell,,
development,yolo11n,639d4834-f922-3e27-9913-20aa649f815d,0,1,0,0,83,0.0128816591049,factorial_cell,,
development,yolo11n,639d4834-f922-3e27-9913-20aa649f815d,0,1,0,1,83,0.00951661930699,factorial_cell,,
development,yolo11n,639d4834-f922-3e27-9913-20aa649f815d,0,1,1,0,83,0.0109923507339,factorial_cell,,
development,yolo11n,639d4834-f922-3e27-9913-20aa649f815d,0,1,1,1,83,0.00450007221046,factorial_cell,,
development,yolo11n,639d4834-f922-3e27-9913-20aa649f815d,1,0,0,0,83,0.0125980376488,factorial_cell,,
development,yolo11n,639d4834-f922-3e27-9913-20aa649f815d,1,0,0,1,83,0.00725201708757,factorial_cell,,
development,yolo11n,639d4834-f922-3e27-9913-20aa649f815d,1,0,1,0,83,0.0109782375508,factorial_cell,,
development,yolo11n,639d4834-f922-3e27-9913-20aa649f815d,1,0,1,1,83,0.0041734928452,factorial_cell,,
development,yolo11n,639d4834-f922-3e27-9913-20aa649f815d,1,1,0,0,83,0.012016069183,factorial_cell,,
development,yolo11n,639d4834-f922-3e27-9913-20aa649f815d,1,1,0,1,83,0.00729587924973,factorial_cell,,
development,yolo11n,639d4834-f922-3e27-9913-20aa649f815d,1,1,1,0,83,0.0109923507339,factorial_cell,,
development,yolo11n,639d4834-f922-3e27-9913-20aa649f815d,1,1,1,1,83,0.00450007221046,factorial_cell,,
development,yolo11n,768cf7e2-eb6c-3468-969e-e3b0fd87b34e,0,0,0,0,48,0.0108531407388,factorial_cell,,
development,yolo11n,768cf7e2-eb6c-3468-969e-e3b0fd87b34e,0,0,0,1,48,0.0056194214173,factorial_cell,,
development,yolo11n,768cf7e2-eb6c-3468-969e-e3b0fd87b34e,0,0,1,0,48,0.00908568921651,factorial_cell,,
development,yolo11n,768cf7e2-eb6c-3468-969e-e3b0fd87b34e,0,0,1,1,48,0.00421818867568,factorial_cell,,
development,yolo11n,768cf7e2-eb6c-3468-969e-e3b0fd87b34e,0,1,0,0,48,0.0108427127616,factorial_cell,,
development,yolo11n,768cf7e2-eb6c-3468-969e-e3b0fd87b34e,0,1,0,1,48,0.00547752675281,factorial_cell,,
development,yolo11n,768cf7e2-eb6c-3468-969e-e3b0fd87b34e,0,1,1,0,48,0.00908393994734,factorial_cell,,
development,yolo11n,768cf7e2-eb6c-3468-969e-e3b0fd87b34e,0,1,1,1,48,0.00415059058325,factorial_cell,,
development,yolo11n,768cf7e2-eb6c-3468-969e-e3b0fd87b34e,1,0,0,0,48,0.0102406025197,factorial_cell,,
development,yolo11n,768cf7e2-eb6c-3468-969e-e3b0fd87b34e,1,0,0,1,48,0.00530639183926,factorial_cell,,
development,yolo11n,768cf7e2-eb6c-3468-969e-e3b0fd87b34e,1,0,1,0,48,0.00908568921651,factorial_cell,,
development,yolo11n,768cf7e2-eb6c-3468-969e-e3b0fd87b34e,1,0,1,1,48,0.00421818867568,factorial_cell,,
development,yolo11n,768cf7e2-eb6c-3468-969e-e3b0fd87b34e,1,1,0,0,48,0.0102262577855,factorial_cell,,
development,yolo11n,768cf7e2-eb6c-3468-969e-e3b0fd87b34e,1,1,0,1,48,0.00475741696137,factorial_cell,,
development,yolo11n,768cf7e2-eb6c-3468-969e-e3b0fd87b34e,1,1,1,0,48,0.00908393994734,factorial_cell,,
development,yolo11n,768cf7e2-eb6c-3468-969e-e3b0fd87b34e,1,1,1,1,48,0.00415059058325,factorial_cell,,
development,yolo11n,8c019de9-7043-37bc-9498-b5858e7240af,0,0,0,0,21,0.00992519857737,factorial_cell,,
development,yolo11n,8c019de9-7043-37bc-9498-b5858e7240af,0,0,0,1,21,0.00872539243849,factorial_cell,,
development,yolo11n,8c019de9-7043-37bc-9498-b5858e7240af,0,0,1,0,21,0.00960366292884,factorial_cell,,
development,yolo11n,8c019de9-7043-37bc-9498-b5858e7240af,0,0,1,1,21,0.00366739930503,factorial_cell,,
development,yolo11n,8c019de9-7043-37bc-9498-b5858e7240af,0,1,0,0,21,0.00994796614722,factorial_cell,,
development,yolo11n,8c019de9-7043-37bc-9498-b5858e7240af,0,1,0,1,21,0.00870593151905,factorial_cell,,
development,yolo11n,8c019de9-7043-37bc-9498-b5858e7240af,0,1,1,0,21,0.00941152718962,factorial_cell,,
development,yolo11n,8c019de9-7043-37bc-9498-b5858e7240af,0,1,1,1,21,0.00365206525755,factorial_cell,,
development,yolo11n,8c019de9-7043-37bc-9498-b5858e7240af,1,0,0,0,21,0.00998632668413,factorial_cell,,
development,yolo11n,8c019de9-7043-37bc-9498-b5858e7240af,1,0,0,1,21,0.00440904929559,factorial_cell,,
development,yolo11n,8c019de9-7043-37bc-9498-b5858e7240af,1,0,1,0,21,0.00960366292884,factorial_cell,,
development,yolo11n,8c019de9-7043-37bc-9498-b5858e7240af,1,0,1,1,21,0.00366739930503,factorial_cell,,
development,yolo11n,8c019de9-7043-37bc-9498-b5858e7240af,1,1,0,0,21,0.0100142870213,factorial_cell,,
development,yolo11n,8c019de9-7043-37bc-9498-b5858e7240af,1,1,0,1,21,0.00437735426205,factorial_cell,,
development,yolo11n,8c019de9-7043-37bc-9498-b5858e7240af,1,1,1,0,21,0.00941152718962,factorial_cell,,
development,yolo11n,8c019de9-7043-37bc-9498-b5858e7240af,1,1,1,1,21,0.00365206525755,factorial_cell,,
development,yolo11n,9a25fd14-783b-35c3-ab2d-df4687f82b5e,0,0,0,0,103,0.0125154468496,factorial_cell,,
development,yolo11n,9a25fd14-783b-35c3-ab2d-df4687f82b5e,0,0,0,1,103,0.00921025376424,factorial_cell,,
development,yolo11n,9a25fd14-783b-35c3-ab2d-df4687f82b5e,0,0,1,0,103,0.00884465081578,factorial_cell,,
development,yolo11n,9a25fd14-783b-35c3-ab2d-df4687f82b5e,0,0,1,1,103,0.00593464691897,factorial_cell,,
development,yolo11n,9a25fd14-783b-35c3-ab2d-df4687f82b5e,0,1,0,0,103,0.0122788205972,factorial_cell,,
development,yolo11n,9a25fd14-783b-35c3-ab2d-df4687f82b5e,0,1,0,1,103,0.00858069260871,factorial_cell,,
development,yolo11n,9a25fd14-783b-35c3-ab2d-df4687f82b5e,0,1,1,0,103,0.00887390520489,factorial_cell,,
development,yolo11n,9a25fd14-783b-35c3-ab2d-df4687f82b5e,0,1,1,1,103,0.00559350235858,factorial_cell,,
development,yolo11n,9a25fd14-783b-35c3-ab2d-df4687f82b5e,1,0,0,0,103,0.00907577632585,factorial_cell,,
development,yolo11n,9a25fd14-783b-35c3-ab2d-df4687f82b5e,1,0,0,1,103,0.0077245384455,factorial_cell,,
development,yolo11n,9a25fd14-783b-35c3-ab2d-df4687f82b5e,1,0,1,0,103,0.00884465081578,factorial_cell,,
development,yolo11n,9a25fd14-783b-35c3-ab2d-df4687f82b5e,1,0,1,1,103,0.00593464691897,factorial_cell,,
development,yolo11n,9a25fd14-783b-35c3-ab2d-df4687f82b5e,1,1,0,0,103,0.00909339347784,factorial_cell,,
development,yolo11n,9a25fd14-783b-35c3-ab2d-df4687f82b5e,1,1,0,1,103,0.00776123631685,factorial_cell,,
development,yolo11n,9a25fd14-783b-35c3-ab2d-df4687f82b5e,1,1,1,0,103,0.00887390520489,factorial_cell,,
development,yolo11n,9a25fd14-783b-35c3-ab2d-df4687f82b5e,1,1,1,1,103,0.00559350235858,factorial_cell,,
development,yolo11n,ac1b1697-42b9-4225-a666-d17f72204fa8,0,0,0,0,69,0.0117376971437,factorial_cell,,
development,yolo11n,ac1b1697-42b9-4225-a666-d17f72204fa8,0,0,0,1,69,0.00851017172251,factorial_cell,,
development,yolo11n,ac1b1697-42b9-4225-a666-d17f72204fa8,0,0,1,0,69,0.00931976252806,factorial_cell,,
development,yolo11n,ac1b1697-42b9-4225-a666-d17f72204fa8,0,0,1,1,69,0.00562591425952,factorial_cell,,
development,yolo11n,ac1b1697-42b9-4225-a666-d17f72204fa8,0,1,0,0,69,0.0113949890215,factorial_cell,,
development,yolo11n,ac1b1697-42b9-4225-a666-d17f72204fa8,0,1,0,1,69,0.00850028423973,factorial_cell,,
development,yolo11n,ac1b1697-42b9-4225-a666-d17f72204fa8,0,1,1,0,69,0.009320884306,factorial_cell,,
development,yolo11n,ac1b1697-42b9-4225-a666-d17f72204fa8,0,1,1,1,69,0.00556170247252,factorial_cell,,
development,yolo11n,ac1b1697-42b9-4225-a666-d17f72204fa8,1,0,0,0,69,0.0104214871262,factorial_cell,,
development,yolo11n,ac1b1697-42b9-4225-a666-d17f72204fa8,1,0,0,1,69,0.00801569515107,factorial_cell,,
development,yolo11n,ac1b1697-42b9-4225-a666-d17f72204fa8,1,0,1,0,69,0.00931976252806,factorial_cell,,
development,yolo11n,ac1b1697-42b9-4225-a666-d17f72204fa8,1,0,1,1,69,0.00562591425952,factorial_cell,,
development,yolo11n,ac1b1697-42b9-4225-a666-d17f72204fa8,1,1,0,0,69,0.0104861266556,factorial_cell,,
development,yolo11n,ac1b1697-42b9-4225-a666-d17f72204fa8,1,1,0,1,69,0.00758550785537,factorial_cell,,
development,yolo11n,ac1b1697-42b9-4225-a666-d17f72204fa8,1,1,1,0,69,0.009320884306,factorial_cell,,
development,yolo11n,ac1b1697-42b9-4225-a666-d17f72204fa8,1,1,1,1,69,0.00556170247252,factorial_cell,,
development,yolo11n,d37be0e2-8223-3eeb-a0e2-c4b75d5ff87b,0,0,0,0,25,0.0206607392243,factorial_cell,,
development,yolo11n,d37be0e2-8223-3eeb-a0e2-c4b75d5ff87b,0,0,0,1,25,0.0156592789958,factorial_cell,,
development,yolo11n,d37be0e2-8223-3eeb-a0e2-c4b75d5ff87b,0,0,1,0,25,0.0133773511663,factorial_cell,,
development,yolo11n,d37be0e2-8223-3eeb-a0e2-c4b75d5ff87b,0,0,1,1,25,0.012524360814,factorial_cell,,
development,yolo11n,d37be0e2-8223-3eeb-a0e2-c4b75d5ff87b,0,1,0,0,25,0.0203661433637,factorial_cell,,
development,yolo11n,d37be0e2-8223-3eeb-a0e2-c4b75d5ff87b,0,1,0,1,25,0.0154522741005,factorial_cell,,
development,yolo11n,d37be0e2-8223-3eeb-a0e2-c4b75d5ff87b,0,1,1,0,25,0.0133774366038,factorial_cell,,
development,yolo11n,d37be0e2-8223-3eeb-a0e2-c4b75d5ff87b,0,1,1,1,25,0.0125945489693,factorial_cell,,
development,yolo11n,d37be0e2-8223-3eeb-a0e2-c4b75d5ff87b,1,0,0,0,25,0.0175640589577,factorial_cell,,
development,yolo11n,d37be0e2-8223-3eeb-a0e2-c4b75d5ff87b,1,0,0,1,25,0.0126014558192,factorial_cell,,
development,yolo11n,d37be0e2-8223-3eeb-a0e2-c4b75d5ff87b,1,0,1,0,25,0.0133773511663,factorial_cell,,
development,yolo11n,d37be0e2-8223-3eeb-a0e2-c4b75d5ff87b,1,0,1,1,25,0.012524360814,factorial_cell,,
development,yolo11n,d37be0e2-8223-3eeb-a0e2-c4b75d5ff87b,1,1,0,0,25,0.0173531388012,factorial_cell,,
development,yolo11n,d37be0e2-8223-3eeb-a0e2-c4b75d5ff87b,1,1,0,1,25,0.0126078915296,factorial_cell,,
development,yolo11n,d37be0e2-8223-3eeb-a0e2-c4b75d5ff87b,1,1,1,0,25,0.0133774366038,factorial_cell,,
development,yolo11n,d37be0e2-8223-3eeb-a0e2-c4b75d5ff87b,1,1,1,1,25,0.0125945489693,factorial_cell,,
development,yolo11n,f7cdc2d1-f59a-30a2-aae8-8bb81c769e6e,0,0,0,0,91,0.012180772675,factorial_cell,,
development,yolo11n,f7cdc2d1-f59a-30a2-aae8-8bb81c769e6e,0,0,0,1,91,0.00848321346862,factorial_cell,,
development,yolo11n,f7cdc2d1-f59a-30a2-aae8-8bb81c769e6e,0,0,1,0,91,0.00853227796648,factorial_cell,,
development,yolo11n,f7cdc2d1-f59a-30a2-aae8-8bb81c769e6e,0,0,1,1,91,0.00581983539233,factorial_cell,,
development,yolo11n,f7cdc2d1-f59a-30a2-aae8-8bb81c769e6e,0,1,0,0,91,0.0121690349368,factorial_cell,,
development,yolo11n,f7cdc2d1-f59a-30a2-aae8-8bb81c769e6e,0,1,0,1,91,0.00852230622026,factorial_cell,,
development,yolo11n,f7cdc2d1-f59a-30a2-aae8-8bb81c769e6e,0,1,1,0,91,0.00855108304235,factorial_cell,,
development,yolo11n,f7cdc2d1-f59a-30a2-aae8-8bb81c769e6e,0,1,1,1,91,0.00586238860666,factorial_cell,,
development,yolo11n,f7cdc2d1-f59a-30a2-aae8-8bb81c769e6e,1,0,0,0,91,0.0127691253112,factorial_cell,,
development,yolo11n,f7cdc2d1-f59a-30a2-aae8-8bb81c769e6e,1,0,0,1,91,0.00815067819028,factorial_cell,,
development,yolo11n,f7cdc2d1-f59a-30a2-aae8-8bb81c769e6e,1,0,1,0,91,0.00853227796648,factorial_cell,,
development,yolo11n,f7cdc2d1-f59a-30a2-aae8-8bb81c769e6e,1,0,1,1,91,0.00581983539233,factorial_cell,,
development,yolo11n,f7cdc2d1-f59a-30a2-aae8-8bb81c769e6e,1,1,0,0,91,0.0126521877049,factorial_cell,,
development,yolo11n,f7cdc2d1-f59a-30a2-aae8-8bb81c769e6e,1,1,0,1,91,0.00801565690025,factorial_cell,,
development,yolo11n,f7cdc2d1-f59a-30a2-aae8-8bb81c769e6e,1,1,1,0,91,0.00855108304235,factorial_cell,,
development,yolo11n,f7cdc2d1-f59a-30a2-aae8-8bb81c769e6e,1,1,1,1,91,0.00586238860666,factorial_cell,,
heldout,yolo11n,15ec0778-826e-3ed7-9775-54fbf66997f4,0,0,0,0,19,0.0308099836129,factorial_cell,,
heldout,yolo11n,15ec0778-826e-3ed7-9775-54fbf66997f4,0,0,0,1,19,0.0100570554799,factorial_cell,,
heldout,yolo11n,15ec0778-826e-3ed7-9775-54fbf66997f4,0,0,1,0,19,0.025524343291,factorial_cell,,
heldout,yolo11n,15ec0778-826e-3ed7-9775-54fbf66997f4,0,0,1,1,19,0.00545953358134,factorial_cell,,
heldout,yolo11n,15ec0778-826e-3ed7-9775-54fbf66997f4,0,1,0,0,19,0.0298145749295,factorial_cell,,
heldout,yolo11n,15ec0778-826e-3ed7-9775-54fbf66997f4,0,1,0,1,19,0.0101737977692,factorial_cell,,
heldout,yolo11n,15ec0778-826e-3ed7-9775-54fbf66997f4,0,1,1,0,19,0.0255244346787,factorial_cell,,
heldout,yolo11n,15ec0778-826e-3ed7-9775-54fbf66997f4,0,1,1,1,19,0.00514925661512,factorial_cell,,
heldout,yolo11n,15ec0778-826e-3ed7-9775-54fbf66997f4,1,0,0,0,19,0.0217178522323,factorial_cell,,
heldout,yolo11n,15ec0778-826e-3ed7-9775-54fbf66997f4,1,0,0,1,19,0.00708623326498,factorial_cell,,
heldout,yolo11n,15ec0778-826e-3ed7-9775-54fbf66997f4,1,0,1,0,19,0.025524343291,factorial_cell,,
heldout,yolo11n,15ec0778-826e-3ed7-9775-54fbf66997f4,1,0,1,1,19,0.00545953358134,factorial_cell,,
heldout,yolo11n,15ec0778-826e-3ed7-9775-54fbf66997f4,1,1,0,0,19,0.0217148813711,factorial_cell,,
heldout,yolo11n,15ec0778-826e-3ed7-9775-54fbf66997f4,1,1,0,1,19,0.00600479203553,factorial_cell,,
heldout,yolo11n,15ec0778-826e-3ed7-9775-54fbf66997f4,1,1,1,0,19,0.0255244346787,factorial_cell,,
heldout,yolo11n,15ec0778-826e-3ed7-9775-54fbf66997f4,1,1,1,1,19,0.00514925661512,factorial_cell,,
heldout,yolo11n,2c652f9e-8db8-3572-aa49-fae1344a875b,0,0,0,0,35,0.0259566914735,factorial_cell,,
heldout,yolo11n,2c652f9e-8db8-3572-aa49-fae1344a875b,0,0,0,1,35,0.0210256443593,factorial_cell,,
heldout,yolo11n,2c652f9e-8db8-3572-aa49-fae1344a875b,0,0,1,0,35,0.0211811520121,factorial_cell,,
heldout,yolo11n,2c652f9e-8db8-3572-aa49-fae1344a875b,0,0,1,1,35,0.0211856223245,factorial_cell,,
heldout,yolo11n,2c652f9e-8db8-3572-aa49-fae1344a875b,0,1,0,0,35,0.028082061065,factorial_cell,,
heldout,yolo11n,2c652f9e-8db8-3572-aa49-fae1344a875b,0,1,0,1,35,0.0208915674408,factorial_cell,,
heldout,yolo11n,2c652f9e-8db8-3572-aa49-fae1344a875b,0,1,1,0,35,0.0211999030342,factorial_cell,,
heldout,yolo11n,2c652f9e-8db8-3572-aa49-fae1344a875b,0,1,1,1,35,0.0210469385606,factorial_cell,,
heldout,yolo11n,2c652f9e-8db8-3572-aa49-fae1344a875b,1,0,0,0,35,0.0292640787351,factorial_cell,,
heldout,yolo11n,2c652f9e-8db8-3572-aa49-fae1344a875b,1,0,0,1,35,0.0208689836475,factorial_cell,,
heldout,yolo11n,2c652f9e-8db8-3572-aa49-fae1344a875b,1,0,1,0,35,0.0211811520121,factorial_cell,,
heldout,yolo11n,2c652f9e-8db8-3572-aa49-fae1344a875b,1,0,1,1,35,0.0211856223245,factorial_cell,,
heldout,yolo11n,2c652f9e-8db8-3572-aa49-fae1344a875b,1,1,0,0,35,0.0319966661089,factorial_cell,,
heldout,yolo11n,2c652f9e-8db8-3572-aa49-fae1344a875b,1,1,0,1,35,0.0208578387317,factorial_cell,,
heldout,yolo11n,2c652f9e-8db8-3572-aa49-fae1344a875b,1,1,1,0,35,0.0211999030342,factorial_cell,,
heldout,yolo11n,2c652f9e-8db8-3572-aa49-fae1344a875b,1,1,1,1,35,0.0210469385606,factorial_cell,,
heldout,yolo11n,58fed0d4-97d5-469b-89a4-4394838e10c7,0,0,0,0,22,0.0187865288179,factorial_cell,,
heldout,yolo11n,58fed0d4-97d5-469b-89a4-4394838e10c7,0,0,0,1,22,0.0136173167998,factorial_cell,,
heldout,yolo11n,58fed0d4-97d5-469b-89a4-4394838e10c7,0,0,1,0,22,0.0125555922137,factorial_cell,,
heldout,yolo11n,58fed0d4-97d5-469b-89a4-4394838e10c7,0,0,1,1,22,0.00820589979049,factorial_cell,,
heldout,yolo11n,58fed0d4-97d5-469b-89a4-4394838e10c7,0,1,0,0,22,0.018785336321,factorial_cell,,
heldout,yolo11n,58fed0d4-97d5-469b-89a4-4394838e10c7,0,1,0,1,22,0.0134046124864,factorial_cell,,
heldout,yolo11n,58fed0d4-97d5-469b-89a4-4394838e10c7,0,1,1,0,22,0.0125556498744,factorial_cell,,
heldout,yolo11n,58fed0d4-97d5-469b-89a4-4394838e10c7,0,1,1,1,22,0.00744956909748,factorial_cell,,
heldout,yolo11n,58fed0d4-97d5-469b-89a4-4394838e10c7,1,0,0,0,22,0.012754551567,factorial_cell,,
heldout,yolo11n,58fed0d4-97d5-469b-89a4-4394838e10c7,1,0,0,1,22,0.00925877207126,factorial_cell,,
heldout,yolo11n,58fed0d4-97d5-469b-89a4-4394838e10c7,1,0,1,0,22,0.0125555922137,factorial_cell,,
heldout,yolo11n,58fed0d4-97d5-469b-89a4-4394838e10c7,1,0,1,1,22,0.00820589979049,factorial_cell,,
heldout,yolo11n,58fed0d4-97d5-469b-89a4-4394838e10c7,1,1,0,0,22,0.0125444684031,factorial_cell,,
heldout,yolo11n,58fed0d4-97d5-469b-89a4-4394838e10c7,1,1,0,1,22,0.00929429560849,factorial_cell,,
heldout,yolo11n,58fed0d4-97d5-469b-89a4-4394838e10c7,1,1,1,0,22,0.0125556498744,factorial_cell,,
heldout,yolo11n,58fed0d4-97d5-469b-89a4-4394838e10c7,1,1,1,1,22,0.00744956909748,factorial_cell,,
heldout,yolo11n,a7636fca-4d9e-3052-bef2-af0ce5d1df74,0,0,0,0,39,0.0315643261214,factorial_cell,,
heldout,yolo11n,a7636fca-4d9e-3052-bef2-af0ce5d1df74,0,0,0,1,39,0.0107572592758,factorial_cell,,
heldout,yolo11n,a7636fca-4d9e-3052-bef2-af0ce5d1df74,0,0,1,0,39,0.0221554222488,factorial_cell,,
heldout,yolo11n,a7636fca-4d9e-3052-bef2-af0ce5d1df74,0,0,1,1,39,0.00649342551688,factorial_cell,,
heldout,yolo11n,a7636fca-4d9e-3052-bef2-af0ce5d1df74,0,1,0,0,39,0.0316548683836,factorial_cell,,
heldout,yolo11n,a7636fca-4d9e-3052-bef2-af0ce5d1df74,0,1,0,1,39,0.0106924785181,factorial_cell,,
heldout,yolo11n,a7636fca-4d9e-3052-bef2-af0ce5d1df74,0,1,1,0,39,0.0225394260731,factorial_cell,,
heldout,yolo11n,a7636fca-4d9e-3052-bef2-af0ce5d1df74,0,1,1,1,39,0.00662549057514,factorial_cell,,
heldout,yolo11n,a7636fca-4d9e-3052-bef2-af0ce5d1df74,1,0,0,0,39,0.029733211561,factorial_cell,,
heldout,yolo11n,a7636fca-4d9e-3052-bef2-af0ce5d1df74,1,0,0,1,39,0.0104810984978,factorial_cell,,
heldout,yolo11n,a7636fca-4d9e-3052-bef2-af0ce5d1df74,1,0,1,0,39,0.0221554222488,factorial_cell,,
heldout,yolo11n,a7636fca-4d9e-3052-bef2-af0ce5d1df74,1,0,1,1,39,0.00649342551688,factorial_cell,,
heldout,yolo11n,a7636fca-4d9e-3052-bef2-af0ce5d1df74,1,1,0,0,39,0.0299347525325,factorial_cell,,
heldout,yolo11n,a7636fca-4d9e-3052-bef2-af0ce5d1df74,1,1,0,1,39,0.00997736496552,factorial_cell,,
heldout,yolo11n,a7636fca-4d9e-3052-bef2-af0ce5d1df74,1,1,1,0,39,0.0225394260731,factorial_cell,,
heldout,yolo11n,a7636fca-4d9e-3052-bef2-af0ce5d1df74,1,1,1,1,39,0.00662549057514,factorial_cell,,
heldout,yolo11n,d1395998-7e8a-417d-91e9-5ca6ec045ee1,0,0,0,0,39,0.00965807839307,factorial_cell,,
heldout,yolo11n,d1395998-7e8a-417d-91e9-5ca6ec045ee1,0,0,0,1,39,0.00964872484609,factorial_cell,,
heldout,yolo11n,d1395998-7e8a-417d-91e9-5ca6ec045ee1,0,0,1,0,39,0.00873882820157,factorial_cell,,
heldout,yolo11n,d1395998-7e8a-417d-91e9-5ca6ec045ee1,0,0,1,1,39,0.00820927126645,factorial_cell,,
heldout,yolo11n,d1395998-7e8a-417d-91e9-5ca6ec045ee1,0,1,0,0,39,0.00935984666191,factorial_cell,,
heldout,yolo11n,d1395998-7e8a-417d-91e9-5ca6ec045ee1,0,1,0,1,39,0.00941804224561,factorial_cell,,
heldout,yolo11n,d1395998-7e8a-417d-91e9-5ca6ec045ee1,0,1,1,0,39,0.00873886632011,factorial_cell,,
heldout,yolo11n,d1395998-7e8a-417d-91e9-5ca6ec045ee1,0,1,1,1,39,0.00813057922634,factorial_cell,,
heldout,yolo11n,d1395998-7e8a-417d-91e9-5ca6ec045ee1,1,0,0,0,39,0.0105584541818,factorial_cell,,
heldout,yolo11n,d1395998-7e8a-417d-91e9-5ca6ec045ee1,1,0,0,1,39,0.00900378536829,factorial_cell,,
heldout,yolo11n,d1395998-7e8a-417d-91e9-5ca6ec045ee1,1,0,1,0,39,0.00873882820157,factorial_cell,,
heldout,yolo11n,d1395998-7e8a-417d-91e9-5ca6ec045ee1,1,0,1,1,39,0.00820927126645,factorial_cell,,
heldout,yolo11n,d1395998-7e8a-417d-91e9-5ca6ec045ee1,1,1,0,0,39,0.0108857804001,factorial_cell,,
heldout,yolo11n,d1395998-7e8a-417d-91e9-5ca6ec045ee1,1,1,0,1,39,0.00901455519284,factorial_cell,,
heldout,yolo11n,d1395998-7e8a-417d-91e9-5ca6ec045ee1,1,1,1,0,39,0.00873886632011,factorial_cell,,
heldout,yolo11n,d1395998-7e8a-417d-91e9-5ca6ec045ee1,1,1,1,1,39,0.00813057922634,factorial_cell,,
heldout,yolo11n,e72ef05c-8b94-3885-a34f-fff3b2b954b4,0,0,0,0,52,0.0267040053434,factorial_cell,,
heldout,yolo11n,e72ef05c-8b94-3885-a34f-fff3b2b954b4,0,0,0,1,52,0.0266916235056,factorial_cell,,
heldout,yolo11n,e72ef05c-8b94-3885-a34f-fff3b2b954b4,0,0,1,0,52,0.0134848813801,factorial_cell,,
heldout,yolo11n,e72ef05c-8b94-3885-a34f-fff3b2b954b4,0,0,1,1,52,0.0135141739053,factorial_cell,,
heldout,yolo11n,e72ef05c-8b94-3885-a34f-fff3b2b954b4,0,1,0,0,52,0.0279208986728,factorial_cell,,
heldout,yolo11n,e72ef05c-8b94-3885-a34f-fff3b2b954b4,0,1,0,1,52,0.0279082644038,factorial_cell,,
heldout,yolo11n,e72ef05c-8b94-3885-a34f-fff3b2b954b4,0,1,1,0,52,0.012908812173,factorial_cell,,
heldout,yolo11n,e72ef05c-8b94-3885-a34f-fff3b2b954b4,0,1,1,1,52,0.0129378263699,factorial_cell,,
heldout,yolo11n,e72ef05c-8b94-3885-a34f-fff3b2b954b4,1,0,0,0,52,0.0203853606588,factorial_cell,,
heldout,yolo11n,e72ef05c-8b94-3885-a34f-fff3b2b954b4,1,0,0,1,52,0.0203684905667,factorial_cell,,
heldout,yolo11n,e72ef05c-8b94-3885-a34f-fff3b2b954b4,1,0,1,0,52,0.0134848813801,factorial_cell,,
heldout,yolo11n,e72ef05c-8b94-3885-a34f-fff3b2b954b4,1,0,1,1,52,0.0135141739053,factorial_cell,,
heldout,yolo11n,e72ef05c-8b94-3885-a34f-fff3b2b954b4,1,1,0,0,52,0.0204986848526,factorial_cell,,
heldout,yolo11n,e72ef05c-8b94-3885-a34f-fff3b2b954b4,1,1,0,1,52,0.0204816463663,factorial_cell,,
heldout,yolo11n,e72ef05c-8b94-3885-a34f-fff3b2b954b4,1,1,1,0,52,0.012908812173,factorial_cell,,
heldout,yolo11n,e72ef05c-8b94-3885-a34f-fff3b2b954b4,1,1,1,1,52,0.0129378263699,factorial_cell,,
model_selection,yolo11n,0b324587-6097-3f92-a07a-a44f48c85d9e,0,0,0,0,30,0.0155056841881,factorial_cell,,
model_selection,yolo11n,0b324587-6097-3f92-a07a-a44f48c85d9e,0,0,0,1,30,0.00959983102919,factorial_cell,,
model_selection,yolo11n,0b324587-6097-3f92-a07a-a44f48c85d9e,0,0,1,0,30,0.0141931011061,factorial_cell,,
model_selection,yolo11n,0b324587-6097-3f92-a07a-a44f48c85d9e,0,0,1,1,30,0.00879143035885,factorial_cell,,
model_selection,yolo11n,0b324587-6097-3f92-a07a-a44f48c85d9e,0,1,0,0,30,0.0154249906512,factorial_cell,,
model_selection,yolo11n,0b324587-6097-3f92-a07a-a44f48c85d9e,0,1,0,1,30,0.0103641448253,factorial_cell,,
model_selection,yolo11n,0b324587-6097-3f92-a07a-a44f48c85d9e,0,1,1,0,30,0.0141838314009,factorial_cell,,
model_selection,yolo11n,0b324587-6097-3f92-a07a-a44f48c85d9e,0,1,1,1,30,0.00904192543981,factorial_cell,,
model_selection,yolo11n,0b324587-6097-3f92-a07a-a44f48c85d9e,1,0,0,0,30,0.0188321784115,factorial_cell,,
model_selection,yolo11n,0b324587-6097-3f92-a07a-a44f48c85d9e,1,0,0,1,30,0.00917449687465,factorial_cell,,
model_selection,yolo11n,0b324587-6097-3f92-a07a-a44f48c85d9e,1,0,1,0,30,0.0141931011061,factorial_cell,,
model_selection,yolo11n,0b324587-6097-3f92-a07a-a44f48c85d9e,1,0,1,1,30,0.00879143035885,factorial_cell,,
model_selection,yolo11n,0b324587-6097-3f92-a07a-a44f48c85d9e,1,1,0,0,30,0.0188595349214,factorial_cell,,
model_selection,yolo11n,0b324587-6097-3f92-a07a-a44f48c85d9e,1,1,0,1,30,0.00924411651266,factorial_cell,,
model_selection,yolo11n,0b324587-6097-3f92-a07a-a44f48c85d9e,1,1,1,0,30,0.0141838314009,factorial_cell,,
model_selection,yolo11n,0b324587-6097-3f92-a07a-a44f48c85d9e,1,1,1,1,30,0.00904192543981,factorial_cell,,
model_selection,yolo11n,902d5e72-b665-3615-af2d-a2b6164864b2,0,0,0,0,70,0.00971450512488,factorial_cell,,
model_selection,yolo11n,902d5e72-b665-3615-af2d-a2b6164864b2,0,0,0,1,70,0.00635533772017,factorial_cell,,
model_selection,yolo11n,902d5e72-b665-3615-af2d-a2b6164864b2,0,0,1,0,70,0.00915410149204,factorial_cell,,
model_selection,yolo11n,902d5e72-b665-3615-af2d-a2b6164864b2,0,0,1,1,70,0.00477150727848,factorial_cell,,
model_selection,yolo11n,902d5e72-b665-3615-af2d-a2b6164864b2,0,1,0,0,70,0.00954973695304,factorial_cell,,
model_selection,yolo11n,902d5e72-b665-3615-af2d-a2b6164864b2,0,1,0,1,70,0.00614999037845,factorial_cell,,
model_selection,yolo11n,902d5e72-b665-3615-af2d-a2b6164864b2,0,1,1,0,70,0.00910048399762,factorial_cell,,
model_selection,yolo11n,902d5e72-b665-3615-af2d-a2b6164864b2,0,1,1,1,70,0.00475797789654,factorial_cell,,
model_selection,yolo11n,902d5e72-b665-3615-af2d-a2b6164864b2,1,0,0,0,70,0.00954061842441,factorial_cell,,
model_selection,yolo11n,902d5e72-b665-3615-af2d-a2b6164864b2,1,0,0,1,70,0.00513136216669,factorial_cell,,
model_selection,yolo11n,902d5e72-b665-3615-af2d-a2b6164864b2,1,0,1,0,70,0.00915410149204,factorial_cell,,
model_selection,yolo11n,902d5e72-b665-3615-af2d-a2b6164864b2,1,0,1,1,70,0.00477150727848,factorial_cell,,
model_selection,yolo11n,902d5e72-b665-3615-af2d-a2b6164864b2,1,1,0,0,70,0.00954036690587,factorial_cell,,
model_selection,yolo11n,902d5e72-b665-3615-af2d-a2b6164864b2,1,1,0,1,70,0.00509749990773,factorial_cell,,
model_selection,yolo11n,902d5e72-b665-3615-af2d-a2b6164864b2,1,1,1,0,70,0.00910048399762,factorial_cell,,
model_selection,yolo11n,902d5e72-b665-3615-af2d-a2b6164864b2,1,1,1,1,70,0.00475797789654,factorial_cell,,
model_selection,yolo11n,e0cfd042-ae29-3d21-bb47-81eb8f933ec8,0,0,0,0,33,0.0188921872646,factorial_cell,,
model_selection,yolo11n,e0cfd042-ae29-3d21-bb47-81eb8f933ec8,0,0,0,1,33,0.00601867131315,factorial_cell,,
model_selection,yolo11n,e0cfd042-ae29-3d21-bb47-81eb8f933ec8,0,0,1,0,33,0.0134228173851,factorial_cell,,
model_selection,yolo11n,e0cfd042-ae29-3d21-bb47-81eb8f933ec8,0,0,1,1,33,0.00429947020942,factorial_cell,,
model_selection,yolo11n,e0cfd042-ae29-3d21-bb47-81eb8f933ec8,0,1,0,0,33,0.0188640102559,factorial_cell,,
model_selection,yolo11n,e0cfd042-ae29-3d21-bb47-81eb8f933ec8,0,1,0,1,33,0.00601529593793,factorial_cell,,
model_selection,yolo11n,e0cfd042-ae29-3d21-bb47-81eb8f933ec8,0,1,1,0,33,0.0133816271989,factorial_cell,,
model_selection,yolo11n,e0cfd042-ae29-3d21-bb47-81eb8f933ec8,0,1,1,1,33,0.00315189394039,factorial_cell,,
model_selection,yolo11n,e0cfd042-ae29-3d21-bb47-81eb8f933ec8,1,0,0,0,33,0.0116654917828,factorial_cell,,
model_selection,yolo11n,e0cfd042-ae29-3d21-bb47-81eb8f933ec8,1,0,0,1,33,0.00511130635755,factorial_cell,,
model_selection,yolo11n,e0cfd042-ae29-3d21-bb47-81eb8f933ec8,1,0,1,0,33,0.0134228173851,factorial_cell,,
model_selection,yolo11n,e0cfd042-ae29-3d21-bb47-81eb8f933ec8,1,0,1,1,33,0.00429947020942,factorial_cell,,
model_selection,yolo11n,e0cfd042-ae29-3d21-bb47-81eb8f933ec8,1,1,0,0,33,0.0119662176486,factorial_cell,,
model_selection,yolo11n,e0cfd042-ae29-3d21-bb47-81eb8f933ec8,1,1,0,1,33,0.00527833485165,factorial_cell,,
model_selection,yolo11n,e0cfd042-ae29-3d21-bb47-81eb8f933ec8,1,1,1,0,33,0.0133816271989,factorial_cell,,
model_selection,yolo11n,e0cfd042-ae29-3d21-bb47-81eb8f933ec8,1,1,1,1,33,0.00315189394039,factorial_cell,,
development,yolo11s,286790ed-9dec-305b-bcad-4f8153301e7c,0,0,0,0,58,0.0144330175904,factorial_cell,,
development,yolo11s,286790ed-9dec-305b-bcad-4f8153301e7c,0,0,0,1,58,0.00860641482509,factorial_cell,,
development,yolo11s,286790ed-9dec-305b-bcad-4f8153301e7c,0,0,1,0,58,0.00911627507761,factorial_cell,,
development,yolo11s,286790ed-9dec-305b-bcad-4f8153301e7c,0,0,1,1,58,0.00591946506678,factorial_cell,,
development,yolo11s,286790ed-9dec-305b-bcad-4f8153301e7c,0,1,0,0,58,0.0137645457956,factorial_cell,,
development,yolo11s,286790ed-9dec-305b-bcad-4f8153301e7c,0,1,0,1,58,0.00751089155807,factorial_cell,,
development,yolo11s,286790ed-9dec-305b-bcad-4f8153301e7c,0,1,1,0,58,0.00906408286308,factorial_cell,,
development,yolo11s,286790ed-9dec-305b-bcad-4f8153301e7c,0,1,1,1,58,0.00539794315551,factorial_cell,,
development,yolo11s,286790ed-9dec-305b-bcad-4f8153301e7c,1,0,0,0,58,0.0114537538408,factorial_cell,,
development,yolo11s,286790ed-9dec-305b-bcad-4f8153301e7c,1,0,0,1,58,0.0077882748152,factorial_cell,,
development,yolo11s,286790ed-9dec-305b-bcad-4f8153301e7c,1,0,1,0,58,0.00911627507761,factorial_cell,,
development,yolo11s,286790ed-9dec-305b-bcad-4f8153301e7c,1,0,1,1,58,0.00591946506678,factorial_cell,,
development,yolo11s,286790ed-9dec-305b-bcad-4f8153301e7c,1,1,0,0,58,0.0108089055225,factorial_cell,,
development,yolo11s,286790ed-9dec-305b-bcad-4f8153301e7c,1,1,0,1,58,0.00723550805786,factorial_cell,,
development,yolo11s,286790ed-9dec-305b-bcad-4f8153301e7c,1,1,1,0,58,0.00906408286308,factorial_cell,,
development,yolo11s,286790ed-9dec-305b-bcad-4f8153301e7c,1,1,1,1,58,0.00539794315551,factorial_cell,,
development,yolo11s,3f9796e9-c892-3915-b719-3292df878ece,0,0,0,0,48,0.0223499749635,factorial_cell,,
development,yolo11s,3f9796e9-c892-3915-b719-3292df878ece,0,0,0,1,48,0.0112910848198,factorial_cell,,
development,yolo11s,3f9796e9-c892-3915-b719-3292df878ece,0,0,1,0,48,0.0194497842465,factorial_cell,,
development,yolo11s,3f9796e9-c892-3915-b719-3292df878ece,0,0,1,1,48,0.0106522127755,factorial_cell,,
development,yolo11s,3f9796e9-c892-3915-b719-3292df878ece,0,1,0,0,48,0.0214406235643,factorial_cell,,
development,yolo11s,3f9796e9-c892-3915-b719-3292df878ece,0,1,0,1,48,0.0114187178319,factorial_cell,,
development,yolo11s,3f9796e9-c892-3915-b719-3292df878ece,0,1,1,0,48,0.0190748659402,factorial_cell,,
development,yolo11s,3f9796e9-c892-3915-b719-3292df878ece,0,1,1,1,48,0.0105556649162,factorial_cell,,
development,yolo11s,3f9796e9-c892-3915-b719-3292df878ece,1,0,0,0,48,0.0211461213701,factorial_cell,,
development,yolo11s,3f9796e9-c892-3915-b719-3292df878ece,1,0,0,1,48,0.0111138993,factorial_cell,,
development,yolo11s,3f9796e9-c892-3915-b719-3292df878ece,1,0,1,0,48,0.0194497842465,factorial_cell,,
development,yolo11s,3f9796e9-c892-3915-b719-3292df878ece,1,0,1,1,48,0.0106522127755,factorial_cell,,
development,yolo11s,3f9796e9-c892-3915-b719-3292df878ece,1,1,0,0,48,0.0210899999274,factorial_cell,,
development,yolo11s,3f9796e9-c892-3915-b719-3292df878ece,1,1,0,1,48,0.0112714216767,factorial_cell,,
development,yolo11s,3f9796e9-c892-3915-b719-3292df878ece,1,1,1,0,48,0.0190748659402,factorial_cell,,
development,yolo11s,3f9796e9-c892-3915-b719-3292df878ece,1,1,1,1,48,0.0105556649162,factorial_cell,,
development,yolo11s,47167c79-2ba4-369c-8db8-760a30b4c38a,0,0,0,0,24,0.0161795384936,factorial_cell,,
development,yolo11s,47167c79-2ba4-369c-8db8-760a30b4c38a,0,0,0,1,24,0.00864926349306,factorial_cell,,
development,yolo11s,47167c79-2ba4-369c-8db8-760a30b4c38a,0,0,1,0,24,0.0126389228721,factorial_cell,,
development,yolo11s,47167c79-2ba4-369c-8db8-760a30b4c38a,0,0,1,1,24,0.00600307015841,factorial_cell,,
development,yolo11s,47167c79-2ba4-369c-8db8-760a30b4c38a,0,1,0,0,24,0.0162227324529,factorial_cell,,
development,yolo11s,47167c79-2ba4-369c-8db8-760a30b4c38a,0,1,0,1,24,0.00860589612204,factorial_cell,,
development,yolo11s,47167c79-2ba4-369c-8db8-760a30b4c38a,0,1,1,0,24,0.0126189892227,factorial_cell,,
development,yolo11s,47167c79-2ba4-369c-8db8-760a30b4c38a,0,1,1,1,24,0.0074167150275,factorial_cell,,
development,yolo11s,47167c79-2ba4-369c-8db8-760a30b4c38a,1,0,0,0,24,0.0153296110063,factorial_cell,,
development,yolo11s,47167c79-2ba4-369c-8db8-760a30b4c38a,1,0,0,1,24,0.0086073193521,factorial_cell,,
development,yolo11s,47167c79-2ba4-369c-8db8-760a30b4c38a,1,0,1,0,24,0.0126389228721,factorial_cell,,
development,yolo11s,47167c79-2ba4-369c-8db8-760a30b4c38a,1,0,1,1,24,0.00600307015841,factorial_cell,,
development,yolo11s,47167c79-2ba4-369c-8db8-760a30b4c38a,1,1,0,0,24,0.015388594429,factorial_cell,,
development,yolo11s,47167c79-2ba4-369c-8db8-760a30b4c38a,1,1,0,1,24,0.00879806238628,factorial_cell,,
development,yolo11s,47167c79-2ba4-369c-8db8-760a30b4c38a,1,1,1,0,24,0.0126189892227,factorial_cell,,
development,yolo11s,47167c79-2ba4-369c-8db8-760a30b4c38a,1,1,1,1,24,0.0074167150275,factorial_cell,,
development,yolo11s,69c0ec7c-e289-3c4d-ade3-d2287ec34026,0,0,0,0,30,0.0207145948871,factorial_cell,,
development,yolo11s,69c0ec7c-e289-3c4d-ade3-d2287ec34026,0,0,0,1,30,0.0192440296251,factorial_cell,,
development,yolo11s,69c0ec7c-e289-3c4d-ade3-d2287ec34026,0,0,1,0,30,0.0172699410875,factorial_cell,,
development,yolo11s,69c0ec7c-e289-3c4d-ade3-d2287ec34026,0,0,1,1,30,0.00927407686257,factorial_cell,,
development,yolo11s,69c0ec7c-e289-3c4d-ade3-d2287ec34026,0,1,0,0,30,0.0188348484961,factorial_cell,,
development,yolo11s,69c0ec7c-e289-3c4d-ade3-d2287ec34026,0,1,0,1,30,0.0178842579321,factorial_cell,,
development,yolo11s,69c0ec7c-e289-3c4d-ade3-d2287ec34026,0,1,1,0,30,0.0114708379497,factorial_cell,,
development,yolo11s,69c0ec7c-e289-3c4d-ade3-d2287ec34026,0,1,1,1,30,0.00712126156008,factorial_cell,,
development,yolo11s,69c0ec7c-e289-3c4d-ade3-d2287ec34026,1,0,0,0,30,0.0191355785845,factorial_cell,,
development,yolo11s,69c0ec7c-e289-3c4d-ade3-d2287ec34026,1,0,0,1,30,0.0154904504412,factorial_cell,,
development,yolo11s,69c0ec7c-e289-3c4d-ade3-d2287ec34026,1,0,1,0,30,0.0172699410875,factorial_cell,,
development,yolo11s,69c0ec7c-e289-3c4d-ade3-d2287ec34026,1,0,1,1,30,0.00927407686257,factorial_cell,,
development,yolo11s,69c0ec7c-e289-3c4d-ade3-d2287ec34026,1,1,0,0,30,0.0191911284283,factorial_cell,,
development,yolo11s,69c0ec7c-e289-3c4d-ade3-d2287ec34026,1,1,0,1,30,0.013732056125,factorial_cell,,
development,yolo11s,69c0ec7c-e289-3c4d-ade3-d2287ec34026,1,1,1,0,30,0.0114708379497,factorial_cell,,
development,yolo11s,69c0ec7c-e289-3c4d-ade3-d2287ec34026,1,1,1,1,30,0.00712126156008,factorial_cell,,
development,yolo11s,7ce2a2ce-eed6-36d7-ba62-dda9acddb070,0,0,0,0,55,0.00629025795487,factorial_cell,,
development,yolo11s,7ce2a2ce-eed6-36d7-ba62-dda9acddb070,0,0,0,1,55,0.00611972184641,factorial_cell,,
development,yolo11s,7ce2a2ce-eed6-36d7-ba62-dda9acddb070,0,0,1,0,55,0.00479235478325,factorial_cell,,
development,yolo11s,7ce2a2ce-eed6-36d7-ba62-dda9acddb070,0,0,1,1,55,0.00492931070792,factorial_cell,,
development,yolo11s,7ce2a2ce-eed6-36d7-ba62-dda9acddb070,0,1,0,0,55,0.00607131527322,factorial_cell,,
development,yolo11s,7ce2a2ce-eed6-36d7-ba62-dda9acddb070,0,1,0,1,55,0.00577633167334,factorial_cell,,
development,yolo11s,7ce2a2ce-eed6-36d7-ba62-dda9acddb070,0,1,1,0,55,0.00478931169171,factorial_cell,,
development,yolo11s,7ce2a2ce-eed6-36d7-ba62-dda9acddb070,0,1,1,1,55,0.00492506102081,factorial_cell,,
development,yolo11s,7ce2a2ce-eed6-36d7-ba62-dda9acddb070,1,0,0,0,55,0.00546978547523,factorial_cell,,
development,yolo11s,7ce2a2ce-eed6-36d7-ba62-dda9acddb070,1,0,0,1,55,0.00493122049335,factorial_cell,,
development,yolo11s,7ce2a2ce-eed6-36d7-ba62-dda9acddb070,1,0,1,0,55,0.00479235478325,factorial_cell,,
development,yolo11s,7ce2a2ce-eed6-36d7-ba62-dda9acddb070,1,0,1,1,55,0.00492931070792,factorial_cell,,
development,yolo11s,7ce2a2ce-eed6-36d7-ba62-dda9acddb070,1,1,0,0,55,0.00530031982633,factorial_cell,,
development,yolo11s,7ce2a2ce-eed6-36d7-ba62-dda9acddb070,1,1,0,1,55,0.00489547527053,factorial_cell,,
development,yolo11s,7ce2a2ce-eed6-36d7-ba62-dda9acddb070,1,1,1,0,55,0.00478931169171,factorial_cell,,
development,yolo11s,7ce2a2ce-eed6-36d7-ba62-dda9acddb070,1,1,1,1,55,0.00492506102081,factorial_cell,,
development,yolo11s,90f360d8-35f7-3c54-b2da-e99b354bc4cb,0,0,0,0,25,0.0200110548494,factorial_cell,,
development,yolo11s,90f360d8-35f7-3c54-b2da-e99b354bc4cb,0,0,0,1,25,0.0109953168773,factorial_cell,,
development,yolo11s,90f360d8-35f7-3c54-b2da-e99b354bc4cb,0,0,1,0,25,0.0170979075339,factorial_cell,,
development,yolo11s,90f360d8-35f7-3c54-b2da-e99b354bc4cb,0,0,1,1,25,0.00907682659215,factorial_cell,,
development,yolo11s,90f360d8-35f7-3c54-b2da-e99b354bc4cb,0,1,0,0,25,0.020016248883,factorial_cell,,
development,yolo11s,90f360d8-35f7-3c54-b2da-e99b354bc4cb,0,1,0,1,25,0.0120956923083,factorial_cell,,
development,yolo11s,90f360d8-35f7-3c54-b2da-e99b354bc4cb,0,1,1,0,25,0.017103802134,factorial_cell,,
development,yolo11s,90f360d8-35f7-3c54-b2da-e99b354bc4cb,0,1,1,1,25,0.00833427263848,factorial_cell,,
development,yolo11s,90f360d8-35f7-3c54-b2da-e99b354bc4cb,1,0,0,0,25,0.0206755266678,factorial_cell,,
development,yolo11s,90f360d8-35f7-3c54-b2da-e99b354bc4cb,1,0,0,1,25,0.0105596185194,factorial_cell,,
development,yolo11s,90f360d8-35f7-3c54-b2da-e99b354bc4cb,1,0,1,0,25,0.0170979075339,factorial_cell,,
development,yolo11s,90f360d8-35f7-3c54-b2da-e99b354bc4cb,1,0,1,1,25,0.00907682659215,factorial_cell,,
development,yolo11s,90f360d8-35f7-3c54-b2da-e99b354bc4cb,1,1,0,0,25,0.0206754913244,factorial_cell,,
development,yolo11s,90f360d8-35f7-3c54-b2da-e99b354bc4cb,1,1,0,1,25,0.0101470172149,factorial_cell,,
development,yolo11s,90f360d8-35f7-3c54-b2da-e99b354bc4cb,1,1,1,0,25,0.017103802134,factorial_cell,,
development,yolo11s,90f360d8-35f7-3c54-b2da-e99b354bc4cb,1,1,1,1,25,0.00833427263848,factorial_cell,,
development,yolo11s,a160c635-aa67-352c-a5e6-03b113493090,0,0,0,0,33,0.0182765757684,factorial_cell,,
development,yolo11s,a160c635-aa67-352c-a5e6-03b113493090,0,0,0,1,33,0.0102126081871,factorial_cell,,
development,yolo11s,a160c635-aa67-352c-a5e6-03b113493090,0,0,1,0,33,0.0138755874363,factorial_cell,,
development,yolo11s,a160c635-aa67-352c-a5e6-03b113493090,0,0,1,1,33,0.00550796544382,factorial_cell,,
development,yolo11s,a160c635-aa67-352c-a5e6-03b113493090,0,1,0,0,33,0.0171699241395,factorial_cell,,
development,yolo11s,a160c635-aa67-352c-a5e6-03b113493090,0,1,0,1,33,0.0104356854972,factorial_cell,,
development,yolo11s,a160c635-aa67-352c-a5e6-03b113493090,0,1,1,0,33,0.0150132848907,factorial_cell,,
development,yolo11s,a160c635-aa67-352c-a5e6-03b113493090,0,1,1,1,33,0.00553680640867,factorial_cell,,
development,yolo11s,a160c635-aa67-352c-a5e6-03b113493090,1,0,0,0,33,0.0225071537227,factorial_cell,,
development,yolo11s,a160c635-aa67-352c-a5e6-03b113493090,1,0,0,1,33,0.00748116133217,factorial_cell,,
development,yolo11s,a160c635-aa67-352c-a5e6-03b113493090,1,0,1,0,33,0.0138755874363,factorial_cell,,
development,yolo11s,a160c635-aa67-352c-a5e6-03b113493090,1,0,1,1,33,0.00550796544382,factorial_cell,,
development,yolo11s,a160c635-aa67-352c-a5e6-03b113493090,1,1,0,0,33,0.0200727627529,factorial_cell,,
development,yolo11s,a160c635-aa67-352c-a5e6-03b113493090,1,1,0,1,33,0.00748122824646,factorial_cell,,
development,yolo11s,a160c635-aa67-352c-a5e6-03b113493090,1,1,1,0,33,0.0150132848907,factorial_cell,,
development,yolo11s,a160c635-aa67-352c-a5e6-03b113493090,1,1,1,1,33,0.00553680640867,factorial_cell,,
development,yolo11s,b5ea60b0-2540-4efe-b60e-f421ade3c128,0,0,0,0,32,0.00885975171538,factorial_cell,,
development,yolo11s,b5ea60b0-2540-4efe-b60e-f421ade3c128,0,0,0,1,32,0.00646445426217,factorial_cell,,
development,yolo11s,b5ea60b0-2540-4efe-b60e-f421ade3c128,0,0,1,0,32,0.00595568744643,factorial_cell,,
development,yolo11s,b5ea60b0-2540-4efe-b60e-f421ade3c128,0,0,1,1,32,0.00434775070163,factorial_cell,,
development,yolo11s,b5ea60b0-2540-4efe-b60e-f421ade3c128,0,1,0,0,32,0.00876740136275,factorial_cell,,
development,yolo11s,b5ea60b0-2540-4efe-b60e-f421ade3c128,0,1,0,1,32,0.00636488400129,factorial_cell,,
development,yolo11s,b5ea60b0-2540-4efe-b60e-f421ade3c128,0,1,1,0,32,0.00592332615589,factorial_cell,,
development,yolo11s,b5ea60b0-2540-4efe-b60e-f421ade3c128,0,1,1,1,32,0.0043132993063,factorial_cell,,
development,yolo11s,b5ea60b0-2540-4efe-b60e-f421ade3c128,1,0,0,0,32,0.00655129042633,factorial_cell,,
development,yolo11s,b5ea60b0-2540-4efe-b60e-f421ade3c128,1,0,0,1,32,0.00517638627653,factorial_cell,,
development,yolo11s,b5ea60b0-2540-4efe-b60e-f421ade3c128,1,0,1,0,32,0.00595568744643,factorial_cell,,
development,yolo11s,b5ea60b0-2540-4efe-b60e-f421ade3c128,1,0,1,1,32,0.00434775070163,factorial_cell,,
development,yolo11s,b5ea60b0-2540-4efe-b60e-f421ade3c128,1,1,0,0,32,0.0065841452171,factorial_cell,,
development,yolo11s,b5ea60b0-2540-4efe-b60e-f421ade3c128,1,1,0,1,32,0.00518099964351,factorial_cell,,
development,yolo11s,b5ea60b0-2540-4efe-b60e-f421ade3c128,1,1,1,0,32,0.00592332615589,factorial_cell,,
development,yolo11s,b5ea60b0-2540-4efe-b60e-f421ade3c128,1,1,1,1,32,0.0043132993063,factorial_cell,,
development,yolo11s,dc9c2d63-083f-32c3-90ff-943ca823a245,0,0,0,0,80,0.00772664012206,factorial_cell,,
development,yolo11s,dc9c2d63-083f-32c3-90ff-943ca823a245,0,0,0,1,80,0.00673879580557,factorial_cell,,
development,yolo11s,dc9c2d63-083f-32c3-90ff-943ca823a245,0,0,1,0,80,0.00587331381879,factorial_cell,,
development,yolo11s,dc9c2d63-083f-32c3-90ff-943ca823a245,0,0,1,1,80,0.00464335976564,factorial_cell,,
development,yolo11s,dc9c2d63-083f-32c3-90ff-943ca823a245,0,1,0,0,80,0.00769554701658,factorial_cell,,
development,yolo11s,dc9c2d63-083f-32c3-90ff-943ca823a245,0,1,0,1,80,0.00672094318005,factorial_cell,,
development,yolo11s,dc9c2d63-083f-32c3-90ff-943ca823a245,0,1,1,0,80,0.0059492852685,factorial_cell,,
development,yolo11s,dc9c2d63-083f-32c3-90ff-943ca823a245,0,1,1,1,80,0.00448237225352,factorial_cell,,
development,yolo11s,dc9c2d63-083f-32c3-90ff-943ca823a245,1,0,0,0,80,0.00776310392042,factorial_cell,,
development,yolo11s,dc9c2d63-083f-32c3-90ff-943ca823a245,1,0,0,1,80,0.00548030495563,factorial_cell,,
development,yolo11s,dc9c2d63-083f-32c3-90ff-943ca823a245,1,0,1,0,80,0.00587331381879,factorial_cell,,
development,yolo11s,dc9c2d63-083f-32c3-90ff-943ca823a245,1,0,1,1,80,0.00464335976564,factorial_cell,,
development,yolo11s,dc9c2d63-083f-32c3-90ff-943ca823a245,1,1,0,0,80,0.00774773153405,factorial_cell,,
development,yolo11s,dc9c2d63-083f-32c3-90ff-943ca823a245,1,1,0,1,80,0.00573539196487,factorial_cell,,
development,yolo11s,dc9c2d63-083f-32c3-90ff-943ca823a245,1,1,1,0,80,0.0059492852685,factorial_cell,,
development,yolo11s,dc9c2d63-083f-32c3-90ff-943ca823a245,1,1,1,1,80,0.00448237225352,factorial_cell,,
development,yolo11s,fb149ce0-7706-3bb5-9860-8c63d1c77592,0,0,0,0,60,0.00864725575622,factorial_cell,,
development,yolo11s,fb149ce0-7706-3bb5-9860-8c63d1c77592,0,0,0,1,60,0.0101164784677,factorial_cell,,
development,yolo11s,fb149ce0-7706-3bb5-9860-8c63d1c77592,0,0,1,0,60,0.00665473903938,factorial_cell,,
development,yolo11s,fb149ce0-7706-3bb5-9860-8c63d1c77592,0,0,1,1,60,0.00736071944892,factorial_cell,,
development,yolo11s,fb149ce0-7706-3bb5-9860-8c63d1c77592,0,1,0,0,60,0.00868975143378,factorial_cell,,
development,yolo11s,fb149ce0-7706-3bb5-9860-8c63d1c77592,0,1,0,1,60,0.00965777927365,factorial_cell,,
development,yolo11s,fb149ce0-7706-3bb5-9860-8c63d1c77592,0,1,1,0,60,0.00667498931343,factorial_cell,,
development,yolo11s,fb149ce0-7706-3bb5-9860-8c63d1c77592,0,1,1,1,60,0.00721152250542,factorial_cell,,
development,yolo11s,fb149ce0-7706-3bb5-9860-8c63d1c77592,1,0,0,0,60,0.00758043212021,factorial_cell,,
development,yolo11s,fb149ce0-7706-3bb5-9860-8c63d1c77592,1,0,0,1,60,0.0109227242292,factorial_cell,,
development,yolo11s,fb149ce0-7706-3bb5-9860-8c63d1c77592,1,0,1,0,60,0.00665473903938,factorial_cell,,
development,yolo11s,fb149ce0-7706-3bb5-9860-8c63d1c77592,1,0,1,1,60,0.00736071944892,factorial_cell,,
development,yolo11s,fb149ce0-7706-3bb5-9860-8c63d1c77592,1,1,0,0,60,0.00752994908557,factorial_cell,,
development,yolo11s,fb149ce0-7706-3bb5-9860-8c63d1c77592,1,1,0,1,60,0.0107258258395,factorial_cell,,
development,yolo11s,fb149ce0-7706-3bb5-9860-8c63d1c77592,1,1,1,0,60,0.00667498931343,factorial_cell,,
development,yolo11s,fb149ce0-7706-3bb5-9860-8c63d1c77592,1,1,1,1,60,0.00721152250542,factorial_cell,,
heldout,yolo11s,19350c96-623d-4d77-af96-f8c23f00c358,0,0,0,0,51,0.013643616391,factorial_cell,,
heldout,yolo11s,19350c96-623d-4d77-af96-f8c23f00c358,0,0,0,1,51,0.00908364711869,factorial_cell,,
heldout,yolo11s,19350c96-623d-4d77-af96-f8c23f00c358,0,0,1,0,51,0.0131704603693,factorial_cell,,
heldout,yolo11s,19350c96-623d-4d77-af96-f8c23f00c358,0,0,1,1,51,0.00558066862723,factorial_cell,,
heldout,yolo11s,19350c96-623d-4d77-af96-f8c23f00c358,0,1,0,0,51,0.0141569978523,factorial_cell,,
heldout,yolo11s,19350c96-623d-4d77-af96-f8c23f00c358,0,1,0,1,51,0.00801816001684,factorial_cell,,
heldout,yolo11s,19350c96-623d-4d77-af96-f8c23f00c358,0,1,1,0,51,0.0132335498066,factorial_cell,,
heldout,yolo11s,19350c96-623d-4d77-af96-f8c23f00c358,0,1,1,1,51,0.00597869000074,factorial_cell,,
heldout,yolo11s,19350c96-623d-4d77-af96-f8c23f00c358,1,0,0,0,51,0.0153301970567,factorial_cell,,
heldout,yolo11s,19350c96-623d-4d77-af96-f8c23f00c358,1,0,0,1,51,0.00719631412508,factorial_cell,,
heldout,yolo11s,19350c96-623d-4d77-af96-f8c23f00c358,1,0,1,0,51,0.0131704603693,factorial_cell,,
heldout,yolo11s,19350c96-623d-4d77-af96-f8c23f00c358,1,0,1,1,51,0.00558066862723,factorial_cell,,
heldout,yolo11s,19350c96-623d-4d77-af96-f8c23f00c358,1,1,0,0,51,0.0152949403667,factorial_cell,,
heldout,yolo11s,19350c96-623d-4d77-af96-f8c23f00c358,1,1,0,1,51,0.00719656485626,factorial_cell,,
heldout,yolo11s,19350c96-623d-4d77-af96-f8c23f00c358,1,1,1,0,51,0.0132335498066,factorial_cell,,
heldout,yolo11s,19350c96-623d-4d77-af96-f8c23f00c358,1,1,1,1,51,0.00597869000074,factorial_cell,,
heldout,yolo11s,3de5b5d6-68c4-3c95-84ed-be7c83d829f8,0,0,0,0,52,0.00890012670063,factorial_cell,,
heldout,yolo11s,3de5b5d6-68c4-3c95-84ed-be7c83d829f8,0,0,0,1,52,0.00537633810685,factorial_cell,,
heldout,yolo11s,3de5b5d6-68c4-3c95-84ed-be7c83d829f8,0,0,1,0,52,0.00654659197707,factorial_cell,,
heldout,yolo11s,3de5b5d6-68c4-3c95-84ed-be7c83d829f8,0,0,1,1,52,0.00288620470964,factorial_cell,,
heldout,yolo11s,3de5b5d6-68c4-3c95-84ed-be7c83d829f8,0,1,0,0,52,0.00891622136799,factorial_cell,,
heldout,yolo11s,3de5b5d6-68c4-3c95-84ed-be7c83d829f8,0,1,0,1,52,0.00539749293711,factorial_cell,,
heldout,yolo11s,3de5b5d6-68c4-3c95-84ed-be7c83d829f8,0,1,1,0,52,0.00628618010165,factorial_cell,,
heldout,yolo11s,3de5b5d6-68c4-3c95-84ed-be7c83d829f8,0,1,1,1,52,0.00271599759381,factorial_cell,,
heldout,yolo11s,3de5b5d6-68c4-3c95-84ed-be7c83d829f8,1,0,0,0,52,0.00969080401543,factorial_cell,,
heldout,yolo11s,3de5b5d6-68c4-3c95-84ed-be7c83d829f8,1,0,0,1,52,0.0043638503036,factorial_cell,,
heldout,yolo11s,3de5b5d6-68c4-3c95-84ed-be7c83d829f8,1,0,1,0,52,0.00654659197707,factorial_cell,,
heldout,yolo11s,3de5b5d6-68c4-3c95-84ed-be7c83d829f8,1,0,1,1,52,0.00288620470964,factorial_cell,,
heldout,yolo11s,3de5b5d6-68c4-3c95-84ed-be7c83d829f8,1,1,0,0,52,0.00966317293625,factorial_cell,,
heldout,yolo11s,3de5b5d6-68c4-3c95-84ed-be7c83d829f8,1,1,0,1,52,0.00462882492597,factorial_cell,,
heldout,yolo11s,3de5b5d6-68c4-3c95-84ed-be7c83d829f8,1,1,1,0,52,0.00628618010165,factorial_cell,,
heldout,yolo11s,3de5b5d6-68c4-3c95-84ed-be7c83d829f8,1,1,1,1,52,0.00271599759381,factorial_cell,,
heldout,yolo11s,7039e410-b5ab-35aa-96bc-2c4b89d3c5e3,0,0,0,0,61,0.00843171772679,factorial_cell,,
heldout,yolo11s,7039e410-b5ab-35aa-96bc-2c4b89d3c5e3,0,0,0,1,61,0.00578441563045,factorial_cell,,
heldout,yolo11s,7039e410-b5ab-35aa-96bc-2c4b89d3c5e3,0,0,1,0,61,0.00618061260382,factorial_cell,,
heldout,yolo11s,7039e410-b5ab-35aa-96bc-2c4b89d3c5e3,0,0,1,1,61,0.00281278658857,factorial_cell,,
heldout,yolo11s,7039e410-b5ab-35aa-96bc-2c4b89d3c5e3,0,1,0,0,61,0.00840124578632,factorial_cell,,
heldout,yolo11s,7039e410-b5ab-35aa-96bc-2c4b89d3c5e3,0,1,0,1,61,0.00526577803545,factorial_cell,,
heldout,yolo11s,7039e410-b5ab-35aa-96bc-2c4b89d3c5e3,0,1,1,0,61,0.00617914298599,factorial_cell,,
heldout,yolo11s,7039e410-b5ab-35aa-96bc-2c4b89d3c5e3,0,1,1,1,61,0.00280069130658,factorial_cell,,
heldout,yolo11s,7039e410-b5ab-35aa-96bc-2c4b89d3c5e3,1,0,0,0,61,0.0073419081209,factorial_cell,,
heldout,yolo11s,7039e410-b5ab-35aa-96bc-2c4b89d3c5e3,1,0,0,1,61,0.00383327905062,factorial_cell,,
heldout,yolo11s,7039e410-b5ab-35aa-96bc-2c4b89d3c5e3,1,0,1,0,61,0.00618061260382,factorial_cell,,
heldout,yolo11s,7039e410-b5ab-35aa-96bc-2c4b89d3c5e3,1,0,1,1,61,0.00281278658857,factorial_cell,,
heldout,yolo11s,7039e410-b5ab-35aa-96bc-2c4b89d3c5e3,1,1,0,0,61,0.0073147582492,factorial_cell,,
heldout,yolo11s,7039e410-b5ab-35aa-96bc-2c4b89d3c5e3,1,1,0,1,61,0.00396226341228,factorial_cell,,
heldout,yolo11s,7039e410-b5ab-35aa-96bc-2c4b89d3c5e3,1,1,1,0,61,0.00617914298599,factorial_cell,,
heldout,yolo11s,7039e410-b5ab-35aa-96bc-2c4b89d3c5e3,1,1,1,1,61,0.00280069130658,factorial_cell,,
heldout,yolo11s,b19f3c1a-a84a-3a2d-8d1b-8a4ae201020b,0,0,0,0,86,0.013023450592,factorial_cell,,
heldout,yolo11s,b19f3c1a-a84a-3a2d-8d1b-8a4ae201020b,0,0,0,1,86,0.0100794777087,factorial_cell,,
heldout,yolo11s,b19f3c1a-a84a-3a2d-8d1b-8a4ae201020b,0,0,1,0,86,0.00982692808566,factorial_cell,,
heldout,yolo11s,b19f3c1a-a84a-3a2d-8d1b-8a4ae201020b,0,0,1,1,86,0.00770209700656,factorial_cell,,
heldout,yolo11s,b19f3c1a-a84a-3a2d-8d1b-8a4ae201020b,0,1,0,0,86,0.0127611433709,factorial_cell,,
heldout,yolo11s,b19f3c1a-a84a-3a2d-8d1b-8a4ae201020b,0,1,0,1,86,0.0109831460635,factorial_cell,,
heldout,yolo11s,b19f3c1a-a84a-3a2d-8d1b-8a4ae201020b,0,1,1,0,86,0.00982547624712,factorial_cell,,
heldout,yolo11s,b19f3c1a-a84a-3a2d-8d1b-8a4ae201020b,0,1,1,1,86,0.00786176169677,factorial_cell,,
heldout,yolo11s,b19f3c1a-a84a-3a2d-8d1b-8a4ae201020b,1,0,0,0,86,0.0108155956257,factorial_cell,,
heldout,yolo11s,b19f3c1a-a84a-3a2d-8d1b-8a4ae201020b,1,0,0,1,86,0.00960726999351,factorial_cell,,
heldout,yolo11s,b19f3c1a-a84a-3a2d-8d1b-8a4ae201020b,1,0,1,0,86,0.00982692808566,factorial_cell,,
heldout,yolo11s,b19f3c1a-a84a-3a2d-8d1b-8a4ae201020b,1,0,1,1,86,0.00770209700656,factorial_cell,,
heldout,yolo11s,b19f3c1a-a84a-3a2d-8d1b-8a4ae201020b,1,1,0,0,86,0.0107255513034,factorial_cell,,
heldout,yolo11s,b19f3c1a-a84a-3a2d-8d1b-8a4ae201020b,1,1,0,1,86,0.00915903251938,factorial_cell,,
heldout,yolo11s,b19f3c1a-a84a-3a2d-8d1b-8a4ae201020b,1,1,1,0,86,0.00982547624712,factorial_cell,,
heldout,yolo11s,b19f3c1a-a84a-3a2d-8d1b-8a4ae201020b,1,1,1,1,86,0.00786176169677,factorial_cell,,
heldout,yolo11s,d5d6f11c-3026-3e0e-9d67-c111233e22de,0,0,0,0,83,0.0108937087838,factorial_cell,,
heldout,yolo11s,d5d6f11c-3026-3e0e-9d67-c111233e22de,0,0,0,1,83,0.00658416653062,factorial_cell,,
heldout,yolo11s,d5d6f11c-3026-3e0e-9d67-c111233e22de,0,0,1,0,83,0.00869768191276,factorial_cell,,
heldout,yolo11s,d5d6f11c-3026-3e0e-9d67-c111233e22de,0,0,1,1,83,0.00357348961728,factorial_cell,,
heldout,yolo11s,d5d6f11c-3026-3e0e-9d67-c111233e22de,0,1,0,0,83,0.0102871842057,factorial_cell,,
heldout,yolo11s,d5d6f11c-3026-3e0e-9d67-c111233e22de,0,1,0,1,83,0.00603302242213,factorial_cell,,
heldout,yolo11s,d5d6f11c-3026-3e0e-9d67-c111233e22de,0,1,1,0,83,0.0086976488904,factorial_cell,,
heldout,yolo11s,d5d6f11c-3026-3e0e-9d67-c111233e22de,0,1,1,1,83,0.00347105761601,factorial_cell,,
heldout,yolo11s,d5d6f11c-3026-3e0e-9d67-c111233e22de,1,0,0,0,83,0.00958106009718,factorial_cell,,
heldout,yolo11s,d5d6f11c-3026-3e0e-9d67-c111233e22de,1,0,0,1,83,0.00360863292897,factorial_cell,,
heldout,yolo11s,d5d6f11c-3026-3e0e-9d67-c111233e22de,1,0,1,0,83,0.00869768191276,factorial_cell,,
heldout,yolo11s,d5d6f11c-3026-3e0e-9d67-c111233e22de,1,0,1,1,83,0.00357348961728,factorial_cell,,
heldout,yolo11s,d5d6f11c-3026-3e0e-9d67-c111233e22de,1,1,0,0,83,0.00941925335282,factorial_cell,,
heldout,yolo11s,d5d6f11c-3026-3e0e-9d67-c111233e22de,1,1,0,1,83,0.00362095231336,factorial_cell,,
heldout,yolo11s,d5d6f11c-3026-3e0e-9d67-c111233e22de,1,1,1,0,83,0.0086976488904,factorial_cell,,
heldout,yolo11s,d5d6f11c-3026-3e0e-9d67-c111233e22de,1,1,1,1,83,0.00347105761601,factorial_cell,,
heldout,yolo11s,eec284b2-840a-3c75-aa42-04d2e309bbe1,0,0,0,0,28,0.00717192256988,factorial_cell,,
heldout,yolo11s,eec284b2-840a-3c75-aa42-04d2e309bbe1,0,0,0,1,28,0.00454429398282,factorial_cell,,
heldout,yolo11s,eec284b2-840a-3c75-aa42-04d2e309bbe1,0,0,1,0,28,0.00537377376817,factorial_cell,,
heldout,yolo11s,eec284b2-840a-3c75-aa42-04d2e309bbe1,0,0,1,1,28,0.00238445821666,factorial_cell,,
heldout,yolo11s,eec284b2-840a-3c75-aa42-04d2e309bbe1,0,1,0,0,28,0.00714891678453,factorial_cell,,
heldout,yolo11s,eec284b2-840a-3c75-aa42-04d2e309bbe1,0,1,0,1,28,0.00451023408735,factorial_cell,,
heldout,yolo11s,eec284b2-840a-3c75-aa42-04d2e309bbe1,0,1,1,0,28,0.00537650409965,factorial_cell,,
heldout,yolo11s,eec284b2-840a-3c75-aa42-04d2e309bbe1,0,1,1,1,28,0.00240352875854,factorial_cell,,
heldout,yolo11s,eec284b2-840a-3c75-aa42-04d2e309bbe1,1,0,0,0,28,0.00606136474654,factorial_cell,,
heldout,yolo11s,eec284b2-840a-3c75-aa42-04d2e309bbe1,1,0,0,1,28,0.00388553019224,factorial_cell,,
heldout,yolo11s,eec284b2-840a-3c75-aa42-04d2e309bbe1,1,0,1,0,28,0.00537377376817,factorial_cell,,
heldout,yolo11s,eec284b2-840a-3c75-aa42-04d2e309bbe1,1,0,1,1,28,0.00238445821666,factorial_cell,,
heldout,yolo11s,eec284b2-840a-3c75-aa42-04d2e309bbe1,1,1,0,0,28,0.00606993606101,factorial_cell,,
heldout,yolo11s,eec284b2-840a-3c75-aa42-04d2e309bbe1,1,1,0,1,28,0.00366314277904,factorial_cell,,
heldout,yolo11s,eec284b2-840a-3c75-aa42-04d2e309bbe1,1,1,1,0,28,0.00537650409965,factorial_cell,,
heldout,yolo11s,eec284b2-840a-3c75-aa42-04d2e309bbe1,1,1,1,1,28,0.00240352875854,factorial_cell,,
model_selection,yolo11s,1842383a-1577-3b7a-90db-41a9a6668ee2,0,0,0,0,107,0.0120802869464,factorial_cell,,
model_selection,yolo11s,1842383a-1577-3b7a-90db-41a9a6668ee2,0,0,0,1,107,0.00775756863407,factorial_cell,,
model_selection,yolo11s,1842383a-1577-3b7a-90db-41a9a6668ee2,0,0,1,0,107,0.00913137069807,factorial_cell,,
model_selection,yolo11s,1842383a-1577-3b7a-90db-41a9a6668ee2,0,0,1,1,107,0.00587417363959,factorial_cell,,
model_selection,yolo11s,1842383a-1577-3b7a-90db-41a9a6668ee2,0,1,0,0,107,0.0113448297981,factorial_cell,,
model_selection,yolo11s,1842383a-1577-3b7a-90db-41a9a6668ee2,0,1,0,1,107,0.00764446201316,factorial_cell,,
model_selection,yolo11s,1842383a-1577-3b7a-90db-41a9a6668ee2,0,1,1,0,107,0.00909712757562,factorial_cell,,
model_selection,yolo11s,1842383a-1577-3b7a-90db-41a9a6668ee2,0,1,1,1,107,0.00579369542274,factorial_cell,,
model_selection,yolo11s,1842383a-1577-3b7a-90db-41a9a6668ee2,1,0,0,0,107,0.00966317390446,factorial_cell,,
model_selection,yolo11s,1842383a-1577-3b7a-90db-41a9a6668ee2,1,0,0,1,107,0.00670033993192,factorial_cell,,
model_selection,yolo11s,1842383a-1577-3b7a-90db-41a9a6668ee2,1,0,1,0,107,0.00913137069807,factorial_cell,,
model_selection,yolo11s,1842383a-1577-3b7a-90db-41a9a6668ee2,1,0,1,1,107,0.00587417363959,factorial_cell,,
model_selection,yolo11s,1842383a-1577-3b7a-90db-41a9a6668ee2,1,1,0,0,107,0.00969261107565,factorial_cell,,
model_selection,yolo11s,1842383a-1577-3b7a-90db-41a9a6668ee2,1,1,0,1,107,0.00668981738876,factorial_cell,,
model_selection,yolo11s,1842383a-1577-3b7a-90db-41a9a6668ee2,1,1,1,0,107,0.00909712757562,factorial_cell,,
model_selection,yolo11s,1842383a-1577-3b7a-90db-41a9a6668ee2,1,1,1,1,107,0.00579369542274,factorial_cell,,
model_selection,yolo11s,a059b6b9-ca26-4881-bcf7-d202433de0c2,0,0,0,0,37,0.0195036594674,factorial_cell,,
model_selection,yolo11s,a059b6b9-ca26-4881-bcf7-d202433de0c2,0,0,0,1,37,0.0188244384233,factorial_cell,,
model_selection,yolo11s,a059b6b9-ca26-4881-bcf7-d202433de0c2,0,0,1,0,37,0.0188999501975,factorial_cell,,
model_selection,yolo11s,a059b6b9-ca26-4881-bcf7-d202433de0c2,0,0,1,1,37,0.011842749175,factorial_cell,,
model_selection,yolo11s,a059b6b9-ca26-4881-bcf7-d202433de0c2,0,1,0,0,37,0.019529903421,factorial_cell,,
model_selection,yolo11s,a059b6b9-ca26-4881-bcf7-d202433de0c2,0,1,0,1,37,0.0185298904595,factorial_cell,,
model_selection,yolo11s,a059b6b9-ca26-4881-bcf7-d202433de0c2,0,1,1,0,37,0.0188997048126,factorial_cell,,
model_selection,yolo11s,a059b6b9-ca26-4881-bcf7-d202433de0c2,0,1,1,1,37,0.0118678917303,factorial_cell,,
model_selection,yolo11s,a059b6b9-ca26-4881-bcf7-d202433de0c2,1,0,0,0,37,0.019380008781,factorial_cell,,
model_selection,yolo11s,a059b6b9-ca26-4881-bcf7-d202433de0c2,1,0,0,1,37,0.0205766401306,factorial_cell,,
model_selection,yolo11s,a059b6b9-ca26-4881-bcf7-d202433de0c2,1,0,1,0,37,0.0188999501975,factorial_cell,,
model_selection,yolo11s,a059b6b9-ca26-4881-bcf7-d202433de0c2,1,0,1,1,37,0.011842749175,factorial_cell,,
model_selection,yolo11s,a059b6b9-ca26-4881-bcf7-d202433de0c2,1,1,0,0,37,0.0193685223489,factorial_cell,,
model_selection,yolo11s,a059b6b9-ca26-4881-bcf7-d202433de0c2,1,1,0,1,37,0.0191369785093,factorial_cell,,
model_selection,yolo11s,a059b6b9-ca26-4881-bcf7-d202433de0c2,1,1,1,0,37,0.0188997048126,factorial_cell,,
model_selection,yolo11s,a059b6b9-ca26-4881-bcf7-d202433de0c2,1,1,1,1,37,0.0118678917303,factorial_cell,,
model_selection,yolo11s,e424d4f7-4b28-322f-b630-31d42ae528eb,0,0,0,0,53,0.0102304412153,factorial_cell,,
model_selection,yolo11s,e424d4f7-4b28-322f-b630-31d42ae528eb,0,0,0,1,53,0.00897240928847,factorial_cell,,
model_selection,yolo11s,e424d4f7-4b28-322f-b630-31d42ae528eb,0,0,1,0,53,0.00945297665752,factorial_cell,,
model_selection,yolo11s,e424d4f7-4b28-322f-b630-31d42ae528eb,0,0,1,1,53,0.00832611944149,factorial_cell,,
model_selection,yolo11s,e424d4f7-4b28-322f-b630-31d42ae528eb,0,1,0,0,53,0.010426566829,factorial_cell,,
model_selection,yolo11s,e424d4f7-4b28-322f-b630-31d42ae528eb,0,1,0,1,53,0.00844696534839,factorial_cell,,
model_selection,yolo11s,e424d4f7-4b28-322f-b630-31d42ae528eb,0,1,1,0,53,0.0094527833467,factorial_cell,,
model_selection,yolo11s,e424d4f7-4b28-322f-b630-31d42ae528eb,0,1,1,1,53,0.00837165414369,factorial_cell,,
model_selection,yolo11s,e424d4f7-4b28-322f-b630-31d42ae528eb,1,0,0,0,53,0.0103145772602,factorial_cell,,
model_selection,yolo11s,e424d4f7-4b28-322f-b630-31d42ae528eb,1,0,0,1,53,0.00893798278997,factorial_cell,,
model_selection,yolo11s,e424d4f7-4b28-322f-b630-31d42ae528eb,1,0,1,0,53,0.00945297665752,factorial_cell,,
model_selection,yolo11s,e424d4f7-4b28-322f-b630-31d42ae528eb,1,0,1,1,53,0.00832611944149,factorial_cell,,
model_selection,yolo11s,e424d4f7-4b28-322f-b630-31d42ae528eb,1,1,0,0,53,0.0103051046765,factorial_cell,,
model_selection,yolo11s,e424d4f7-4b28-322f-b630-31d42ae528eb,1,1,0,1,53,0.00896460487926,factorial_cell,,
model_selection,yolo11s,e424d4f7-4b28-322f-b630-31d42ae528eb,1,1,1,0,53,0.0094527833467,factorial_cell,,
model_selection,yolo11s,e424d4f7-4b28-322f-b630-31d42ae528eb,1,1,1,1,53,0.00837165414369,factorial_cell,,
development,yolo11n,2772dd5f-bc0a-47ea-ae19-a5e0dbef8f41,0,0,0,0,48,0.0434123096367,factorial_cell,,
development,yolo11n,2772dd5f-bc0a-47ea-ae19-a5e0dbef8f41,0,0,0,1,48,0.0348831943031,factorial_cell,,
development,yolo11n,2772dd5f-bc0a-47ea-ae19-a5e0dbef8f41,0,0,1,0,48,0.0281188295715,factorial_cell,,
development,yolo11n,2772dd5f-bc0a-47ea-ae19-a5e0dbef8f41,0,0,1,1,48,0.0225683388208,factorial_cell,,
development,yolo11n,2772dd5f-bc0a-47ea-ae19-a5e0dbef8f41,0,1,0,0,48,0.0412648163328,factorial_cell,,
development,yolo11n,2772dd5f-bc0a-47ea-ae19-a5e0dbef8f41,0,1,0,1,48,0.0301107004846,factorial_cell,,
development,yolo11n,2772dd5f-bc0a-47ea-ae19-a5e0dbef8f41,0,1,1,0,48,0.0277075042069,factorial_cell,,
development,yolo11n,2772dd5f-bc0a-47ea-ae19-a5e0dbef8f41,0,1,1,1,48,0.02305270763,factorial_cell,,
development,yolo11n,2772dd5f-bc0a-47ea-ae19-a5e0dbef8f41,1,0,0,0,48,0.0441816215985,factorial_cell,,
development,yolo11n,2772dd5f-bc0a-47ea-ae19-a5e0dbef8f41,1,0,0,1,48,0.0334448857804,factorial_cell,,
development,yolo11n,2772dd5f-bc0a-47ea-ae19-a5e0dbef8f41,1,0,1,0,48,0.0281188295715,factorial_cell,,
development,yolo11n,2772dd5f-bc0a-47ea-ae19-a5e0dbef8f41,1,0,1,1,48,0.0225683388208,factorial_cell,,
development,yolo11n,2772dd5f-bc0a-47ea-ae19-a5e0dbef8f41,1,1,0,0,48,0.0441789106353,factorial_cell,,
development,yolo11n,2772dd5f-bc0a-47ea-ae19-a5e0dbef8f41,1,1,0,1,48,0.0333718799032,factorial_cell,,
development,yolo11n,2772dd5f-bc0a-47ea-ae19-a5e0dbef8f41,1,1,1,0,48,0.0277075042069,factorial_cell,,
development,yolo11n,2772dd5f-bc0a-47ea-ae19-a5e0dbef8f41,1,1,1,1,48,0.02305270763,factorial_cell,,
development,yolo11n,3dd173a6-8b21-3189-bd53-132919b96a48,0,0,0,0,21,0.0101237433253,factorial_cell,,
development,yolo11n,3dd173a6-8b21-3189-bd53-132919b96a48,0,0,0,1,21,0.00933633377178,factorial_cell,,
development,yolo11n,3dd173a6-8b21-3189-bd53-132919b96a48,0,0,1,0,21,0.00579152301385,factorial_cell,,
development,yolo11n,3dd173a6-8b21-3189-bd53-132919b96a48,0,0,1,1,21,0.00388528819163,factorial_cell,,
development,yolo11n,3dd173a6-8b21-3189-bd53-132919b96a48,0,1,0,0,21,0.0101964795561,factorial_cell,,
development,yolo11n,3dd173a6-8b21-3189-bd53-132919b96a48,0,1,0,1,21,0.00915224755352,factorial_cell,,
development,yolo11n,3dd173a6-8b21-3189-bd53-132919b96a48,0,1,1,0,21,0.00579634257887,factorial_cell,,
development,yolo11n,3dd173a6-8b21-3189-bd53-132919b96a48,0,1,1,1,21,0.00394147446829,factorial_cell,,
development,yolo11n,3dd173a6-8b21-3189-bd53-132919b96a48,1,0,0,0,21,0.00729674462348,factorial_cell,,
development,yolo11n,3dd173a6-8b21-3189-bd53-132919b96a48,1,0,0,1,21,0.00540270914186,factorial_cell,,
development,yolo11n,3dd173a6-8b21-3189-bd53-132919b96a48,1,0,1,0,21,0.00579152301385,factorial_cell,,
development,yolo11n,3dd173a6-8b21-3189-bd53-132919b96a48,1,0,1,1,21,0.00388528819163,factorial_cell,,
development,yolo11n,3dd173a6-8b21-3189-bd53-132919b96a48,1,1,0,0,21,0.00728928658401,factorial_cell,,
development,yolo11n,3dd173a6-8b21-3189-bd53-132919b96a48,1,1,0,1,21,0.00555009308462,factorial_cell,,
development,yolo11n,3dd173a6-8b21-3189-bd53-132919b96a48,1,1,1,0,21,0.00579634257887,factorial_cell,,
development,yolo11n,3dd173a6-8b21-3189-bd53-132919b96a48,1,1,1,1,21,0.00394147446829,factorial_cell,,
development,yolo11n,46d917cd-531c-330b-8d7b-979b51a8927f,0,0,0,0,52,0.0293644456716,factorial_cell,,
development,yolo11n,46d917cd-531c-330b-8d7b-979b51a8927f,0,0,0,1,52,0.0197200219783,factorial_cell,,
development,yolo11n,46d917cd-531c-330b-8d7b-979b51a8927f,0,0,1,0,52,0.0250814514001,factorial_cell,,
development,yolo11n,46d917cd-531c-330b-8d7b-979b51a8927f,0,0,1,1,52,0.0106329754202,factorial_cell,,
development,yolo11n,46d917cd-531c-330b-8d7b-979b51a8927f,0,1,0,0,52,0.0325412372305,factorial_cell,,
development,yolo11n,46d917cd-531c-330b-8d7b-979b51a8927f,0,1,0,1,52,0.0207725895785,factorial_cell,,
development,yolo11n,46d917cd-531c-330b-8d7b-979b51a8927f,0,1,1,0,52,0.0249934780643,factorial_cell,,
development,yolo11n,46d917cd-531c-330b-8d7b-979b51a8927f,0,1,1,1,52,0.0106208127263,factorial_cell,,
development,yolo11n,46d917cd-531c-330b-8d7b-979b51a8927f,1,0,0,0,52,0.0295009450412,factorial_cell,,
development,yolo11n,46d917cd-531c-330b-8d7b-979b51a8927f,1,0,0,1,52,0.0203816340831,factorial_cell,,
development,yolo11n,46d917cd-531c-330b-8d7b-979b51a8927f,1,0,1,0,52,0.0250814514001,factorial_cell,,
development,yolo11n,46d917cd-531c-330b-8d7b-979b51a8927f,1,0,1,1,52,0.0106329754202,factorial_cell,,
development,yolo11n,46d917cd-531c-330b-8d7b-979b51a8927f,1,1,0,0,52,0.0288758198496,factorial_cell,,
development,yolo11n,46d917cd-531c-330b-8d7b-979b51a8927f,1,1,0,1,52,0.0206110329193,factorial_cell,,
development,yolo11n,46d917cd-531c-330b-8d7b-979b51a8927f,1,1,1,0,52,0.0249934780643,factorial_cell,,
development,yolo11n,46d917cd-531c-330b-8d7b-979b51a8927f,1,1,1,1,52,0.0106208127263,factorial_cell,,
development,yolo11n,6937b4e5-b5b4-3970-b5dd-9ad194e6c338,0,0,0,0,49,0.0458275596782,factorial_cell,,
development,yolo11n,6937b4e5-b5b4-3970-b5dd-9ad194e6c338,0,0,0,1,49,0.023792968188,factorial_cell,,
development,yolo11n,6937b4e5-b5b4-3970-b5dd-9ad194e6c338,0,0,1,0,49,0.0282260926964,factorial_cell,,
development,yolo11n,6937b4e5-b5b4-3970-b5dd-9ad194e6c338,0,0,1,1,49,0.0125124850141,factorial_cell,,
development,yolo11n,6937b4e5-b5b4-3970-b5dd-9ad194e6c338,0,1,0,0,49,0.0472251101573,factorial_cell,,
development,yolo11n,6937b4e5-b5b4-3970-b5dd-9ad194e6c338,0,1,0,1,49,0.0211867671559,factorial_cell,,
development,yolo11n,6937b4e5-b5b4-3970-b5dd-9ad194e6c338,0,1,1,0,49,0.0284677942421,factorial_cell,,
development,yolo11n,6937b4e5-b5b4-3970-b5dd-9ad194e6c338,0,1,1,1,49,0.0112891270317,factorial_cell,,
development,yolo11n,6937b4e5-b5b4-3970-b5dd-9ad194e6c338,1,0,0,0,49,0.0335784002284,factorial_cell,,
development,yolo11n,6937b4e5-b5b4-3970-b5dd-9ad194e6c338,1,0,0,1,49,0.0155702415394,factorial_cell,,
development,yolo11n,6937b4e5-b5b4-3970-b5dd-9ad194e6c338,1,0,1,0,49,0.0282260926964,factorial_cell,,
development,yolo11n,6937b4e5-b5b4-3970-b5dd-9ad194e6c338,1,0,1,1,49,0.0125124850141,factorial_cell,,
development,yolo11n,6937b4e5-b5b4-3970-b5dd-9ad194e6c338,1,1,0,0,49,0.0333936985296,factorial_cell,,
development,yolo11n,6937b4e5-b5b4-3970-b5dd-9ad194e6c338,1,1,0,1,49,0.0147361347643,factorial_cell,,
development,yolo11n,6937b4e5-b5b4-3970-b5dd-9ad194e6c338,1,1,1,0,49,0.0284677942421,factorial_cell,,
development,yolo11n,6937b4e5-b5b4-3970-b5dd-9ad194e6c338,1,1,1,1,49,0.0112891270317,factorial_cell,,
development,yolo11n,770a58e6-eff6-39b7-a265-fe7f202fe8b2,0,0,0,0,33,0.0199165661028,factorial_cell,,
development,yolo11n,770a58e6-eff6-39b7-a265-fe7f202fe8b2,0,0,0,1,33,0.00949583186762,factorial_cell,,
development,yolo11n,770a58e6-eff6-39b7-a265-fe7f202fe8b2,0,0,1,0,33,0.0154412633798,factorial_cell,,
development,yolo11n,770a58e6-eff6-39b7-a265-fe7f202fe8b2,0,0,1,1,33,0.00545972744358,factorial_cell,,
development,yolo11n,770a58e6-eff6-39b7-a265-fe7f202fe8b2,0,1,0,0,33,0.0199126790979,factorial_cell,,
development,yolo11n,770a58e6-eff6-39b7-a265-fe7f202fe8b2,0,1,0,1,33,0.00960129114422,factorial_cell,,
development,yolo11n,770a58e6-eff6-39b7-a265-fe7f202fe8b2,0,1,1,0,33,0.0154784290148,factorial_cell,,
development,yolo11n,770a58e6-eff6-39b7-a265-fe7f202fe8b2,0,1,1,1,33,0.00469654006483,factorial_cell,,
development,yolo11n,770a58e6-eff6-39b7-a265-fe7f202fe8b2,1,0,0,0,33,0.0183075490778,factorial_cell,,
development,yolo11n,770a58e6-eff6-39b7-a265-fe7f202fe8b2,1,0,0,1,33,0.00811868618417,factorial_cell,,
development,yolo11n,770a58e6-eff6-39b7-a265-fe7f202fe8b2,1,0,1,0,33,0.0154412633798,factorial_cell,,
development,yolo11n,770a58e6-eff6-39b7-a265-fe7f202fe8b2,1,0,1,1,33,0.00545972744358,factorial_cell,,
development,yolo11n,770a58e6-eff6-39b7-a265-fe7f202fe8b2,1,1,0,0,33,0.0185776383415,factorial_cell,,
development,yolo11n,770a58e6-eff6-39b7-a265-fe7f202fe8b2,1,1,0,1,33,0.00809513976775,factorial_cell,,
development,yolo11n,770a58e6-eff6-39b7-a265-fe7f202fe8b2,1,1,1,0,33,0.0154784290148,factorial_cell,,
development,yolo11n,770a58e6-eff6-39b7-a265-fe7f202fe8b2,1,1,1,1,33,0.00469654006483,factorial_cell,,
development,yolo11n,8ee606e6-4cbd-3c07-8419-fbda836ccaac,0,0,0,0,70,0.0185448605165,factorial_cell,,
development,yolo11n,8ee606e6-4cbd-3c07-8419-fbda836ccaac,0,0,0,1,70,0.00877358969668,factorial_cell,,
development,yolo11n,8ee606e6-4cbd-3c07-8419-fbda836ccaac,0,0,1,0,70,0.0123384930596,factorial_cell,,
development,yolo11n,8ee606e6-4cbd-3c07-8419-fbda836ccaac,0,0,1,1,70,0.00715026950434,factorial_cell,,
development,yolo11n,8ee606e6-4cbd-3c07-8419-fbda836ccaac,0,1,0,0,70,0.018681009237,factorial_cell,,
development,yolo11n,8ee606e6-4cbd-3c07-8419-fbda836ccaac,0,1,0,1,70,0.00962537177929,factorial_cell,,
development,yolo11n,8ee606e6-4cbd-3c07-8419-fbda836ccaac,0,1,1,0,70,0.0123305920442,factorial_cell,,
development,yolo11n,8ee606e6-4cbd-3c07-8419-fbda836ccaac,0,1,1,1,70,0.00672069654124,factorial_cell,,
development,yolo11n,8ee606e6-4cbd-3c07-8419-fbda836ccaac,1,0,0,0,70,0.015229760359,factorial_cell,,
development,yolo11n,8ee606e6-4cbd-3c07-8419-fbda836ccaac,1,0,0,1,70,0.00794388195868,factorial_cell,,
development,yolo11n,8ee606e6-4cbd-3c07-8419-fbda836ccaac,1,0,1,0,70,0.0123384930596,factorial_cell,,
development,yolo11n,8ee606e6-4cbd-3c07-8419-fbda836ccaac,1,0,1,1,70,0.00715026950434,factorial_cell,,
development,yolo11n,8ee606e6-4cbd-3c07-8419-fbda836ccaac,1,1,0,0,70,0.0150424124934,factorial_cell,,
development,yolo11n,8ee606e6-4cbd-3c07-8419-fbda836ccaac,1,1,0,1,70,0.00718704006115,factorial_cell,,
development,yolo11n,8ee606e6-4cbd-3c07-8419-fbda836ccaac,1,1,1,0,70,0.0123305920442,factorial_cell,,
development,yolo11n,8ee606e6-4cbd-3c07-8419-fbda836ccaac,1,1,1,1,70,0.00672069654124,factorial_cell,,
development,yolo11n,9afab336-dbae-3f70-a669-46813f4570d7,0,0,0,0,48,0.014396536599,factorial_cell,,
development,yolo11n,9afab336-dbae-3f70-a669-46813f4570d7,0,0,0,1,48,0.0107659793053,factorial_cell,,
development,yolo11n,9afab336-dbae-3f70-a669-46813f4570d7,0,0,1,0,48,0.00921059674067,factorial_cell,,
development,yolo11n,9afab336-dbae-3f70-a669-46813f4570d7,0,0,1,1,48,0.00678632252359,factorial_cell,,
development,yolo11n,9afab336-dbae-3f70-a669-46813f4570d7,0,1,0,0,48,0.0138250162438,factorial_cell,,
development,yolo11n,9afab336-dbae-3f70-a669-46813f4570d7,0,1,0,1,48,0.0109893014625,factorial_cell,,
development,yolo11n,9afab336-dbae-3f70-a669-46813f4570d7,0,1,1,0,48,0.00922267699066,factorial_cell,,
development,yolo11n,9afab336-dbae-3f70-a669-46813f4570d7,0,1,1,1,48,0.00717206333667,factorial_cell,,
development,yolo11n,9afab336-dbae-3f70-a669-46813f4570d7,1,0,0,0,48,0.0153273773259,factorial_cell,,
development,yolo11n,9afab336-dbae-3f70-a669-46813f4570d7,1,0,0,1,48,0.0110670487978,factorial_cell,,
development,yolo11n,9afab336-dbae-3f70-a669-46813f4570d7,1,0,1,0,48,0.00921059674067,factorial_cell,,
development,yolo11n,9afab336-dbae-3f70-a669-46813f4570d7,1,0,1,1,48,0.00678632252359,factorial_cell,,
development,yolo11n,9afab336-dbae-3f70-a669-46813f4570d7,1,1,0,0,48,0.0152255351859,factorial_cell,,
development,yolo11n,9afab336-dbae-3f70-a669-46813f4570d7,1,1,0,1,48,0.00990780733664,factorial_cell,,
development,yolo11n,9afab336-dbae-3f70-a669-46813f4570d7,1,1,1,0,48,0.00922267699066,factorial_cell,,
development,yolo11n,9afab336-dbae-3f70-a669-46813f4570d7,1,1,1,1,48,0.00717206333667,factorial_cell,,
development,yolo11n,b21b7285-2199-3264-b10a-524e9b23502a,0,0,0,0,53,0.0519164442987,factorial_cell,,
development,yolo11n,b21b7285-2199-3264-b10a-524e9b23502a,0,0,0,1,53,0.052654903495,factorial_cell,,
development,yolo11n,b21b7285-2199-3264-b10a-524e9b23502a,0,0,1,0,53,0.045927046199,factorial_cell,,
development,yolo11n,b21b7285-2199-3264-b10a-524e9b23502a,0,0,1,1,53,0.046563305169,factorial_cell,,
development,yolo11n,b21b7285-2199-3264-b10a-524e9b23502a,0,1,0,0,53,0.0522869416589,factorial_cell,,
development,yolo11n,b21b7285-2199-3264-b10a-524e9b23502a,0,1,0,1,53,0.0508474105352,factorial_cell,,
development,yolo11n,b21b7285-2199-3264-b10a-524e9b23502a,0,1,1,0,53,0.0460542002521,factorial_cell,,
development,yolo11n,b21b7285-2199-3264-b10a-524e9b23502a,0,1,1,1,53,0.0412114212782,factorial_cell,,
development,yolo11n,b21b7285-2199-3264-b10a-524e9b23502a,1,0,0,0,53,0.0478136461846,factorial_cell,,
development,yolo11n,b21b7285-2199-3264-b10a-524e9b23502a,1,0,0,1,53,0.0483789849574,factorial_cell,,
development,yolo11n,b21b7285-2199-3264-b10a-524e9b23502a,1,0,1,0,53,0.045927046199,factorial_cell,,
development,yolo11n,b21b7285-2199-3264-b10a-524e9b23502a,1,0,1,1,53,0.046563305169,factorial_cell,,
development,yolo11n,b21b7285-2199-3264-b10a-524e9b23502a,1,1,0,0,53,0.0522799620716,factorial_cell,,
development,yolo11n,b21b7285-2199-3264-b10a-524e9b23502a,1,1,0,1,53,0.0493700133467,factorial_cell,,
development,yolo11n,b21b7285-2199-3264-b10a-524e9b23502a,1,1,1,0,53,0.0460542002521,factorial_cell,,
development,yolo11n,b21b7285-2199-3264-b10a-524e9b23502a,1,1,1,1,53,0.0412114212782,factorial_cell,,
development,yolo11n,d3efe9ba-f10a-35e7-b17e-6850c66693fe,0,0,0,0,11,0.0153416203109,factorial_cell,,
development,yolo11n,d3efe9ba-f10a-35e7-b17e-6850c66693fe,0,0,0,1,11,0.00799760635254,factorial_cell,,
development,yolo11n,d3efe9ba-f10a-35e7-b17e-6850c66693fe,0,0,1,0,11,0.0103822945315,factorial_cell,,
development,yolo11n,d3efe9ba-f10a-35e7-b17e-6850c66693fe,0,0,1,1,11,0.00341468056547,factorial_cell,,
development,yolo11n,d3efe9ba-f10a-35e7-b17e-6850c66693fe,0,1,0,0,11,0.015411268477,factorial_cell,,
development,yolo11n,d3efe9ba-f10a-35e7-b17e-6850c66693fe,0,1,0,1,11,0.00801796612901,factorial_cell,,
development,yolo11n,d3efe9ba-f10a-35e7-b17e-6850c66693fe,0,1,1,0,11,0.0105309823086,factorial_cell,,
development,yolo11n,d3efe9ba-f10a-35e7-b17e-6850c66693fe,0,1,1,1,11,0.00323570035754,factorial_cell,,
development,yolo11n,d3efe9ba-f10a-35e7-b17e-6850c66693fe,1,0,0,0,11,0.0129959187661,factorial_cell,,
development,yolo11n,d3efe9ba-f10a-35e7-b17e-6850c66693fe,1,0,0,1,11,0.00590029915323,factorial_cell,,
development,yolo11n,d3efe9ba-f10a-35e7-b17e-6850c66693fe,1,0,1,0,11,0.0103822945315,factorial_cell,,
development,yolo11n,d3efe9ba-f10a-35e7-b17e-6850c66693fe,1,0,1,1,11,0.00341468056547,factorial_cell,,
development,yolo11n,d3efe9ba-f10a-35e7-b17e-6850c66693fe,1,1,0,0,11,0.0131065091813,factorial_cell,,
development,yolo11n,d3efe9ba-f10a-35e7-b17e-6850c66693fe,1,1,0,1,11,0.00613333234291,factorial_cell,,
development,yolo11n,d3efe9ba-f10a-35e7-b17e-6850c66693fe,1,1,1,0,11,0.0105309823086,factorial_cell,,
development,yolo11n,d3efe9ba-f10a-35e7-b17e-6850c66693fe,1,1,1,1,11,0.00323570035754,factorial_cell,,
development,yolo11n,fa9ec72a-cbcf-35dc-be20-4d0d9e7215ef,0,0,0,0,34,0.0117490302758,factorial_cell,,
development,yolo11n,fa9ec72a-cbcf-35dc-be20-4d0d9e7215ef,0,0,0,1,34,0.0105797546083,factorial_cell,,
development,yolo11n,fa9ec72a-cbcf-35dc-be20-4d0d9e7215ef,0,0,1,0,34,0.00773397492453,factorial_cell,,
development,yolo11n,fa9ec72a-cbcf-35dc-be20-4d0d9e7215ef,0,0,1,1,34,0.00619999559491,factorial_cell,,
development,yolo11n,fa9ec72a-cbcf-35dc-be20-4d0d9e7215ef,0,1,0,0,34,0.0116587951337,factorial_cell,,
development,yolo11n,fa9ec72a-cbcf-35dc-be20-4d0d9e7215ef,0,1,0,1,34,0.0103487207812,factorial_cell,,
development,yolo11n,fa9ec72a-cbcf-35dc-be20-4d0d9e7215ef,0,1,1,0,34,0.00775164193681,factorial_cell,,
development,yolo11n,fa9ec72a-cbcf-35dc-be20-4d0d9e7215ef,0,1,1,1,34,0.00621193155809,factorial_cell,,
development,yolo11n,fa9ec72a-cbcf-35dc-be20-4d0d9e7215ef,1,0,0,0,34,0.0102707386873,factorial_cell,,
development,yolo11n,fa9ec72a-cbcf-35dc-be20-4d0d9e7215ef,1,0,0,1,34,0.00799823426177,factorial_cell,,
development,yolo11n,fa9ec72a-cbcf-35dc-be20-4d0d9e7215ef,1,0,1,0,34,0.00773397492453,factorial_cell,,
development,yolo11n,fa9ec72a-cbcf-35dc-be20-4d0d9e7215ef,1,0,1,1,34,0.00619999559491,factorial_cell,,
development,yolo11n,fa9ec72a-cbcf-35dc-be20-4d0d9e7215ef,1,1,0,0,34,0.0102043292298,factorial_cell,,
development,yolo11n,fa9ec72a-cbcf-35dc-be20-4d0d9e7215ef,1,1,0,1,34,0.00780261200181,factorial_cell,,
development,yolo11n,fa9ec72a-cbcf-35dc-be20-4d0d9e7215ef,1,1,1,0,34,0.00775164193681,factorial_cell,,
development,yolo11n,fa9ec72a-cbcf-35dc-be20-4d0d9e7215ef,1,1,1,1,34,0.00621193155809,factorial_cell,,
heldout,yolo11n,182ba3f7-b89a-36cc-ae40-32a341b0d3e9,0,0,0,0,25,0.00522616065615,factorial_cell,,
heldout,yolo11n,182ba3f7-b89a-36cc-ae40-32a341b0d3e9,0,0,0,1,25,0.00687614368872,factorial_cell,,
heldout,yolo11n,182ba3f7-b89a-36cc-ae40-32a341b0d3e9,0,0,1,0,25,0.00349766520191,factorial_cell,,
heldout,yolo11n,182ba3f7-b89a-36cc-ae40-32a341b0d3e9,0,0,1,1,25,0.00422076273414,factorial_cell,,
heldout,yolo11n,182ba3f7-b89a-36cc-ae40-32a341b0d3e9,0,1,0,0,25,0.00530790570875,factorial_cell,,
heldout,yolo11n,182ba3f7-b89a-36cc-ae40-32a341b0d3e9,0,1,0,1,25,0.00667466095159,factorial_cell,,
heldout,yolo11n,182ba3f7-b89a-36cc-ae40-32a341b0d3e9,0,1,1,0,25,0.00354301171052,factorial_cell,,
heldout,yolo11n,182ba3f7-b89a-36cc-ae40-32a341b0d3e9,0,1,1,1,25,0.00380225731152,factorial_cell,,
heldout,yolo11n,182ba3f7-b89a-36cc-ae40-32a341b0d3e9,1,0,0,0,25,0.00422636396093,factorial_cell,,
heldout,yolo11n,182ba3f7-b89a-36cc-ae40-32a341b0d3e9,1,0,0,1,25,0.00497580804212,factorial_cell,,
heldout,yolo11n,182ba3f7-b89a-36cc-ae40-32a341b0d3e9,1,0,1,0,25,0.00349766520191,factorial_cell,,
heldout,yolo11n,182ba3f7-b89a-36cc-ae40-32a341b0d3e9,1,0,1,1,25,0.00422076273414,factorial_cell,,
heldout,yolo11n,182ba3f7-b89a-36cc-ae40-32a341b0d3e9,1,1,0,0,25,0.00390458168227,factorial_cell,,
heldout,yolo11n,182ba3f7-b89a-36cc-ae40-32a341b0d3e9,1,1,0,1,25,0.00467775970909,factorial_cell,,
heldout,yolo11n,182ba3f7-b89a-36cc-ae40-32a341b0d3e9,1,1,1,0,25,0.00354301171052,factorial_cell,,
heldout,yolo11n,182ba3f7-b89a-36cc-ae40-32a341b0d3e9,1,1,1,1,25,0.00380225731152,factorial_cell,,
heldout,yolo11n,36aec72e-5086-376c-b109-295b128e77e1,0,0,0,0,63,0.014402358024,factorial_cell,,
heldout,yolo11n,36aec72e-5086-376c-b109-295b128e77e1,0,0,0,1,63,0.0137146241953,factorial_cell,,
heldout,yolo11n,36aec72e-5086-376c-b109-295b128e77e1,0,0,1,0,63,0.00961318745181,factorial_cell,,
heldout,yolo11n,36aec72e-5086-376c-b109-295b128e77e1,0,0,1,1,63,0.00721659024071,factorial_cell,,
heldout,yolo11n,36aec72e-5086-376c-b109-295b128e77e1,0,1,0,0,63,0.0138101467884,factorial_cell,,
heldout,yolo11n,36aec72e-5086-376c-b109-295b128e77e1,0,1,0,1,63,0.0130975797015,factorial_cell,,
heldout,yolo11n,36aec72e-5086-376c-b109-295b128e77e1,0,1,1,0,63,0.00959878748509,factorial_cell,,
heldout,yolo11n,36aec72e-5086-376c-b109-295b128e77e1,0,1,1,1,63,0.00721857563758,factorial_cell,,
heldout,yolo11n,36aec72e-5086-376c-b109-295b128e77e1,1,0,0,0,63,0.0123161025152,factorial_cell,,
heldout,yolo11n,36aec72e-5086-376c-b109-295b128e77e1,1,0,0,1,63,0.0109421680379,factorial_cell,,
heldout,yolo11n,36aec72e-5086-376c-b109-295b128e77e1,1,0,1,0,63,0.00961318745181,factorial_cell,,
heldout,yolo11n,36aec72e-5086-376c-b109-295b128e77e1,1,0,1,1,63,0.00721659024071,factorial_cell,,
heldout,yolo11n,36aec72e-5086-376c-b109-295b128e77e1,1,1,0,0,63,0.0116917965391,factorial_cell,,
heldout,yolo11n,36aec72e-5086-376c-b109-295b128e77e1,1,1,0,1,63,0.0104374330621,factorial_cell,,
heldout,yolo11n,36aec72e-5086-376c-b109-295b128e77e1,1,1,1,0,63,0.00959878748509,factorial_cell,,
heldout,yolo11n,36aec72e-5086-376c-b109-295b128e77e1,1,1,1,1,63,0.00721857563758,factorial_cell,,
heldout,yolo11n,6c932547-4c11-31d7-b8ef-0c16a13dbfc3,0,0,0,0,72,0.0157063130805,factorial_cell,,
heldout,yolo11n,6c932547-4c11-31d7-b8ef-0c16a13dbfc3,0,0,0,1,72,0.010245234947,factorial_cell,,
heldout,yolo11n,6c932547-4c11-31d7-b8ef-0c16a13dbfc3,0,0,1,0,72,0.0122778980066,factorial_cell,,
heldout,yolo11n,6c932547-4c11-31d7-b8ef-0c16a13dbfc3,0,0,1,1,72,0.005592844505,factorial_cell,,
heldout,yolo11n,6c932547-4c11-31d7-b8ef-0c16a13dbfc3,0,1,0,0,72,0.0154276722637,factorial_cell,,
heldout,yolo11n,6c932547-4c11-31d7-b8ef-0c16a13dbfc3,0,1,0,1,72,0.0104605117616,factorial_cell,,
heldout,yolo11n,6c932547-4c11-31d7-b8ef-0c16a13dbfc3,0,1,1,0,72,0.0120828216277,factorial_cell,,
heldout,yolo11n,6c932547-4c11-31d7-b8ef-0c16a13dbfc3,0,1,1,1,72,0.00549802650924,factorial_cell,,
heldout,yolo11n,6c932547-4c11-31d7-b8ef-0c16a13dbfc3,1,0,0,0,72,0.0147908833234,factorial_cell,,
heldout,yolo11n,6c932547-4c11-31d7-b8ef-0c16a13dbfc3,1,0,0,1,72,0.00829334516166,factorial_cell,,
heldout,yolo11n,6c932547-4c11-31d7-b8ef-0c16a13dbfc3,1,0,1,0,72,0.0122778980066,factorial_cell,,
heldout,yolo11n,6c932547-4c11-31d7-b8ef-0c16a13dbfc3,1,0,1,1,72,0.005592844505,factorial_cell,,
heldout,yolo11n,6c932547-4c11-31d7-b8ef-0c16a13dbfc3,1,1,0,0,72,0.0146807808375,factorial_cell,,
heldout,yolo11n,6c932547-4c11-31d7-b8ef-0c16a13dbfc3,1,1,0,1,72,0.00799211068913,factorial_cell,,
heldout,yolo11n,6c932547-4c11-31d7-b8ef-0c16a13dbfc3,1,1,1,0,72,0.0120828216277,factorial_cell,,
heldout,yolo11n,6c932547-4c11-31d7-b8ef-0c16a13dbfc3,1,1,1,1,72,0.00549802650924,factorial_cell,,
heldout,yolo11n,a91d4c7b-bf55-3a0e-9eba-1a43577bcca8,0,0,0,0,61,0.0054871746742,factorial_cell,,
heldout,yolo11n,a91d4c7b-bf55-3a0e-9eba-1a43577bcca8,0,0,0,1,61,0.00681298940918,factorial_cell,,
heldout,yolo11n,a91d4c7b-bf55-3a0e-9eba-1a43577bcca8,0,0,1,0,61,0.00450674664371,factorial_cell,,
heldout,yolo11n,a91d4c7b-bf55-3a0e-9eba-1a43577bcca8,0,0,1,1,61,0.00423952887311,factorial_cell,,
heldout,yolo11n,a91d4c7b-bf55-3a0e-9eba-1a43577bcca8,0,1,0,0,61,0.00528980747138,factorial_cell,,
heldout,yolo11n,a91d4c7b-bf55-3a0e-9eba-1a43577bcca8,0,1,0,1,61,0.0071199609045,factorial_cell,,
heldout,yolo11n,a91d4c7b-bf55-3a0e-9eba-1a43577bcca8,0,1,1,0,61,0.00522418676091,factorial_cell,,
heldout,yolo11n,a91d4c7b-bf55-3a0e-9eba-1a43577bcca8,0,1,1,1,61,0.00420525324652,factorial_cell,,
heldout,yolo11n,a91d4c7b-bf55-3a0e-9eba-1a43577bcca8,1,0,0,0,61,0.00675892240532,factorial_cell,,
heldout,yolo11n,a91d4c7b-bf55-3a0e-9eba-1a43577bcca8,1,0,0,1,61,0.00686316597609,factorial_cell,,
heldout,yolo11n,a91d4c7b-bf55-3a0e-9eba-1a43577bcca8,1,0,1,0,61,0.00450674664371,factorial_cell,,
heldout,yolo11n,a91d4c7b-bf55-3a0e-9eba-1a43577bcca8,1,0,1,1,61,0.00423952887311,factorial_cell,,
heldout,yolo11n,a91d4c7b-bf55-3a0e-9eba-1a43577bcca8,1,1,0,0,61,0.00675904776688,factorial_cell,,
heldout,yolo11n,a91d4c7b-bf55-3a0e-9eba-1a43577bcca8,1,1,0,1,61,0.00641148796793,factorial_cell,,
heldout,yolo11n,a91d4c7b-bf55-3a0e-9eba-1a43577bcca8,1,1,1,0,61,0.00522418676091,factorial_cell,,
heldout,yolo11n,a91d4c7b-bf55-3a0e-9eba-1a43577bcca8,1,1,1,1,61,0.00420525324652,factorial_cell,,
heldout,yolo11n,d3ca0450-2167-38fb-b34b-449741cb38f3,0,0,0,0,17,0.0279085708385,factorial_cell,,
heldout,yolo11n,d3ca0450-2167-38fb-b34b-449741cb38f3,0,0,0,1,17,0.0213875488214,factorial_cell,,
heldout,yolo11n,d3ca0450-2167-38fb-b34b-449741cb38f3,0,0,1,0,17,0.0230006348904,factorial_cell,,
heldout,yolo11n,d3ca0450-2167-38fb-b34b-449741cb38f3,0,0,1,1,17,0.0233510682864,factorial_cell,,
heldout,yolo11n,d3ca0450-2167-38fb-b34b-449741cb38f3,0,1,0,0,17,0.0261681591043,factorial_cell,,
heldout,yolo11n,d3ca0450-2167-38fb-b34b-449741cb38f3,0,1,0,1,17,0.0213870290521,factorial_cell,,
heldout,yolo11n,d3ca0450-2167-38fb-b34b-449741cb38f3,0,1,1,0,17,0.0229993053103,factorial_cell,,
heldout,yolo11n,d3ca0450-2167-38fb-b34b-449741cb38f3,0,1,1,1,17,0.0231941619269,factorial_cell,,
heldout,yolo11n,d3ca0450-2167-38fb-b34b-449741cb38f3,1,0,0,0,17,0.0284812973827,factorial_cell,,
heldout,yolo11n,d3ca0450-2167-38fb-b34b-449741cb38f3,1,0,0,1,17,0.0134191433913,factorial_cell,,
heldout,yolo11n,d3ca0450-2167-38fb-b34b-449741cb38f3,1,0,1,0,17,0.0230006348904,factorial_cell,,
heldout,yolo11n,d3ca0450-2167-38fb-b34b-449741cb38f3,1,0,1,1,17,0.0233510682864,factorial_cell,,
heldout,yolo11n,d3ca0450-2167-38fb-b34b-449741cb38f3,1,1,0,0,17,0.0283347473081,factorial_cell,,
heldout,yolo11n,d3ca0450-2167-38fb-b34b-449741cb38f3,1,1,0,1,17,0.0134191066273,factorial_cell,,
heldout,yolo11n,d3ca0450-2167-38fb-b34b-449741cb38f3,1,1,1,0,17,0.0229993053103,factorial_cell,,
heldout,yolo11n,d3ca0450-2167-38fb-b34b-449741cb38f3,1,1,1,1,17,0.0231941619269,factorial_cell,,
heldout,yolo11n,e8c9fd64-fdd2-422d-a2a2-6f47500d1d12,0,0,0,0,42,0.00926763235168,factorial_cell,,
heldout,yolo11n,e8c9fd64-fdd2-422d-a2a2-6f47500d1d12,0,0,0,1,42,0.00985108471064,factorial_cell,,
heldout,yolo11n,e8c9fd64-fdd2-422d-a2a2-6f47500d1d12,0,0,1,0,42,0.00917043331121,factorial_cell,,
heldout,yolo11n,e8c9fd64-fdd2-422d-a2a2-6f47500d1d12,0,0,1,1,42,0.00819823502816,factorial_cell,,
heldout,yolo11n,e8c9fd64-fdd2-422d-a2a2-6f47500d1d12,0,1,0,0,42,0.00924133005739,factorial_cell,,
heldout,yolo11n,e8c9fd64-fdd2-422d-a2a2-6f47500d1d12,0,1,0,1,42,0.00977298343977,factorial_cell,,
heldout,yolo11n,e8c9fd64-fdd2-422d-a2a2-6f47500d1d12,0,1,1,0,42,0.00931856927647,factorial_cell,,
heldout,yolo11n,e8c9fd64-fdd2-422d-a2a2-6f47500d1d12,0,1,1,1,42,0.00819654144522,factorial_cell,,
heldout,yolo11n,e8c9fd64-fdd2-422d-a2a2-6f47500d1d12,1,0,0,0,42,0.00855459243595,factorial_cell,,
heldout,yolo11n,e8c9fd64-fdd2-422d-a2a2-6f47500d1d12,1,0,0,1,42,0.0113030152947,factorial_cell,,
heldout,yolo11n,e8c9fd64-fdd2-422d-a2a2-6f47500d1d12,1,0,1,0,42,0.00917043331121,factorial_cell,,
heldout,yolo11n,e8c9fd64-fdd2-422d-a2a2-6f47500d1d12,1,0,1,1,42,0.00819823502816,factorial_cell,,
heldout,yolo11n,e8c9fd64-fdd2-422d-a2a2-6f47500d1d12,1,1,0,0,42,0.00853431865671,factorial_cell,,
heldout,yolo11n,e8c9fd64-fdd2-422d-a2a2-6f47500d1d12,1,1,0,1,42,0.0109756955354,factorial_cell,,
heldout,yolo11n,e8c9fd64-fdd2-422d-a2a2-6f47500d1d12,1,1,1,0,42,0.00931856927647,factorial_cell,,
heldout,yolo11n,e8c9fd64-fdd2-422d-a2a2-6f47500d1d12,1,1,1,1,42,0.00819654144522,factorial_cell,,
model_selection,yolo11n,12c3c14b-9cf2-3434-9a5d-e0bfa332f6ce,0,0,0,0,53,0.0114722081212,factorial_cell,,
model_selection,yolo11n,12c3c14b-9cf2-3434-9a5d-e0bfa332f6ce,0,0,0,1,53,0.00883003392818,factorial_cell,,
model_selection,yolo11n,12c3c14b-9cf2-3434-9a5d-e0bfa332f6ce,0,0,1,0,53,0.0105737047084,factorial_cell,,
model_selection,yolo11n,12c3c14b-9cf2-3434-9a5d-e0bfa332f6ce,0,0,1,1,53,0.00494392302325,factorial_cell,,
model_selection,yolo11n,12c3c14b-9cf2-3434-9a5d-e0bfa332f6ce,0,1,0,0,53,0.0111779823229,factorial_cell,,
model_selection,yolo11n,12c3c14b-9cf2-3434-9a5d-e0bfa332f6ce,0,1,0,1,53,0.00850945245424,factorial_cell,,
model_selection,yolo11n,12c3c14b-9cf2-3434-9a5d-e0bfa332f6ce,0,1,1,0,53,0.0104755391056,factorial_cell,,
model_selection,yolo11n,12c3c14b-9cf2-3434-9a5d-e0bfa332f6ce,0,1,1,1,53,0.00485149149232,factorial_cell,,
model_selection,yolo11n,12c3c14b-9cf2-3434-9a5d-e0bfa332f6ce,1,0,0,0,53,0.0118213457762,factorial_cell,,
model_selection,yolo11n,12c3c14b-9cf2-3434-9a5d-e0bfa332f6ce,1,0,0,1,53,0.00802810341082,factorial_cell,,
model_selection,yolo11n,12c3c14b-9cf2-3434-9a5d-e0bfa332f6ce,1,0,1,0,53,0.0105737047084,factorial_cell,,
model_selection,yolo11n,12c3c14b-9cf2-3434-9a5d-e0bfa332f6ce,1,0,1,1,53,0.00494392302325,factorial_cell,,
model_selection,yolo11n,12c3c14b-9cf2-3434-9a5d-e0bfa332f6ce,1,1,0,0,53,0.0116819265316,factorial_cell,,
model_selection,yolo11n,12c3c14b-9cf2-3434-9a5d-e0bfa332f6ce,1,1,0,1,53,0.00746538643692,factorial_cell,,
model_selection,yolo11n,12c3c14b-9cf2-3434-9a5d-e0bfa332f6ce,1,1,1,0,53,0.0104755391056,factorial_cell,,
model_selection,yolo11n,12c3c14b-9cf2-3434-9a5d-e0bfa332f6ce,1,1,1,1,53,0.00485149149232,factorial_cell,,
model_selection,yolo11n,9441ffdd-f06e-36e0-839e-b836b0f19bc9,0,0,0,0,27,0.00712300420756,factorial_cell,,
model_selection,yolo11n,9441ffdd-f06e-36e0-839e-b836b0f19bc9,0,0,0,1,27,0.00473418606245,factorial_cell,,
model_selection,yolo11n,9441ffdd-f06e-36e0-839e-b836b0f19bc9,0,0,1,0,27,0.00555786561942,factorial_cell,,
model_selection,yolo11n,9441ffdd-f06e-36e0-839e-b836b0f19bc9,0,0,1,1,27,0.00209514810628,factorial_cell,,
model_selection,yolo11n,9441ffdd-f06e-36e0-839e-b836b0f19bc9,0,1,0,0,27,0.00713243662272,factorial_cell,,
model_selection,yolo11n,9441ffdd-f06e-36e0-839e-b836b0f19bc9,0,1,0,1,27,0.00410403991577,factorial_cell,,
model_selection,yolo11n,9441ffdd-f06e-36e0-839e-b836b0f19bc9,0,1,1,0,27,0.00562289321159,factorial_cell,,
model_selection,yolo11n,9441ffdd-f06e-36e0-839e-b836b0f19bc9,0,1,1,1,27,0.0020681614548,factorial_cell,,
model_selection,yolo11n,9441ffdd-f06e-36e0-839e-b836b0f19bc9,1,0,0,0,27,0.0062485589938,factorial_cell,,
model_selection,yolo11n,9441ffdd-f06e-36e0-839e-b836b0f19bc9,1,0,0,1,27,0.00349416878297,factorial_cell,,
model_selection,yolo11n,9441ffdd-f06e-36e0-839e-b836b0f19bc9,1,0,1,0,27,0.00555786561942,factorial_cell,,
model_selection,yolo11n,9441ffdd-f06e-36e0-839e-b836b0f19bc9,1,0,1,1,27,0.00209514810628,factorial_cell,,
model_selection,yolo11n,9441ffdd-f06e-36e0-839e-b836b0f19bc9,1,1,0,0,27,0.00612175073293,factorial_cell,,
model_selection,yolo11n,9441ffdd-f06e-36e0-839e-b836b0f19bc9,1,1,0,1,27,0.0034864337922,factorial_cell,,
model_selection,yolo11n,9441ffdd-f06e-36e0-839e-b836b0f19bc9,1,1,1,0,27,0.00562289321159,factorial_cell,,
model_selection,yolo11n,9441ffdd-f06e-36e0-839e-b836b0f19bc9,1,1,1,1,27,0.0020681614548,factorial_cell,,
model_selection,yolo11n,e2043284-6122-3cc9-a7e7-f091a16361b7,0,0,0,0,71,0.0160589870002,factorial_cell,,
model_selection,yolo11n,e2043284-6122-3cc9-a7e7-f091a16361b7,0,0,0,1,71,0.00985011861587,factorial_cell,,
model_selection,yolo11n,e2043284-6122-3cc9-a7e7-f091a16361b7,0,0,1,0,71,0.0101448230589,factorial_cell,,
model_selection,yolo11n,e2043284-6122-3cc9-a7e7-f091a16361b7,0,0,1,1,71,0.00597092006421,factorial_cell,,
model_selection,yolo11n,e2043284-6122-3cc9-a7e7-f091a16361b7,0,1,0,0,71,0.0158959321818,factorial_cell,,
model_selection,yolo11n,e2043284-6122-3cc9-a7e7-f091a16361b7,0,1,0,1,71,0.0098228356658,factorial_cell,,
model_selection,yolo11n,e2043284-6122-3cc9-a7e7-f091a16361b7,0,1,1,0,71,0.0102935818275,factorial_cell,,
model_selection,yolo11n,e2043284-6122-3cc9-a7e7-f091a16361b7,0,1,1,1,71,0.00638122630512,factorial_cell,,
model_selection,yolo11n,e2043284-6122-3cc9-a7e7-f091a16361b7,1,0,0,0,71,0.0139369735745,factorial_cell,,
model_selection,yolo11n,e2043284-6122-3cc9-a7e7-f091a16361b7,1,0,0,1,71,0.00844691913991,factorial_cell,,
model_selection,yolo11n,e2043284-6122-3cc9-a7e7-f091a16361b7,1,0,1,0,71,0.0101448230589,factorial_cell,,
model_selection,yolo11n,e2043284-6122-3cc9-a7e7-f091a16361b7,1,0,1,1,71,0.00597092006421,factorial_cell,,
model_selection,yolo11n,e2043284-6122-3cc9-a7e7-f091a16361b7,1,1,0,0,71,0.0129743270887,factorial_cell,,
model_selection,yolo11n,e2043284-6122-3cc9-a7e7-f091a16361b7,1,1,0,1,71,0.00774791762551,factorial_cell,,
model_selection,yolo11n,e2043284-6122-3cc9-a7e7-f091a16361b7,1,1,1,0,71,0.0102935818275,factorial_cell,,
model_selection,yolo11n,e2043284-6122-3cc9-a7e7-f091a16361b7,1,1,1,1,71,0.00638122630512,factorial_cell,,
development,yolo11s,2a9b2658-097e-3f8b-a817-22f2553c5de8,0,0,0,0,74,0.0183582821347,factorial_cell,,
development,yolo11s,2a9b2658-097e-3f8b-a817-22f2553c5de8,0,0,0,1,74,0.0143235428957,factorial_cell,,
development,yolo11s,2a9b2658-097e-3f8b-a817-22f2553c5de8,0,0,1,0,74,0.0123028163459,factorial_cell,,
development,yolo11s,2a9b2658-097e-3f8b-a817-22f2553c5de8,0,0,1,1,74,0.0084535197656,factorial_cell,,
development,yolo11s,2a9b2658-097e-3f8b-a817-22f2553c5de8,0,1,0,0,74,0.0179072432901,factorial_cell,,
development,yolo11s,2a9b2658-097e-3f8b-a817-22f2553c5de8,0,1,0,1,74,0.014264885252,factorial_cell,,
development,yolo11s,2a9b2658-097e-3f8b-a817-22f2553c5de8,0,1,1,0,74,0.0115700701375,factorial_cell,,
development,yolo11s,2a9b2658-097e-3f8b-a817-22f2553c5de8,0,1,1,1,74,0.00869872454772,factorial_cell,,
development,yolo11s,2a9b2658-097e-3f8b-a817-22f2553c5de8,1,0,0,0,74,0.0156926547536,factorial_cell,,
development,yolo11s,2a9b2658-097e-3f8b-a817-22f2553c5de8,1,0,0,1,74,0.0133521316431,factorial_cell,,
development,yolo11s,2a9b2658-097e-3f8b-a817-22f2553c5de8,1,0,1,0,74,0.0123028163459,factorial_cell,,
development,yolo11s,2a9b2658-097e-3f8b-a817-22f2553c5de8,1,0,1,1,74,0.0084535197656,factorial_cell,,
development,yolo11s,2a9b2658-097e-3f8b-a817-22f2553c5de8,1,1,0,0,74,0.0155656599662,factorial_cell,,
development,yolo11s,2a9b2658-097e-3f8b-a817-22f2553c5de8,1,1,0,1,74,0.0140154481222,factorial_cell,,
development,yolo11s,2a9b2658-097e-3f8b-a817-22f2553c5de8,1,1,1,0,74,0.0115700701375,factorial_cell,,
development,yolo11s,2a9b2658-097e-3f8b-a817-22f2553c5de8,1,1,1,1,74,0.00869872454772,factorial_cell,,
development,yolo11s,3fbdfb6c-927f-4aaa-81b1-21b02efd4c01,0,0,0,0,81,0.00666625919476,factorial_cell,,
development,yolo11s,3fbdfb6c-927f-4aaa-81b1-21b02efd4c01,0,0,0,1,81,0.0060364610444,factorial_cell,,
development,yolo11s,3fbdfb6c-927f-4aaa-81b1-21b02efd4c01,0,0,1,0,81,0.00527199028768,factorial_cell,,
development,yolo11s,3fbdfb6c-927f-4aaa-81b1-21b02efd4c01,0,0,1,1,81,0.00396727224574,factorial_cell,,
development,yolo11s,3fbdfb6c-927f-4aaa-81b1-21b02efd4c01,0,1,0,0,81,0.0066404338028,factorial_cell,,
development,yolo11s,3fbdfb6c-927f-4aaa-81b1-21b02efd4c01,0,1,0,1,81,0.00590591845007,factorial_cell,,
development,yolo11s,3fbdfb6c-927f-4aaa-81b1-21b02efd4c01,0,1,1,0,81,0.00507309528998,factorial_cell,,
development,yolo11s,3fbdfb6c-927f-4aaa-81b1-21b02efd4c01,0,1,1,1,81,0.00426805675483,factorial_cell,,
development,yolo11s,3fbdfb6c-927f-4aaa-81b1-21b02efd4c01,1,0,0,0,81,0.0062660525212,factorial_cell,,
development,yolo11s,3fbdfb6c-927f-4aaa-81b1-21b02efd4c01,1,0,0,1,81,0.00521936081345,factorial_cell,,
development,yolo11s,3fbdfb6c-927f-4aaa-81b1-21b02efd4c01,1,0,1,0,81,0.00527199028768,factorial_cell,,
development,yolo11s,3fbdfb6c-927f-4aaa-81b1-21b02efd4c01,1,0,1,1,81,0.00396727224574,factorial_cell,,
development,yolo11s,3fbdfb6c-927f-4aaa-81b1-21b02efd4c01,1,1,0,0,81,0.00648834949558,factorial_cell,,
development,yolo11s,3fbdfb6c-927f-4aaa-81b1-21b02efd4c01,1,1,0,1,81,0.00536333062567,factorial_cell,,
development,yolo11s,3fbdfb6c-927f-4aaa-81b1-21b02efd4c01,1,1,1,0,81,0.00507309528998,factorial_cell,,
development,yolo11s,3fbdfb6c-927f-4aaa-81b1-21b02efd4c01,1,1,1,1,81,0.00426805675483,factorial_cell,,
development,yolo11s,47358aac-2ec0-3d45-a837-f2069ca7cee3,0,0,0,0,120,0.00903853470287,factorial_cell,,
development,yolo11s,47358aac-2ec0-3d45-a837-f2069ca7cee3,0,0,0,1,120,0.00719017003391,factorial_cell,,
development,yolo11s,47358aac-2ec0-3d45-a837-f2069ca7cee3,0,0,1,0,120,0.00716687670961,factorial_cell,,
development,yolo11s,47358aac-2ec0-3d45-a837-f2069ca7cee3,0,0,1,1,120,0.00520846468239,factorial_cell,,
development,yolo11s,47358aac-2ec0-3d45-a837-f2069ca7cee3,0,1,0,0,120,0.00881408458228,factorial_cell,,
development,yolo11s,47358aac-2ec0-3d45-a837-f2069ca7cee3,0,1,0,1,120,0.00712529499158,factorial_cell,,
development,yolo11s,47358aac-2ec0-3d45-a837-f2069ca7cee3,0,1,1,0,120,0.00687766673396,factorial_cell,,
development,yolo11s,47358aac-2ec0-3d45-a837-f2069ca7cee3,0,1,1,1,120,0.00497480634046,factorial_cell,,
development,yolo11s,47358aac-2ec0-3d45-a837-f2069ca7cee3,1,0,0,0,120,0.00809201555611,factorial_cell,,
development,yolo11s,47358aac-2ec0-3d45-a837-f2069ca7cee3,1,0,0,1,120,0.00638100538633,factorial_cell,,
development,yolo11s,47358aac-2ec0-3d45-a837-f2069ca7cee3,1,0,1,0,120,0.00716687670961,factorial_cell,,
development,yolo11s,47358aac-2ec0-3d45-a837-f2069ca7cee3,1,0,1,1,120,0.00520846468239,factorial_cell,,
development,yolo11s,47358aac-2ec0-3d45-a837-f2069ca7cee3,1,1,0,0,120,0.00753970618073,factorial_cell,,
development,yolo11s,47358aac-2ec0-3d45-a837-f2069ca7cee3,1,1,0,1,120,0.00615515149351,factorial_cell,,
development,yolo11s,47358aac-2ec0-3d45-a837-f2069ca7cee3,1,1,1,0,120,0.00687766673396,factorial_cell,,
development,yolo11s,47358aac-2ec0-3d45-a837-f2069ca7cee3,1,1,1,1,120,0.00497480634046,factorial_cell,,
development,yolo11s,6aa2ac89-6b25-3af6-ad59-221351189f4b,0,0,0,0,50,0.00828152828744,factorial_cell,,
development,yolo11s,6aa2ac89-6b25-3af6-ad59-221351189f4b,0,0,0,1,50,0.0070323332112,factorial_cell,,
development,yolo11s,6aa2ac89-6b25-3af6-ad59-221351189f4b,0,0,1,0,50,0.0078612756525,factorial_cell,,
development,yolo11s,6aa2ac89-6b25-3af6-ad59-221351189f4b,0,0,1,1,50,0.00413337267843,factorial_cell,,
development,yolo11s,6aa2ac89-6b25-3af6-ad59-221351189f4b,0,1,0,0,50,0.00788257704571,factorial_cell,,
development,yolo11s,6aa2ac89-6b25-3af6-ad59-221351189f4b,0,1,0,1,50,0.00699123019746,factorial_cell,,
development,yolo11s,6aa2ac89-6b25-3af6-ad59-221351189f4b,0,1,1,0,50,0.00768035434875,factorial_cell,,
development,yolo11s,6aa2ac89-6b25-3af6-ad59-221351189f4b,0,1,1,1,50,0.00419628369413,factorial_cell,,
development,yolo11s,6aa2ac89-6b25-3af6-ad59-221351189f4b,1,0,0,0,50,0.00955879546699,factorial_cell,,
development,yolo11s,6aa2ac89-6b25-3af6-ad59-221351189f4b,1,0,0,1,50,0.00746507157597,factorial_cell,,
development,yolo11s,6aa2ac89-6b25-3af6-ad59-221351189f4b,1,0,1,0,50,0.0078612756525,factorial_cell,,
development,yolo11s,6aa2ac89-6b25-3af6-ad59-221351189f4b,1,0,1,1,50,0.00413337267843,factorial_cell,,
development,yolo11s,6aa2ac89-6b25-3af6-ad59-221351189f4b,1,1,0,0,50,0.00899066501897,factorial_cell,,
development,yolo11s,6aa2ac89-6b25-3af6-ad59-221351189f4b,1,1,0,1,50,0.00745403087469,factorial_cell,,
development,yolo11s,6aa2ac89-6b25-3af6-ad59-221351189f4b,1,1,1,0,50,0.00768035434875,factorial_cell,,
development,yolo11s,6aa2ac89-6b25-3af6-ad59-221351189f4b,1,1,1,1,50,0.00419628369413,factorial_cell,,
development,yolo11s,7e3d8631-3b7d-38c1-b833-ee7cfa7235ca,0,0,0,0,67,0.0168669215931,factorial_cell,,
development,yolo11s,7e3d8631-3b7d-38c1-b833-ee7cfa7235ca,0,0,0,1,67,0.0111259986829,factorial_cell,,
development,yolo11s,7e3d8631-3b7d-38c1-b833-ee7cfa7235ca,0,0,1,0,67,0.0155144072238,factorial_cell,,
development,yolo11s,7e3d8631-3b7d-38c1-b833-ee7cfa7235ca,0,0,1,1,67,0.00894171017944,factorial_cell,,
development,yolo11s,7e3d8631-3b7d-38c1-b833-ee7cfa7235ca,0,1,0,0,67,0.0163152166567,factorial_cell,,
development,yolo11s,7e3d8631-3b7d-38c1-b833-ee7cfa7235ca,0,1,0,1,67,0.0110483258195,factorial_cell,,
development,yolo11s,7e3d8631-3b7d-38c1-b833-ee7cfa7235ca,0,1,1,0,67,0.015511918084,factorial_cell,,
development,yolo11s,7e3d8631-3b7d-38c1-b833-ee7cfa7235ca,0,1,1,1,67,0.0088979249882,factorial_cell,,
development,yolo11s,7e3d8631-3b7d-38c1-b833-ee7cfa7235ca,1,0,0,0,67,0.0158972418879,factorial_cell,,
development,yolo11s,7e3d8631-3b7d-38c1-b833-ee7cfa7235ca,1,0,0,1,67,0.00906536261123,factorial_cell,,
development,yolo11s,7e3d8631-3b7d-38c1-b833-ee7cfa7235ca,1,0,1,0,67,0.0155144072238,factorial_cell,,
development,yolo11s,7e3d8631-3b7d-38c1-b833-ee7cfa7235ca,1,0,1,1,67,0.00894171017944,factorial_cell,,
development,yolo11s,7e3d8631-3b7d-38c1-b833-ee7cfa7235ca,1,1,0,0,67,0.0151622528224,factorial_cell,,
development,yolo11s,7e3d8631-3b7d-38c1-b833-ee7cfa7235ca,1,1,0,1,67,0.00911000199523,factorial_cell,,
development,yolo11s,7e3d8631-3b7d-38c1-b833-ee7cfa7235ca,1,1,1,0,67,0.015511918084,factorial_cell,,
development,yolo11s,7e3d8631-3b7d-38c1-b833-ee7cfa7235ca,1,1,1,1,67,0.0088979249882,factorial_cell,,
development,yolo11s,91923e20-9a05-32e0-ac53-8c09b0b60341,0,0,0,0,80,0.017935271603,factorial_cell,,
development,yolo11s,91923e20-9a05-32e0-ac53-8c09b0b60341,0,0,0,1,80,0.0171450939777,factorial_cell,,
development,yolo11s,91923e20-9a05-32e0-ac53-8c09b0b60341,0,0,1,0,80,0.0167247095821,factorial_cell,,
development,yolo11s,91923e20-9a05-32e0-ac53-8c09b0b60341,0,0,1,1,80,0.0101867709385,factorial_cell,,
development,yolo11s,91923e20-9a05-32e0-ac53-8c09b0b60341,0,1,0,0,80,0.0183006975955,factorial_cell,,
development,yolo11s,91923e20-9a05-32e0-ac53-8c09b0b60341,0,1,0,1,80,0.0161471066883,factorial_cell,,
development,yolo11s,91923e20-9a05-32e0-ac53-8c09b0b60341,0,1,1,0,80,0.0168806903304,factorial_cell,,
development,yolo11s,91923e20-9a05-32e0-ac53-8c09b0b60341,0,1,1,1,80,0.00925481409561,factorial_cell,,
development,yolo11s,91923e20-9a05-32e0-ac53-8c09b0b60341,1,0,0,0,80,0.0168831385654,factorial_cell,,
development,yolo11s,91923e20-9a05-32e0-ac53-8c09b0b60341,1,0,0,1,80,0.0135424143717,factorial_cell,,
development,yolo11s,91923e20-9a05-32e0-ac53-8c09b0b60341,1,0,1,0,80,0.0167247095821,factorial_cell,,
development,yolo11s,91923e20-9a05-32e0-ac53-8c09b0b60341,1,0,1,1,80,0.0101867709385,factorial_cell,,
development,yolo11s,91923e20-9a05-32e0-ac53-8c09b0b60341,1,1,0,0,80,0.0173123960897,factorial_cell,,
development,yolo11s,91923e20-9a05-32e0-ac53-8c09b0b60341,1,1,0,1,80,0.0144014912906,factorial_cell,,
development,yolo11s,91923e20-9a05-32e0-ac53-8c09b0b60341,1,1,1,0,80,0.0168806903304,factorial_cell,,
development,yolo11s,91923e20-9a05-32e0-ac53-8c09b0b60341,1,1,1,1,80,0.00925481409561,factorial_cell,,
development,yolo11s,a359e053-a350-36cf-ab1d-a7980afaffa2,0,0,0,0,63,0.0142097655448,factorial_cell,,
development,yolo11s,a359e053-a350-36cf-ab1d-a7980afaffa2,0,0,0,1,63,0.0095491773063,factorial_cell,,
development,yolo11s,a359e053-a350-36cf-ab1d-a7980afaffa2,0,0,1,0,63,0.00720734898219,factorial_cell,,
development,yolo11s,a359e053-a350-36cf-ab1d-a7980afaffa2,0,0,1,1,63,0.00533591341703,factorial_cell,,
development,yolo11s,a359e053-a350-36cf-ab1d-a7980afaffa2,0,1,0,0,63,0.0142047674622,factorial_cell,,
development,yolo11s,a359e053-a350-36cf-ab1d-a7980afaffa2,0,1,0,1,63,0.00939316170039,factorial_cell,,
development,yolo11s,a359e053-a350-36cf-ab1d-a7980afaffa2,0,1,1,0,63,0.0069261211616,factorial_cell,,
development,yolo11s,a359e053-a350-36cf-ab1d-a7980afaffa2,0,1,1,1,63,0.00516933195526,factorial_cell,,
development,yolo11s,a359e053-a350-36cf-ab1d-a7980afaffa2,1,0,0,0,63,0.00888888908181,factorial_cell,,
development,yolo11s,a359e053-a350-36cf-ab1d-a7980afaffa2,1,0,0,1,63,0.00717005428386,factorial_cell,,
development,yolo11s,a359e053-a350-36cf-ab1d-a7980afaffa2,1,0,1,0,63,0.00720734898219,factorial_cell,,
development,yolo11s,a359e053-a350-36cf-ab1d-a7980afaffa2,1,0,1,1,63,0.00533591341703,factorial_cell,,
development,yolo11s,a359e053-a350-36cf-ab1d-a7980afaffa2,1,1,0,0,63,0.0089359697795,factorial_cell,,
development,yolo11s,a359e053-a350-36cf-ab1d-a7980afaffa2,1,1,0,1,63,0.00716811428795,factorial_cell,,
development,yolo11s,a359e053-a350-36cf-ab1d-a7980afaffa2,1,1,1,0,63,0.0069261211616,factorial_cell,,
development,yolo11s,a359e053-a350-36cf-ab1d-a7980afaffa2,1,1,1,1,63,0.00516933195526,factorial_cell,,
development,yolo11s,bb9be2e6-8f0e-3bb3-8bb9-5d9aa9df384d,0,0,0,0,58,0.0408743799598,factorial_cell,,
development,yolo11s,bb9be2e6-8f0e-3bb3-8bb9-5d9aa9df384d,0,0,0,1,58,0.0149346798338,factorial_cell,,
development,yolo11s,bb9be2e6-8f0e-3bb3-8bb9-5d9aa9df384d,0,0,1,0,58,0.0312430203009,factorial_cell,,
development,yolo11s,bb9be2e6-8f0e-3bb3-8bb9-5d9aa9df384d,0,0,1,1,58,0.0129416244295,factorial_cell,,
development,yolo11s,bb9be2e6-8f0e-3bb3-8bb9-5d9aa9df384d,0,1,0,0,58,0.0392730705449,factorial_cell,,
development,yolo11s,bb9be2e6-8f0e-3bb3-8bb9-5d9aa9df384d,0,1,0,1,58,0.0147058366627,factorial_cell,,
development,yolo11s,bb9be2e6-8f0e-3bb3-8bb9-5d9aa9df384d,0,1,1,0,58,0.0314640626138,factorial_cell,,
development,yolo11s,bb9be2e6-8f0e-3bb3-8bb9-5d9aa9df384d,0,1,1,1,58,0.0129577554843,factorial_cell,,
development,yolo11s,bb9be2e6-8f0e-3bb3-8bb9-5d9aa9df384d,1,0,0,0,58,0.0330281932492,factorial_cell,,
development,yolo11s,bb9be2e6-8f0e-3bb3-8bb9-5d9aa9df384d,1,0,0,1,58,0.0142677596422,factorial_cell,,
development,yolo11s,bb9be2e6-8f0e-3bb3-8bb9-5d9aa9df384d,1,0,1,0,58,0.0312430203009,factorial_cell,,
development,yolo11s,bb9be2e6-8f0e-3bb3-8bb9-5d9aa9df384d,1,0,1,1,58,0.0129416244295,factorial_cell,,
development,yolo11s,bb9be2e6-8f0e-3bb3-8bb9-5d9aa9df384d,1,1,0,0,58,0.032970402321,factorial_cell,,
development,yolo11s,bb9be2e6-8f0e-3bb3-8bb9-5d9aa9df384d,1,1,0,1,58,0.0131901256665,factorial_cell,,
development,yolo11s,bb9be2e6-8f0e-3bb3-8bb9-5d9aa9df384d,1,1,1,0,58,0.0314640626138,factorial_cell,,
development,yolo11s,bb9be2e6-8f0e-3bb3-8bb9-5d9aa9df384d,1,1,1,1,58,0.0129577554843,factorial_cell,,
development,yolo11s,dd251cc5-736d-3b76-8ad3-3f6cb138178e,0,0,0,0,95,0.00962145617353,factorial_cell,,
development,yolo11s,dd251cc5-736d-3b76-8ad3-3f6cb138178e,0,0,0,1,95,0.00861931235151,factorial_cell,,
development,yolo11s,dd251cc5-736d-3b76-8ad3-3f6cb138178e,0,0,1,0,95,0.00827268699611,factorial_cell,,
development,yolo11s,dd251cc5-736d-3b76-8ad3-3f6cb138178e,0,0,1,1,95,0.00587409979433,factorial_cell,,
development,yolo11s,dd251cc5-736d-3b76-8ad3-3f6cb138178e,0,1,0,0,95,0.00955619194467,factorial_cell,,
development,yolo11s,dd251cc5-736d-3b76-8ad3-3f6cb138178e,0,1,0,1,95,0.00883046887904,factorial_cell,,
development,yolo11s,dd251cc5-736d-3b76-8ad3-3f6cb138178e,0,1,1,0,95,0.00827538995648,factorial_cell,,
development,yolo11s,dd251cc5-736d-3b76-8ad3-3f6cb138178e,0,1,1,1,95,0.005910179683,factorial_cell,,
development,yolo11s,dd251cc5-736d-3b76-8ad3-3f6cb138178e,1,0,0,0,95,0.00943535952786,factorial_cell,,
development,yolo11s,dd251cc5-736d-3b76-8ad3-3f6cb138178e,1,0,0,1,95,0.00840224098196,factorial_cell,,
development,yolo11s,dd251cc5-736d-3b76-8ad3-3f6cb138178e,1,0,1,0,95,0.00827268699611,factorial_cell,,
development,yolo11s,dd251cc5-736d-3b76-8ad3-3f6cb138178e,1,0,1,1,95,0.00587409979433,factorial_cell,,
development,yolo11s,dd251cc5-736d-3b76-8ad3-3f6cb138178e,1,1,0,0,95,0.00896271117317,factorial_cell,,
development,yolo11s,dd251cc5-736d-3b76-8ad3-3f6cb138178e,1,1,0,1,95,0.0079131096191,factorial_cell,,
development,yolo11s,dd251cc5-736d-3b76-8ad3-3f6cb138178e,1,1,1,0,95,0.00827538995648,factorial_cell,,
development,yolo11s,dd251cc5-736d-3b76-8ad3-3f6cb138178e,1,1,1,1,95,0.005910179683,factorial_cell,,
development,yolo11s,ff52c01e-3d7b-32b1-b6a1-bcff3459ccdd,0,0,0,0,84,0.0356786884555,factorial_cell,,
development,yolo11s,ff52c01e-3d7b-32b1-b6a1-bcff3459ccdd,0,0,0,1,84,0.0103191728702,factorial_cell,,
development,yolo11s,ff52c01e-3d7b-32b1-b6a1-bcff3459ccdd,0,0,1,0,84,0.0313185510315,factorial_cell,,
development,yolo11s,ff52c01e-3d7b-32b1-b6a1-bcff3459ccdd,0,0,1,1,84,0.00613175369053,factorial_cell,,
development,yolo11s,ff52c01e-3d7b-32b1-b6a1-bcff3459ccdd,0,1,0,0,84,0.0360230356718,factorial_cell,,
development,yolo11s,ff52c01e-3d7b-32b1-b6a1-bcff3459ccdd,0,1,0,1,84,0.0102056383615,factorial_cell,,
development,yolo11s,ff52c01e-3d7b-32b1-b6a1-bcff3459ccdd,0,1,1,0,84,0.0313172921034,factorial_cell,,
development,yolo11s,ff52c01e-3d7b-32b1-b6a1-bcff3459ccdd,0,1,1,1,84,0.00622445427021,factorial_cell,,
development,yolo11s,ff52c01e-3d7b-32b1-b6a1-bcff3459ccdd,1,0,0,0,84,0.0284191737983,factorial_cell,,
development,yolo11s,ff52c01e-3d7b-32b1-b6a1-bcff3459ccdd,1,0,0,1,84,0.00863901046427,factorial_cell,,
development,yolo11s,ff52c01e-3d7b-32b1-b6a1-bcff3459ccdd,1,0,1,0,84,0.0313185510315,factorial_cell,,
development,yolo11s,ff52c01e-3d7b-32b1-b6a1-bcff3459ccdd,1,0,1,1,84,0.00613175369053,factorial_cell,,
development,yolo11s,ff52c01e-3d7b-32b1-b6a1-bcff3459ccdd,1,1,0,0,84,0.0288244817154,factorial_cell,,
development,yolo11s,ff52c01e-3d7b-32b1-b6a1-bcff3459ccdd,1,1,0,1,84,0.00834549715207,factorial_cell,,
development,yolo11s,ff52c01e-3d7b-32b1-b6a1-bcff3459ccdd,1,1,1,0,84,0.0313172921034,factorial_cell,,
development,yolo11s,ff52c01e-3d7b-32b1-b6a1-bcff3459ccdd,1,1,1,1,84,0.00622445427021,factorial_cell,,
heldout,yolo11s,1da4a0aa-22ae-3958-856d-05303de1f576,0,0,0,0,65,0.0177542627275,factorial_cell,,
heldout,yolo11s,1da4a0aa-22ae-3958-856d-05303de1f576,0,0,0,1,65,0.0103511503476,factorial_cell,,
heldout,yolo11s,1da4a0aa-22ae-3958-856d-05303de1f576,0,0,1,0,65,0.0151011670167,factorial_cell,,
heldout,yolo11s,1da4a0aa-22ae-3958-856d-05303de1f576,0,0,1,1,65,0.00746557509418,factorial_cell,,
heldout,yolo11s,1da4a0aa-22ae-3958-856d-05303de1f576,0,1,0,0,65,0.0177452968352,factorial_cell,,
heldout,yolo11s,1da4a0aa-22ae-3958-856d-05303de1f576,0,1,0,1,65,0.0112077599452,factorial_cell,,
heldout,yolo11s,1da4a0aa-22ae-3958-856d-05303de1f576,0,1,1,0,65,0.0151011021467,factorial_cell,,
heldout,yolo11s,1da4a0aa-22ae-3958-856d-05303de1f576,0,1,1,1,65,0.00768939305046,factorial_cell,,
heldout,yolo11s,1da4a0aa-22ae-3958-856d-05303de1f576,1,0,0,0,65,0.0164165883993,factorial_cell,,
heldout,yolo11s,1da4a0aa-22ae-3958-856d-05303de1f576,1,0,0,1,65,0.00930343514085,factorial_cell,,
heldout,yolo11s,1da4a0aa-22ae-3958-856d-05303de1f576,1,0,1,0,65,0.0151011670167,factorial_cell,,
heldout,yolo11s,1da4a0aa-22ae-3958-856d-05303de1f576,1,0,1,1,65,0.00746557509418,factorial_cell,,
heldout,yolo11s,1da4a0aa-22ae-3958-856d-05303de1f576,1,1,0,0,65,0.0164220296533,factorial_cell,,
heldout,yolo11s,1da4a0aa-22ae-3958-856d-05303de1f576,1,1,0,1,65,0.00956840048365,factorial_cell,,
heldout,yolo11s,1da4a0aa-22ae-3958-856d-05303de1f576,1,1,1,0,65,0.0151011021467,factorial_cell,,
heldout,yolo11s,1da4a0aa-22ae-3958-856d-05303de1f576,1,1,1,1,65,0.00768939305046,factorial_cell,,
heldout,yolo11s,44adf4c4-6064-362f-94d3-323ed42cfda9,0,0,0,0,36,0.0272752190898,factorial_cell,,
heldout,yolo11s,44adf4c4-6064-362f-94d3-323ed42cfda9,0,0,0,1,36,0.0099949300094,factorial_cell,,
heldout,yolo11s,44adf4c4-6064-362f-94d3-323ed42cfda9,0,0,1,0,36,0.0162552715629,factorial_cell,,
heldout,yolo11s,44adf4c4-6064-362f-94d3-323ed42cfda9,0,0,1,1,36,0.00564136794393,factorial_cell,,
heldout,yolo11s,44adf4c4-6064-362f-94d3-323ed42cfda9,0,1,0,0,36,0.0258125811613,factorial_cell,,
heldout,yolo11s,44adf4c4-6064-362f-94d3-323ed42cfda9,0,1,0,1,36,0.0103092101279,factorial_cell,,
heldout,yolo11s,44adf4c4-6064-362f-94d3-323ed42cfda9,0,1,1,0,36,0.0162418939389,factorial_cell,,
heldout,yolo11s,44adf4c4-6064-362f-94d3-323ed42cfda9,0,1,1,1,36,0.00585464730326,factorial_cell,,
heldout,yolo11s,44adf4c4-6064-362f-94d3-323ed42cfda9,1,0,0,0,36,0.0186750833529,factorial_cell,,
heldout,yolo11s,44adf4c4-6064-362f-94d3-323ed42cfda9,1,0,0,1,36,0.00652715373459,factorial_cell,,
heldout,yolo11s,44adf4c4-6064-362f-94d3-323ed42cfda9,1,0,1,0,36,0.0162552715629,factorial_cell,,
heldout,yolo11s,44adf4c4-6064-362f-94d3-323ed42cfda9,1,0,1,1,36,0.00564136794393,factorial_cell,,
heldout,yolo11s,44adf4c4-6064-362f-94d3-323ed42cfda9,1,1,0,0,36,0.0180097857435,factorial_cell,,
heldout,yolo11s,44adf4c4-6064-362f-94d3-323ed42cfda9,1,1,0,1,36,0.00658141693731,factorial_cell,,
heldout,yolo11s,44adf4c4-6064-362f-94d3-323ed42cfda9,1,1,1,0,36,0.0162418939389,factorial_cell,,
heldout,yolo11s,44adf4c4-6064-362f-94d3-323ed42cfda9,1,1,1,1,36,0.00585464730326,factorial_cell,,
heldout,yolo11s,78683234-e6f1-3e4e-af52-6f839254e4c0,0,0,0,0,38,0.00965175411362,factorial_cell,,
heldout,yolo11s,78683234-e6f1-3e4e-af52-6f839254e4c0,0,0,0,1,38,0.00663735599925,factorial_cell,,
heldout,yolo11s,78683234-e6f1-3e4e-af52-6f839254e4c0,0,0,1,0,38,0.00699550495108,factorial_cell,,
heldout,yolo11s,78683234-e6f1-3e4e-af52-6f839254e4c0,0,0,1,1,38,0.00589015227079,factorial_cell,,
heldout,yolo11s,78683234-e6f1-3e4e-af52-6f839254e4c0,0,1,0,0,38,0.0095534617463,factorial_cell,,
heldout,yolo11s,78683234-e6f1-3e4e-af52-6f839254e4c0,0,1,0,1,38,0.00646258180385,factorial_cell,,
heldout,yolo11s,78683234-e6f1-3e4e-af52-6f839254e4c0,0,1,1,0,38,0.00698619721469,factorial_cell,,
heldout,yolo11s,78683234-e6f1-3e4e-af52-6f839254e4c0,0,1,1,1,38,0.00585868280065,factorial_cell,,
heldout,yolo11s,78683234-e6f1-3e4e-af52-6f839254e4c0,1,0,0,0,38,0.00906501905329,factorial_cell,,
heldout,yolo11s,78683234-e6f1-3e4e-af52-6f839254e4c0,1,0,0,1,38,0.00685543597988,factorial_cell,,
heldout,yolo11s,78683234-e6f1-3e4e-af52-6f839254e4c0,1,0,1,0,38,0.00699550495108,factorial_cell,,
heldout,yolo11s,78683234-e6f1-3e4e-af52-6f839254e4c0,1,0,1,1,38,0.00589015227079,factorial_cell,,
heldout,yolo11s,78683234-e6f1-3e4e-af52-6f839254e4c0,1,1,0,0,38,0.00906746084738,factorial_cell,,
heldout,yolo11s,78683234-e6f1-3e4e-af52-6f839254e4c0,1,1,0,1,38,0.0067026232977,factorial_cell,,
heldout,yolo11s,78683234-e6f1-3e4e-af52-6f839254e4c0,1,1,1,0,38,0.00698619721469,factorial_cell,,
heldout,yolo11s,78683234-e6f1-3e4e-af52-6f839254e4c0,1,1,1,1,38,0.00585868280065,factorial_cell,,
heldout,yolo11s,b2053fdc-0b94-30bc-aee7-5bc6fb7e9f52,0,0,0,0,103,0.0139759199212,factorial_cell,,
heldout,yolo11s,b2053fdc-0b94-30bc-aee7-5bc6fb7e9f52,0,0,0,1,103,0.00862707644376,factorial_cell,,
heldout,yolo11s,b2053fdc-0b94-30bc-aee7-5bc6fb7e9f52,0,0,1,0,103,0.011346627773,factorial_cell,,
heldout,yolo11s,b2053fdc-0b94-30bc-aee7-5bc6fb7e9f52,0,0,1,1,103,0.00573191976552,factorial_cell,,
heldout,yolo11s,b2053fdc-0b94-30bc-aee7-5bc6fb7e9f52,0,1,0,0,103,0.0137298737001,factorial_cell,,
heldout,yolo11s,b2053fdc-0b94-30bc-aee7-5bc6fb7e9f52,0,1,0,1,103,0.0084297301412,factorial_cell,,
heldout,yolo11s,b2053fdc-0b94-30bc-aee7-5bc6fb7e9f52,0,1,1,0,103,0.0115284996839,factorial_cell,,
heldout,yolo11s,b2053fdc-0b94-30bc-aee7-5bc6fb7e9f52,0,1,1,1,103,0.00562154024148,factorial_cell,,
heldout,yolo11s,b2053fdc-0b94-30bc-aee7-5bc6fb7e9f52,1,0,0,0,103,0.0125375337581,factorial_cell,,
heldout,yolo11s,b2053fdc-0b94-30bc-aee7-5bc6fb7e9f52,1,0,0,1,103,0.00702586969471,factorial_cell,,
heldout,yolo11s,b2053fdc-0b94-30bc-aee7-5bc6fb7e9f52,1,0,1,0,103,0.011346627773,factorial_cell,,
heldout,yolo11s,b2053fdc-0b94-30bc-aee7-5bc6fb7e9f52,1,0,1,1,103,0.00573191976552,factorial_cell,,
heldout,yolo11s,b2053fdc-0b94-30bc-aee7-5bc6fb7e9f52,1,1,0,0,103,0.0119701851384,factorial_cell,,
heldout,yolo11s,b2053fdc-0b94-30bc-aee7-5bc6fb7e9f52,1,1,0,1,103,0.00670721689407,factorial_cell,,
heldout,yolo11s,b2053fdc-0b94-30bc-aee7-5bc6fb7e9f52,1,1,1,0,103,0.0115284996839,factorial_cell,,
heldout,yolo11s,b2053fdc-0b94-30bc-aee7-5bc6fb7e9f52,1,1,1,1,103,0.00562154024148,factorial_cell,,
heldout,yolo11s,da036982-92bf-36a8-b880-4ccf4e20b74e,0,0,0,0,53,0.0243521893838,factorial_cell,,
heldout,yolo11s,da036982-92bf-36a8-b880-4ccf4e20b74e,0,0,0,1,53,0.0107032975244,factorial_cell,,
heldout,yolo11s,da036982-92bf-36a8-b880-4ccf4e20b74e,0,0,1,0,53,0.0199469831536,factorial_cell,,
heldout,yolo11s,da036982-92bf-36a8-b880-4ccf4e20b74e,0,0,1,1,53,0.00618384748681,factorial_cell,,
heldout,yolo11s,da036982-92bf-36a8-b880-4ccf4e20b74e,0,1,0,0,53,0.018939622396,factorial_cell,,
heldout,yolo11s,da036982-92bf-36a8-b880-4ccf4e20b74e,0,1,0,1,53,0.0103899384771,factorial_cell,,
heldout,yolo11s,da036982-92bf-36a8-b880-4ccf4e20b74e,0,1,1,0,53,0.0199486585761,factorial_cell,,
heldout,yolo11s,da036982-92bf-36a8-b880-4ccf4e20b74e,0,1,1,1,53,0.00638091173313,factorial_cell,,
heldout,yolo11s,da036982-92bf-36a8-b880-4ccf4e20b74e,1,0,0,0,53,0.0168211064565,factorial_cell,,
heldout,yolo11s,da036982-92bf-36a8-b880-4ccf4e20b74e,1,0,0,1,53,0.00784422082677,factorial_cell,,
heldout,yolo11s,da036982-92bf-36a8-b880-4ccf4e20b74e,1,0,1,0,53,0.0199469831536,factorial_cell,,
heldout,yolo11s,da036982-92bf-36a8-b880-4ccf4e20b74e,1,0,1,1,53,0.00618384748681,factorial_cell,,
heldout,yolo11s,da036982-92bf-36a8-b880-4ccf4e20b74e,1,1,0,0,53,0.0160216873156,factorial_cell,,
heldout,yolo11s,da036982-92bf-36a8-b880-4ccf4e20b74e,1,1,0,1,53,0.00800875871238,factorial_cell,,
heldout,yolo11s,da036982-92bf-36a8-b880-4ccf4e20b74e,1,1,1,0,53,0.0199486585761,factorial_cell,,
heldout,yolo11s,da036982-92bf-36a8-b880-4ccf4e20b74e,1,1,1,1,53,0.00638091173313,factorial_cell,,
heldout,yolo11s,f1275002-842e-3571-8f7d-05816bc7cf56,0,0,0,0,80,0.0100904825225,factorial_cell,,
heldout,yolo11s,f1275002-842e-3571-8f7d-05816bc7cf56,0,0,0,1,80,0.00661263435279,factorial_cell,,
heldout,yolo11s,f1275002-842e-3571-8f7d-05816bc7cf56,0,0,1,0,80,0.00772673305915,factorial_cell,,
heldout,yolo11s,f1275002-842e-3571-8f7d-05816bc7cf56,0,0,1,1,80,0.00467714832794,factorial_cell,,
heldout,yolo11s,f1275002-842e-3571-8f7d-05816bc7cf56,0,1,0,0,80,0.00977508048547,factorial_cell,,
heldout,yolo11s,f1275002-842e-3571-8f7d-05816bc7cf56,0,1,0,1,80,0.00655444022716,factorial_cell,,
heldout,yolo11s,f1275002-842e-3571-8f7d-05816bc7cf56,0,1,1,0,80,0.00767029722499,factorial_cell,,
heldout,yolo11s,f1275002-842e-3571-8f7d-05816bc7cf56,0,1,1,1,80,0.00492509912208,factorial_cell,,
heldout,yolo11s,f1275002-842e-3571-8f7d-05816bc7cf56,1,0,0,0,80,0.00815909909102,factorial_cell,,
heldout,yolo11s,f1275002-842e-3571-8f7d-05816bc7cf56,1,0,0,1,80,0.00583886593969,factorial_cell,,
heldout,yolo11s,f1275002-842e-3571-8f7d-05816bc7cf56,1,0,1,0,80,0.00772673305915,factorial_cell,,
heldout,yolo11s,f1275002-842e-3571-8f7d-05816bc7cf56,1,0,1,1,80,0.00467714832794,factorial_cell,,
heldout,yolo11s,f1275002-842e-3571-8f7d-05816bc7cf56,1,1,0,0,80,0.00806371007313,factorial_cell,,
heldout,yolo11s,f1275002-842e-3571-8f7d-05816bc7cf56,1,1,0,1,80,0.00562025248909,factorial_cell,,
heldout,yolo11s,f1275002-842e-3571-8f7d-05816bc7cf56,1,1,1,0,80,0.00767029722499,factorial_cell,,
heldout,yolo11s,f1275002-842e-3571-8f7d-05816bc7cf56,1,1,1,1,80,0.00492509912208,factorial_cell,,
model_selection,yolo11s,271f4204-dd77-350b-b9db-5dabc4191985,0,0,0,0,35,0.022063653782,factorial_cell,,
model_selection,yolo11s,271f4204-dd77-350b-b9db-5dabc4191985,0,0,0,1,35,0.00761394061255,factorial_cell,,
model_selection,yolo11s,271f4204-dd77-350b-b9db-5dabc4191985,0,0,1,0,35,0.0210912269125,factorial_cell,,
model_selection,yolo11s,271f4204-dd77-350b-b9db-5dabc4191985,0,0,1,1,35,0.00405152227731,factorial_cell,,
model_selection,yolo11s,271f4204-dd77-350b-b9db-5dabc4191985,0,1,0,0,35,0.0220112783207,factorial_cell,,
model_selection,yolo11s,271f4204-dd77-350b-b9db-5dabc4191985,0,1,0,1,35,0.00757383089266,factorial_cell,,
model_selection,yolo11s,271f4204-dd77-350b-b9db-5dabc4191985,0,1,1,0,35,0.0210823456137,factorial_cell,,
model_selection,yolo11s,271f4204-dd77-350b-b9db-5dabc4191985,0,1,1,1,35,0.00353183850965,factorial_cell,,
model_selection,yolo11s,271f4204-dd77-350b-b9db-5dabc4191985,1,0,0,0,35,0.0223715618102,factorial_cell,,
model_selection,yolo11s,271f4204-dd77-350b-b9db-5dabc4191985,1,0,0,1,35,0.00710668540466,factorial_cell,,
model_selection,yolo11s,271f4204-dd77-350b-b9db-5dabc4191985,1,0,1,0,35,0.0210912269125,factorial_cell,,
model_selection,yolo11s,271f4204-dd77-350b-b9db-5dabc4191985,1,0,1,1,35,0.00405152227731,factorial_cell,,
model_selection,yolo11s,271f4204-dd77-350b-b9db-5dabc4191985,1,1,0,0,35,0.0223283510364,factorial_cell,,
model_selection,yolo11s,271f4204-dd77-350b-b9db-5dabc4191985,1,1,0,1,35,0.00694121176976,factorial_cell,,
model_selection,yolo11s,271f4204-dd77-350b-b9db-5dabc4191985,1,1,1,0,35,0.0210823456137,factorial_cell,,
model_selection,yolo11s,271f4204-dd77-350b-b9db-5dabc4191985,1,1,1,1,35,0.00353183850965,factorial_cell,,
model_selection,yolo11s,a1c1d559-0480-39d2-94f0-1a89f0226c4f,0,0,0,0,45,0.0108647631242,factorial_cell,,
model_selection,yolo11s,a1c1d559-0480-39d2-94f0-1a89f0226c4f,0,0,0,1,45,0.00792211979561,factorial_cell,,
model_selection,yolo11s,a1c1d559-0480-39d2-94f0-1a89f0226c4f,0,0,1,0,45,0.00710294521316,factorial_cell,,
model_selection,yolo11s,a1c1d559-0480-39d2-94f0-1a89f0226c4f,0,0,1,1,45,0.00390142148847,factorial_cell,,
model_selection,yolo11s,a1c1d559-0480-39d2-94f0-1a89f0226c4f,0,1,0,0,45,0.00948609170352,factorial_cell,,
model_selection,yolo11s,a1c1d559-0480-39d2-94f0-1a89f0226c4f,0,1,0,1,45,0.00737304143965,factorial_cell,,
model_selection,yolo11s,a1c1d559-0480-39d2-94f0-1a89f0226c4f,0,1,1,0,45,0.0070882085351,factorial_cell,,
model_selection,yolo11s,a1c1d559-0480-39d2-94f0-1a89f0226c4f,0,1,1,1,45,0.00393505166869,factorial_cell,,
model_selection,yolo11s,a1c1d559-0480-39d2-94f0-1a89f0226c4f,1,0,0,0,45,0.006730666034,factorial_cell,,
model_selection,yolo11s,a1c1d559-0480-39d2-94f0-1a89f0226c4f,1,0,0,1,45,0.00865917401401,factorial_cell,,
model_selection,yolo11s,a1c1d559-0480-39d2-94f0-1a89f0226c4f,1,0,1,0,45,0.00710294521316,factorial_cell,,
model_selection,yolo11s,a1c1d559-0480-39d2-94f0-1a89f0226c4f,1,0,1,1,45,0.00390142148847,factorial_cell,,
model_selection,yolo11s,a1c1d559-0480-39d2-94f0-1a89f0226c4f,1,1,0,0,45,0.00654616994148,factorial_cell,,
model_selection,yolo11s,a1c1d559-0480-39d2-94f0-1a89f0226c4f,1,1,0,1,45,0.0066639566071,factorial_cell,,
model_selection,yolo11s,a1c1d559-0480-39d2-94f0-1a89f0226c4f,1,1,1,0,45,0.0070882085351,factorial_cell,,
model_selection,yolo11s,a1c1d559-0480-39d2-94f0-1a89f0226c4f,1,1,1,1,45,0.00393505166869,factorial_cell,,
development,yolo11n,286790ed-9dec-305b-bcad-4f8153301e7c,0,0,0,0,39,0.0153880907636,factorial_cell,,
development,yolo11n,286790ed-9dec-305b-bcad-4f8153301e7c,0,0,0,1,39,0.0101409150598,factorial_cell,,
development,yolo11n,286790ed-9dec-305b-bcad-4f8153301e7c,0,0,1,0,39,0.0126455882614,factorial_cell,,
development,yolo11n,286790ed-9dec-305b-bcad-4f8153301e7c,0,0,1,1,39,0.005881290011,factorial_cell,,
development,yolo11n,286790ed-9dec-305b-bcad-4f8153301e7c,0,1,0,0,39,0.0138467251676,factorial_cell,,
development,yolo11n,286790ed-9dec-305b-bcad-4f8153301e7c,0,1,0,1,39,0.00967430715247,factorial_cell,,
development,yolo11n,286790ed-9dec-305b-bcad-4f8153301e7c,0,1,1,0,39,0.0122727639809,factorial_cell,,
development,yolo11n,286790ed-9dec-305b-bcad-4f8153301e7c,0,1,1,1,39,0.00570447442966,factorial_cell,,
development,yolo11n,286790ed-9dec-305b-bcad-4f8153301e7c,1,0,0,0,39,0.0152014666712,factorial_cell,,
development,yolo11n,286790ed-9dec-305b-bcad-4f8153301e7c,1,0,0,1,39,0.00733208820851,factorial_cell,,
development,yolo11n,286790ed-9dec-305b-bcad-4f8153301e7c,1,0,1,0,39,0.0126455882614,factorial_cell,,
development,yolo11n,286790ed-9dec-305b-bcad-4f8153301e7c,1,0,1,1,39,0.005881290011,factorial_cell,,
development,yolo11n,286790ed-9dec-305b-bcad-4f8153301e7c,1,1,0,0,39,0.0152501100714,factorial_cell,,
development,yolo11n,286790ed-9dec-305b-bcad-4f8153301e7c,1,1,0,1,39,0.00729246955113,factorial_cell,,
development,yolo11n,286790ed-9dec-305b-bcad-4f8153301e7c,1,1,1,0,39,0.0122727639809,factorial_cell,,
development,yolo11n,286790ed-9dec-305b-bcad-4f8153301e7c,1,1,1,1,39,0.00570447442966,factorial_cell,,
development,yolo11n,3f9796e9-c892-3915-b719-3292df878ece,0,0,0,0,56,0.0148641480035,factorial_cell,,
development,yolo11n,3f9796e9-c892-3915-b719-3292df878ece,0,0,0,1,56,0.00652424624349,factorial_cell,,
development,yolo11n,3f9796e9-c892-3915-b719-3292df878ece,0,0,1,0,56,0.0124190632251,factorial_cell,,
development,yolo11n,3f9796e9-c892-3915-b719-3292df878ece,0,0,1,1,56,0.00538087703501,factorial_cell,,
development,yolo11n,3f9796e9-c892-3915-b719-3292df878ece,0,1,0,0,56,0.0150021105102,factorial_cell,,
development,yolo11n,3f9796e9-c892-3915-b719-3292df878ece,0,1,0,1,56,0.00647346895263,factorial_cell,,
development,yolo11n,3f9796e9-c892-3915-b719-3292df878ece,0,1,1,0,56,0.0120268893408,factorial_cell,,
development,yolo11n,3f9796e9-c892-3915-b719-3292df878ece,0,1,1,1,56,0.00528167827957,factorial_cell,,
development,yolo11n,3f9796e9-c892-3915-b719-3292df878ece,1,0,0,0,56,0.0154496673337,factorial_cell,,
development,yolo11n,3f9796e9-c892-3915-b719-3292df878ece,1,0,0,1,56,0.00615143765693,factorial_cell,,
development,yolo11n,3f9796e9-c892-3915-b719-3292df878ece,1,0,1,0,56,0.0124190632251,factorial_cell,,
development,yolo11n,3f9796e9-c892-3915-b719-3292df878ece,1,0,1,1,56,0.00538087703501,factorial_cell,,
development,yolo11n,3f9796e9-c892-3915-b719-3292df878ece,1,1,0,0,56,0.0150165139471,factorial_cell,,
development,yolo11n,3f9796e9-c892-3915-b719-3292df878ece,1,1,0,1,56,0.00623321743082,factorial_cell,,
development,yolo11n,3f9796e9-c892-3915-b719-3292df878ece,1,1,1,0,56,0.0120268893408,factorial_cell,,
development,yolo11n,3f9796e9-c892-3915-b719-3292df878ece,1,1,1,1,56,0.00528167827957,factorial_cell,,
development,yolo11n,47167c79-2ba4-369c-8db8-760a30b4c38a,0,0,0,0,26,0.02073661101,factorial_cell,,
development,yolo11n,47167c79-2ba4-369c-8db8-760a30b4c38a,0,0,0,1,26,0.0171816635605,factorial_cell,,
development,yolo11n,47167c79-2ba4-369c-8db8-760a30b4c38a,0,0,1,0,26,0.0183784517914,factorial_cell,,
development,yolo11n,47167c79-2ba4-369c-8db8-760a30b4c38a,0,0,1,1,26,0.0118102825061,factorial_cell,,
development,yolo11n,47167c79-2ba4-369c-8db8-760a30b4c38a,0,1,0,0,26,0.0206121476384,factorial_cell,,
development,yolo11n,47167c79-2ba4-369c-8db8-760a30b4c38a,0,1,0,1,26,0.0159386089337,factorial_cell,,
development,yolo11n,47167c79-2ba4-369c-8db8-760a30b4c38a,0,1,1,0,26,0.0183923961231,factorial_cell,,
development,yolo11n,47167c79-2ba4-369c-8db8-760a30b4c38a,0,1,1,1,26,0.0122254281093,factorial_cell,,
development,yolo11n,47167c79-2ba4-369c-8db8-760a30b4c38a,1,0,0,0,26,0.0235337939876,factorial_cell,,
development,yolo11n,47167c79-2ba4-369c-8db8-760a30b4c38a,1,0,0,1,26,0.0168438346163,factorial_cell,,
development,yolo11n,47167c79-2ba4-369c-8db8-760a30b4c38a,1,0,1,0,26,0.0183784517914,factorial_cell,,
development,yolo11n,47167c79-2ba4-369c-8db8-760a30b4c38a,1,0,1,1,26,0.0118102825061,factorial_cell,,
development,yolo11n,47167c79-2ba4-369c-8db8-760a30b4c38a,1,1,0,0,26,0.0227132077412,factorial_cell,,
development,yolo11n,47167c79-2ba4-369c-8db8-760a30b4c38a,1,1,0,1,26,0.0155536971902,factorial_cell,,
development,yolo11n,47167c79-2ba4-369c-8db8-760a30b4c38a,1,1,1,0,26,0.0183923961231,factorial_cell,,
development,yolo11n,47167c79-2ba4-369c-8db8-760a30b4c38a,1,1,1,1,26,0.0122254281093,factorial_cell,,
development,yolo11n,69c0ec7c-e289-3c4d-ade3-d2287ec34026,0,0,0,0,21,0.023565276036,factorial_cell,,
development,yolo11n,69c0ec7c-e289-3c4d-ade3-d2287ec34026,0,0,0,1,21,0.0142829494117,factorial_cell,,
development,yolo11n,69c0ec7c-e289-3c4d-ade3-d2287ec34026,0,0,1,0,21,0.0162708797507,factorial_cell,,
development,yolo11n,69c0ec7c-e289-3c4d-ade3-d2287ec34026,0,0,1,1,21,0.00766584843316,factorial_cell,,
development,yolo11n,69c0ec7c-e289-3c4d-ade3-d2287ec34026,0,1,0,0,21,0.023565276036,factorial_cell,,
development,yolo11n,69c0ec7c-e289-3c4d-ade3-d2287ec34026,0,1,0,1,21,0.0144058912647,factorial_cell,,
development,yolo11n,69c0ec7c-e289-3c4d-ade3-d2287ec34026,0,1,1,0,21,0.0163269408345,factorial_cell,,
development,yolo11n,69c0ec7c-e289-3c4d-ade3-d2287ec34026,0,1,1,1,21,0.00794370589465,factorial_cell,,
development,yolo11n,69c0ec7c-e289-3c4d-ade3-d2287ec34026,1,0,0,0,21,0.0176059954148,factorial_cell,,
development,yolo11n,69c0ec7c-e289-3c4d-ade3-d2287ec34026,1,0,0,1,21,0.0123248171662,factorial_cell,,
development,yolo11n,69c0ec7c-e289-3c4d-ade3-d2287ec34026,1,0,1,0,21,0.0162708797507,factorial_cell,,
development,yolo11n,69c0ec7c-e289-3c4d-ade3-d2287ec34026,1,0,1,1,21,0.00766584843316,factorial_cell,,
development,yolo11n,69c0ec7c-e289-3c4d-ade3-d2287ec34026,1,1,0,0,21,0.0176448458287,factorial_cell,,
development,yolo11n,69c0ec7c-e289-3c4d-ade3-d2287ec34026,1,1,0,1,21,0.012629286763,factorial_cell,,
development,yolo11n,69c0ec7c-e289-3c4d-ade3-d2287ec34026,1,1,1,0,21,0.0163269408345,factorial_cell,,
development,yolo11n,69c0ec7c-e289-3c4d-ade3-d2287ec34026,1,1,1,1,21,0.00794370589465,factorial_cell,,
development,yolo11n,7ce2a2ce-eed6-36d7-ba62-dda9acddb070,0,0,0,0,33,0.00612091429713,factorial_cell,,
development,yolo11n,7ce2a2ce-eed6-36d7-ba62-dda9acddb070,0,0,0,1,33,0.00552333396286,factorial_cell,,
development,yolo11n,7ce2a2ce-eed6-36d7-ba62-dda9acddb070,0,0,1,0,33,0.00655251856411,factorial_cell,,
development,yolo11n,7ce2a2ce-eed6-36d7-ba62-dda9acddb070,0,0,1,1,33,0.00371140507314,factorial_cell,,
development,yolo11n,7ce2a2ce-eed6-36d7-ba62-dda9acddb070,0,1,0,0,33,0.0101384940322,factorial_cell,,
development,yolo11n,7ce2a2ce-eed6-36d7-ba62-dda9acddb070,0,1,0,1,33,0.00589805530839,factorial_cell,,
development,yolo11n,7ce2a2ce-eed6-36d7-ba62-dda9acddb070,0,1,1,0,33,0.00655246332652,factorial_cell,,
development,yolo11n,7ce2a2ce-eed6-36d7-ba62-dda9acddb070,0,1,1,1,33,0.00371717103703,factorial_cell,,
development,yolo11n,7ce2a2ce-eed6-36d7-ba62-dda9acddb070,1,0,0,0,33,0.00727477985683,factorial_cell,,
development,yolo11n,7ce2a2ce-eed6-36d7-ba62-dda9acddb070,1,0,0,1,33,0.0068193261815,factorial_cell,,
development,yolo11n,7ce2a2ce-eed6-36d7-ba62-dda9acddb070,1,0,1,0,33,0.00655251856411,factorial_cell,,
development,yolo11n,7ce2a2ce-eed6-36d7-ba62-dda9acddb070,1,0,1,1,33,0.00371140507314,factorial_cell,,
development,yolo11n,7ce2a2ce-eed6-36d7-ba62-dda9acddb070,1,1,0,0,33,0.00715159491932,factorial_cell,,
development,yolo11n,7ce2a2ce-eed6-36d7-ba62-dda9acddb070,1,1,0,1,33,0.00673232997783,factorial_cell,,
development,yolo11n,7ce2a2ce-eed6-36d7-ba62-dda9acddb070,1,1,1,0,33,0.00655246332652,factorial_cell,,
development,yolo11n,7ce2a2ce-eed6-36d7-ba62-dda9acddb070,1,1,1,1,33,0.00371717103703,factorial_cell,,
development,yolo11n,90f360d8-35f7-3c54-b2da-e99b354bc4cb,0,0,0,0,27,0.00862661598074,factorial_cell,,
development,yolo11n,90f360d8-35f7-3c54-b2da-e99b354bc4cb,0,0,0,1,27,0.0061291566363,factorial_cell,,
development,yolo11n,90f360d8-35f7-3c54-b2da-e99b354bc4cb,0,0,1,0,27,0.00560050028398,factorial_cell,,
development,yolo11n,90f360d8-35f7-3c54-b2da-e99b354bc4cb,0,0,1,1,27,0.00329603245901,factorial_cell,,
development,yolo11n,90f360d8-35f7-3c54-b2da-e99b354bc4cb,0,1,0,0,27,0.00861803814401,factorial_cell,,
development,yolo11n,90f360d8-35f7-3c54-b2da-e99b354bc4cb,0,1,0,1,27,0.00612656229572,factorial_cell,,
development,yolo11n,90f360d8-35f7-3c54-b2da-e99b354bc4cb,0,1,1,0,27,0.00546026746506,factorial_cell,,
development,yolo11n,90f360d8-35f7-3c54-b2da-e99b354bc4cb,0,1,1,1,27,0.00256440489036,factorial_cell,,
development,yolo11n,90f360d8-35f7-3c54-b2da-e99b354bc4cb,1,0,0,0,27,0.00951089328399,factorial_cell,,
development,yolo11n,90f360d8-35f7-3c54-b2da-e99b354bc4cb,1,0,0,1,27,0.00670198237023,factorial_cell,,
development,yolo11n,90f360d8-35f7-3c54-b2da-e99b354bc4cb,1,0,1,0,27,0.00560050028398,factorial_cell,,
development,yolo11n,90f360d8-35f7-3c54-b2da-e99b354bc4cb,1,0,1,1,27,0.00329603245901,factorial_cell,,
development,yolo11n,90f360d8-35f7-3c54-b2da-e99b354bc4cb,1,1,0,0,27,0.0090425037357,factorial_cell,,
development,yolo11n,90f360d8-35f7-3c54-b2da-e99b354bc4cb,1,1,0,1,27,0.00669952063674,factorial_cell,,
development,yolo11n,90f360d8-35f7-3c54-b2da-e99b354bc4cb,1,1,1,0,27,0.00546026746506,factorial_cell,,
development,yolo11n,90f360d8-35f7-3c54-b2da-e99b354bc4cb,1,1,1,1,27,0.00256440489036,factorial_cell,,
development,yolo11n,a160c635-aa67-352c-a5e6-03b113493090,0,0,0,0,39,0.0197795259634,factorial_cell,,
development,yolo11n,a160c635-aa67-352c-a5e6-03b113493090,0,0,0,1,39,0.0142315146595,factorial_cell,,
development,yolo11n,a160c635-aa67-352c-a5e6-03b113493090,0,0,1,0,39,0.0188840028879,factorial_cell,,
development,yolo11n,a160c635-aa67-352c-a5e6-03b113493090,0,0,1,1,39,0.00472233344006,factorial_cell,,
development,yolo11n,a160c635-aa67-352c-a5e6-03b113493090,0,1,0,0,39,0.0195530044366,factorial_cell,,
development,yolo11n,a160c635-aa67-352c-a5e6-03b113493090,0,1,0,1,39,0.0119357790834,factorial_cell,,
development,yolo11n,a160c635-aa67-352c-a5e6-03b113493090,0,1,1,0,39,0.018903307339,factorial_cell,,
development,yolo11n,a160c635-aa67-352c-a5e6-03b113493090,0,1,1,1,39,0.00616261323883,factorial_cell,,
development,yolo11n,a160c635-aa67-352c-a5e6-03b113493090,1,0,0,0,39,0.016545086526,factorial_cell,,
development,yolo11n,a160c635-aa67-352c-a5e6-03b113493090,1,0,0,1,39,0.00867294023233,factorial_cell,,
development,yolo11n,a160c635-aa67-352c-a5e6-03b113493090,1,0,1,0,39,0.0188840028879,factorial_cell,,
development,yolo11n,a160c635-aa67-352c-a5e6-03b113493090,1,0,1,1,39,0.00472233344006,factorial_cell,,
development,yolo11n,a160c635-aa67-352c-a5e6-03b113493090,1,1,0,0,39,0.0165258730202,factorial_cell,,
development,yolo11n,a160c635-aa67-352c-a5e6-03b113493090,1,1,0,1,39,0.00794513389515,factorial_cell,,
development,yolo11n,a160c635-aa67-352c-a5e6-03b113493090,1,1,1,0,39,0.018903307339,factorial_cell,,
development,yolo11n,a160c635-aa67-352c-a5e6-03b113493090,1,1,1,1,39,0.00616261323883,factorial_cell,,
development,yolo11n,b5ea60b0-2540-4efe-b60e-f421ade3c128,0,0,0,0,20,0.0148927555058,factorial_cell,,
development,yolo11n,b5ea60b0-2540-4efe-b60e-f421ade3c128,0,0,0,1,20,0.00855413326421,factorial_cell,,
development,yolo11n,b5ea60b0-2540-4efe-b60e-f421ade3c128,0,0,1,0,20,0.00633027251658,factorial_cell,,
development,yolo11n,b5ea60b0-2540-4efe-b60e-f421ade3c128,0,0,1,1,20,0.00626745086659,factorial_cell,,
development,yolo11n,b5ea60b0-2540-4efe-b60e-f421ade3c128,0,1,0,0,20,0.0143993804096,factorial_cell,,
development,yolo11n,b5ea60b0-2540-4efe-b60e-f421ade3c128,0,1,0,1,20,0.0086461999209,factorial_cell,,
development,yolo11n,b5ea60b0-2540-4efe-b60e-f421ade3c128,0,1,1,0,20,0.00717155826245,factorial_cell,,
development,yolo11n,b5ea60b0-2540-4efe-b60e-f421ade3c128,0,1,1,1,20,0.00650811612131,factorial_cell,,
development,yolo11n,b5ea60b0-2540-4efe-b60e-f421ade3c128,1,0,0,0,20,0.00643986315876,factorial_cell,,
development,yolo11n,b5ea60b0-2540-4efe-b60e-f421ade3c128,1,0,0,1,20,0.00665103057612,factorial_cell,,
development,yolo11n,b5ea60b0-2540-4efe-b60e-f421ade3c128,1,0,1,0,20,0.00633027251658,factorial_cell,,
development,yolo11n,b5ea60b0-2540-4efe-b60e-f421ade3c128,1,0,1,1,20,0.00626745086659,factorial_cell,,
development,yolo11n,b5ea60b0-2540-4efe-b60e-f421ade3c128,1,1,0,0,20,0.00639626123035,factorial_cell,,
development,yolo11n,b5ea60b0-2540-4efe-b60e-f421ade3c128,1,1,0,1,20,0.00661678553247,factorial_cell,,
development,yolo11n,b5ea60b0-2540-4efe-b60e-f421ade3c128,1,1,1,0,20,0.00717155826245,factorial_cell,,
development,yolo11n,b5ea60b0-2540-4efe-b60e-f421ade3c128,1,1,1,1,20,0.00650811612131,factorial_cell,,
development,yolo11n,dc9c2d63-083f-32c3-90ff-943ca823a245,0,0,0,0,74,0.00955133091952,factorial_cell,,
development,yolo11n,dc9c2d63-083f-32c3-90ff-943ca823a245,0,0,0,1,74,0.00851017323088,factorial_cell,,
development,yolo11n,dc9c2d63-083f-32c3-90ff-943ca823a245,0,0,1,0,74,0.0070236694603,factorial_cell,,
development,yolo11n,dc9c2d63-083f-32c3-90ff-943ca823a245,0,0,1,1,74,0.00535612363173,factorial_cell,,
development,yolo11n,dc9c2d63-083f-32c3-90ff-943ca823a245,0,1,0,0,74,0.009504693547,factorial_cell,,
development,yolo11n,dc9c2d63-083f-32c3-90ff-943ca823a245,0,1,0,1,74,0.0081064962375,factorial_cell,,
development,yolo11n,dc9c2d63-083f-32c3-90ff-943ca823a245,0,1,1,0,74,0.00678165170979,factorial_cell,,
development,yolo11n,dc9c2d63-083f-32c3-90ff-943ca823a245,0,1,1,1,74,0.00527165147417,factorial_cell,,
development,yolo11n,dc9c2d63-083f-32c3-90ff-943ca823a245,1,0,0,0,74,0.00975639571454,factorial_cell,,
development,yolo11n,dc9c2d63-083f-32c3-90ff-943ca823a245,1,0,0,1,74,0.00695643635137,factorial_cell,,
development,yolo11n,dc9c2d63-083f-32c3-90ff-943ca823a245,1,0,1,0,74,0.0070236694603,factorial_cell,,
development,yolo11n,dc9c2d63-083f-32c3-90ff-943ca823a245,1,0,1,1,74,0.00535612363173,factorial_cell,,
development,yolo11n,dc9c2d63-083f-32c3-90ff-943ca823a245,1,1,0,0,74,0.00979069057098,factorial_cell,,
development,yolo11n,dc9c2d63-083f-32c3-90ff-943ca823a245,1,1,0,1,74,0.00702143858594,factorial_cell,,
development,yolo11n,dc9c2d63-083f-32c3-90ff-943ca823a245,1,1,1,0,74,0.00678165170979,factorial_cell,,
development,yolo11n,dc9c2d63-083f-32c3-90ff-943ca823a245,1,1,1,1,74,0.00527165147417,factorial_cell,,
development,yolo11n,fb149ce0-7706-3bb5-9860-8c63d1c77592,0,0,0,0,37,0.00788243962799,factorial_cell,,
development,yolo11n,fb149ce0-7706-3bb5-9860-8c63d1c77592,0,0,0,1,37,0.00870893205454,factorial_cell,,
development,yolo11n,fb149ce0-7706-3bb5-9860-8c63d1c77592,0,0,1,0,37,0.00703478415505,factorial_cell,,
development,yolo11n,fb149ce0-7706-3bb5-9860-8c63d1c77592,0,0,1,1,37,0.00674780794334,factorial_cell,,
development,yolo11n,fb149ce0-7706-3bb5-9860-8c63d1c77592,0,1,0,0,37,0.00797949353023,factorial_cell,,
development,yolo11n,fb149ce0-7706-3bb5-9860-8c63d1c77592,0,1,0,1,37,0.00831576672752,factorial_cell,,
development,yolo11n,fb149ce0-7706-3bb5-9860-8c63d1c77592,0,1,1,0,37,0.00704114486768,factorial_cell,,
development,yolo11n,fb149ce0-7706-3bb5-9860-8c63d1c77592,0,1,1,1,37,0.00674624496944,factorial_cell,,
development,yolo11n,fb149ce0-7706-3bb5-9860-8c63d1c77592,1,0,0,0,37,0.00782721862699,factorial_cell,,
development,yolo11n,fb149ce0-7706-3bb5-9860-8c63d1c77592,1,0,0,1,37,0.00853805810195,factorial_cell,,
development,yolo11n,fb149ce0-7706-3bb5-9860-8c63d1c77592,1,0,1,0,37,0.00703478415505,factorial_cell,,
development,yolo11n,fb149ce0-7706-3bb5-9860-8c63d1c77592,1,0,1,1,37,0.00674780794334,factorial_cell,,
development,yolo11n,fb149ce0-7706-3bb5-9860-8c63d1c77592,1,1,0,0,37,0.00782434585768,factorial_cell,,
development,yolo11n,fb149ce0-7706-3bb5-9860-8c63d1c77592,1,1,0,1,37,0.00857992394138,factorial_cell,,
development,yolo11n,fb149ce0-7706-3bb5-9860-8c63d1c77592,1,1,1,0,37,0.00704114486768,factorial_cell,,
development,yolo11n,fb149ce0-7706-3bb5-9860-8c63d1c77592,1,1,1,1,37,0.00674624496944,factorial_cell,,
heldout,yolo11n,19350c96-623d-4d77-af96-f8c23f00c358,0,0,0,0,33,0.0185457527997,factorial_cell,,
heldout,yolo11n,19350c96-623d-4d77-af96-f8c23f00c358,0,0,0,1,33,0.0111410415673,factorial_cell,,
heldout,yolo11n,19350c96-623d-4d77-af96-f8c23f00c358,0,0,1,0,33,0.0160627029416,factorial_cell,,
heldout,yolo11n,19350c96-623d-4d77-af96-f8c23f00c358,0,0,1,1,33,0.0065205154727,factorial_cell,,
heldout,yolo11n,19350c96-623d-4d77-af96-f8c23f00c358,0,1,0,0,33,0.0185304027934,factorial_cell,,
heldout,yolo11n,19350c96-623d-4d77-af96-f8c23f00c358,0,1,0,1,33,0.0103798994575,factorial_cell,,
heldout,yolo11n,19350c96-623d-4d77-af96-f8c23f00c358,0,1,1,0,33,0.0159126201754,factorial_cell,,
heldout,yolo11n,19350c96-623d-4d77-af96-f8c23f00c358,0,1,1,1,33,0.00643982989422,factorial_cell,,
heldout,yolo11n,19350c96-623d-4d77-af96-f8c23f00c358,1,0,0,0,33,0.0161362391992,factorial_cell,,
heldout,yolo11n,19350c96-623d-4d77-af96-f8c23f00c358,1,0,0,1,33,0.00884505883681,factorial_cell,,
heldout,yolo11n,19350c96-623d-4d77-af96-f8c23f00c358,1,0,1,0,33,0.0160627029416,factorial_cell,,
heldout,yolo11n,19350c96-623d-4d77-af96-f8c23f00c358,1,0,1,1,33,0.0065205154727,factorial_cell,,
heldout,yolo11n,19350c96-623d-4d77-af96-f8c23f00c358,1,1,0,0,33,0.0155386869473,factorial_cell,,
heldout,yolo11n,19350c96-623d-4d77-af96-f8c23f00c358,1,1,0,1,33,0.00858746042939,factorial_cell,,
heldout,yolo11n,19350c96-623d-4d77-af96-f8c23f00c358,1,1,1,0,33,0.0159126201754,factorial_cell,,
heldout,yolo11n,19350c96-623d-4d77-af96-f8c23f00c358,1,1,1,1,33,0.00643982989422,factorial_cell,,
heldout,yolo11n,3de5b5d6-68c4-3c95-84ed-be7c83d829f8,0,0,0,0,55,0.0219351581123,factorial_cell,,
heldout,yolo11n,3de5b5d6-68c4-3c95-84ed-be7c83d829f8,0,0,0,1,55,0.0107000199582,factorial_cell,,
heldout,yolo11n,3de5b5d6-68c4-3c95-84ed-be7c83d829f8,0,0,1,0,55,0.0116725222235,factorial_cell,,
heldout,yolo11n,3de5b5d6-68c4-3c95-84ed-be7c83d829f8,0,0,1,1,55,0.00498659942424,factorial_cell,,
heldout,yolo11n,3de5b5d6-68c4-3c95-84ed-be7c83d829f8,0,1,0,0,55,0.021684568443,factorial_cell,,
heldout,yolo11n,3de5b5d6-68c4-3c95-84ed-be7c83d829f8,0,1,0,1,55,0.010693024134,factorial_cell,,
heldout,yolo11n,3de5b5d6-68c4-3c95-84ed-be7c83d829f8,0,1,1,0,55,0.0117112851549,factorial_cell,,
heldout,yolo11n,3de5b5d6-68c4-3c95-84ed-be7c83d829f8,0,1,1,1,55,0.00480345853059,factorial_cell,,
heldout,yolo11n,3de5b5d6-68c4-3c95-84ed-be7c83d829f8,1,0,0,0,55,0.0156286894192,factorial_cell,,
heldout,yolo11n,3de5b5d6-68c4-3c95-84ed-be7c83d829f8,1,0,0,1,55,0.00807746373814,factorial_cell,,
heldout,yolo11n,3de5b5d6-68c4-3c95-84ed-be7c83d829f8,1,0,1,0,55,0.0116725222235,factorial_cell,,
heldout,yolo11n,3de5b5d6-68c4-3c95-84ed-be7c83d829f8,1,0,1,1,55,0.00498659942424,factorial_cell,,
heldout,yolo11n,3de5b5d6-68c4-3c95-84ed-be7c83d829f8,1,1,0,0,55,0.0153360762379,factorial_cell,,
heldout,yolo11n,3de5b5d6-68c4-3c95-84ed-be7c83d829f8,1,1,0,1,55,0.00815334802431,factorial_cell,,
heldout,yolo11n,3de5b5d6-68c4-3c95-84ed-be7c83d829f8,1,1,1,0,55,0.0117112851549,factorial_cell,,
heldout,yolo11n,3de5b5d6-68c4-3c95-84ed-be7c83d829f8,1,1,1,1,55,0.00480345853059,factorial_cell,,
heldout,yolo11n,7039e410-b5ab-35aa-96bc-2c4b89d3c5e3,0,0,0,0,60,0.00905907651559,factorial_cell,,
heldout,yolo11n,7039e410-b5ab-35aa-96bc-2c4b89d3c5e3,0,0,0,1,60,0.00677946346822,factorial_cell,,
heldout,yolo11n,7039e410-b5ab-35aa-96bc-2c4b89d3c5e3,0,0,1,0,60,0.00608349897394,factorial_cell,,
heldout,yolo11n,7039e410-b5ab-35aa-96bc-2c4b89d3c5e3,0,0,1,1,60,0.00316548392345,factorial_cell,,
heldout,yolo11n,7039e410-b5ab-35aa-96bc-2c4b89d3c5e3,0,1,0,0,60,0.00902637152273,factorial_cell,,
heldout,yolo11n,7039e410-b5ab-35aa-96bc-2c4b89d3c5e3,0,1,0,1,60,0.00619225611814,factorial_cell,,
heldout,yolo11n,7039e410-b5ab-35aa-96bc-2c4b89d3c5e3,0,1,1,0,60,0.00609354746331,factorial_cell,,
heldout,yolo11n,7039e410-b5ab-35aa-96bc-2c4b89d3c5e3,0,1,1,1,60,0.00314295095673,factorial_cell,,
heldout,yolo11n,7039e410-b5ab-35aa-96bc-2c4b89d3c5e3,1,0,0,0,60,0.00817366984842,factorial_cell,,
heldout,yolo11n,7039e410-b5ab-35aa-96bc-2c4b89d3c5e3,1,0,0,1,60,0.00440997835279,factorial_cell,,
heldout,yolo11n,7039e410-b5ab-35aa-96bc-2c4b89d3c5e3,1,0,1,0,60,0.00608349897394,factorial_cell,,
heldout,yolo11n,7039e410-b5ab-35aa-96bc-2c4b89d3c5e3,1,0,1,1,60,0.00316548392345,factorial_cell,,
heldout,yolo11n,7039e410-b5ab-35aa-96bc-2c4b89d3c5e3,1,1,0,0,60,0.00816689587359,factorial_cell,,
heldout,yolo11n,7039e410-b5ab-35aa-96bc-2c4b89d3c5e3,1,1,0,1,60,0.00434342012726,factorial_cell,,
heldout,yolo11n,7039e410-b5ab-35aa-96bc-2c4b89d3c5e3,1,1,1,0,60,0.00609354746331,factorial_cell,,
heldout,yolo11n,7039e410-b5ab-35aa-96bc-2c4b89d3c5e3,1,1,1,1,60,0.00314295095673,factorial_cell,,
heldout,yolo11n,b19f3c1a-a84a-3a2d-8d1b-8a4ae201020b,0,0,0,0,88,0.0151328774292,factorial_cell,,
heldout,yolo11n,b19f3c1a-a84a-3a2d-8d1b-8a4ae201020b,0,0,0,1,88,0.0125507048678,factorial_cell,,
heldout,yolo11n,b19f3c1a-a84a-3a2d-8d1b-8a4ae201020b,0,0,1,0,88,0.0139345078708,factorial_cell,,
heldout,yolo11n,b19f3c1a-a84a-3a2d-8d1b-8a4ae201020b,0,0,1,1,88,0.0091626083321,factorial_cell,,
heldout,yolo11n,b19f3c1a-a84a-3a2d-8d1b-8a4ae201020b,0,1,0,0,88,0.0142514426727,factorial_cell,,
heldout,yolo11n,b19f3c1a-a84a-3a2d-8d1b-8a4ae201020b,0,1,0,1,88,0.0123770987176,factorial_cell,,
heldout,yolo11n,b19f3c1a-a84a-3a2d-8d1b-8a4ae201020b,0,1,1,0,88,0.01399095814,factorial_cell,,
heldout,yolo11n,b19f3c1a-a84a-3a2d-8d1b-8a4ae201020b,0,1,1,1,88,0.00917430157143,factorial_cell,,
heldout,yolo11n,b19f3c1a-a84a-3a2d-8d1b-8a4ae201020b,1,0,0,0,88,0.013589356539,factorial_cell,,
heldout,yolo11n,b19f3c1a-a84a-3a2d-8d1b-8a4ae201020b,1,0,0,1,88,0.0104516193416,factorial_cell,,
heldout,yolo11n,b19f3c1a-a84a-3a2d-8d1b-8a4ae201020b,1,0,1,0,88,0.0139345078708,factorial_cell,,
heldout,yolo11n,b19f3c1a-a84a-3a2d-8d1b-8a4ae201020b,1,0,1,1,88,0.0091626083321,factorial_cell,,
heldout,yolo11n,b19f3c1a-a84a-3a2d-8d1b-8a4ae201020b,1,1,0,0,88,0.0137234809666,factorial_cell,,
heldout,yolo11n,b19f3c1a-a84a-3a2d-8d1b-8a4ae201020b,1,1,0,1,88,0.0103657254811,factorial_cell,,
heldout,yolo11n,b19f3c1a-a84a-3a2d-8d1b-8a4ae201020b,1,1,1,0,88,0.01399095814,factorial_cell,,
heldout,yolo11n,b19f3c1a-a84a-3a2d-8d1b-8a4ae201020b,1,1,1,1,88,0.00917430157143,factorial_cell,,
heldout,yolo11n,d5d6f11c-3026-3e0e-9d67-c111233e22de,0,0,0,0,61,0.0143067617627,factorial_cell,,
heldout,yolo11n,d5d6f11c-3026-3e0e-9d67-c111233e22de,0,0,0,1,61,0.00807066686364,factorial_cell,,
heldout,yolo11n,d5d6f11c-3026-3e0e-9d67-c111233e22de,0,0,1,0,61,0.0149540382802,factorial_cell,,
heldout,yolo11n,d5d6f11c-3026-3e0e-9d67-c111233e22de,0,0,1,1,61,0.00481311680182,factorial_cell,,
heldout,yolo11n,d5d6f11c-3026-3e0e-9d67-c111233e22de,0,1,0,0,61,0.0157085461199,factorial_cell,,
heldout,yolo11n,d5d6f11c-3026-3e0e-9d67-c111233e22de,0,1,0,1,61,0.00790943119919,factorial_cell,,
heldout,yolo11n,d5d6f11c-3026-3e0e-9d67-c111233e22de,0,1,1,0,61,0.0146947469259,factorial_cell,,
heldout,yolo11n,d5d6f11c-3026-3e0e-9d67-c111233e22de,0,1,1,1,61,0.00419319799164,factorial_cell,,
heldout,yolo11n,d5d6f11c-3026-3e0e-9d67-c111233e22de,1,0,0,0,61,0.0144390997531,factorial_cell,,
heldout,yolo11n,d5d6f11c-3026-3e0e-9d67-c111233e22de,1,0,0,1,61,0.00843249409072,factorial_cell,,
heldout,yolo11n,d5d6f11c-3026-3e0e-9d67-c111233e22de,1,0,1,0,61,0.0149540382802,factorial_cell,,
heldout,yolo11n,d5d6f11c-3026-3e0e-9d67-c111233e22de,1,0,1,1,61,0.00481311680182,factorial_cell,,
heldout,yolo11n,d5d6f11c-3026-3e0e-9d67-c111233e22de,1,1,0,0,61,0.0144487528906,factorial_cell,,
heldout,yolo11n,d5d6f11c-3026-3e0e-9d67-c111233e22de,1,1,0,1,61,0.00792645009033,factorial_cell,,
heldout,yolo11n,d5d6f11c-3026-3e0e-9d67-c111233e22de,1,1,1,0,61,0.0146947469259,factorial_cell,,
heldout,yolo11n,d5d6f11c-3026-3e0e-9d67-c111233e22de,1,1,1,1,61,0.00419319799164,factorial_cell,,
heldout,yolo11n,eec284b2-840a-3c75-aa42-04d2e309bbe1,0,0,0,0,25,0.00955062577616,factorial_cell,,
heldout,yolo11n,eec284b2-840a-3c75-aa42-04d2e309bbe1,0,0,0,1,25,0.00557387585958,factorial_cell,,
heldout,yolo11n,eec284b2-840a-3c75-aa42-04d2e309bbe1,0,0,1,0,25,0.00647302868215,factorial_cell,,
heldout,yolo11n,eec284b2-840a-3c75-aa42-04d2e309bbe1,0,0,1,1,25,0.00257239870507,factorial_cell,,
heldout,yolo11n,eec284b2-840a-3c75-aa42-04d2e309bbe1,0,1,0,0,25,0.00966454868165,factorial_cell,,
heldout,yolo11n,eec284b2-840a-3c75-aa42-04d2e309bbe1,0,1,0,1,25,0.00583530881049,factorial_cell,,
heldout,yolo11n,eec284b2-840a-3c75-aa42-04d2e309bbe1,0,1,1,0,25,0.00672117793138,factorial_cell,,
heldout,yolo11n,eec284b2-840a-3c75-aa42-04d2e309bbe1,0,1,1,1,25,0.00275726873813,factorial_cell,,
heldout,yolo11n,eec284b2-840a-3c75-aa42-04d2e309bbe1,1,0,0,0,25,0.00910542784933,factorial_cell,,
heldout,yolo11n,eec284b2-840a-3c75-aa42-04d2e309bbe1,1,0,0,1,25,0.00513825131123,factorial_cell,,
heldout,yolo11n,eec284b2-840a-3c75-aa42-04d2e309bbe1,1,0,1,0,25,0.00647302868215,factorial_cell,,
heldout,yolo11n,eec284b2-840a-3c75-aa42-04d2e309bbe1,1,0,1,1,25,0.00257239870507,factorial_cell,,
heldout,yolo11n,eec284b2-840a-3c75-aa42-04d2e309bbe1,1,1,0,0,25,0.00923785611175,factorial_cell,,
heldout,yolo11n,eec284b2-840a-3c75-aa42-04d2e309bbe1,1,1,0,1,25,0.00541282179521,factorial_cell,,
heldout,yolo11n,eec284b2-840a-3c75-aa42-04d2e309bbe1,1,1,1,0,25,0.00672117793138,factorial_cell,,
heldout,yolo11n,eec284b2-840a-3c75-aa42-04d2e309bbe1,1,1,1,1,25,0.00275726873813,factorial_cell,,
model_selection,yolo11n,1842383a-1577-3b7a-90db-41a9a6668ee2,0,0,0,0,86,0.0122250259418,factorial_cell,,
model_selection,yolo11n,1842383a-1577-3b7a-90db-41a9a6668ee2,0,0,0,1,86,0.00703628313326,factorial_cell,,
model_selection,yolo11n,1842383a-1577-3b7a-90db-41a9a6668ee2,0,0,1,0,86,0.0096266858422,factorial_cell,,
model_selection,yolo11n,1842383a-1577-3b7a-90db-41a9a6668ee2,0,0,1,1,86,0.00514745302796,factorial_cell,,
model_selection,yolo11n,1842383a-1577-3b7a-90db-41a9a6668ee2,0,1,0,0,86,0.0119379813893,factorial_cell,,
model_selection,yolo11n,1842383a-1577-3b7a-90db-41a9a6668ee2,0,1,0,1,86,0.00698813083478,factorial_cell,,
model_selection,yolo11n,1842383a-1577-3b7a-90db-41a9a6668ee2,0,1,1,0,86,0.00948217087825,factorial_cell,,
model_selection,yolo11n,1842383a-1577-3b7a-90db-41a9a6668ee2,0,1,1,1,86,0.00496388757091,factorial_cell,,
model_selection,yolo11n,1842383a-1577-3b7a-90db-41a9a6668ee2,1,0,0,0,86,0.00972372615584,factorial_cell,,
model_selection,yolo11n,1842383a-1577-3b7a-90db-41a9a6668ee2,1,0,0,1,86,0.00652038496256,factorial_cell,,
model_selection,yolo11n,1842383a-1577-3b7a-90db-41a9a6668ee2,1,0,1,0,86,0.0096266858422,factorial_cell,,
model_selection,yolo11n,1842383a-1577-3b7a-90db-41a9a6668ee2,1,0,1,1,86,0.00514745302796,factorial_cell,,
model_selection,yolo11n,1842383a-1577-3b7a-90db-41a9a6668ee2,1,1,0,0,86,0.00973694066568,factorial_cell,,
model_selection,yolo11n,1842383a-1577-3b7a-90db-41a9a6668ee2,1,1,0,1,86,0.00639934073505,factorial_cell,,
model_selection,yolo11n,1842383a-1577-3b7a-90db-41a9a6668ee2,1,1,1,0,86,0.00948217087825,factorial_cell,,
model_selection,yolo11n,1842383a-1577-3b7a-90db-41a9a6668ee2,1,1,1,1,86,0.00496388757091,factorial_cell,,
model_selection,yolo11n,a059b6b9-ca26-4881-bcf7-d202433de0c2,0,0,0,0,34,0.0315521858126,factorial_cell,,
model_selection,yolo11n,a059b6b9-ca26-4881-bcf7-d202433de0c2,0,0,0,1,34,0.023025403413,factorial_cell,,
model_selection,yolo11n,a059b6b9-ca26-4881-bcf7-d202433de0c2,0,0,1,0,34,0.0265744262264,factorial_cell,,
model_selection,yolo11n,a059b6b9-ca26-4881-bcf7-d202433de0c2,0,0,1,1,34,0.0139394568734,factorial_cell,,
model_selection,yolo11n,a059b6b9-ca26-4881-bcf7-d202433de0c2,0,1,0,0,34,0.0285018457455,factorial_cell,,
model_selection,yolo11n,a059b6b9-ca26-4881-bcf7-d202433de0c2,0,1,0,1,34,0.023191237274,factorial_cell,,
model_selection,yolo11n,a059b6b9-ca26-4881-bcf7-d202433de0c2,0,1,1,0,34,0.0258964358343,factorial_cell,,
model_selection,yolo11n,a059b6b9-ca26-4881-bcf7-d202433de0c2,0,1,1,1,34,0.0142640893446,factorial_cell,,
model_selection,yolo11n,a059b6b9-ca26-4881-bcf7-d202433de0c2,1,0,0,0,34,0.0283699105455,factorial_cell,,
model_selection,yolo11n,a059b6b9-ca26-4881-bcf7-d202433de0c2,1,0,0,1,34,0.0223438853627,factorial_cell,,
model_selection,yolo11n,a059b6b9-ca26-4881-bcf7-d202433de0c2,1,0,1,0,34,0.0265744262264,factorial_cell,,
model_selection,yolo11n,a059b6b9-ca26-4881-bcf7-d202433de0c2,1,0,1,1,34,0.0139394568734,factorial_cell,,
model_selection,yolo11n,a059b6b9-ca26-4881-bcf7-d202433de0c2,1,1,0,0,34,0.0254016258517,factorial_cell,,
model_selection,yolo11n,a059b6b9-ca26-4881-bcf7-d202433de0c2,1,1,0,1,34,0.021962448446,factorial_cell,,
model_selection,yolo11n,a059b6b9-ca26-4881-bcf7-d202433de0c2,1,1,1,0,34,0.0258964358343,factorial_cell,,
model_selection,yolo11n,a059b6b9-ca26-4881-bcf7-d202433de0c2,1,1,1,1,34,0.0142640893446,factorial_cell,,
model_selection,yolo11n,e424d4f7-4b28-322f-b630-31d42ae528eb,0,0,0,0,48,0.0075981742361,factorial_cell,,
model_selection,yolo11n,e424d4f7-4b28-322f-b630-31d42ae528eb,0,0,0,1,48,0.00726497812377,factorial_cell,,
model_selection,yolo11n,e424d4f7-4b28-322f-b630-31d42ae528eb,0,0,1,0,48,0.00763578857956,factorial_cell,,
model_selection,yolo11n,e424d4f7-4b28-322f-b630-31d42ae528eb,0,0,1,1,48,0.00582100637069,factorial_cell,,
model_selection,yolo11n,e424d4f7-4b28-322f-b630-31d42ae528eb,0,1,0,0,48,0.00827372147666,factorial_cell,,
model_selection,yolo11n,e424d4f7-4b28-322f-b630-31d42ae528eb,0,1,0,1,48,0.00743240977384,factorial_cell,,
model_selection,yolo11n,e424d4f7-4b28-322f-b630-31d42ae528eb,0,1,1,0,48,0.00764027047586,factorial_cell,,
model_selection,yolo11n,e424d4f7-4b28-322f-b630-31d42ae528eb,0,1,1,1,48,0.0058618195192,factorial_cell,,
model_selection,yolo11n,e424d4f7-4b28-322f-b630-31d42ae528eb,1,0,0,0,48,0.00776705249859,factorial_cell,,
model_selection,yolo11n,e424d4f7-4b28-322f-b630-31d42ae528eb,1,0,0,1,48,0.00690576887464,factorial_cell,,
model_selection,yolo11n,e424d4f7-4b28-322f-b630-31d42ae528eb,1,0,1,0,48,0.00763578857956,factorial_cell,,
model_selection,yolo11n,e424d4f7-4b28-322f-b630-31d42ae528eb,1,0,1,1,48,0.00582100637069,factorial_cell,,
model_selection,yolo11n,e424d4f7-4b28-322f-b630-31d42ae528eb,1,1,0,0,48,0.00782939574005,factorial_cell,,
model_selection,yolo11n,e424d4f7-4b28-322f-b630-31d42ae528eb,1,1,0,1,48,0.00695532966262,factorial_cell,,
model_selection,yolo11n,e424d4f7-4b28-322f-b630-31d42ae528eb,1,1,1,0,48,0.00764027047586,factorial_cell,,
model_selection,yolo11n,e424d4f7-4b28-322f-b630-31d42ae528eb,1,1,1,1,48,0.0058618195192,factorial_cell,,
development,yolo11s,3153b5b3-d381-3664-8f82-1d3c5ca841d2,0,0,0,0,27,0.0174056191876,factorial_cell,,
development,yolo11s,3153b5b3-d381-3664-8f82-1d3c5ca841d2,0,0,0,1,27,0.0115791922478,factorial_cell,,
development,yolo11s,3153b5b3-d381-3664-8f82-1d3c5ca841d2,0,0,1,0,27,0.0155902155401,factorial_cell,,
development,yolo11s,3153b5b3-d381-3664-8f82-1d3c5ca841d2,0,0,1,1,27,0.00760749990322,factorial_cell,,
development,yolo11s,3153b5b3-d381-3664-8f82-1d3c5ca841d2,0,1,0,0,27,0.0168647899786,factorial_cell,,
development,yolo11s,3153b5b3-d381-3664-8f82-1d3c5ca841d2,0,1,0,1,27,0.0118789123064,factorial_cell,,
development,yolo11s,3153b5b3-d381-3664-8f82-1d3c5ca841d2,0,1,1,0,27,0.0155937772933,factorial_cell,,
development,yolo11s,3153b5b3-d381-3664-8f82-1d3c5ca841d2,0,1,1,1,27,0.00622982056172,factorial_cell,,
development,yolo11s,3153b5b3-d381-3664-8f82-1d3c5ca841d2,1,0,0,0,27,0.0173917646932,factorial_cell,,
development,yolo11s,3153b5b3-d381-3664-8f82-1d3c5ca841d2,1,0,0,1,27,0.0130841954817,factorial_cell,,
development,yolo11s,3153b5b3-d381-3664-8f82-1d3c5ca841d2,1,0,1,0,27,0.0155902155401,factorial_cell,,
development,yolo11s,3153b5b3-d381-3664-8f82-1d3c5ca841d2,1,0,1,1,27,0.00760749990322,factorial_cell,,
development,yolo11s,3153b5b3-d381-3664-8f82-1d3c5ca841d2,1,1,0,0,27,0.016844053646,factorial_cell,,
development,yolo11s,3153b5b3-d381-3664-8f82-1d3c5ca841d2,1,1,0,1,27,0.0130610127754,factorial_cell,,
development,yolo11s,3153b5b3-d381-3664-8f82-1d3c5ca841d2,1,1,1,0,27,0.0155937772933,factorial_cell,,
development,yolo11s,3153b5b3-d381-3664-8f82-1d3c5ca841d2,1,1,1,1,27,0.00622982056172,factorial_cell,,
development,yolo11s,40bfcbec-ec59-3731-8e75-67f0bddc3b01,0,0,0,0,102,0.00548487395831,factorial_cell,,
development,yolo11s,40bfcbec-ec59-3731-8e75-67f0bddc3b01,0,0,0,1,102,0.00536497965085,factorial_cell,,
development,yolo11s,40bfcbec-ec59-3731-8e75-67f0bddc3b01,0,0,1,0,102,0.00505320682402,factorial_cell,,
development,yolo11s,40bfcbec-ec59-3731-8e75-67f0bddc3b01,0,0,1,1,102,0.00487212041032,factorial_cell,,
development,yolo11s,40bfcbec-ec59-3731-8e75-67f0bddc3b01,0,1,0,0,102,0.0054994013715,factorial_cell,,
development,yolo11s,40bfcbec-ec59-3731-8e75-67f0bddc3b01,0,1,0,1,102,0.00532987651629,factorial_cell,,
development,yolo11s,40bfcbec-ec59-3731-8e75-67f0bddc3b01,0,1,1,0,102,0.00504563152107,factorial_cell,,
development,yolo11s,40bfcbec-ec59-3731-8e75-67f0bddc3b01,0,1,1,1,102,0.00491365206051,factorial_cell,,
development,yolo11s,40bfcbec-ec59-3731-8e75-67f0bddc3b01,1,0,0,0,102,0.00623715696057,factorial_cell,,
development,yolo11s,40bfcbec-ec59-3731-8e75-67f0bddc3b01,1,0,0,1,102,0.00588736440522,factorial_cell,,
development,yolo11s,40bfcbec-ec59-3731-8e75-67f0bddc3b01,1,0,1,0,102,0.00505320682402,factorial_cell,,
development,yolo11s,40bfcbec-ec59-3731-8e75-67f0bddc3b01,1,0,1,1,102,0.00487212041032,factorial_cell,,
development,yolo11s,40bfcbec-ec59-3731-8e75-67f0bddc3b01,1,1,0,0,102,0.00603781279422,factorial_cell,,
development,yolo11s,40bfcbec-ec59-3731-8e75-67f0bddc3b01,1,1,0,1,102,0.00581774447509,factorial_cell,,
development,yolo11s,40bfcbec-ec59-3731-8e75-67f0bddc3b01,1,1,1,0,102,0.00504563152107,factorial_cell,,
development,yolo11s,40bfcbec-ec59-3731-8e75-67f0bddc3b01,1,1,1,1,102,0.00491365206051,factorial_cell,,
development,yolo11s,575d8d24-ba88-3b18-84c0-df5b29dccfde,0,0,0,0,103,0.00932946826883,factorial_cell,,
development,yolo11s,575d8d24-ba88-3b18-84c0-df5b29dccfde,0,0,0,1,103,0.00667482542866,factorial_cell,,
development,yolo11s,575d8d24-ba88-3b18-84c0-df5b29dccfde,0,0,1,0,103,0.00755002321597,factorial_cell,,
development,yolo11s,575d8d24-ba88-3b18-84c0-df5b29dccfde,0,0,1,1,103,0.00480754983988,factorial_cell,,
development,yolo11s,575d8d24-ba88-3b18-84c0-df5b29dccfde,0,1,0,0,103,0.00912714494424,factorial_cell,,
development,yolo11s,575d8d24-ba88-3b18-84c0-df5b29dccfde,0,1,0,1,103,0.0066044400301,factorial_cell,,
development,yolo11s,575d8d24-ba88-3b18-84c0-df5b29dccfde,0,1,1,0,103,0.00751257739733,factorial_cell,,
development,yolo11s,575d8d24-ba88-3b18-84c0-df5b29dccfde,0,1,1,1,103,0.00498072999562,factorial_cell,,
development,yolo11s,575d8d24-ba88-3b18-84c0-df5b29dccfde,1,0,0,0,103,0.0086671593938,factorial_cell,,
development,yolo11s,575d8d24-ba88-3b18-84c0-df5b29dccfde,1,0,0,1,103,0.00565156838099,factorial_cell,,
development,yolo11s,575d8d24-ba88-3b18-84c0-df5b29dccfde,1,0,1,0,103,0.00755002321597,factorial_cell,,
development,yolo11s,575d8d24-ba88-3b18-84c0-df5b29dccfde,1,0,1,1,103,0.00480754983988,factorial_cell,,
development,yolo11s,575d8d24-ba88-3b18-84c0-df5b29dccfde,1,1,0,0,103,0.00867282839153,factorial_cell,,
development,yolo11s,575d8d24-ba88-3b18-84c0-df5b29dccfde,1,1,0,1,103,0.00549591318416,factorial_cell,,
development,yolo11s,575d8d24-ba88-3b18-84c0-df5b29dccfde,1,1,1,0,103,0.00751257739733,factorial_cell,,
development,yolo11s,575d8d24-ba88-3b18-84c0-df5b29dccfde,1,1,1,1,103,0.00498072999562,factorial_cell,,
development,yolo11s,6cc0bb26-5afb-3688-b237-b9c64c2800e5,0,0,0,0,36,0.0277316325721,factorial_cell,,
development,yolo11s,6cc0bb26-5afb-3688-b237-b9c64c2800e5,0,0,0,1,36,0.0113198688883,factorial_cell,,
development,yolo11s,6cc0bb26-5afb-3688-b237-b9c64c2800e5,0,0,1,0,36,0.0211731761152,factorial_cell,,
development,yolo11s,6cc0bb26-5afb-3688-b237-b9c64c2800e5,0,0,1,1,36,0.00862640474122,factorial_cell,,
development,yolo11s,6cc0bb26-5afb-3688-b237-b9c64c2800e5,0,1,0,0,36,0.0276132319472,factorial_cell,,
development,yolo11s,6cc0bb26-5afb-3688-b237-b9c64c2800e5,0,1,0,1,36,0.0105798302367,factorial_cell,,
development,yolo11s,6cc0bb26-5afb-3688-b237-b9c64c2800e5,0,1,1,0,36,0.0208960442078,factorial_cell,,
development,yolo11s,6cc0bb26-5afb-3688-b237-b9c64c2800e5,0,1,1,1,36,0.00852146130132,factorial_cell,,
development,yolo11s,6cc0bb26-5afb-3688-b237-b9c64c2800e5,1,0,0,0,36,0.0253150556366,factorial_cell,,
development,yolo11s,6cc0bb26-5afb-3688-b237-b9c64c2800e5,1,0,0,1,36,0.00972145199606,factorial_cell,,
development,yolo11s,6cc0bb26-5afb-3688-b237-b9c64c2800e5,1,0,1,0,36,0.0211731761152,factorial_cell,,
development,yolo11s,6cc0bb26-5afb-3688-b237-b9c64c2800e5,1,0,1,1,36,0.00862640474122,factorial_cell,,
development,yolo11s,6cc0bb26-5afb-3688-b237-b9c64c2800e5,1,1,0,0,36,0.0253492197831,factorial_cell,,
development,yolo11s,6cc0bb26-5afb-3688-b237-b9c64c2800e5,1,1,0,1,36,0.00973520478756,factorial_cell,,
development,yolo11s,6cc0bb26-5afb-3688-b237-b9c64c2800e5,1,1,1,0,36,0.0208960442078,factorial_cell,,
development,yolo11s,6cc0bb26-5afb-3688-b237-b9c64c2800e5,1,1,1,1,36,0.00852146130132,factorial_cell,,
development,yolo11s,7ef4a6cc-7266-3a31-8dd4-01c3d3c58dcb,0,0,0,0,53,0.0113029613504,factorial_cell,,
development,yolo11s,7ef4a6cc-7266-3a31-8dd4-01c3d3c58dcb,0,0,0,1,53,0.0045836241005,factorial_cell,,
development,yolo11s,7ef4a6cc-7266-3a31-8dd4-01c3d3c58dcb,0,0,1,0,53,0.00778938656178,factorial_cell,,
development,yolo11s,7ef4a6cc-7266-3a31-8dd4-01c3d3c58dcb,0,0,1,1,53,0.00334372732084,factorial_cell,,
development,yolo11s,7ef4a6cc-7266-3a31-8dd4-01c3d3c58dcb,0,1,0,0,53,0.0112547746571,factorial_cell,,
development,yolo11s,7ef4a6cc-7266-3a31-8dd4-01c3d3c58dcb,0,1,0,1,53,0.00486380937312,factorial_cell,,
development,yolo11s,7ef4a6cc-7266-3a31-8dd4-01c3d3c58dcb,0,1,1,0,53,0.00763964682318,factorial_cell,,
development,yolo11s,7ef4a6cc-7266-3a31-8dd4-01c3d3c58dcb,0,1,1,1,53,0.00319930701964,factorial_cell,,
development,yolo11s,7ef4a6cc-7266-3a31-8dd4-01c3d3c58dcb,1,0,0,0,53,0.0103292748843,factorial_cell,,
development,yolo11s,7ef4a6cc-7266-3a31-8dd4-01c3d3c58dcb,1,0,0,1,53,0.003911274316,factorial_cell,,
development,yolo11s,7ef4a6cc-7266-3a31-8dd4-01c3d3c58dcb,1,0,1,0,53,0.00778938656178,factorial_cell,,
development,yolo11s,7ef4a6cc-7266-3a31-8dd4-01c3d3c58dcb,1,0,1,1,53,0.00334372732084,factorial_cell,,
development,yolo11s,7ef4a6cc-7266-3a31-8dd4-01c3d3c58dcb,1,1,0,0,53,0.0103628781483,factorial_cell,,
development,yolo11s,7ef4a6cc-7266-3a31-8dd4-01c3d3c58dcb,1,1,0,1,53,0.00386218790278,factorial_cell,,
development,yolo11s,7ef4a6cc-7266-3a31-8dd4-01c3d3c58dcb,1,1,1,0,53,0.00763964682318,factorial_cell,,
development,yolo11s,7ef4a6cc-7266-3a31-8dd4-01c3d3c58dcb,1,1,1,1,53,0.00319930701964,factorial_cell,,
development,yolo11s,919f13de-857f-3b1c-9f8e-7cbe500a60ae,0,0,0,0,89,0.00928994328657,factorial_cell,,
development,yolo11s,919f13de-857f-3b1c-9f8e-7cbe500a60ae,0,0,0,1,89,0.00656304385866,factorial_cell,,
development,yolo11s,919f13de-857f-3b1c-9f8e-7cbe500a60ae,0,0,1,0,89,0.00769819221439,factorial_cell,,
development,yolo11s,919f13de-857f-3b1c-9f8e-7cbe500a60ae,0,0,1,1,89,0.00344268627402,factorial_cell,,
development,yolo11s,919f13de-857f-3b1c-9f8e-7cbe500a60ae,0,1,0,0,89,0.00901733359494,factorial_cell,,
development,yolo11s,919f13de-857f-3b1c-9f8e-7cbe500a60ae,0,1,0,1,89,0.00645396174386,factorial_cell,,
development,yolo11s,919f13de-857f-3b1c-9f8e-7cbe500a60ae,0,1,1,0,89,0.00743803880343,factorial_cell,,
development,yolo11s,919f13de-857f-3b1c-9f8e-7cbe500a60ae,0,1,1,1,89,0.00335593539234,factorial_cell,,
development,yolo11s,919f13de-857f-3b1c-9f8e-7cbe500a60ae,1,0,0,0,89,0.00953948298951,factorial_cell,,
development,yolo11s,919f13de-857f-3b1c-9f8e-7cbe500a60ae,1,0,0,1,89,0.00611307873214,factorial_cell,,
development,yolo11s,919f13de-857f-3b1c-9f8e-7cbe500a60ae,1,0,1,0,89,0.00769819221439,factorial_cell,,
development,yolo11s,919f13de-857f-3b1c-9f8e-7cbe500a60ae,1,0,1,1,89,0.00344268627402,factorial_cell,,
development,yolo11s,919f13de-857f-3b1c-9f8e-7cbe500a60ae,1,1,0,0,89,0.00948988592121,factorial_cell,,
development,yolo11s,919f13de-857f-3b1c-9f8e-7cbe500a60ae,1,1,0,1,89,0.00600642923858,factorial_cell,,
development,yolo11s,919f13de-857f-3b1c-9f8e-7cbe500a60ae,1,1,1,0,89,0.00743803880343,factorial_cell,,
development,yolo11s,919f13de-857f-3b1c-9f8e-7cbe500a60ae,1,1,1,1,89,0.00335593539234,factorial_cell,,
development,yolo11s,a50b198c-4de2-3f8c-a2b9-ab280605b350,0,0,0,0,105,0.0112033035934,factorial_cell,,
development,yolo11s,a50b198c-4de2-3f8c-a2b9-ab280605b350,0,0,0,1,105,0.00754514388988,factorial_cell,,
development,yolo11s,a50b198c-4de2-3f8c-a2b9-ab280605b350,0,0,1,0,105,0.0093875744536,factorial_cell,,
development,yolo11s,a50b198c-4de2-3f8c-a2b9-ab280605b350,0,0,1,1,105,0.00594867413159,factorial_cell,,
development,yolo11s,a50b198c-4de2-3f8c-a2b9-ab280605b350,0,1,0,0,105,0.0111909379624,factorial_cell,,
development,yolo11s,a50b198c-4de2-3f8c-a2b9-ab280605b350,0,1,0,1,105,0.00785762392226,factorial_cell,,
development,yolo11s,a50b198c-4de2-3f8c-a2b9-ab280605b350,0,1,1,0,105,0.00938457193226,factorial_cell,,
development,yolo11s,a50b198c-4de2-3f8c-a2b9-ab280605b350,0,1,1,1,105,0.00565935880396,factorial_cell,,
development,yolo11s,a50b198c-4de2-3f8c-a2b9-ab280605b350,1,0,0,0,105,0.010323408734,factorial_cell,,
development,yolo11s,a50b198c-4de2-3f8c-a2b9-ab280605b350,1,0,0,1,105,0.00673328191686,factorial_cell,,
development,yolo11s,a50b198c-4de2-3f8c-a2b9-ab280605b350,1,0,1,0,105,0.0093875744536,factorial_cell,,
development,yolo11s,a50b198c-4de2-3f8c-a2b9-ab280605b350,1,0,1,1,105,0.00594867413159,factorial_cell,,
development,yolo11s,a50b198c-4de2-3f8c-a2b9-ab280605b350,1,1,0,0,105,0.0103198024181,factorial_cell,,
development,yolo11s,a50b198c-4de2-3f8c-a2b9-ab280605b350,1,1,0,1,105,0.00657772009418,factorial_cell,,
development,yolo11s,a50b198c-4de2-3f8c-a2b9-ab280605b350,1,1,1,0,105,0.00938457193226,factorial_cell,,
development,yolo11s,a50b198c-4de2-3f8c-a2b9-ab280605b350,1,1,1,1,105,0.00565935880396,factorial_cell,,
development,yolo11s,c453a8e7-d3da-317a-946b-f8e9678a8582,0,0,0,0,55,0.0207045582297,factorial_cell,,
development,yolo11s,c453a8e7-d3da-317a-946b-f8e9678a8582,0,0,0,1,55,0.0116848896284,factorial_cell,,
development,yolo11s,c453a8e7-d3da-317a-946b-f8e9678a8582,0,0,1,0,55,0.0170403181468,factorial_cell,,
development,yolo11s,c453a8e7-d3da-317a-946b-f8e9678a8582,0,0,1,1,55,0.00541928068157,factorial_cell,,
development,yolo11s,c453a8e7-d3da-317a-946b-f8e9678a8582,0,1,0,0,55,0.0201361409148,factorial_cell,,
development,yolo11s,c453a8e7-d3da-317a-946b-f8e9678a8582,0,1,0,1,55,0.0116847541475,factorial_cell,,
development,yolo11s,c453a8e7-d3da-317a-946b-f8e9678a8582,0,1,1,0,55,0.0170417731288,factorial_cell,,
development,yolo11s,c453a8e7-d3da-317a-946b-f8e9678a8582,0,1,1,1,55,0.00550738750159,factorial_cell,,
development,yolo11s,c453a8e7-d3da-317a-946b-f8e9678a8582,1,0,0,0,55,0.0179766222603,factorial_cell,,
development,yolo11s,c453a8e7-d3da-317a-946b-f8e9678a8582,1,0,0,1,55,0.00814377583252,factorial_cell,,
development,yolo11s,c453a8e7-d3da-317a-946b-f8e9678a8582,1,0,1,0,55,0.0170403181468,factorial_cell,,
development,yolo11s,c453a8e7-d3da-317a-946b-f8e9678a8582,1,0,1,1,55,0.00541928068157,factorial_cell,,
development,yolo11s,c453a8e7-d3da-317a-946b-f8e9678a8582,1,1,0,0,55,0.0178128287314,factorial_cell,,
development,yolo11s,c453a8e7-d3da-317a-946b-f8e9678a8582,1,1,0,1,55,0.00820720609855,factorial_cell,,
development,yolo11s,c453a8e7-d3da-317a-946b-f8e9678a8582,1,1,1,0,55,0.0170417731288,factorial_cell,,
development,yolo11s,c453a8e7-d3da-317a-946b-f8e9678a8582,1,1,1,1,55,0.00550738750159,factorial_cell,,
development,yolo11s,e66d1403-755b-3f63-938b-a2a69446a48a,0,0,0,0,44,0.0253716288634,factorial_cell,,
development,yolo11s,e66d1403-755b-3f63-938b-a2a69446a48a,0,0,0,1,44,0.0106707205916,factorial_cell,,
development,yolo11s,e66d1403-755b-3f63-938b-a2a69446a48a,0,0,1,0,44,0.0169535500127,factorial_cell,,
development,yolo11s,e66d1403-755b-3f63-938b-a2a69446a48a,0,0,1,1,44,0.00771468067684,factorial_cell,,
development,yolo11s,e66d1403-755b-3f63-938b-a2a69446a48a,0,1,0,0,44,0.0254389746017,factorial_cell,,
development,yolo11s,e66d1403-755b-3f63-938b-a2a69446a48a,0,1,0,1,44,0.0106615016253,factorial_cell,,
development,yolo11s,e66d1403-755b-3f63-938b-a2a69446a48a,0,1,1,0,44,0.0170795313988,factorial_cell,,
development,yolo11s,e66d1403-755b-3f63-938b-a2a69446a48a,0,1,1,1,44,0.0077223004861,factorial_cell,,
development,yolo11s,e66d1403-755b-3f63-938b-a2a69446a48a,1,0,0,0,44,0.0205495570886,factorial_cell,,
development,yolo11s,e66d1403-755b-3f63-938b-a2a69446a48a,1,0,0,1,44,0.00931808367709,factorial_cell,,
development,yolo11s,e66d1403-755b-3f63-938b-a2a69446a48a,1,0,1,0,44,0.0169535500127,factorial_cell,,
development,yolo11s,e66d1403-755b-3f63-938b-a2a69446a48a,1,0,1,1,44,0.00771468067684,factorial_cell,,
development,yolo11s,e66d1403-755b-3f63-938b-a2a69446a48a,1,1,0,0,44,0.0204980530013,factorial_cell,,
development,yolo11s,e66d1403-755b-3f63-938b-a2a69446a48a,1,1,0,1,44,0.0087572386078,factorial_cell,,
development,yolo11s,e66d1403-755b-3f63-938b-a2a69446a48a,1,1,1,0,44,0.0170795313988,factorial_cell,,
development,yolo11s,e66d1403-755b-3f63-938b-a2a69446a48a,1,1,1,1,44,0.0077223004861,factorial_cell,,
development,yolo11s,ff8e7fdb-1073-3592-ba5e-8111bc3ce48b,0,0,0,0,96,0.0124799674105,factorial_cell,,
development,yolo11s,ff8e7fdb-1073-3592-ba5e-8111bc3ce48b,0,0,0,1,96,0.00599002898134,factorial_cell,,
development,yolo11s,ff8e7fdb-1073-3592-ba5e-8111bc3ce48b,0,0,1,0,96,0.00986603267069,factorial_cell,,
development,yolo11s,ff8e7fdb-1073-3592-ba5e-8111bc3ce48b,0,0,1,1,96,0.00443975216578,factorial_cell,,
development,yolo11s,ff8e7fdb-1073-3592-ba5e-8111bc3ce48b,0,1,0,0,96,0.0120298466907,factorial_cell,,
development,yolo11s,ff8e7fdb-1073-3592-ba5e-8111bc3ce48b,0,1,0,1,96,0.00594908157838,factorial_cell,,
development,yolo11s,ff8e7fdb-1073-3592-ba5e-8111bc3ce48b,0,1,1,0,96,0.00986417432885,factorial_cell,,
development,yolo11s,ff8e7fdb-1073-3592-ba5e-8111bc3ce48b,0,1,1,1,96,0.00457781867324,factorial_cell,,
development,yolo11s,ff8e7fdb-1073-3592-ba5e-8111bc3ce48b,1,0,0,0,96,0.0112563318551,factorial_cell,,
development,yolo11s,ff8e7fdb-1073-3592-ba5e-8111bc3ce48b,1,0,0,1,96,0.00535289236676,factorial_cell,,
development,yolo11s,ff8e7fdb-1073-3592-ba5e-8111bc3ce48b,1,0,1,0,96,0.00986603267069,factorial_cell,,
development,yolo11s,ff8e7fdb-1073-3592-ba5e-8111bc3ce48b,1,0,1,1,96,0.00443975216578,factorial_cell,,
development,yolo11s,ff8e7fdb-1073-3592-ba5e-8111bc3ce48b,1,1,0,0,96,0.0113099290601,factorial_cell,,
development,yolo11s,ff8e7fdb-1073-3592-ba5e-8111bc3ce48b,1,1,0,1,96,0.0053149030131,factorial_cell,,
development,yolo11s,ff8e7fdb-1073-3592-ba5e-8111bc3ce48b,1,1,1,0,96,0.00986417432885,factorial_cell,,
development,yolo11s,ff8e7fdb-1073-3592-ba5e-8111bc3ce48b,1,1,1,1,96,0.00457781867324,factorial_cell,,
heldout,yolo11s,20dd185d-b4eb-3024-a17a-b4e5d8b15b65,0,0,0,0,60,0.0199567865522,factorial_cell,,
heldout,yolo11s,20dd185d-b4eb-3024-a17a-b4e5d8b15b65,0,0,0,1,60,0.00835473379277,factorial_cell,,
heldout,yolo11s,20dd185d-b4eb-3024-a17a-b4e5d8b15b65,0,0,1,0,60,0.0141464104979,factorial_cell,,
heldout,yolo11s,20dd185d-b4eb-3024-a17a-b4e5d8b15b65,0,0,1,1,60,0.00509316996967,factorial_cell,,
heldout,yolo11s,20dd185d-b4eb-3024-a17a-b4e5d8b15b65,0,1,0,0,60,0.0193524409247,factorial_cell,,
heldout,yolo11s,20dd185d-b4eb-3024-a17a-b4e5d8b15b65,0,1,0,1,60,0.00848115281045,factorial_cell,,
heldout,yolo11s,20dd185d-b4eb-3024-a17a-b4e5d8b15b65,0,1,1,0,60,0.0142539329656,factorial_cell,,
heldout,yolo11s,20dd185d-b4eb-3024-a17a-b4e5d8b15b65,0,1,1,1,60,0.00523416076458,factorial_cell,,
heldout,yolo11s,20dd185d-b4eb-3024-a17a-b4e5d8b15b65,1,0,0,0,60,0.0173090764015,factorial_cell,,
heldout,yolo11s,20dd185d-b4eb-3024-a17a-b4e5d8b15b65,1,0,0,1,60,0.0063038864849,factorial_cell,,
heldout,yolo11s,20dd185d-b4eb-3024-a17a-b4e5d8b15b65,1,0,1,0,60,0.0141464104979,factorial_cell,,
heldout,yolo11s,20dd185d-b4eb-3024-a17a-b4e5d8b15b65,1,0,1,1,60,0.00509316996967,factorial_cell,,
heldout,yolo11s,20dd185d-b4eb-3024-a17a-b4e5d8b15b65,1,1,0,0,60,0.0173106810353,factorial_cell,,
heldout,yolo11s,20dd185d-b4eb-3024-a17a-b4e5d8b15b65,1,1,0,1,60,0.00589304765461,factorial_cell,,
heldout,yolo11s,20dd185d-b4eb-3024-a17a-b4e5d8b15b65,1,1,1,0,60,0.0142539329656,factorial_cell,,
heldout,yolo11s,20dd185d-b4eb-3024-a17a-b4e5d8b15b65,1,1,1,1,60,0.00523416076458,factorial_cell,,
heldout,yolo11s,47286726-5dd4-4e26-bd2d-5324f429e445,0,0,0,0,81,0.0102071618624,factorial_cell,,
heldout,yolo11s,47286726-5dd4-4e26-bd2d-5324f429e445,0,0,0,1,81,0.00771057988263,factorial_cell,,
heldout,yolo11s,47286726-5dd4-4e26-bd2d-5324f429e445,0,0,1,0,81,0.010138291543,factorial_cell,,
heldout,yolo11s,47286726-5dd4-4e26-bd2d-5324f429e445,0,0,1,1,81,0.00817794005529,factorial_cell,,
heldout,yolo11s,47286726-5dd4-4e26-bd2d-5324f429e445,0,1,0,0,81,0.00999542481814,factorial_cell,,
heldout,yolo11s,47286726-5dd4-4e26-bd2d-5324f429e445,0,1,0,1,81,0.00768394856696,factorial_cell,,
heldout,yolo11s,47286726-5dd4-4e26-bd2d-5324f429e445,0,1,1,0,81,0.0101386611424,factorial_cell,,
heldout,yolo11s,47286726-5dd4-4e26-bd2d-5324f429e445,0,1,1,1,81,0.00827980587705,factorial_cell,,
heldout,yolo11s,47286726-5dd4-4e26-bd2d-5324f429e445,1,0,0,0,81,0.00968291687839,factorial_cell,,
heldout,yolo11s,47286726-5dd4-4e26-bd2d-5324f429e445,1,0,0,1,81,0.00778123752752,factorial_cell,,
heldout,yolo11s,47286726-5dd4-4e26-bd2d-5324f429e445,1,0,1,0,81,0.010138291543,factorial_cell,,
heldout,yolo11s,47286726-5dd4-4e26-bd2d-5324f429e445,1,0,1,1,81,0.00817794005529,factorial_cell,,
heldout,yolo11s,47286726-5dd4-4e26-bd2d-5324f429e445,1,1,0,0,81,0.00968476354161,factorial_cell,,
heldout,yolo11s,47286726-5dd4-4e26-bd2d-5324f429e445,1,1,0,1,81,0.00792390910312,factorial_cell,,
heldout,yolo11s,47286726-5dd4-4e26-bd2d-5324f429e445,1,1,1,0,81,0.0101386611424,factorial_cell,,
heldout,yolo11s,47286726-5dd4-4e26-bd2d-5324f429e445,1,1,1,1,81,0.00827980587705,factorial_cell,,
heldout,yolo11s,78da7b7e-8ddf-3c7d-8716-eaa890106dd3,0,0,0,0,73,0.00866413337649,factorial_cell,,
heldout,yolo11s,78da7b7e-8ddf-3c7d-8716-eaa890106dd3,0,0,0,1,73,0.00634581881641,factorial_cell,,
heldout,yolo11s,78da7b7e-8ddf-3c7d-8716-eaa890106dd3,0,0,1,0,73,0.00619263355986,factorial_cell,,
heldout,yolo11s,78da7b7e-8ddf-3c7d-8716-eaa890106dd3,0,0,1,1,73,0.00481702250224,factorial_cell,,
heldout,yolo11s,78da7b7e-8ddf-3c7d-8716-eaa890106dd3,0,1,0,0,73,0.00868816378979,factorial_cell,,
heldout,yolo11s,78da7b7e-8ddf-3c7d-8716-eaa890106dd3,0,1,0,1,73,0.00668069923825,factorial_cell,,
heldout,yolo11s,78da7b7e-8ddf-3c7d-8716-eaa890106dd3,0,1,1,0,73,0.00619202224445,factorial_cell,,
heldout,yolo11s,78da7b7e-8ddf-3c7d-8716-eaa890106dd3,0,1,1,1,73,0.00465411278812,factorial_cell,,
heldout,yolo11s,78da7b7e-8ddf-3c7d-8716-eaa890106dd3,1,0,0,0,73,0.00669772442012,factorial_cell,,
heldout,yolo11s,78da7b7e-8ddf-3c7d-8716-eaa890106dd3,1,0,0,1,73,0.00552655614025,factorial_cell,,
heldout,yolo11s,78da7b7e-8ddf-3c7d-8716-eaa890106dd3,1,0,1,0,73,0.00619263355986,factorial_cell,,
heldout,yolo11s,78da7b7e-8ddf-3c7d-8716-eaa890106dd3,1,0,1,1,73,0.00481702250224,factorial_cell,,
heldout,yolo11s,78da7b7e-8ddf-3c7d-8716-eaa890106dd3,1,1,0,0,73,0.00680992585343,factorial_cell,,
heldout,yolo11s,78da7b7e-8ddf-3c7d-8716-eaa890106dd3,1,1,0,1,73,0.00520930615745,factorial_cell,,
heldout,yolo11s,78da7b7e-8ddf-3c7d-8716-eaa890106dd3,1,1,1,0,73,0.00619202224445,factorial_cell,,
heldout,yolo11s,78da7b7e-8ddf-3c7d-8716-eaa890106dd3,1,1,1,1,73,0.00465411278812,factorial_cell,,
heldout,yolo11s,b50c4763-5d1e-37f4-a009-2244aeebabcd,0,0,0,0,41,0.00994438719729,factorial_cell,,
heldout,yolo11s,b50c4763-5d1e-37f4-a009-2244aeebabcd,0,0,0,1,41,0.00835288848321,factorial_cell,,
heldout,yolo11s,b50c4763-5d1e-37f4-a009-2244aeebabcd,0,0,1,0,41,0.00783778176044,factorial_cell,,
heldout,yolo11s,b50c4763-5d1e-37f4-a009-2244aeebabcd,0,0,1,1,41,0.00795092436673,factorial_cell,,
heldout,yolo11s,b50c4763-5d1e-37f4-a009-2244aeebabcd,0,1,0,0,41,0.00980497905541,factorial_cell,,
heldout,yolo11s,b50c4763-5d1e-37f4-a009-2244aeebabcd,0,1,0,1,41,0.00823247112801,factorial_cell,,
heldout,yolo11s,b50c4763-5d1e-37f4-a009-2244aeebabcd,0,1,1,0,41,0.00790316992498,factorial_cell,,
heldout,yolo11s,b50c4763-5d1e-37f4-a009-2244aeebabcd,0,1,1,1,41,0.00808677581833,factorial_cell,,
heldout,yolo11s,b50c4763-5d1e-37f4-a009-2244aeebabcd,1,0,0,0,41,0.00989108592631,factorial_cell,,
heldout,yolo11s,b50c4763-5d1e-37f4-a009-2244aeebabcd,1,0,0,1,41,0.00919192638849,factorial_cell,,
heldout,yolo11s,b50c4763-5d1e-37f4-a009-2244aeebabcd,1,0,1,0,41,0.00783778176044,factorial_cell,,
heldout,yolo11s,b50c4763-5d1e-37f4-a009-2244aeebabcd,1,0,1,1,41,0.00795092436673,factorial_cell,,
heldout,yolo11s,b50c4763-5d1e-37f4-a009-2244aeebabcd,1,1,0,0,41,0.00961453613229,factorial_cell,,
heldout,yolo11s,b50c4763-5d1e-37f4-a009-2244aeebabcd,1,1,0,1,41,0.00855017509097,factorial_cell,,
heldout,yolo11s,b50c4763-5d1e-37f4-a009-2244aeebabcd,1,1,1,0,41,0.00790316992498,factorial_cell,,
heldout,yolo11s,b50c4763-5d1e-37f4-a009-2244aeebabcd,1,1,1,1,41,0.00808677581833,factorial_cell,,
heldout,yolo11s,dafe14f5-825c-4e7a-9009-6dfdfdd5b030,0,0,0,0,68,0.0095496010316,factorial_cell,,
heldout,yolo11s,dafe14f5-825c-4e7a-9009-6dfdfdd5b030,0,0,0,1,68,0.00558452683581,factorial_cell,,
heldout,yolo11s,dafe14f5-825c-4e7a-9009-6dfdfdd5b030,0,0,1,0,68,0.00660303174483,factorial_cell,,
heldout,yolo11s,dafe14f5-825c-4e7a-9009-6dfdfdd5b030,0,0,1,1,68,0.00389192004313,factorial_cell,,
heldout,yolo11s,dafe14f5-825c-4e7a-9009-6dfdfdd5b030,0,1,0,0,68,0.00899828668516,factorial_cell,,
heldout,yolo11s,dafe14f5-825c-4e7a-9009-6dfdfdd5b030,0,1,0,1,68,0.00547929550401,factorial_cell,,
heldout,yolo11s,dafe14f5-825c-4e7a-9009-6dfdfdd5b030,0,1,1,0,68,0.00673159380507,factorial_cell,,
heldout,yolo11s,dafe14f5-825c-4e7a-9009-6dfdfdd5b030,0,1,1,1,68,0.00373537256624,factorial_cell,,
heldout,yolo11s,dafe14f5-825c-4e7a-9009-6dfdfdd5b030,1,0,0,0,68,0.0093424951708,factorial_cell,,
heldout,yolo11s,dafe14f5-825c-4e7a-9009-6dfdfdd5b030,1,0,0,1,68,0.00493547214358,factorial_cell,,
heldout,yolo11s,dafe14f5-825c-4e7a-9009-6dfdfdd5b030,1,0,1,0,68,0.00660303174483,factorial_cell,,
heldout,yolo11s,dafe14f5-825c-4e7a-9009-6dfdfdd5b030,1,0,1,1,68,0.00389192004313,factorial_cell,,
heldout,yolo11s,dafe14f5-825c-4e7a-9009-6dfdfdd5b030,1,1,0,0,68,0.00863962162486,factorial_cell,,
heldout,yolo11s,dafe14f5-825c-4e7a-9009-6dfdfdd5b030,1,1,0,1,68,0.00458632344924,factorial_cell,,
heldout,yolo11s,dafe14f5-825c-4e7a-9009-6dfdfdd5b030,1,1,1,0,68,0.00673159380507,factorial_cell,,
heldout,yolo11s,dafe14f5-825c-4e7a-9009-6dfdfdd5b030,1,1,1,1,68,0.00373537256624,factorial_cell,,
heldout,yolo11s,f2576c8a-da9b-450e-88cf-a70af1b0eadf,0,0,0,0,34,0.0123428685137,factorial_cell,,
heldout,yolo11s,f2576c8a-da9b-450e-88cf-a70af1b0eadf,0,0,0,1,34,0.0088395561076,factorial_cell,,
heldout,yolo11s,f2576c8a-da9b-450e-88cf-a70af1b0eadf,0,0,1,0,34,0.0089366129234,factorial_cell,,
heldout,yolo11s,f2576c8a-da9b-450e-88cf-a70af1b0eadf,0,0,1,1,34,0.00459185423506,factorial_cell,,
heldout,yolo11s,f2576c8a-da9b-450e-88cf-a70af1b0eadf,0,1,0,0,34,0.0121729187135,factorial_cell,,
heldout,yolo11s,f2576c8a-da9b-450e-88cf-a70af1b0eadf,0,1,0,1,34,0.00881768364916,factorial_cell,,
heldout,yolo11s,f2576c8a-da9b-450e-88cf-a70af1b0eadf,0,1,1,0,34,0.0090485519266,factorial_cell,,
heldout,yolo11s,f2576c8a-da9b-450e-88cf-a70af1b0eadf,0,1,1,1,34,0.00469364788122,factorial_cell,,
heldout,yolo11s,f2576c8a-da9b-450e-88cf-a70af1b0eadf,1,0,0,0,34,0.0108982209234,factorial_cell,,
heldout,yolo11s,f2576c8a-da9b-450e-88cf-a70af1b0eadf,1,0,0,1,34,0.00707215562252,factorial_cell,,
heldout,yolo11s,f2576c8a-da9b-450e-88cf-a70af1b0eadf,1,0,1,0,34,0.0089366129234,factorial_cell,,
heldout,yolo11s,f2576c8a-da9b-450e-88cf-a70af1b0eadf,1,0,1,1,34,0.00459185423506,factorial_cell,,
heldout,yolo11s,f2576c8a-da9b-450e-88cf-a70af1b0eadf,1,1,0,0,34,0.0108701210606,factorial_cell,,
heldout,yolo11s,f2576c8a-da9b-450e-88cf-a70af1b0eadf,1,1,0,1,34,0.00705154814243,factorial_cell,,
heldout,yolo11s,f2576c8a-da9b-450e-88cf-a70af1b0eadf,1,1,1,0,34,0.0090485519266,factorial_cell,,
heldout,yolo11s,f2576c8a-da9b-450e-88cf-a70af1b0eadf,1,1,1,1,34,0.00469364788122,factorial_cell,,
model_selection,yolo11s,8858428d-8fd5-3c3f-8ca4-d01f6e25e63c,0,0,0,0,34,0.00664835305237,factorial_cell,,
model_selection,yolo11s,8858428d-8fd5-3c3f-8ca4-d01f6e25e63c,0,0,0,1,34,0.00410788513096,factorial_cell,,
model_selection,yolo11s,8858428d-8fd5-3c3f-8ca4-d01f6e25e63c,0,0,1,0,34,0.00482218449679,factorial_cell,,
model_selection,yolo11s,8858428d-8fd5-3c3f-8ca4-d01f6e25e63c,0,0,1,1,34,0.00254822316097,factorial_cell,,
model_selection,yolo11s,8858428d-8fd5-3c3f-8ca4-d01f6e25e63c,0,1,0,0,34,0.00661537553225,factorial_cell,,
model_selection,yolo11s,8858428d-8fd5-3c3f-8ca4-d01f6e25e63c,0,1,0,1,34,0.00402997545769,factorial_cell,,
model_selection,yolo11s,8858428d-8fd5-3c3f-8ca4-d01f6e25e63c,0,1,1,0,34,0.00482468150285,factorial_cell,,
model_selection,yolo11s,8858428d-8fd5-3c3f-8ca4-d01f6e25e63c,0,1,1,1,34,0.00252366329,factorial_cell,,
model_selection,yolo11s,8858428d-8fd5-3c3f-8ca4-d01f6e25e63c,1,0,0,0,34,0.00527538371998,factorial_cell,,
model_selection,yolo11s,8858428d-8fd5-3c3f-8ca4-d01f6e25e63c,1,0,0,1,34,0.00378827861135,factorial_cell,,
model_selection,yolo11s,8858428d-8fd5-3c3f-8ca4-d01f6e25e63c,1,0,1,0,34,0.00482218449679,factorial_cell,,
model_selection,yolo11s,8858428d-8fd5-3c3f-8ca4-d01f6e25e63c,1,0,1,1,34,0.00254822316097,factorial_cell,,
model_selection,yolo11s,8858428d-8fd5-3c3f-8ca4-d01f6e25e63c,1,1,0,0,34,0.00518147880778,factorial_cell,,
model_selection,yolo11s,8858428d-8fd5-3c3f-8ca4-d01f6e25e63c,1,1,0,1,34,0.00374334558429,factorial_cell,,
model_selection,yolo11s,8858428d-8fd5-3c3f-8ca4-d01f6e25e63c,1,1,1,0,34,0.00482468150285,factorial_cell,,
model_selection,yolo11s,8858428d-8fd5-3c3f-8ca4-d01f6e25e63c,1,1,1,1,34,0.00252366329,factorial_cell,,
model_selection,yolo11s,a47ba6a9-ffa1-3979-bb40-512339284b8b,0,0,0,0,141,0.00801762110719,factorial_cell,,
model_selection,yolo11s,a47ba6a9-ffa1-3979-bb40-512339284b8b,0,0,0,1,141,0.00583503342903,factorial_cell,,
model_selection,yolo11s,a47ba6a9-ffa1-3979-bb40-512339284b8b,0,0,1,0,141,0.00553753959584,factorial_cell,,
model_selection,yolo11s,a47ba6a9-ffa1-3979-bb40-512339284b8b,0,0,1,1,141,0.00336926458861,factorial_cell,,
model_selection,yolo11s,a47ba6a9-ffa1-3979-bb40-512339284b8b,0,1,0,0,141,0.00803269826498,factorial_cell,,
model_selection,yolo11s,a47ba6a9-ffa1-3979-bb40-512339284b8b,0,1,0,1,141,0.00588189232838,factorial_cell,,
model_selection,yolo11s,a47ba6a9-ffa1-3979-bb40-512339284b8b,0,1,1,0,141,0.00553509817704,factorial_cell,,
model_selection,yolo11s,a47ba6a9-ffa1-3979-bb40-512339284b8b,0,1,1,1,141,0.00341107013799,factorial_cell,,
model_selection,yolo11s,a47ba6a9-ffa1-3979-bb40-512339284b8b,1,0,0,0,141,0.0069436143649,factorial_cell,,
model_selection,yolo11s,a47ba6a9-ffa1-3979-bb40-512339284b8b,1,0,0,1,141,0.00476543018692,factorial_cell,,
model_selection,yolo11s,a47ba6a9-ffa1-3979-bb40-512339284b8b,1,0,1,0,141,0.00553753959584,factorial_cell,,
model_selection,yolo11s,a47ba6a9-ffa1-3979-bb40-512339284b8b,1,0,1,1,141,0.00336926458861,factorial_cell,,
model_selection,yolo11s,a47ba6a9-ffa1-3979-bb40-512339284b8b,1,1,0,0,141,0.00695319049879,factorial_cell,,
model_selection,yolo11s,a47ba6a9-ffa1-3979-bb40-512339284b8b,1,1,0,1,141,0.00476376237475,factorial_cell,,
model_selection,yolo11s,a47ba6a9-ffa1-3979-bb40-512339284b8b,1,1,1,0,141,0.00553509817704,factorial_cell,,
model_selection,yolo11s,a47ba6a9-ffa1-3979-bb40-512339284b8b,1,1,1,1,141,0.00341107013799,factorial_cell,,
development,yolo11n,2a9b2658-097e-3f8b-a817-22f2553c5de8,0,0,0,0,48,0.0175072395999,factorial_cell,,
development,yolo11n,2a9b2658-097e-3f8b-a817-22f2553c5de8,0,0,0,1,48,0.0154269774588,factorial_cell,,
development,yolo11n,2a9b2658-097e-3f8b-a817-22f2553c5de8,0,0,1,0,48,0.0118527296179,factorial_cell,,
development,yolo11n,2a9b2658-097e-3f8b-a817-22f2553c5de8,0,0,1,1,48,0.0133435840562,factorial_cell,,
development,yolo11n,2a9b2658-097e-3f8b-a817-22f2553c5de8,0,1,0,0,48,0.0201697577176,factorial_cell,,
development,yolo11n,2a9b2658-097e-3f8b-a817-22f2553c5de8,0,1,0,1,48,0.0143116982208,factorial_cell,,
development,yolo11n,2a9b2658-097e-3f8b-a817-22f2553c5de8,0,1,1,0,48,0.0114645207836,factorial_cell,,
development,yolo11n,2a9b2658-097e-3f8b-a817-22f2553c5de8,0,1,1,1,48,0.0133749409205,factorial_cell,,
development,yolo11n,2a9b2658-097e-3f8b-a817-22f2553c5de8,1,0,0,0,48,0.0236661430313,factorial_cell,,
development,yolo11n,2a9b2658-097e-3f8b-a817-22f2553c5de8,1,0,0,1,48,0.0192483659652,factorial_cell,,
development,yolo11n,2a9b2658-097e-3f8b-a817-22f2553c5de8,1,0,1,0,48,0.0118527296179,factorial_cell,,
development,yolo11n,2a9b2658-097e-3f8b-a817-22f2553c5de8,1,0,1,1,48,0.0133435840562,factorial_cell,,
development,yolo11n,2a9b2658-097e-3f8b-a817-22f2553c5de8,1,1,0,0,48,0.0237284549442,factorial_cell,,
development,yolo11n,2a9b2658-097e-3f8b-a817-22f2553c5de8,1,1,0,1,48,0.0194843979218,factorial_cell,,
development,yolo11n,2a9b2658-097e-3f8b-a817-22f2553c5de8,1,1,1,0,48,0.0114645207836,factorial_cell,,
development,yolo11n,2a9b2658-097e-3f8b-a817-22f2553c5de8,1,1,1,1,48,0.0133749409205,factorial_cell,,
development,yolo11n,3fbdfb6c-927f-4aaa-81b1-21b02efd4c01,0,0,0,0,75,0.0102008202854,factorial_cell,,
development,yolo11n,3fbdfb6c-927f-4aaa-81b1-21b02efd4c01,0,0,0,1,75,0.0100353376571,factorial_cell,,
development,yolo11n,3fbdfb6c-927f-4aaa-81b1-21b02efd4c01,0,0,1,0,75,0.00691398161783,factorial_cell,,
development,yolo11n,3fbdfb6c-927f-4aaa-81b1-21b02efd4c01,0,0,1,1,75,0.00548429847329,factorial_cell,,
development,yolo11n,3fbdfb6c-927f-4aaa-81b1-21b02efd4c01,0,1,0,0,75,0.010197313199,factorial_cell,,
development,yolo11n,3fbdfb6c-927f-4aaa-81b1-21b02efd4c01,0,1,0,1,75,0.0102495122845,factorial_cell,,
development,yolo11n,3fbdfb6c-927f-4aaa-81b1-21b02efd4c01,0,1,1,0,75,0.00711672604377,factorial_cell,,
development,yolo11n,3fbdfb6c-927f-4aaa-81b1-21b02efd4c01,0,1,1,1,75,0.0056097265132,factorial_cell,,
development,yolo11n,3fbdfb6c-927f-4aaa-81b1-21b02efd4c01,1,0,0,0,75,0.00866988104235,factorial_cell,,
development,yolo11n,3fbdfb6c-927f-4aaa-81b1-21b02efd4c01,1,0,0,1,75,0.00892124277109,factorial_cell,,
development,yolo11n,3fbdfb6c-927f-4aaa-81b1-21b02efd4c01,1,0,1,0,75,0.00691398161783,factorial_cell,,
development,yolo11n,3fbdfb6c-927f-4aaa-81b1-21b02efd4c01,1,0,1,1,75,0.00548429847329,factorial_cell,,
development,yolo11n,3fbdfb6c-927f-4aaa-81b1-21b02efd4c01,1,1,0,0,75,0.00866988104235,factorial_cell,,
development,yolo11n,3fbdfb6c-927f-4aaa-81b1-21b02efd4c01,1,1,0,1,75,0.0086270202207,factorial_cell,,
development,yolo11n,3fbdfb6c-927f-4aaa-81b1-21b02efd4c01,1,1,1,0,75,0.00711672604377,factorial_cell,,
development,yolo11n,3fbdfb6c-927f-4aaa-81b1-21b02efd4c01,1,1,1,1,75,0.0056097265132,factorial_cell,,
development,yolo11n,47358aac-2ec0-3d45-a837-f2069ca7cee3,0,0,0,0,92,0.00841438912866,factorial_cell,,
development,yolo11n,47358aac-2ec0-3d45-a837-f2069ca7cee3,0,0,0,1,92,0.00666472259183,factorial_cell,,
development,yolo11n,47358aac-2ec0-3d45-a837-f2069ca7cee3,0,0,1,0,92,0.00676786763999,factorial_cell,,
development,yolo11n,47358aac-2ec0-3d45-a837-f2069ca7cee3,0,0,1,1,92,0.00527851573613,factorial_cell,,
development,yolo11n,47358aac-2ec0-3d45-a837-f2069ca7cee3,0,1,0,0,92,0.00850963060162,factorial_cell,,
development,yolo11n,47358aac-2ec0-3d45-a837-f2069ca7cee3,0,1,0,1,92,0.00676751134751,factorial_cell,,
development,yolo11n,47358aac-2ec0-3d45-a837-f2069ca7cee3,0,1,1,0,92,0.00677762679062,factorial_cell,,
development,yolo11n,47358aac-2ec0-3d45-a837-f2069ca7cee3,0,1,1,1,92,0.00521667216497,factorial_cell,,
development,yolo11n,47358aac-2ec0-3d45-a837-f2069ca7cee3,1,0,0,0,92,0.00731932177245,factorial_cell,,
development,yolo11n,47358aac-2ec0-3d45-a837-f2069ca7cee3,1,0,0,1,92,0.00579202846587,factorial_cell,,
development,yolo11n,47358aac-2ec0-3d45-a837-f2069ca7cee3,1,0,1,0,92,0.00676786763999,factorial_cell,,
development,yolo11n,47358aac-2ec0-3d45-a837-f2069ca7cee3,1,0,1,1,92,0.00527851573613,factorial_cell,,
development,yolo11n,47358aac-2ec0-3d45-a837-f2069ca7cee3,1,1,0,0,92,0.00731522621731,factorial_cell,,
development,yolo11n,47358aac-2ec0-3d45-a837-f2069ca7cee3,1,1,0,1,92,0.00596975311617,factorial_cell,,
development,yolo11n,47358aac-2ec0-3d45-a837-f2069ca7cee3,1,1,1,0,92,0.00677762679062,factorial_cell,,
development,yolo11n,47358aac-2ec0-3d45-a837-f2069ca7cee3,1,1,1,1,92,0.00521667216497,factorial_cell,,
development,yolo11n,6aa2ac89-6b25-3af6-ad59-221351189f4b,0,0,0,0,28,0.018405590814,factorial_cell,,
development,yolo11n,6aa2ac89-6b25-3af6-ad59-221351189f4b,0,0,0,1,28,0.0193587031931,factorial_cell,,
development,yolo11n,6aa2ac89-6b25-3af6-ad59-221351189f4b,0,0,1,0,28,0.0120003296877,factorial_cell,,
development,yolo11n,6aa2ac89-6b25-3af6-ad59-221351189f4b,0,0,1,1,28,0.00655114007768,factorial_cell,,
development,yolo11n,6aa2ac89-6b25-3af6-ad59-221351189f4b,0,1,0,0,28,0.0195207227646,factorial_cell,,
development,yolo11n,6aa2ac89-6b25-3af6-ad59-221351189f4b,0,1,0,1,28,0.0187204677071,factorial_cell,,
development,yolo11n,6aa2ac89-6b25-3af6-ad59-221351189f4b,0,1,1,0,28,0.0123527196182,factorial_cell,,
development,yolo11n,6aa2ac89-6b25-3af6-ad59-221351189f4b,0,1,1,1,28,0.00616451508645,factorial_cell,,
development,yolo11n,6aa2ac89-6b25-3af6-ad59-221351189f4b,1,0,0,0,28,0.0130756539134,factorial_cell,,
development,yolo11n,6aa2ac89-6b25-3af6-ad59-221351189f4b,1,0,0,1,28,0.00785590992771,factorial_cell,,
development,yolo11n,6aa2ac89-6b25-3af6-ad59-221351189f4b,1,0,1,0,28,0.0120003296877,factorial_cell,,
development,yolo11n,6aa2ac89-6b25-3af6-ad59-221351189f4b,1,0,1,1,28,0.00655114007768,factorial_cell,,
development,yolo11n,6aa2ac89-6b25-3af6-ad59-221351189f4b,1,1,0,0,28,0.0132435253893,factorial_cell,,
development,yolo11n,6aa2ac89-6b25-3af6-ad59-221351189f4b,1,1,0,1,28,0.00751055740808,factorial_cell,,
development,yolo11n,6aa2ac89-6b25-3af6-ad59-221351189f4b,1,1,1,0,28,0.0123527196182,factorial_cell,,
development,yolo11n,6aa2ac89-6b25-3af6-ad59-221351189f4b,1,1,1,1,28,0.00616451508645,factorial_cell,,
development,yolo11n,7e3d8631-3b7d-38c1-b833-ee7cfa7235ca,0,0,0,0,101,0.016229782446,factorial_cell,,
development,yolo11n,7e3d8631-3b7d-38c1-b833-ee7cfa7235ca,0,0,0,1,101,0.0110051599751,factorial_cell,,
development,yolo11n,7e3d8631-3b7d-38c1-b833-ee7cfa7235ca,0,0,1,0,101,0.0149389092434,factorial_cell,,
development,yolo11n,7e3d8631-3b7d-38c1-b833-ee7cfa7235ca,0,0,1,1,101,0.0104732880469,factorial_cell,,
development,yolo11n,7e3d8631-3b7d-38c1-b833-ee7cfa7235ca,0,1,0,0,101,0.0164921820254,factorial_cell,,
development,yolo11n,7e3d8631-3b7d-38c1-b833-ee7cfa7235ca,0,1,0,1,101,0.0106513497549,factorial_cell,,
development,yolo11n,7e3d8631-3b7d-38c1-b833-ee7cfa7235ca,0,1,1,0,101,0.0149711755472,factorial_cell,,
development,yolo11n,7e3d8631-3b7d-38c1-b833-ee7cfa7235ca,0,1,1,1,101,0.00988153980806,factorial_cell,,
development,yolo11n,7e3d8631-3b7d-38c1-b833-ee7cfa7235ca,1,0,0,0,101,0.0137407049702,factorial_cell,,
development,yolo11n,7e3d8631-3b7d-38c1-b833-ee7cfa7235ca,1,0,0,1,101,0.0108204285502,factorial_cell,,
development,yolo11n,7e3d8631-3b7d-38c1-b833-ee7cfa7235ca,1,0,1,0,101,0.0149389092434,factorial_cell,,
development,yolo11n,7e3d8631-3b7d-38c1-b833-ee7cfa7235ca,1,0,1,1,101,0.0104732880469,factorial_cell,,
development,yolo11n,7e3d8631-3b7d-38c1-b833-ee7cfa7235ca,1,1,0,0,101,0.0138720718257,factorial_cell,,
development,yolo11n,7e3d8631-3b7d-38c1-b833-ee7cfa7235ca,1,1,0,1,101,0.0107733215207,factorial_cell,,
development,yolo11n,7e3d8631-3b7d-38c1-b833-ee7cfa7235ca,1,1,1,0,101,0.0149711755472,factorial_cell,,
development,yolo11n,7e3d8631-3b7d-38c1-b833-ee7cfa7235ca,1,1,1,1,101,0.00988153980806,factorial_cell,,
development,yolo11n,91923e20-9a05-32e0-ac53-8c09b0b60341,0,0,0,0,46,0.0218869609076,factorial_cell,,
development,yolo11n,91923e20-9a05-32e0-ac53-8c09b0b60341,0,0,0,1,46,0.0209316662983,factorial_cell,,
development,yolo11n,91923e20-9a05-32e0-ac53-8c09b0b60341,0,0,1,0,46,0.0100451420365,factorial_cell,,
development,yolo11n,91923e20-9a05-32e0-ac53-8c09b0b60341,0,0,1,1,46,0.00746208018515,factorial_cell,,
development,yolo11n,91923e20-9a05-32e0-ac53-8c09b0b60341,0,1,0,0,46,0.0195287029653,factorial_cell,,
development,yolo11n,91923e20-9a05-32e0-ac53-8c09b0b60341,0,1,0,1,46,0.0189483899953,factorial_cell,,
development,yolo11n,91923e20-9a05-32e0-ac53-8c09b0b60341,0,1,1,0,46,0.0100094967361,factorial_cell,,
development,yolo11n,91923e20-9a05-32e0-ac53-8c09b0b60341,0,1,1,1,46,0.00884144673491,factorial_cell,,
development,yolo11n,91923e20-9a05-32e0-ac53-8c09b0b60341,1,0,0,0,46,0.0119211352258,factorial_cell,,
development,yolo11n,91923e20-9a05-32e0-ac53-8c09b0b60341,1,0,0,1,46,0.0106523335455,factorial_cell,,
development,yolo11n,91923e20-9a05-32e0-ac53-8c09b0b60341,1,0,1,0,46,0.0100451420365,factorial_cell,,
development,yolo11n,91923e20-9a05-32e0-ac53-8c09b0b60341,1,0,1,1,46,0.00746208018515,factorial_cell,,
development,yolo11n,91923e20-9a05-32e0-ac53-8c09b0b60341,1,1,0,0,46,0.0116417405489,factorial_cell,,
development,yolo11n,91923e20-9a05-32e0-ac53-8c09b0b60341,1,1,0,1,46,0.0100854158651,factorial_cell,,
development,yolo11n,91923e20-9a05-32e0-ac53-8c09b0b60341,1,1,1,0,46,0.0100094967361,factorial_cell,,
development,yolo11n,91923e20-9a05-32e0-ac53-8c09b0b60341,1,1,1,1,46,0.00884144673491,factorial_cell,,
development,yolo11n,a359e053-a350-36cf-ab1d-a7980afaffa2,0,0,0,0,82,0.00961608561726,factorial_cell,,
development,yolo11n,a359e053-a350-36cf-ab1d-a7980afaffa2,0,0,0,1,82,0.00656879460697,factorial_cell,,
development,yolo11n,a359e053-a350-36cf-ab1d-a7980afaffa2,0,0,1,0,82,0.00820633976444,factorial_cell,,
development,yolo11n,a359e053-a350-36cf-ab1d-a7980afaffa2,0,0,1,1,82,0.00470167013866,factorial_cell,,
development,yolo11n,a359e053-a350-36cf-ab1d-a7980afaffa2,0,1,0,0,82,0.0100678654875,factorial_cell,,
development,yolo11n,a359e053-a350-36cf-ab1d-a7980afaffa2,0,1,0,1,82,0.00630201964679,factorial_cell,,
development,yolo11n,a359e053-a350-36cf-ab1d-a7980afaffa2,0,1,1,0,82,0.00827075651187,factorial_cell,,
development,yolo11n,a359e053-a350-36cf-ab1d-a7980afaffa2,0,1,1,1,82,0.0046351012028,factorial_cell,,
development,yolo11n,a359e053-a350-36cf-ab1d-a7980afaffa2,1,0,0,0,82,0.00844070301275,factorial_cell,,
development,yolo11n,a359e053-a350-36cf-ab1d-a7980afaffa2,1,0,0,1,82,0.00598585107411,factorial_cell,,
development,yolo11n,a359e053-a350-36cf-ab1d-a7980afaffa2,1,0,1,0,82,0.00820633976444,factorial_cell,,
development,yolo11n,a359e053-a350-36cf-ab1d-a7980afaffa2,1,0,1,1,82,0.00470167013866,factorial_cell,,
development,yolo11n,a359e053-a350-36cf-ab1d-a7980afaffa2,1,1,0,0,82,0.00828496143587,factorial_cell,,
development,yolo11n,a359e053-a350-36cf-ab1d-a7980afaffa2,1,1,0,1,82,0.00594013305062,factorial_cell,,
development,yolo11n,a359e053-a350-36cf-ab1d-a7980afaffa2,1,1,1,0,82,0.00827075651187,factorial_cell,,
development,yolo11n,a359e053-a350-36cf-ab1d-a7980afaffa2,1,1,1,1,82,0.0046351012028,factorial_cell,,
development,yolo11n,bb9be2e6-8f0e-3bb3-8bb9-5d9aa9df384d,0,0,0,0,47,0.0295187823516,factorial_cell,,
development,yolo11n,bb9be2e6-8f0e-3bb3-8bb9-5d9aa9df384d,0,0,0,1,47,0.0189191918215,factorial_cell,,
development,yolo11n,bb9be2e6-8f0e-3bb3-8bb9-5d9aa9df384d,0,0,1,0,47,0.0258307481591,factorial_cell,,
development,yolo11n,bb9be2e6-8f0e-3bb3-8bb9-5d9aa9df384d,0,0,1,1,47,0.0130406337254,factorial_cell,,
development,yolo11n,bb9be2e6-8f0e-3bb3-8bb9-5d9aa9df384d,0,1,0,0,47,0.030307909116,factorial_cell,,
development,yolo11n,bb9be2e6-8f0e-3bb3-8bb9-5d9aa9df384d,0,1,0,1,47,0.0188948288973,factorial_cell,,
development,yolo11n,bb9be2e6-8f0e-3bb3-8bb9-5d9aa9df384d,0,1,1,0,47,0.0258282255655,factorial_cell,,
development,yolo11n,bb9be2e6-8f0e-3bb3-8bb9-5d9aa9df384d,0,1,1,1,47,0.0130916916121,factorial_cell,,
development,yolo11n,bb9be2e6-8f0e-3bb3-8bb9-5d9aa9df384d,1,0,0,0,47,0.0288555021236,factorial_cell,,
development,yolo11n,bb9be2e6-8f0e-3bb3-8bb9-5d9aa9df384d,1,0,0,1,47,0.0204240251096,factorial_cell,,
development,yolo11n,bb9be2e6-8f0e-3bb3-8bb9-5d9aa9df384d,1,0,1,0,47,0.0258307481591,factorial_cell,,
development,yolo11n,bb9be2e6-8f0e-3bb3-8bb9-5d9aa9df384d,1,0,1,1,47,0.0130406337254,factorial_cell,,
development,yolo11n,bb9be2e6-8f0e-3bb3-8bb9-5d9aa9df384d,1,1,0,0,47,0.0288868371672,factorial_cell,,
development,yolo11n,bb9be2e6-8f0e-3bb3-8bb9-5d9aa9df384d,1,1,0,1,47,0.0198687191252,factorial_cell,,
development,yolo11n,bb9be2e6-8f0e-3bb3-8bb9-5d9aa9df384d,1,1,1,0,47,0.0258282255655,factorial_cell,,
development,yolo11n,bb9be2e6-8f0e-3bb3-8bb9-5d9aa9df384d,1,1,1,1,47,0.0130916916121,factorial_cell,,
development,yolo11n,dd251cc5-736d-3b76-8ad3-3f6cb138178e,0,0,0,0,62,0.00963963180828,factorial_cell,,
development,yolo11n,dd251cc5-736d-3b76-8ad3-3f6cb138178e,0,0,0,1,62,0.00933505945167,factorial_cell,,
development,yolo11n,dd251cc5-736d-3b76-8ad3-3f6cb138178e,0,0,1,0,62,0.00964214908445,factorial_cell,,
development,yolo11n,dd251cc5-736d-3b76-8ad3-3f6cb138178e,0,0,1,1,62,0.00854980658715,factorial_cell,,
development,yolo11n,dd251cc5-736d-3b76-8ad3-3f6cb138178e,0,1,0,0,62,0.00976585660086,factorial_cell,,
development,yolo11n,dd251cc5-736d-3b76-8ad3-3f6cb138178e,0,1,0,1,62,0.00956793826171,factorial_cell,,
development,yolo11n,dd251cc5-736d-3b76-8ad3-3f6cb138178e,0,1,1,0,62,0.00942787755993,factorial_cell,,
development,yolo11n,dd251cc5-736d-3b76-8ad3-3f6cb138178e,0,1,1,1,62,0.00775718803782,factorial_cell,,
development,yolo11n,dd251cc5-736d-3b76-8ad3-3f6cb138178e,1,0,0,0,62,0.00961064396291,factorial_cell,,
development,yolo11n,dd251cc5-736d-3b76-8ad3-3f6cb138178e,1,0,0,1,62,0.00894462623298,factorial_cell,,
development,yolo11n,dd251cc5-736d-3b76-8ad3-3f6cb138178e,1,0,1,0,62,0.00964214908445,factorial_cell,,
development,yolo11n,dd251cc5-736d-3b76-8ad3-3f6cb138178e,1,0,1,1,62,0.00854980658715,factorial_cell,,
development,yolo11n,dd251cc5-736d-3b76-8ad3-3f6cb138178e,1,1,0,0,62,0.00922300779933,factorial_cell,,
development,yolo11n,dd251cc5-736d-3b76-8ad3-3f6cb138178e,1,1,0,1,62,0.00853578803632,factorial_cell,,
development,yolo11n,dd251cc5-736d-3b76-8ad3-3f6cb138178e,1,1,1,0,62,0.00942787755993,factorial_cell,,
development,yolo11n,dd251cc5-736d-3b76-8ad3-3f6cb138178e,1,1,1,1,62,0.00775718803782,factorial_cell,,
development,yolo11n,ff52c01e-3d7b-32b1-b6a1-bcff3459ccdd,0,0,0,0,49,0.0362949155882,factorial_cell,,
development,yolo11n,ff52c01e-3d7b-32b1-b6a1-bcff3459ccdd,0,0,0,1,49,0.0206549080287,factorial_cell,,
development,yolo11n,ff52c01e-3d7b-32b1-b6a1-bcff3459ccdd,0,0,1,0,49,0.0319392931485,factorial_cell,,
development,yolo11n,ff52c01e-3d7b-32b1-b6a1-bcff3459ccdd,0,0,1,1,49,0.00782844127083,factorial_cell,,
development,yolo11n,ff52c01e-3d7b-32b1-b6a1-bcff3459ccdd,0,1,0,0,49,0.0360875396237,factorial_cell,,
development,yolo11n,ff52c01e-3d7b-32b1-b6a1-bcff3459ccdd,0,1,0,1,49,0.0177067835457,factorial_cell,,
development,yolo11n,ff52c01e-3d7b-32b1-b6a1-bcff3459ccdd,0,1,1,0,49,0.0319206842385,factorial_cell,,
development,yolo11n,ff52c01e-3d7b-32b1-b6a1-bcff3459ccdd,0,1,1,1,49,0.00779731790328,factorial_cell,,
development,yolo11n,ff52c01e-3d7b-32b1-b6a1-bcff3459ccdd,1,0,0,0,49,0.0305083462888,factorial_cell,,
development,yolo11n,ff52c01e-3d7b-32b1-b6a1-bcff3459ccdd,1,0,0,1,49,0.0104369573394,factorial_cell,,
development,yolo11n,ff52c01e-3d7b-32b1-b6a1-bcff3459ccdd,1,0,1,0,49,0.0319392931485,factorial_cell,,
development,yolo11n,ff52c01e-3d7b-32b1-b6a1-bcff3459ccdd,1,0,1,1,49,0.00782844127083,factorial_cell,,
development,yolo11n,ff52c01e-3d7b-32b1-b6a1-bcff3459ccdd,1,1,0,0,49,0.0304987531968,factorial_cell,,
development,yolo11n,ff52c01e-3d7b-32b1-b6a1-bcff3459ccdd,1,1,0,1,49,0.0103867513946,factorial_cell,,
development,yolo11n,ff52c01e-3d7b-32b1-b6a1-bcff3459ccdd,1,1,1,0,49,0.0319206842385,factorial_cell,,
development,yolo11n,ff52c01e-3d7b-32b1-b6a1-bcff3459ccdd,1,1,1,1,49,0.00779731790328,factorial_cell,,
heldout,yolo11n,1da4a0aa-22ae-3958-856d-05303de1f576,0,0,0,0,71,0.0119409483027,factorial_cell,,
heldout,yolo11n,1da4a0aa-22ae-3958-856d-05303de1f576,0,0,0,1,71,0.00812430029535,factorial_cell,,
heldout,yolo11n,1da4a0aa-22ae-3958-856d-05303de1f576,0,0,1,0,71,0.0100628197956,factorial_cell,,
heldout,yolo11n,1da4a0aa-22ae-3958-856d-05303de1f576,0,0,1,1,71,0.00550347256063,factorial_cell,,
heldout,yolo11n,1da4a0aa-22ae-3958-856d-05303de1f576,0,1,0,0,71,0.0119266115198,factorial_cell,,
heldout,yolo11n,1da4a0aa-22ae-3958-856d-05303de1f576,0,1,0,1,71,0.00805512804818,factorial_cell,,
heldout,yolo11n,1da4a0aa-22ae-3958-856d-05303de1f576,0,1,1,0,71,0.0100841462555,factorial_cell,,
heldout,yolo11n,1da4a0aa-22ae-3958-856d-05303de1f576,0,1,1,1,71,0.00552246215407,factorial_cell,,
heldout,yolo11n,1da4a0aa-22ae-3958-856d-05303de1f576,1,0,0,0,71,0.0109168086273,factorial_cell,,
heldout,yolo11n,1da4a0aa-22ae-3958-856d-05303de1f576,1,0,0,1,71,0.00723123299223,factorial_cell,,
heldout,yolo11n,1da4a0aa-22ae-3958-856d-05303de1f576,1,0,1,0,71,0.0100628197956,factorial_cell,,
heldout,yolo11n,1da4a0aa-22ae-3958-856d-05303de1f576,1,0,1,1,71,0.00550347256063,factorial_cell,,
heldout,yolo11n,1da4a0aa-22ae-3958-856d-05303de1f576,1,1,0,0,71,0.010813691747,factorial_cell,,
heldout,yolo11n,1da4a0aa-22ae-3958-856d-05303de1f576,1,1,0,1,71,0.00706053737236,factorial_cell,,
heldout,yolo11n,1da4a0aa-22ae-3958-856d-05303de1f576,1,1,1,0,71,0.0100841462555,factorial_cell,,
heldout,yolo11n,1da4a0aa-22ae-3958-856d-05303de1f576,1,1,1,1,71,0.00552246215407,factorial_cell,,
heldout,yolo11n,44adf4c4-6064-362f-94d3-323ed42cfda9,0,0,0,0,33,0.0112593545028,factorial_cell,,
heldout,yolo11n,44adf4c4-6064-362f-94d3-323ed42cfda9,0,0,0,1,33,0.00769992306558,factorial_cell,,
heldout,yolo11n,44adf4c4-6064-362f-94d3-323ed42cfda9,0,0,1,0,33,0.0107205079074,factorial_cell,,
heldout,yolo11n,44adf4c4-6064-362f-94d3-323ed42cfda9,0,0,1,1,33,0.00648035824188,factorial_cell,,
heldout,yolo11n,44adf4c4-6064-362f-94d3-323ed42cfda9,0,1,0,0,33,0.011251363691,factorial_cell,,
heldout,yolo11n,44adf4c4-6064-362f-94d3-323ed42cfda9,0,1,0,1,33,0.00778450913433,factorial_cell,,
heldout,yolo11n,44adf4c4-6064-362f-94d3-323ed42cfda9,0,1,1,0,33,0.0106623243889,factorial_cell,,
heldout,yolo11n,44adf4c4-6064-362f-94d3-323ed42cfda9,0,1,1,1,33,0.00682752749266,factorial_cell,,
heldout,yolo11n,44adf4c4-6064-362f-94d3-323ed42cfda9,1,0,0,0,33,0.0124354168678,factorial_cell,,
heldout,yolo11n,44adf4c4-6064-362f-94d3-323ed42cfda9,1,0,0,1,33,0.00678639203624,factorial_cell,,
heldout,yolo11n,44adf4c4-6064-362f-94d3-323ed42cfda9,1,0,1,0,33,0.0107205079074,factorial_cell,,
heldout,yolo11n,44adf4c4-6064-362f-94d3-323ed42cfda9,1,0,1,1,33,0.00648035824188,factorial_cell,,
heldout,yolo11n,44adf4c4-6064-362f-94d3-323ed42cfda9,1,1,0,0,33,0.0123391630801,factorial_cell,,
heldout,yolo11n,44adf4c4-6064-362f-94d3-323ed42cfda9,1,1,0,1,33,0.00681006766418,factorial_cell,,
heldout,yolo11n,44adf4c4-6064-362f-94d3-323ed42cfda9,1,1,1,0,33,0.0106623243889,factorial_cell,,
heldout,yolo11n,44adf4c4-6064-362f-94d3-323ed42cfda9,1,1,1,1,33,0.00682752749266,factorial_cell,,
heldout,yolo11n,78683234-e6f1-3e4e-af52-6f839254e4c0,0,0,0,0,27,0.00994118595673,factorial_cell,,
heldout,yolo11n,78683234-e6f1-3e4e-af52-6f839254e4c0,0,0,0,1,27,0.0102792191279,factorial_cell,,
heldout,yolo11n,78683234-e6f1-3e4e-af52-6f839254e4c0,0,0,1,0,27,0.00676961396583,factorial_cell,,
heldout,yolo11n,78683234-e6f1-3e4e-af52-6f839254e4c0,0,0,1,1,27,0.00624854307467,factorial_cell,,
heldout,yolo11n,78683234-e6f1-3e4e-af52-6f839254e4c0,0,1,0,0,27,0.00979868681968,factorial_cell,,
heldout,yolo11n,78683234-e6f1-3e4e-af52-6f839254e4c0,0,1,0,1,27,0.00960969211132,factorial_cell,,
heldout,yolo11n,78683234-e6f1-3e4e-af52-6f839254e4c0,0,1,1,0,27,0.00675906494259,factorial_cell,,
heldout,yolo11n,78683234-e6f1-3e4e-af52-6f839254e4c0,0,1,1,1,27,0.00558242826781,factorial_cell,,
heldout,yolo11n,78683234-e6f1-3e4e-af52-6f839254e4c0,1,0,0,0,27,0.0080832659129,factorial_cell,,
heldout,yolo11n,78683234-e6f1-3e4e-af52-6f839254e4c0,1,0,0,1,27,0.00728548421211,factorial_cell,,
heldout,yolo11n,78683234-e6f1-3e4e-af52-6f839254e4c0,1,0,1,0,27,0.00676961396583,factorial_cell,,
heldout,yolo11n,78683234-e6f1-3e4e-af52-6f839254e4c0,1,0,1,1,27,0.00624854307467,factorial_cell,,
heldout,yolo11n,78683234-e6f1-3e4e-af52-6f839254e4c0,1,1,0,0,27,0.00803682376951,factorial_cell,,
heldout,yolo11n,78683234-e6f1-3e4e-af52-6f839254e4c0,1,1,0,1,27,0.00693374440391,factorial_cell,,
heldout,yolo11n,78683234-e6f1-3e4e-af52-6f839254e4c0,1,1,1,0,27,0.00675906494259,factorial_cell,,
heldout,yolo11n,78683234-e6f1-3e4e-af52-6f839254e4c0,1,1,1,1,27,0.00558242826781,factorial_cell,,
heldout,yolo11n,b2053fdc-0b94-30bc-aee7-5bc6fb7e9f52,0,0,0,0,82,0.0163951169415,factorial_cell,,
heldout,yolo11n,b2053fdc-0b94-30bc-aee7-5bc6fb7e9f52,0,0,0,1,82,0.00882747181125,factorial_cell,,
heldout,yolo11n,b2053fdc-0b94-30bc-aee7-5bc6fb7e9f52,0,0,1,0,82,0.013684356388,factorial_cell,,
heldout,yolo11n,b2053fdc-0b94-30bc-aee7-5bc6fb7e9f52,0,0,1,1,82,0.00601006110582,factorial_cell,,
heldout,yolo11n,b2053fdc-0b94-30bc-aee7-5bc6fb7e9f52,0,1,0,0,82,0.0167404702118,factorial_cell,,
heldout,yolo11n,b2053fdc-0b94-30bc-aee7-5bc6fb7e9f52,0,1,0,1,82,0.00871834425503,factorial_cell,,
heldout,yolo11n,b2053fdc-0b94-30bc-aee7-5bc6fb7e9f52,0,1,1,0,82,0.0137011129554,factorial_cell,,
heldout,yolo11n,b2053fdc-0b94-30bc-aee7-5bc6fb7e9f52,0,1,1,1,82,0.00593503761968,factorial_cell,,
heldout,yolo11n,b2053fdc-0b94-30bc-aee7-5bc6fb7e9f52,1,0,0,0,82,0.0152776870102,factorial_cell,,
heldout,yolo11n,b2053fdc-0b94-30bc-aee7-5bc6fb7e9f52,1,0,0,1,82,0.00702852335736,factorial_cell,,
heldout,yolo11n,b2053fdc-0b94-30bc-aee7-5bc6fb7e9f52,1,0,1,0,82,0.013684356388,factorial_cell,,
heldout,yolo11n,b2053fdc-0b94-30bc-aee7-5bc6fb7e9f52,1,0,1,1,82,0.00601006110582,factorial_cell,,
heldout,yolo11n,b2053fdc-0b94-30bc-aee7-5bc6fb7e9f52,1,1,0,0,82,0.0156680599931,factorial_cell,,
heldout,yolo11n,b2053fdc-0b94-30bc-aee7-5bc6fb7e9f52,1,1,0,1,82,0.00736278000733,factorial_cell,,
heldout,yolo11n,b2053fdc-0b94-30bc-aee7-5bc6fb7e9f52,1,1,1,0,82,0.0137011129554,factorial_cell,,
heldout,yolo11n,b2053fdc-0b94-30bc-aee7-5bc6fb7e9f52,1,1,1,1,82,0.00593503761968,factorial_cell,,
heldout,yolo11n,da036982-92bf-36a8-b880-4ccf4e20b74e,0,0,0,0,32,0.0273471460277,factorial_cell,,
heldout,yolo11n,da036982-92bf-36a8-b880-4ccf4e20b74e,0,0,0,1,32,0.0108698412813,factorial_cell,,
heldout,yolo11n,da036982-92bf-36a8-b880-4ccf4e20b74e,0,0,1,0,32,0.0192309864908,factorial_cell,,
heldout,yolo11n,da036982-92bf-36a8-b880-4ccf4e20b74e,0,0,1,1,32,0.00784173884998,factorial_cell,,
heldout,yolo11n,da036982-92bf-36a8-b880-4ccf4e20b74e,0,1,0,0,32,0.0270773621835,factorial_cell,,
heldout,yolo11n,da036982-92bf-36a8-b880-4ccf4e20b74e,0,1,0,1,32,0.0109608528635,factorial_cell,,
heldout,yolo11n,da036982-92bf-36a8-b880-4ccf4e20b74e,0,1,1,0,32,0.0199573677956,factorial_cell,,
heldout,yolo11n,da036982-92bf-36a8-b880-4ccf4e20b74e,0,1,1,1,32,0.00797471845878,factorial_cell,,
heldout,yolo11n,da036982-92bf-36a8-b880-4ccf4e20b74e,1,0,0,0,32,0.0202204631018,factorial_cell,,
heldout,yolo11n,da036982-92bf-36a8-b880-4ccf4e20b74e,1,0,0,1,32,0.0106941839323,factorial_cell,,
heldout,yolo11n,da036982-92bf-36a8-b880-4ccf4e20b74e,1,0,1,0,32,0.0192309864908,factorial_cell,,
heldout,yolo11n,da036982-92bf-36a8-b880-4ccf4e20b74e,1,0,1,1,32,0.00784173884998,factorial_cell,,
heldout,yolo11n,da036982-92bf-36a8-b880-4ccf4e20b74e,1,1,0,0,32,0.0205654758151,factorial_cell,,
heldout,yolo11n,da036982-92bf-36a8-b880-4ccf4e20b74e,1,1,0,1,32,0.0108299127554,factorial_cell,,
heldout,yolo11n,da036982-92bf-36a8-b880-4ccf4e20b74e,1,1,1,0,32,0.0199573677956,factorial_cell,,
heldout,yolo11n,da036982-92bf-36a8-b880-4ccf4e20b74e,1,1,1,1,32,0.00797471845878,factorial_cell,,
heldout,yolo11n,f1275002-842e-3571-8f7d-05816bc7cf56,0,0,0,0,62,0.00860502635563,factorial_cell,,
heldout,yolo11n,f1275002-842e-3571-8f7d-05816bc7cf56,0,0,0,1,62,0.00608769521508,factorial_cell,,
heldout,yolo11n,f1275002-842e-3571-8f7d-05816bc7cf56,0,0,1,0,62,0.00680648222256,factorial_cell,,
heldout,yolo11n,f1275002-842e-3571-8f7d-05816bc7cf56,0,0,1,1,62,0.00433443747483,factorial_cell,,
heldout,yolo11n,f1275002-842e-3571-8f7d-05816bc7cf56,0,1,0,0,62,0.0080984195788,factorial_cell,,
heldout,yolo11n,f1275002-842e-3571-8f7d-05816bc7cf56,0,1,0,1,62,0.00606184071979,factorial_cell,,
heldout,yolo11n,f1275002-842e-3571-8f7d-05816bc7cf56,0,1,1,0,62,0.00665500152446,factorial_cell,,
heldout,yolo11n,f1275002-842e-3571-8f7d-05816bc7cf56,0,1,1,1,62,0.00442909251513,factorial_cell,,
heldout,yolo11n,f1275002-842e-3571-8f7d-05816bc7cf56,1,0,0,0,62,0.00777091384403,factorial_cell,,
heldout,yolo11n,f1275002-842e-3571-8f7d-05816bc7cf56,1,0,0,1,62,0.00545707296241,factorial_cell,,
heldout,yolo11n,f1275002-842e-3571-8f7d-05816bc7cf56,1,0,1,0,62,0.00680648222256,factorial_cell,,
heldout,yolo11n,f1275002-842e-3571-8f7d-05816bc7cf56,1,0,1,1,62,0.00433443747483,factorial_cell,,
heldout,yolo11n,f1275002-842e-3571-8f7d-05816bc7cf56,1,1,0,0,62,0.00767115781759,factorial_cell,,
heldout,yolo11n,f1275002-842e-3571-8f7d-05816bc7cf56,1,1,0,1,62,0.00544901878711,factorial_cell,,
heldout,yolo11n,f1275002-842e-3571-8f7d-05816bc7cf56,1,1,1,0,62,0.00665500152446,factorial_cell,,
heldout,yolo11n,f1275002-842e-3571-8f7d-05816bc7cf56,1,1,1,1,62,0.00442909251513,factorial_cell,,
model_selection,yolo11n,271f4204-dd77-350b-b9db-5dabc4191985,0,0,0,0,17,0.0174042936992,factorial_cell,,
model_selection,yolo11n,271f4204-dd77-350b-b9db-5dabc4191985,0,0,0,1,17,0.00487049421609,factorial_cell,,
model_selection,yolo11n,271f4204-dd77-350b-b9db-5dabc4191985,0,0,1,0,17,0.013879568236,factorial_cell,,
model_selection,yolo11n,271f4204-dd77-350b-b9db-5dabc4191985,0,0,1,1,17,0.00310294940628,factorial_cell,,
model_selection,yolo11n,271f4204-dd77-350b-b9db-5dabc4191985,0,1,0,0,17,0.0174116818947,factorial_cell,,
model_selection,yolo11n,271f4204-dd77-350b-b9db-5dabc4191985,0,1,0,1,17,0.00490380299863,factorial_cell,,
model_selection,yolo11n,271f4204-dd77-350b-b9db-5dabc4191985,0,1,1,0,17,0.0138949257469,factorial_cell,,
model_selection,yolo11n,271f4204-dd77-350b-b9db-5dabc4191985,0,1,1,1,17,0.00296290440521,factorial_cell,,
model_selection,yolo11n,271f4204-dd77-350b-b9db-5dabc4191985,1,0,0,0,17,0.0174571091669,factorial_cell,,
model_selection,yolo11n,271f4204-dd77-350b-b9db-5dabc4191985,1,0,0,1,17,0.00477640444714,factorial_cell,,
model_selection,yolo11n,271f4204-dd77-350b-b9db-5dabc4191985,1,0,1,0,17,0.013879568236,factorial_cell,,
model_selection,yolo11n,271f4204-dd77-350b-b9db-5dabc4191985,1,0,1,1,17,0.00310294940628,factorial_cell,,
model_selection,yolo11n,271f4204-dd77-350b-b9db-5dabc4191985,1,1,0,0,17,0.0174654841624,factorial_cell,,
model_selection,yolo11n,271f4204-dd77-350b-b9db-5dabc4191985,1,1,0,1,17,0.00470610187417,factorial_cell,,
model_selection,yolo11n,271f4204-dd77-350b-b9db-5dabc4191985,1,1,1,0,17,0.0138949257469,factorial_cell,,
model_selection,yolo11n,271f4204-dd77-350b-b9db-5dabc4191985,1,1,1,1,17,0.00296290440521,factorial_cell,,
model_selection,yolo11n,a1c1d559-0480-39d2-94f0-1a89f0226c4f,0,0,0,0,46,0.0208426250558,factorial_cell,,
model_selection,yolo11n,a1c1d559-0480-39d2-94f0-1a89f0226c4f,0,0,0,1,46,0.0125210449884,factorial_cell,,
model_selection,yolo11n,a1c1d559-0480-39d2-94f0-1a89f0226c4f,0,0,1,0,46,0.0126018938396,factorial_cell,,
model_selection,yolo11n,a1c1d559-0480-39d2-94f0-1a89f0226c4f,0,0,1,1,46,0.00664753385035,factorial_cell,,
model_selection,yolo11n,a1c1d559-0480-39d2-94f0-1a89f0226c4f,0,1,0,0,46,0.0194615738695,factorial_cell,,
model_selection,yolo11n,a1c1d559-0480-39d2-94f0-1a89f0226c4f,0,1,0,1,46,0.0119718760943,factorial_cell,,
model_selection,yolo11n,a1c1d559-0480-39d2-94f0-1a89f0226c4f,0,1,1,0,46,0.0126137211527,factorial_cell,,
model_selection,yolo11n,a1c1d559-0480-39d2-94f0-1a89f0226c4f,0,1,1,1,46,0.00617333522924,factorial_cell,,
model_selection,yolo11n,a1c1d559-0480-39d2-94f0-1a89f0226c4f,1,0,0,0,46,0.0166622791316,factorial_cell,,
model_selection,yolo11n,a1c1d559-0480-39d2-94f0-1a89f0226c4f,1,0,0,1,46,0.0103653326622,factorial_cell,,
model_selection,yolo11n,a1c1d559-0480-39d2-94f0-1a89f0226c4f,1,0,1,0,46,0.0126018938396,factorial_cell,,
model_selection,yolo11n,a1c1d559-0480-39d2-94f0-1a89f0226c4f,1,0,1,1,46,0.00664753385035,factorial_cell,,
model_selection,yolo11n,a1c1d559-0480-39d2-94f0-1a89f0226c4f,1,1,0,0,46,0.0151096804053,factorial_cell,,
model_selection,yolo11n,a1c1d559-0480-39d2-94f0-1a89f0226c4f,1,1,0,1,46,0.00941615402341,factorial_cell,,
model_selection,yolo11n,a1c1d559-0480-39d2-94f0-1a89f0226c4f,1,1,1,0,46,0.0126137211527,factorial_cell,,
model_selection,yolo11n,a1c1d559-0480-39d2-94f0-1a89f0226c4f,1,1,1,1,46,0.00617333522924,factorial_cell,,
development,yolo11s,01bb304d-7bd8-35f8-bbef-7086b688e35e,0,0,0,0,41,0.0233549181738,factorial_cell,,
development,yolo11s,01bb304d-7bd8-35f8-bbef-7086b688e35e,0,0,0,1,41,0.00950254326776,factorial_cell,,
development,yolo11s,01bb304d-7bd8-35f8-bbef-7086b688e35e,0,0,1,0,41,0.0202533442212,factorial_cell,,
development,yolo11s,01bb304d-7bd8-35f8-bbef-7086b688e35e,0,0,1,1,41,0.00568287807481,factorial_cell,,
development,yolo11s,01bb304d-7bd8-35f8-bbef-7086b688e35e,0,1,0,0,41,0.0231134459023,factorial_cell,,
development,yolo11s,01bb304d-7bd8-35f8-bbef-7086b688e35e,0,1,0,1,41,0.0093700742511,factorial_cell,,
development,yolo11s,01bb304d-7bd8-35f8-bbef-7086b688e35e,0,1,1,0,41,0.0202652161667,factorial_cell,,
development,yolo11s,01bb304d-7bd8-35f8-bbef-7086b688e35e,0,1,1,1,41,0.00567420014419,factorial_cell,,
development,yolo11s,01bb304d-7bd8-35f8-bbef-7086b688e35e,1,0,0,0,41,0.0240382228525,factorial_cell,,
development,yolo11s,01bb304d-7bd8-35f8-bbef-7086b688e35e,1,0,0,1,41,0.00894313227618,factorial_cell,,
development,yolo11s,01bb304d-7bd8-35f8-bbef-7086b688e35e,1,0,1,0,41,0.0202533442212,factorial_cell,,
development,yolo11s,01bb304d-7bd8-35f8-bbef-7086b688e35e,1,0,1,1,41,0.00568287807481,factorial_cell,,
development,yolo11s,01bb304d-7bd8-35f8-bbef-7086b688e35e,1,1,0,0,41,0.0240983054872,factorial_cell,,
development,yolo11s,01bb304d-7bd8-35f8-bbef-7086b688e35e,1,1,0,1,41,0.00898473019682,factorial_cell,,
development,yolo11s,01bb304d-7bd8-35f8-bbef-7086b688e35e,1,1,1,0,41,0.0202652161667,factorial_cell,,
development,yolo11s,01bb304d-7bd8-35f8-bbef-7086b688e35e,1,1,1,1,41,0.00567420014419,factorial_cell,,
development,yolo11s,349c4c1c-9561-360f-9ae7-59772335d54b,0,0,0,0,82,0.0100841769022,factorial_cell,,
development,yolo11s,349c4c1c-9561-360f-9ae7-59772335d54b,0,0,0,1,82,0.00923743718388,factorial_cell,,
development,yolo11s,349c4c1c-9561-360f-9ae7-59772335d54b,0,0,1,0,82,0.00861583952117,factorial_cell,,
development,yolo11s,349c4c1c-9561-360f-9ae7-59772335d54b,0,0,1,1,82,0.00699990256963,factorial_cell,,
development,yolo11s,349c4c1c-9561-360f-9ae7-59772335d54b,0,1,0,0,82,0.0099152110132,factorial_cell,,
development,yolo11s,349c4c1c-9561-360f-9ae7-59772335d54b,0,1,0,1,82,0.0091696588232,factorial_cell,,
development,yolo11s,349c4c1c-9561-360f-9ae7-59772335d54b,0,1,1,0,82,0.00857917815673,factorial_cell,,
development,yolo11s,349c4c1c-9561-360f-9ae7-59772335d54b,0,1,1,1,82,0.00700180688105,factorial_cell,,
development,yolo11s,349c4c1c-9561-360f-9ae7-59772335d54b,1,0,0,0,82,0.00994899921383,factorial_cell,,
development,yolo11s,349c4c1c-9561-360f-9ae7-59772335d54b,1,0,0,1,82,0.00898543385928,factorial_cell,,
development,yolo11s,349c4c1c-9561-360f-9ae7-59772335d54b,1,0,1,0,82,0.00861583952117,factorial_cell,,
development,yolo11s,349c4c1c-9561-360f-9ae7-59772335d54b,1,0,1,1,82,0.00699990256963,factorial_cell,,
development,yolo11s,349c4c1c-9561-360f-9ae7-59772335d54b,1,1,0,0,82,0.0100487643225,factorial_cell,,
development,yolo11s,349c4c1c-9561-360f-9ae7-59772335d54b,1,1,0,1,82,0.00885521954114,factorial_cell,,
development,yolo11s,349c4c1c-9561-360f-9ae7-59772335d54b,1,1,1,0,82,0.00857917815673,factorial_cell,,
development,yolo11s,349c4c1c-9561-360f-9ae7-59772335d54b,1,1,1,1,82,0.00700180688105,factorial_cell,,
development,yolo11s,41b6f7d7-e431-3992-b783-74b9edf42215,0,0,0,0,69,0.0117881853429,factorial_cell,,
development,yolo11s,41b6f7d7-e431-3992-b783-74b9edf42215,0,0,0,1,69,0.00851085312845,factorial_cell,,
development,yolo11s,41b6f7d7-e431-3992-b783-74b9edf42215,0,0,1,0,69,0.00941959123219,factorial_cell,,
development,yolo11s,41b6f7d7-e431-3992-b783-74b9edf42215,0,0,1,1,69,0.0057907870917,factorial_cell,,
development,yolo11s,41b6f7d7-e431-3992-b783-74b9edf42215,0,1,0,0,69,0.0118209728402,factorial_cell,,
development,yolo11s,41b6f7d7-e431-3992-b783-74b9edf42215,0,1,0,1,69,0.00796873436469,factorial_cell,,
development,yolo11s,41b6f7d7-e431-3992-b783-74b9edf42215,0,1,1,0,69,0.00941848978158,factorial_cell,,
development,yolo11s,41b6f7d7-e431-3992-b783-74b9edf42215,0,1,1,1,69,0.00577983029081,factorial_cell,,
development,yolo11s,41b6f7d7-e431-3992-b783-74b9edf42215,1,0,0,0,69,0.0119811948703,factorial_cell,,
development,yolo11s,41b6f7d7-e431-3992-b783-74b9edf42215,1,0,0,1,69,0.00819698967777,factorial_cell,,
development,yolo11s,41b6f7d7-e431-3992-b783-74b9edf42215,1,0,1,0,69,0.00941959123219,factorial_cell,,
development,yolo11s,41b6f7d7-e431-3992-b783-74b9edf42215,1,0,1,1,69,0.0057907870917,factorial_cell,,
development,yolo11s,41b6f7d7-e431-3992-b783-74b9edf42215,1,1,0,0,69,0.0120958338067,factorial_cell,,
development,yolo11s,41b6f7d7-e431-3992-b783-74b9edf42215,1,1,0,1,69,0.00741308171704,factorial_cell,,
development,yolo11s,41b6f7d7-e431-3992-b783-74b9edf42215,1,1,1,0,69,0.00941848978158,factorial_cell,,
development,yolo11s,41b6f7d7-e431-3992-b783-74b9edf42215,1,1,1,1,69,0.00577983029081,factorial_cell,,
development,yolo11s,5b1d8b11-4f90-3577-be0b-193e102fda82,0,0,0,0,59,0.0305815801284,factorial_cell,,
development,yolo11s,5b1d8b11-4f90-3577-be0b-193e102fda82,0,0,0,1,59,0.0127877159488,factorial_cell,,
development,yolo11s,5b1d8b11-4f90-3577-be0b-193e102fda82,0,0,1,0,59,0.0323606645863,factorial_cell,,
development,yolo11s,5b1d8b11-4f90-3577-be0b-193e102fda82,0,0,1,1,59,0.00756075313853,factorial_cell,,
development,yolo11s,5b1d8b11-4f90-3577-be0b-193e102fda82,0,1,0,0,59,0.0305436775007,factorial_cell,,
development,yolo11s,5b1d8b11-4f90-3577-be0b-193e102fda82,0,1,0,1,59,0.0129400779538,factorial_cell,,
development,yolo11s,5b1d8b11-4f90-3577-be0b-193e102fda82,0,1,1,0,59,0.0329531072295,factorial_cell,,
development,yolo11s,5b1d8b11-4f90-3577-be0b-193e102fda82,0,1,1,1,59,0.00747367005153,factorial_cell,,
development,yolo11s,5b1d8b11-4f90-3577-be0b-193e102fda82,1,0,0,0,59,0.0378930369389,factorial_cell,,
development,yolo11s,5b1d8b11-4f90-3577-be0b-193e102fda82,1,0,0,1,59,0.00844211156583,factorial_cell,,
development,yolo11s,5b1d8b11-4f90-3577-be0b-193e102fda82,1,0,1,0,59,0.0323606645863,factorial_cell,,
development,yolo11s,5b1d8b11-4f90-3577-be0b-193e102fda82,1,0,1,1,59,0.00756075313853,factorial_cell,,
development,yolo11s,5b1d8b11-4f90-3577-be0b-193e102fda82,1,1,0,0,59,0.0379015305393,factorial_cell,,
development,yolo11s,5b1d8b11-4f90-3577-be0b-193e102fda82,1,1,0,1,59,0.00868367178182,factorial_cell,,
development,yolo11s,5b1d8b11-4f90-3577-be0b-193e102fda82,1,1,1,0,59,0.0329531072295,factorial_cell,,
development,yolo11s,5b1d8b11-4f90-3577-be0b-193e102fda82,1,1,1,1,59,0.00747367005153,factorial_cell,,
development,yolo11s,6dc6e668-549e-33b8-b952-ed8e807b1d48,0,0,0,0,53,0.0220609486592,factorial_cell,,
development,yolo11s,6dc6e668-549e-33b8-b952-ed8e807b1d48,0,0,0,1,53,0.019121168811,factorial_cell,,
development,yolo11s,6dc6e668-549e-33b8-b952-ed8e807b1d48,0,0,1,0,53,0.016085934313,factorial_cell,,
development,yolo11s,6dc6e668-549e-33b8-b952-ed8e807b1d48,0,0,1,1,53,0.00832265167457,factorial_cell,,
development,yolo11s,6dc6e668-549e-33b8-b952-ed8e807b1d48,0,1,0,0,53,0.0208797831271,factorial_cell,,
development,yolo11s,6dc6e668-549e-33b8-b952-ed8e807b1d48,0,1,0,1,53,0.0185581736553,factorial_cell,,
development,yolo11s,6dc6e668-549e-33b8-b952-ed8e807b1d48,0,1,1,0,53,0.0160911522591,factorial_cell,,
development,yolo11s,6dc6e668-549e-33b8-b952-ed8e807b1d48,0,1,1,1,53,0.00824163375881,factorial_cell,,
development,yolo11s,6dc6e668-549e-33b8-b952-ed8e807b1d48,1,0,0,0,53,0.0221471883987,factorial_cell,,
development,yolo11s,6dc6e668-549e-33b8-b952-ed8e807b1d48,1,0,0,1,53,0.0185641560166,factorial_cell,,
development,yolo11s,6dc6e668-549e-33b8-b952-ed8e807b1d48,1,0,1,0,53,0.016085934313,factorial_cell,,
development,yolo11s,6dc6e668-549e-33b8-b952-ed8e807b1d48,1,0,1,1,53,0.00832265167457,factorial_cell,,
development,yolo11s,6dc6e668-549e-33b8-b952-ed8e807b1d48,1,1,0,0,53,0.022108014457,factorial_cell,,
development,yolo11s,6dc6e668-549e-33b8-b952-ed8e807b1d48,1,1,0,1,53,0.0187091708509,factorial_cell,,
development,yolo11s,6dc6e668-549e-33b8-b952-ed8e807b1d48,1,1,1,0,53,0.0160911522591,factorial_cell,,
development,yolo11s,6dc6e668-549e-33b8-b952-ed8e807b1d48,1,1,1,1,53,0.00824163375881,factorial_cell,,
development,yolo11s,80da8956-f418-319c-9f49-3d47d9002546,0,0,0,0,44,0.00710257647276,factorial_cell,,
development,yolo11s,80da8956-f418-319c-9f49-3d47d9002546,0,0,0,1,44,0.0051078608498,factorial_cell,,
development,yolo11s,80da8956-f418-319c-9f49-3d47d9002546,0,0,1,0,44,0.00490567977915,factorial_cell,,
development,yolo11s,80da8956-f418-319c-9f49-3d47d9002546,0,0,1,1,44,0.00337148770245,factorial_cell,,
development,yolo11s,80da8956-f418-319c-9f49-3d47d9002546,0,1,0,0,44,0.00701262295303,factorial_cell,,
development,yolo11s,80da8956-f418-319c-9f49-3d47d9002546,0,1,0,1,44,0.00508870536086,factorial_cell,,
development,yolo11s,80da8956-f418-319c-9f49-3d47d9002546,0,1,1,0,44,0.00495331266462,factorial_cell,,
development,yolo11s,80da8956-f418-319c-9f49-3d47d9002546,0,1,1,1,44,0.00348222164003,factorial_cell,,
development,yolo11s,80da8956-f418-319c-9f49-3d47d9002546,1,0,0,0,44,0.00779569447009,factorial_cell,,
development,yolo11s,80da8956-f418-319c-9f49-3d47d9002546,1,0,0,1,44,0.00502070897292,factorial_cell,,
development,yolo11s,80da8956-f418-319c-9f49-3d47d9002546,1,0,1,0,44,0.00490567977915,factorial_cell,,
development,yolo11s,80da8956-f418-319c-9f49-3d47d9002546,1,0,1,1,44,0.00337148770245,factorial_cell,,
development,yolo11s,80da8956-f418-319c-9f49-3d47d9002546,1,1,0,0,44,0.00774490829014,factorial_cell,,
development,yolo11s,80da8956-f418-319c-9f49-3d47d9002546,1,1,0,1,44,0.00497038265692,factorial_cell,,
development,yolo11s,80da8956-f418-319c-9f49-3d47d9002546,1,1,1,0,44,0.00495331266462,factorial_cell,,
development,yolo11s,80da8956-f418-319c-9f49-3d47d9002546,1,1,1,1,44,0.00348222164003,factorial_cell,,
development,yolo11s,9239d493-31d7-3dd0-a05f-03d50a242392,0,0,0,0,53,0.0121108285506,factorial_cell,,
development,yolo11s,9239d493-31d7-3dd0-a05f-03d50a242392,0,0,0,1,53,0.00976571883789,factorial_cell,,
development,yolo11s,9239d493-31d7-3dd0-a05f-03d50a242392,0,0,1,0,53,0.00952299735657,factorial_cell,,
development,yolo11s,9239d493-31d7-3dd0-a05f-03d50a242392,0,0,1,1,53,0.00623365390668,factorial_cell,,
development,yolo11s,9239d493-31d7-3dd0-a05f-03d50a242392,0,1,0,0,53,0.0119583491234,factorial_cell,,
development,yolo11s,9239d493-31d7-3dd0-a05f-03d50a242392,0,1,0,1,53,0.00821118821677,factorial_cell,,
development,yolo11s,9239d493-31d7-3dd0-a05f-03d50a242392,0,1,1,0,53,0.0104410998867,factorial_cell,,
development,yolo11s,9239d493-31d7-3dd0-a05f-03d50a242392,0,1,1,1,53,0.00665105419378,factorial_cell,,
development,yolo11s,9239d493-31d7-3dd0-a05f-03d50a242392,1,0,0,0,53,0.0132595989791,factorial_cell,,
development,yolo11s,9239d493-31d7-3dd0-a05f-03d50a242392,1,0,0,1,53,0.00808184093556,factorial_cell,,
development,yolo11s,9239d493-31d7-3dd0-a05f-03d50a242392,1,0,1,0,53,0.00952299735657,factorial_cell,,
development,yolo11s,9239d493-31d7-3dd0-a05f-03d50a242392,1,0,1,1,53,0.00623365390668,factorial_cell,,
development,yolo11s,9239d493-31d7-3dd0-a05f-03d50a242392,1,1,0,0,53,0.0131116681643,factorial_cell,,
development,yolo11s,9239d493-31d7-3dd0-a05f-03d50a242392,1,1,0,1,53,0.00797796747402,factorial_cell,,
development,yolo11s,9239d493-31d7-3dd0-a05f-03d50a242392,1,1,1,0,53,0.0104410998867,factorial_cell,,
development,yolo11s,9239d493-31d7-3dd0-a05f-03d50a242392,1,1,1,1,53,0.00665105419378,factorial_cell,,
development,yolo11s,aa539866-29e4-353e-95a9-b6d321b53b33,0,0,0,0,69,0.0167520336169,factorial_cell,,
development,yolo11s,aa539866-29e4-353e-95a9-b6d321b53b33,0,0,0,1,69,0.00891444003073,factorial_cell,,
development,yolo11s,aa539866-29e4-353e-95a9-b6d321b53b33,0,0,1,0,69,0.0133017075466,factorial_cell,,
development,yolo11s,aa539866-29e4-353e-95a9-b6d321b53b33,0,0,1,1,69,0.00535020457081,factorial_cell,,
development,yolo11s,aa539866-29e4-353e-95a9-b6d321b53b33,0,1,0,0,69,0.0169720235786,factorial_cell,,
development,yolo11s,aa539866-29e4-353e-95a9-b6d321b53b33,0,1,0,1,69,0.0087729695912,factorial_cell,,
development,yolo11s,aa539866-29e4-353e-95a9-b6d321b53b33,0,1,1,0,69,0.0133409895925,factorial_cell,,
development,yolo11s,aa539866-29e4-353e-95a9-b6d321b53b33,0,1,1,1,69,0.00499213906448,factorial_cell,,
development,yolo11s,aa539866-29e4-353e-95a9-b6d321b53b33,1,0,0,0,69,0.0149219414812,factorial_cell,,
development,yolo11s,aa539866-29e4-353e-95a9-b6d321b53b33,1,0,0,1,69,0.00858346050349,factorial_cell,,
development,yolo11s,aa539866-29e4-353e-95a9-b6d321b53b33,1,0,1,0,69,0.0133017075466,factorial_cell,,
development,yolo11s,aa539866-29e4-353e-95a9-b6d321b53b33,1,0,1,1,69,0.00535020457081,factorial_cell,,
development,yolo11s,aa539866-29e4-353e-95a9-b6d321b53b33,1,1,0,0,69,0.0147901213617,factorial_cell,,
development,yolo11s,aa539866-29e4-353e-95a9-b6d321b53b33,1,1,0,1,69,0.00852467508719,factorial_cell,,
development,yolo11s,aa539866-29e4-353e-95a9-b6d321b53b33,1,1,1,0,69,0.0133409895925,factorial_cell,,
development,yolo11s,aa539866-29e4-353e-95a9-b6d321b53b33,1,1,1,1,69,0.00499213906448,factorial_cell,,
development,yolo11s,c7f5e5c1-dc52-3619-8998-420b2e280d8a,0,0,0,0,55,0.0107710677555,factorial_cell,,
development,yolo11s,c7f5e5c1-dc52-3619-8998-420b2e280d8a,0,0,0,1,55,0.00869864145594,factorial_cell,,
development,yolo11s,c7f5e5c1-dc52-3619-8998-420b2e280d8a,0,0,1,0,55,0.00995603901858,factorial_cell,,
development,yolo11s,c7f5e5c1-dc52-3619-8998-420b2e280d8a,0,0,1,1,55,0.00590782896779,factorial_cell,,
development,yolo11s,c7f5e5c1-dc52-3619-8998-420b2e280d8a,0,1,0,0,55,0.0107100006549,factorial_cell,,
development,yolo11s,c7f5e5c1-dc52-3619-8998-420b2e280d8a,0,1,0,1,55,0.00878816869809,factorial_cell,,
development,yolo11s,c7f5e5c1-dc52-3619-8998-420b2e280d8a,0,1,1,0,55,0.00980449599047,factorial_cell,,
development,yolo11s,c7f5e5c1-dc52-3619-8998-420b2e280d8a,0,1,1,1,55,0.00573112049526,factorial_cell,,
development,yolo11s,c7f5e5c1-dc52-3619-8998-420b2e280d8a,1,0,0,0,55,0.0109990693714,factorial_cell,,
development,yolo11s,c7f5e5c1-dc52-3619-8998-420b2e280d8a,1,0,0,1,55,0.00847501551156,factorial_cell,,
development,yolo11s,c7f5e5c1-dc52-3619-8998-420b2e280d8a,1,0,1,0,55,0.00995603901858,factorial_cell,,
development,yolo11s,c7f5e5c1-dc52-3619-8998-420b2e280d8a,1,0,1,1,55,0.00590782896779,factorial_cell,,
development,yolo11s,c7f5e5c1-dc52-3619-8998-420b2e280d8a,1,1,0,0,55,0.0107323996347,factorial_cell,,
development,yolo11s,c7f5e5c1-dc52-3619-8998-420b2e280d8a,1,1,0,1,55,0.00847796398547,factorial_cell,,
development,yolo11s,c7f5e5c1-dc52-3619-8998-420b2e280d8a,1,1,1,0,55,0.00980449599047,factorial_cell,,
development,yolo11s,c7f5e5c1-dc52-3619-8998-420b2e280d8a,1,1,1,1,55,0.00573112049526,factorial_cell,,
development,yolo11s,ec3133b4-2b17-3d49-b78a-4bc480ac5137,0,0,0,0,56,0.00910611356019,factorial_cell,,
development,yolo11s,ec3133b4-2b17-3d49-b78a-4bc480ac5137,0,0,0,1,56,0.008450361397,factorial_cell,,
development,yolo11s,ec3133b4-2b17-3d49-b78a-4bc480ac5137,0,0,1,0,56,0.00774479630663,factorial_cell,,
development,yolo11s,ec3133b4-2b17-3d49-b78a-4bc480ac5137,0,0,1,1,56,0.0045847886353,factorial_cell,,
development,yolo11s,ec3133b4-2b17-3d49-b78a-4bc480ac5137,0,1,0,0,56,0.00911593309569,factorial_cell,,
development,yolo11s,ec3133b4-2b17-3d49-b78a-4bc480ac5137,0,1,0,1,56,0.0084654531677,factorial_cell,,
development,yolo11s,ec3133b4-2b17-3d49-b78a-4bc480ac5137,0,1,1,0,56,0.00830622244292,factorial_cell,,
development,yolo11s,ec3133b4-2b17-3d49-b78a-4bc480ac5137,0,1,1,1,56,0.00452940937539,factorial_cell,,
development,yolo11s,ec3133b4-2b17-3d49-b78a-4bc480ac5137,1,0,0,0,56,0.00818201775173,factorial_cell,,
development,yolo11s,ec3133b4-2b17-3d49-b78a-4bc480ac5137,1,0,0,1,56,0.00723113561945,factorial_cell,,
development,yolo11s,ec3133b4-2b17-3d49-b78a-4bc480ac5137,1,0,1,0,56,0.00774479630663,factorial_cell,,
development,yolo11s,ec3133b4-2b17-3d49-b78a-4bc480ac5137,1,0,1,1,56,0.0045847886353,factorial_cell,,
development,yolo11s,ec3133b4-2b17-3d49-b78a-4bc480ac5137,1,1,0,0,56,0.00822879519702,factorial_cell,,
development,yolo11s,ec3133b4-2b17-3d49-b78a-4bc480ac5137,1,1,0,1,56,0.00718111506064,factorial_cell,,
development,yolo11s,ec3133b4-2b17-3d49-b78a-4bc480ac5137,1,1,1,0,56,0.00830622244292,factorial_cell,,
development,yolo11s,ec3133b4-2b17-3d49-b78a-4bc480ac5137,1,1,1,1,56,0.00452940937539,factorial_cell,,
heldout,yolo11s,0b86f508-5df9-4a46-bc59-5b9536dbde9f,0,0,0,0,64,0.0108659980402,factorial_cell,,
heldout,yolo11s,0b86f508-5df9-4a46-bc59-5b9536dbde9f,0,0,0,1,64,0.00745423060476,factorial_cell,,
heldout,yolo11s,0b86f508-5df9-4a46-bc59-5b9536dbde9f,0,0,1,0,64,0.00810957214938,factorial_cell,,
heldout,yolo11s,0b86f508-5df9-4a46-bc59-5b9536dbde9f,0,0,1,1,64,0.00438343166973,factorial_cell,,
heldout,yolo11s,0b86f508-5df9-4a46-bc59-5b9536dbde9f,0,1,0,0,64,0.0106372785398,factorial_cell,,
heldout,yolo11s,0b86f508-5df9-4a46-bc59-5b9536dbde9f,0,1,0,1,64,0.00812436295266,factorial_cell,,
heldout,yolo11s,0b86f508-5df9-4a46-bc59-5b9536dbde9f,0,1,1,0,64,0.00824735746663,factorial_cell,,
heldout,yolo11s,0b86f508-5df9-4a46-bc59-5b9536dbde9f,0,1,1,1,64,0.00438995406641,factorial_cell,,
heldout,yolo11s,0b86f508-5df9-4a46-bc59-5b9536dbde9f,1,0,0,0,64,0.00820807372688,factorial_cell,,
heldout,yolo11s,0b86f508-5df9-4a46-bc59-5b9536dbde9f,1,0,0,1,64,0.00586922331098,factorial_cell,,
heldout,yolo11s,0b86f508-5df9-4a46-bc59-5b9536dbde9f,1,0,1,0,64,0.00810957214938,factorial_cell,,
heldout,yolo11s,0b86f508-5df9-4a46-bc59-5b9536dbde9f,1,0,1,1,64,0.00438343166973,factorial_cell,,
heldout,yolo11s,0b86f508-5df9-4a46-bc59-5b9536dbde9f,1,1,0,0,64,0.00816958137153,factorial_cell,,
heldout,yolo11s,0b86f508-5df9-4a46-bc59-5b9536dbde9f,1,1,0,1,64,0.00615952350931,factorial_cell,,
heldout,yolo11s,0b86f508-5df9-4a46-bc59-5b9536dbde9f,1,1,1,0,64,0.00824735746663,factorial_cell,,
heldout,yolo11s,0b86f508-5df9-4a46-bc59-5b9536dbde9f,1,1,1,1,64,0.00438995406641,factorial_cell,,
heldout,yolo11s,24642607-2a51-384a-90a7-228067956d05,0,0,0,0,53,0.0551288380006,factorial_cell,,
heldout,yolo11s,24642607-2a51-384a-90a7-228067956d05,0,0,0,1,53,0.0463588501949,factorial_cell,,
heldout,yolo11s,24642607-2a51-384a-90a7-228067956d05,0,0,1,0,53,0.0532584870874,factorial_cell,,
heldout,yolo11s,24642607-2a51-384a-90a7-228067956d05,0,0,1,1,53,0.0550740721372,factorial_cell,,
heldout,yolo11s,24642607-2a51-384a-90a7-228067956d05,0,1,0,0,53,0.0548621527991,factorial_cell,,
heldout,yolo11s,24642607-2a51-384a-90a7-228067956d05,0,1,0,1,53,0.0456603694943,factorial_cell,,
heldout,yolo11s,24642607-2a51-384a-90a7-228067956d05,0,1,1,0,53,0.0532752211254,factorial_cell,,
heldout,yolo11s,24642607-2a51-384a-90a7-228067956d05,0,1,1,1,53,0.0551108602688,factorial_cell,,
heldout,yolo11s,24642607-2a51-384a-90a7-228067956d05,1,0,0,0,53,0.0597855796088,factorial_cell,,
heldout,yolo11s,24642607-2a51-384a-90a7-228067956d05,1,0,0,1,53,0.0573301731619,factorial_cell,,
heldout,yolo11s,24642607-2a51-384a-90a7-228067956d05,1,0,1,0,53,0.0532584870874,factorial_cell,,
heldout,yolo11s,24642607-2a51-384a-90a7-228067956d05,1,0,1,1,53,0.0550740721372,factorial_cell,,
heldout,yolo11s,24642607-2a51-384a-90a7-228067956d05,1,1,0,0,53,0.059736801208,factorial_cell,,
heldout,yolo11s,24642607-2a51-384a-90a7-228067956d05,1,1,0,1,53,0.060756514837,factorial_cell,,
heldout,yolo11s,24642607-2a51-384a-90a7-228067956d05,1,1,1,0,53,0.0532752211254,factorial_cell,,
heldout,yolo11s,24642607-2a51-384a-90a7-228067956d05,1,1,1,1,53,0.0551108602688,factorial_cell,,
heldout,yolo11s,4e3fedbb-847c-3d5b-8a62-c9ff84550985,0,0,0,0,39,0.00830153727382,factorial_cell,,
heldout,yolo11s,4e3fedbb-847c-3d5b-8a62-c9ff84550985,0,0,0,1,39,0.00845026069038,factorial_cell,,
heldout,yolo11s,4e3fedbb-847c-3d5b-8a62-c9ff84550985,0,0,1,0,39,0.00599850313614,factorial_cell,,
heldout,yolo11s,4e3fedbb-847c-3d5b-8a62-c9ff84550985,0,0,1,1,39,0.00532744253669,factorial_cell,,
heldout,yolo11s,4e3fedbb-847c-3d5b-8a62-c9ff84550985,0,1,0,0,39,0.0082685477928,factorial_cell,,
heldout,yolo11s,4e3fedbb-847c-3d5b-8a62-c9ff84550985,0,1,0,1,39,0.0079275407351,factorial_cell,,
heldout,yolo11s,4e3fedbb-847c-3d5b-8a62-c9ff84550985,0,1,1,0,39,0.00737926710472,factorial_cell,,
heldout,yolo11s,4e3fedbb-847c-3d5b-8a62-c9ff84550985,0,1,1,1,39,0.00535167995218,factorial_cell,,
heldout,yolo11s,4e3fedbb-847c-3d5b-8a62-c9ff84550985,1,0,0,0,39,0.00573562990443,factorial_cell,,
heldout,yolo11s,4e3fedbb-847c-3d5b-8a62-c9ff84550985,1,0,0,1,39,0.00708464782832,factorial_cell,,
heldout,yolo11s,4e3fedbb-847c-3d5b-8a62-c9ff84550985,1,0,1,0,39,0.00599850313614,factorial_cell,,
heldout,yolo11s,4e3fedbb-847c-3d5b-8a62-c9ff84550985,1,0,1,1,39,0.00532744253669,factorial_cell,,
heldout,yolo11s,4e3fedbb-847c-3d5b-8a62-c9ff84550985,1,1,0,0,39,0.00574153434914,factorial_cell,,
heldout,yolo11s,4e3fedbb-847c-3d5b-8a62-c9ff84550985,1,1,0,1,39,0.00699251956294,factorial_cell,,
heldout,yolo11s,4e3fedbb-847c-3d5b-8a62-c9ff84550985,1,1,1,0,39,0.00737926710472,factorial_cell,,
heldout,yolo11s,4e3fedbb-847c-3d5b-8a62-c9ff84550985,1,1,1,1,39,0.00535167995218,factorial_cell,,
heldout,yolo11s,7a2c222d-addc-30b2-aac6-596cb65a22e3,0,0,0,0,9,0.011519250393,factorial_cell,,
heldout,yolo11s,7a2c222d-addc-30b2-aac6-596cb65a22e3,0,0,0,1,9,0.0186016708364,factorial_cell,,
heldout,yolo11s,7a2c222d-addc-30b2-aac6-596cb65a22e3,0,0,1,0,9,0.013867367247,factorial_cell,,
heldout,yolo11s,7a2c222d-addc-30b2-aac6-596cb65a22e3,0,0,1,1,9,0.0231293206535,factorial_cell,,
heldout,yolo11s,7a2c222d-addc-30b2-aac6-596cb65a22e3,0,1,0,0,9,0.0107677589965,factorial_cell,,
heldout,yolo11s,7a2c222d-addc-30b2-aac6-596cb65a22e3,0,1,0,1,9,0.0186132806476,factorial_cell,,
heldout,yolo11s,7a2c222d-addc-30b2-aac6-596cb65a22e3,0,1,1,0,9,0.0145302340476,factorial_cell,,
heldout,yolo11s,7a2c222d-addc-30b2-aac6-596cb65a22e3,0,1,1,1,9,0.0193002408434,factorial_cell,,
heldout,yolo11s,7a2c222d-addc-30b2-aac6-596cb65a22e3,1,0,0,0,9,0.0113608495348,factorial_cell,,
heldout,yolo11s,7a2c222d-addc-30b2-aac6-596cb65a22e3,1,0,0,1,9,0.0228871665685,factorial_cell,,
heldout,yolo11s,7a2c222d-addc-30b2-aac6-596cb65a22e3,1,0,1,0,9,0.013867367247,factorial_cell,,
heldout,yolo11s,7a2c222d-addc-30b2-aac6-596cb65a22e3,1,0,1,1,9,0.0231293206535,factorial_cell,,
heldout,yolo11s,7a2c222d-addc-30b2-aac6-596cb65a22e3,1,1,0,0,9,0.0108334946265,factorial_cell,,
heldout,yolo11s,7a2c222d-addc-30b2-aac6-596cb65a22e3,1,1,0,1,9,0.0208753895985,factorial_cell,,
heldout,yolo11s,7a2c222d-addc-30b2-aac6-596cb65a22e3,1,1,1,0,9,0.0145302340476,factorial_cell,,
heldout,yolo11s,7a2c222d-addc-30b2-aac6-596cb65a22e3,1,1,1,1,9,0.0193002408434,factorial_cell,,
heldout,yolo11s,b87683ae-14c5-321f-8af3-623e7bafc3a7,0,0,0,0,44,0.0321091107556,factorial_cell,,
heldout,yolo11s,b87683ae-14c5-321f-8af3-623e7bafc3a7,0,0,0,1,44,0.0162482324606,factorial_cell,,
heldout,yolo11s,b87683ae-14c5-321f-8af3-623e7bafc3a7,0,0,1,0,44,0.0287128138952,factorial_cell,,
heldout,yolo11s,b87683ae-14c5-321f-8af3-623e7bafc3a7,0,0,1,1,44,0.00925620372384,factorial_cell,,
heldout,yolo11s,b87683ae-14c5-321f-8af3-623e7bafc3a7,0,1,0,0,44,0.0319787157897,factorial_cell,,
heldout,yolo11s,b87683ae-14c5-321f-8af3-623e7bafc3a7,0,1,0,1,44,0.0161701064981,factorial_cell,,
heldout,yolo11s,b87683ae-14c5-321f-8af3-623e7bafc3a7,0,1,1,0,44,0.0289143515786,factorial_cell,,
heldout,yolo11s,b87683ae-14c5-321f-8af3-623e7bafc3a7,0,1,1,1,44,0.00924096790855,factorial_cell,,
heldout,yolo11s,b87683ae-14c5-321f-8af3-623e7bafc3a7,1,0,0,0,44,0.0409354209174,factorial_cell,,
heldout,yolo11s,b87683ae-14c5-321f-8af3-623e7bafc3a7,1,0,0,1,44,0.0138271046309,factorial_cell,,
heldout,yolo11s,b87683ae-14c5-321f-8af3-623e7bafc3a7,1,0,1,0,44,0.0287128138952,factorial_cell,,
heldout,yolo11s,b87683ae-14c5-321f-8af3-623e7bafc3a7,1,0,1,1,44,0.00925620372384,factorial_cell,,
heldout,yolo11s,b87683ae-14c5-321f-8af3-623e7bafc3a7,1,1,0,0,44,0.0374923426687,factorial_cell,,
heldout,yolo11s,b87683ae-14c5-321f-8af3-623e7bafc3a7,1,1,0,1,44,0.0137273043321,factorial_cell,,
heldout,yolo11s,b87683ae-14c5-321f-8af3-623e7bafc3a7,1,1,1,0,44,0.0289143515786,factorial_cell,,
heldout,yolo11s,b87683ae-14c5-321f-8af3-623e7bafc3a7,1,1,1,1,44,0.00924096790855,factorial_cell,,
heldout,yolo11s,e1d68dde-22a9-3918-a526-0850b21ff2eb,0,0,0,0,33,0.022075152211,factorial_cell,,
heldout,yolo11s,e1d68dde-22a9-3918-a526-0850b21ff2eb,0,0,0,1,33,0.0188153599496,factorial_cell,,
heldout,yolo11s,e1d68dde-22a9-3918-a526-0850b21ff2eb,0,0,1,0,33,0.00983580081791,factorial_cell,,
heldout,yolo11s,e1d68dde-22a9-3918-a526-0850b21ff2eb,0,0,1,1,33,0.0125826034491,factorial_cell,,
heldout,yolo11s,e1d68dde-22a9-3918-a526-0850b21ff2eb,0,1,0,0,33,0.0208047684319,factorial_cell,,
heldout,yolo11s,e1d68dde-22a9-3918-a526-0850b21ff2eb,0,1,0,1,33,0.0198342706711,factorial_cell,,
heldout,yolo11s,e1d68dde-22a9-3918-a526-0850b21ff2eb,0,1,1,0,33,0.0110799357222,factorial_cell,,
heldout,yolo11s,e1d68dde-22a9-3918-a526-0850b21ff2eb,0,1,1,1,33,0.0125741240442,factorial_cell,,
heldout,yolo11s,e1d68dde-22a9-3918-a526-0850b21ff2eb,1,0,0,0,33,0.016664705665,factorial_cell,,
heldout,yolo11s,e1d68dde-22a9-3918-a526-0850b21ff2eb,1,0,0,1,33,0.0191860049513,factorial_cell,,
heldout,yolo11s,e1d68dde-22a9-3918-a526-0850b21ff2eb,1,0,1,0,33,0.00983580081791,factorial_cell,,
heldout,yolo11s,e1d68dde-22a9-3918-a526-0850b21ff2eb,1,0,1,1,33,0.0125826034491,factorial_cell,,
heldout,yolo11s,e1d68dde-22a9-3918-a526-0850b21ff2eb,1,1,0,0,33,0.016584335296,factorial_cell,,
heldout,yolo11s,e1d68dde-22a9-3918-a526-0850b21ff2eb,1,1,0,1,33,0.0199544250717,factorial_cell,,
heldout,yolo11s,e1d68dde-22a9-3918-a526-0850b21ff2eb,1,1,1,0,33,0.0110799357222,factorial_cell,,
heldout,yolo11s,e1d68dde-22a9-3918-a526-0850b21ff2eb,1,1,1,1,33,0.0125741240442,factorial_cell,,
heldout,yolo11s,f292cc5c-7a90-360d-b62a-074c643bdf59,0,0,0,0,52,0.0146607278248,factorial_cell,,
heldout,yolo11s,f292cc5c-7a90-360d-b62a-074c643bdf59,0,0,0,1,52,0.00612626378872,factorial_cell,,
heldout,yolo11s,f292cc5c-7a90-360d-b62a-074c643bdf59,0,0,1,0,52,0.00894087262703,factorial_cell,,
heldout,yolo11s,f292cc5c-7a90-360d-b62a-074c643bdf59,0,0,1,1,52,0.00442355169195,factorial_cell,,
heldout,yolo11s,f292cc5c-7a90-360d-b62a-074c643bdf59,0,1,0,0,52,0.0133919250671,factorial_cell,,
heldout,yolo11s,f292cc5c-7a90-360d-b62a-074c643bdf59,0,1,0,1,52,0.00631253265269,factorial_cell,,
heldout,yolo11s,f292cc5c-7a90-360d-b62a-074c643bdf59,0,1,1,0,52,0.0101219274911,factorial_cell,,
heldout,yolo11s,f292cc5c-7a90-360d-b62a-074c643bdf59,0,1,1,1,52,0.00425070554606,factorial_cell,,
heldout,yolo11s,f292cc5c-7a90-360d-b62a-074c643bdf59,1,0,0,0,52,0.0135234666039,factorial_cell,,
heldout,yolo11s,f292cc5c-7a90-360d-b62a-074c643bdf59,1,0,0,1,52,0.00519521019854,factorial_cell,,
heldout,yolo11s,f292cc5c-7a90-360d-b62a-074c643bdf59,1,0,1,0,52,0.00894087262703,factorial_cell,,
heldout,yolo11s,f292cc5c-7a90-360d-b62a-074c643bdf59,1,0,1,1,52,0.00442355169195,factorial_cell,,
heldout,yolo11s,f292cc5c-7a90-360d-b62a-074c643bdf59,1,1,0,0,52,0.0126596359735,factorial_cell,,
heldout,yolo11s,f292cc5c-7a90-360d-b62a-074c643bdf59,1,1,0,1,52,0.00513348763599,factorial_cell,,
heldout,yolo11s,f292cc5c-7a90-360d-b62a-074c643bdf59,1,1,1,0,52,0.0101219274911,factorial_cell,,
heldout,yolo11s,f292cc5c-7a90-360d-b62a-074c643bdf59,1,1,1,1,52,0.00425070554606,factorial_cell,,
model_selection,yolo11s,8940f5f1-13e0-3094-99ba-da2d17639774,0,0,0,0,80,0.00993480220547,factorial_cell,,
model_selection,yolo11s,8940f5f1-13e0-3094-99ba-da2d17639774,0,0,0,1,80,0.00689588350434,factorial_cell,,
model_selection,yolo11s,8940f5f1-13e0-3094-99ba-da2d17639774,0,0,1,0,80,0.00756693944071,factorial_cell,,
model_selection,yolo11s,8940f5f1-13e0-3094-99ba-da2d17639774,0,0,1,1,80,0.00437014406112,factorial_cell,,
model_selection,yolo11s,8940f5f1-13e0-3094-99ba-da2d17639774,0,1,0,0,80,0.0107145140008,factorial_cell,,
model_selection,yolo11s,8940f5f1-13e0-3094-99ba-da2d17639774,0,1,0,1,80,0.00685131762705,factorial_cell,,
model_selection,yolo11s,8940f5f1-13e0-3094-99ba-da2d17639774,0,1,1,0,80,0.00791573489848,factorial_cell,,
model_selection,yolo11s,8940f5f1-13e0-3094-99ba-da2d17639774,0,1,1,1,80,0.00425306998534,factorial_cell,,
model_selection,yolo11s,8940f5f1-13e0-3094-99ba-da2d17639774,1,0,0,0,80,0.00845049418584,factorial_cell,,
model_selection,yolo11s,8940f5f1-13e0-3094-99ba-da2d17639774,1,0,0,1,80,0.00539826738972,factorial_cell,,
model_selection,yolo11s,8940f5f1-13e0-3094-99ba-da2d17639774,1,0,1,0,80,0.00756693944071,factorial_cell,,
model_selection,yolo11s,8940f5f1-13e0-3094-99ba-da2d17639774,1,0,1,1,80,0.00437014406112,factorial_cell,,
model_selection,yolo11s,8940f5f1-13e0-3094-99ba-da2d17639774,1,1,0,0,80,0.00842026073277,factorial_cell,,
model_selection,yolo11s,8940f5f1-13e0-3094-99ba-da2d17639774,1,1,0,1,80,0.00565106521894,factorial_cell,,
model_selection,yolo11s,8940f5f1-13e0-3094-99ba-da2d17639774,1,1,1,0,80,0.00791573489848,factorial_cell,,
model_selection,yolo11s,8940f5f1-13e0-3094-99ba-da2d17639774,1,1,1,1,80,0.00425306998534,factorial_cell,,
model_selection,yolo11s,a88da814-ecc6-39c0-93ba-8a81f403a7e4,0,0,0,0,63,0.0115357046441,factorial_cell,,
model_selection,yolo11s,a88da814-ecc6-39c0-93ba-8a81f403a7e4,0,0,0,1,63,0.00810662868595,factorial_cell,,
model_selection,yolo11s,a88da814-ecc6-39c0-93ba-8a81f403a7e4,0,0,1,0,63,0.00741318147554,factorial_cell,,
model_selection,yolo11s,a88da814-ecc6-39c0-93ba-8a81f403a7e4,0,0,1,1,63,0.00520116260117,factorial_cell,,
model_selection,yolo11s,a88da814-ecc6-39c0-93ba-8a81f403a7e4,0,1,0,0,63,0.0111856716202,factorial_cell,,
model_selection,yolo11s,a88da814-ecc6-39c0-93ba-8a81f403a7e4,0,1,0,1,63,0.00811139316429,factorial_cell,,
model_selection,yolo11s,a88da814-ecc6-39c0-93ba-8a81f403a7e4,0,1,1,0,63,0.00709450963861,factorial_cell,,
model_selection,yolo11s,a88da814-ecc6-39c0-93ba-8a81f403a7e4,0,1,1,1,63,0.00472011401819,factorial_cell,,
model_selection,yolo11s,a88da814-ecc6-39c0-93ba-8a81f403a7e4,1,0,0,0,63,0.0112819750239,factorial_cell,,
model_selection,yolo11s,a88da814-ecc6-39c0-93ba-8a81f403a7e4,1,0,0,1,63,0.00750672834222,factorial_cell,,
model_selection,yolo11s,a88da814-ecc6-39c0-93ba-8a81f403a7e4,1,0,1,0,63,0.00741318147554,factorial_cell,,
model_selection,yolo11s,a88da814-ecc6-39c0-93ba-8a81f403a7e4,1,0,1,1,63,0.00520116260117,factorial_cell,,
model_selection,yolo11s,a88da814-ecc6-39c0-93ba-8a81f403a7e4,1,1,0,0,63,0.0108318997626,factorial_cell,,
model_selection,yolo11s,a88da814-ecc6-39c0-93ba-8a81f403a7e4,1,1,0,1,63,0.00752595607044,factorial_cell,,
model_selection,yolo11s,a88da814-ecc6-39c0-93ba-8a81f403a7e4,1,1,1,0,63,0.00709450963861,factorial_cell,,
model_selection,yolo11s,a88da814-ecc6-39c0-93ba-8a81f403a7e4,1,1,1,1,63,0.00472011401819,factorial_cell,,
development,yolo11n,3153b5b3-d381-3664-8f82-1d3c5ca841d2,0,0,0,0,43,0.0201213714964,factorial_cell,,
development,yolo11n,3153b5b3-d381-3664-8f82-1d3c5ca841d2,0,0,0,1,43,0.0128339484546,factorial_cell,,
development,yolo11n,3153b5b3-d381-3664-8f82-1d3c5ca841d2,0,0,1,0,43,0.0146058982497,factorial_cell,,
development,yolo11n,3153b5b3-d381-3664-8f82-1d3c5ca841d2,0,0,1,1,43,0.00849555953715,factorial_cell,,
development,yolo11n,3153b5b3-d381-3664-8f82-1d3c5ca841d2,0,1,0,0,43,0.0200917322404,factorial_cell,,
development,yolo11n,3153b5b3-d381-3664-8f82-1d3c5ca841d2,0,1,0,1,43,0.0127983646278,factorial_cell,,
development,yolo11n,3153b5b3-d381-3664-8f82-1d3c5ca841d2,0,1,1,0,43,0.0154891024426,factorial_cell,,
development,yolo11n,3153b5b3-d381-3664-8f82-1d3c5ca841d2,0,1,1,1,43,0.00806150025874,factorial_cell,,
development,yolo11n,3153b5b3-d381-3664-8f82-1d3c5ca841d2,1,0,0,0,43,0.0215394923388,factorial_cell,,
development,yolo11n,3153b5b3-d381-3664-8f82-1d3c5ca841d2,1,0,0,1,43,0.00916844385859,factorial_cell,,
development,yolo11n,3153b5b3-d381-3664-8f82-1d3c5ca841d2,1,0,1,0,43,0.0146058982497,factorial_cell,,
development,yolo11n,3153b5b3-d381-3664-8f82-1d3c5ca841d2,1,0,1,1,43,0.00849555953715,factorial_cell,,
development,yolo11n,3153b5b3-d381-3664-8f82-1d3c5ca841d2,1,1,0,0,43,0.0211994611618,factorial_cell,,
development,yolo11n,3153b5b3-d381-3664-8f82-1d3c5ca841d2,1,1,0,1,43,0.00919109823247,factorial_cell,,
development,yolo11n,3153b5b3-d381-3664-8f82-1d3c5ca841d2,1,1,1,0,43,0.0154891024426,factorial_cell,,
development,yolo11n,3153b5b3-d381-3664-8f82-1d3c5ca841d2,1,1,1,1,43,0.00806150025874,factorial_cell,,
development,yolo11n,40bfcbec-ec59-3731-8e75-67f0bddc3b01,0,0,0,0,72,0.00761261099785,factorial_cell,,
development,yolo11n,40bfcbec-ec59-3731-8e75-67f0bddc3b01,0,0,0,1,72,0.00748417545377,factorial_cell,,
development,yolo11n,40bfcbec-ec59-3731-8e75-67f0bddc3b01,0,0,1,0,72,0.00552984708984,factorial_cell,,
development,yolo11n,40bfcbec-ec59-3731-8e75-67f0bddc3b01,0,0,1,1,72,0.00546631249013,factorial_cell,,
development,yolo11n,40bfcbec-ec59-3731-8e75-67f0bddc3b01,0,1,0,0,72,0.00754753031888,factorial_cell,,
development,yolo11n,40bfcbec-ec59-3731-8e75-67f0bddc3b01,0,1,0,1,72,0.00729313519469,factorial_cell,,
development,yolo11n,40bfcbec-ec59-3731-8e75-67f0bddc3b01,0,1,1,0,72,0.0055400263631,factorial_cell,,
development,yolo11n,40bfcbec-ec59-3731-8e75-67f0bddc3b01,0,1,1,1,72,0.00550297442476,factorial_cell,,
development,yolo11n,40bfcbec-ec59-3731-8e75-67f0bddc3b01,1,0,0,0,72,0.00624262012063,factorial_cell,,
development,yolo11n,40bfcbec-ec59-3731-8e75-67f0bddc3b01,1,0,0,1,72,0.00618804568798,factorial_cell,,
development,yolo11n,40bfcbec-ec59-3731-8e75-67f0bddc3b01,1,0,1,0,72,0.00552984708984,factorial_cell,,
development,yolo11n,40bfcbec-ec59-3731-8e75-67f0bddc3b01,1,0,1,1,72,0.00546631249013,factorial_cell,,
development,yolo11n,40bfcbec-ec59-3731-8e75-67f0bddc3b01,1,1,0,0,72,0.00622185915452,factorial_cell,,
development,yolo11n,40bfcbec-ec59-3731-8e75-67f0bddc3b01,1,1,0,1,72,0.00612816251783,factorial_cell,,
development,yolo11n,40bfcbec-ec59-3731-8e75-67f0bddc3b01,1,1,1,0,72,0.0055400263631,factorial_cell,,
development,yolo11n,40bfcbec-ec59-3731-8e75-67f0bddc3b01,1,1,1,1,72,0.00550297442476,factorial_cell,,
development,yolo11n,575d8d24-ba88-3b18-84c0-df5b29dccfde,0,0,0,0,103,0.00983929734689,factorial_cell,,
development,yolo11n,575d8d24-ba88-3b18-84c0-df5b29dccfde,0,0,0,1,103,0.00631135957597,factorial_cell,,
development,yolo11n,575d8d24-ba88-3b18-84c0-df5b29dccfde,0,0,1,0,103,0.00710073072155,factorial_cell,,
development,yolo11n,575d8d24-ba88-3b18-84c0-df5b29dccfde,0,0,1,1,103,0.00395460279061,factorial_cell,,
development,yolo11n,575d8d24-ba88-3b18-84c0-df5b29dccfde,0,1,0,0,103,0.00971821893624,factorial_cell,,
development,yolo11n,575d8d24-ba88-3b18-84c0-df5b29dccfde,0,1,0,1,103,0.00608340428901,factorial_cell,,
development,yolo11n,575d8d24-ba88-3b18-84c0-df5b29dccfde,0,1,1,0,103,0.00707642942197,factorial_cell,,
development,yolo11n,575d8d24-ba88-3b18-84c0-df5b29dccfde,0,1,1,1,103,0.00384954441397,factorial_cell,,
development,yolo11n,575d8d24-ba88-3b18-84c0-df5b29dccfde,1,0,0,0,103,0.00853145386573,factorial_cell,,
development,yolo11n,575d8d24-ba88-3b18-84c0-df5b29dccfde,1,0,0,1,103,0.00584453367874,factorial_cell,,
development,yolo11n,575d8d24-ba88-3b18-84c0-df5b29dccfde,1,0,1,0,103,0.00710073072155,factorial_cell,,
development,yolo11n,575d8d24-ba88-3b18-84c0-df5b29dccfde,1,0,1,1,103,0.00395460279061,factorial_cell,,
development,yolo11n,575d8d24-ba88-3b18-84c0-df5b29dccfde,1,1,0,0,103,0.00854300523187,factorial_cell,,
development,yolo11n,575d8d24-ba88-3b18-84c0-df5b29dccfde,1,1,0,1,103,0.00571080223243,factorial_cell,,
development,yolo11n,575d8d24-ba88-3b18-84c0-df5b29dccfde,1,1,1,0,103,0.00707642942197,factorial_cell,,
development,yolo11n,575d8d24-ba88-3b18-84c0-df5b29dccfde,1,1,1,1,103,0.00384954441397,factorial_cell,,
development,yolo11n,6cc0bb26-5afb-3688-b237-b9c64c2800e5,0,0,0,0,35,0.0272460760941,factorial_cell,,
development,yolo11n,6cc0bb26-5afb-3688-b237-b9c64c2800e5,0,0,0,1,35,0.0107507461354,factorial_cell,,
development,yolo11n,6cc0bb26-5afb-3688-b237-b9c64c2800e5,0,0,1,0,35,0.0246099067926,factorial_cell,,
development,yolo11n,6cc0bb26-5afb-3688-b237-b9c64c2800e5,0,0,1,1,35,0.00473036104202,factorial_cell,,
development,yolo11n,6cc0bb26-5afb-3688-b237-b9c64c2800e5,0,1,0,0,35,0.0275198291889,factorial_cell,,
development,yolo11n,6cc0bb26-5afb-3688-b237-b9c64c2800e5,0,1,0,1,35,0.0105914418284,factorial_cell,,
development,yolo11n,6cc0bb26-5afb-3688-b237-b9c64c2800e5,0,1,1,0,35,0.0246089231218,factorial_cell,,
development,yolo11n,6cc0bb26-5afb-3688-b237-b9c64c2800e5,0,1,1,1,35,0.00507059216305,factorial_cell,,
development,yolo11n,6cc0bb26-5afb-3688-b237-b9c64c2800e5,1,0,0,0,35,0.0277781516716,factorial_cell,,
development,yolo11n,6cc0bb26-5afb-3688-b237-b9c64c2800e5,1,0,0,1,35,0.00492318663766,factorial_cell,,
development,yolo11n,6cc0bb26-5afb-3688-b237-b9c64c2800e5,1,0,1,0,35,0.0246099067926,factorial_cell,,
development,yolo11n,6cc0bb26-5afb-3688-b237-b9c64c2800e5,1,0,1,1,35,0.00473036104202,factorial_cell,,
development,yolo11n,6cc0bb26-5afb-3688-b237-b9c64c2800e5,1,1,0,0,35,0.0276025669295,factorial_cell,,
development,yolo11n,6cc0bb26-5afb-3688-b237-b9c64c2800e5,1,1,0,1,35,0.00492282994448,factorial_cell,,
development,yolo11n,6cc0bb26-5afb-3688-b237-b9c64c2800e5,1,1,1,0,35,0.0246089231218,factorial_cell,,
development,yolo11n,6cc0bb26-5afb-3688-b237-b9c64c2800e5,1,1,1,1,35,0.00507059216305,factorial_cell,,
development,yolo11n,7ef4a6cc-7266-3a31-8dd4-01c3d3c58dcb,0,0,0,0,55,0.0118341800536,factorial_cell,,
development,yolo11n,7ef4a6cc-7266-3a31-8dd4-01c3d3c58dcb,0,0,0,1,55,0.00717052864325,factorial_cell,,
development,yolo11n,7ef4a6cc-7266-3a31-8dd4-01c3d3c58dcb,0,0,1,0,55,0.00993148123003,factorial_cell,,
development,yolo11n,7ef4a6cc-7266-3a31-8dd4-01c3d3c58dcb,0,0,1,1,55,0.00375934850345,factorial_cell,,
development,yolo11n,7ef4a6cc-7266-3a31-8dd4-01c3d3c58dcb,0,1,0,0,55,0.0118840373553,factorial_cell,,
development,yolo11n,7ef4a6cc-7266-3a31-8dd4-01c3d3c58dcb,0,1,0,1,55,0.00492456646312,factorial_cell,,
development,yolo11n,7ef4a6cc-7266-3a31-8dd4-01c3d3c58dcb,0,1,1,0,55,0.010020609768,factorial_cell,,
development,yolo11n,7ef4a6cc-7266-3a31-8dd4-01c3d3c58dcb,0,1,1,1,55,0.00397772339062,factorial_cell,,
development,yolo11n,7ef4a6cc-7266-3a31-8dd4-01c3d3c58dcb,1,0,0,0,55,0.011975276686,factorial_cell,,
development,yolo11n,7ef4a6cc-7266-3a31-8dd4-01c3d3c58dcb,1,0,0,1,55,0.00829994786786,factorial_cell,,
development,yolo11n,7ef4a6cc-7266-3a31-8dd4-01c3d3c58dcb,1,0,1,0,55,0.00993148123003,factorial_cell,,
development,yolo11n,7ef4a6cc-7266-3a31-8dd4-01c3d3c58dcb,1,0,1,1,55,0.00375934850345,factorial_cell,,
development,yolo11n,7ef4a6cc-7266-3a31-8dd4-01c3d3c58dcb,1,1,0,0,55,0.0114765741518,factorial_cell,,
development,yolo11n,7ef4a6cc-7266-3a31-8dd4-01c3d3c58dcb,1,1,0,1,55,0.00693193391935,factorial_cell,,
development,yolo11n,7ef4a6cc-7266-3a31-8dd4-01c3d3c58dcb,1,1,1,0,55,0.010020609768,factorial_cell,,
development,yolo11n,7ef4a6cc-7266-3a31-8dd4-01c3d3c58dcb,1,1,1,1,55,0.00397772339062,factorial_cell,,
development,yolo11n,919f13de-857f-3b1c-9f8e-7cbe500a60ae,0,0,0,0,73,0.0117524892032,factorial_cell,,
development,yolo11n,919f13de-857f-3b1c-9f8e-7cbe500a60ae,0,0,0,1,73,0.006676713887,factorial_cell,,
development,yolo11n,919f13de-857f-3b1c-9f8e-7cbe500a60ae,0,0,1,0,73,0.0093919624,factorial_cell,,
development,yolo11n,919f13de-857f-3b1c-9f8e-7cbe500a60ae,0,0,1,1,73,0.00446181400109,factorial_cell,,
development,yolo11n,919f13de-857f-3b1c-9f8e-7cbe500a60ae,0,1,0,0,73,0.0117204513645,factorial_cell,,
development,yolo11n,919f13de-857f-3b1c-9f8e-7cbe500a60ae,0,1,0,1,73,0.00691218662278,factorial_cell,,
development,yolo11n,919f13de-857f-3b1c-9f8e-7cbe500a60ae,0,1,1,0,73,0.00934174069879,factorial_cell,,
development,yolo11n,919f13de-857f-3b1c-9f8e-7cbe500a60ae,0,1,1,1,73,0.0044921801568,factorial_cell,,
development,yolo11n,919f13de-857f-3b1c-9f8e-7cbe500a60ae,1,0,0,0,73,0.0101400444435,factorial_cell,,
development,yolo11n,919f13de-857f-3b1c-9f8e-7cbe500a60ae,1,0,0,1,73,0.00606320262016,factorial_cell,,
development,yolo11n,919f13de-857f-3b1c-9f8e-7cbe500a60ae,1,0,1,0,73,0.0093919624,factorial_cell,,
development,yolo11n,919f13de-857f-3b1c-9f8e-7cbe500a60ae,1,0,1,1,73,0.00446181400109,factorial_cell,,
development,yolo11n,919f13de-857f-3b1c-9f8e-7cbe500a60ae,1,1,0,0,73,0.010158989658,factorial_cell,,
development,yolo11n,919f13de-857f-3b1c-9f8e-7cbe500a60ae,1,1,0,1,73,0.0057210464751,factorial_cell,,
development,yolo11n,919f13de-857f-3b1c-9f8e-7cbe500a60ae,1,1,1,0,73,0.00934174069879,factorial_cell,,
development,yolo11n,919f13de-857f-3b1c-9f8e-7cbe500a60ae,1,1,1,1,73,0.0044921801568,factorial_cell,,
development,yolo11n,a50b198c-4de2-3f8c-a2b9-ab280605b350,0,0,0,0,97,0.0204369684849,factorial_cell,,
development,yolo11n,a50b198c-4de2-3f8c-a2b9-ab280605b350,0,0,0,1,97,0.0118609790689,factorial_cell,,
development,yolo11n,a50b198c-4de2-3f8c-a2b9-ab280605b350,0,0,1,0,97,0.0149027087759,factorial_cell,,
development,yolo11n,a50b198c-4de2-3f8c-a2b9-ab280605b350,0,0,1,1,97,0.00898944830085,factorial_cell,,
development,yolo11n,a50b198c-4de2-3f8c-a2b9-ab280605b350,0,1,0,0,97,0.0195236835639,factorial_cell,,
development,yolo11n,a50b198c-4de2-3f8c-a2b9-ab280605b350,0,1,0,1,97,0.0111622963337,factorial_cell,,
development,yolo11n,a50b198c-4de2-3f8c-a2b9-ab280605b350,0,1,1,0,97,0.0151315102023,factorial_cell,,
development,yolo11n,a50b198c-4de2-3f8c-a2b9-ab280605b350,0,1,1,1,97,0.00805670351837,factorial_cell,,
development,yolo11n,a50b198c-4de2-3f8c-a2b9-ab280605b350,1,0,0,0,97,0.0188882435604,factorial_cell,,
development,yolo11n,a50b198c-4de2-3f8c-a2b9-ab280605b350,1,0,0,1,97,0.00974979561061,factorial_cell,,
development,yolo11n,a50b198c-4de2-3f8c-a2b9-ab280605b350,1,0,1,0,97,0.0149027087759,factorial_cell,,
development,yolo11n,a50b198c-4de2-3f8c-a2b9-ab280605b350,1,0,1,1,97,0.00898944830085,factorial_cell,,
development,yolo11n,a50b198c-4de2-3f8c-a2b9-ab280605b350,1,1,0,0,97,0.0197844304245,factorial_cell,,
development,yolo11n,a50b198c-4de2-3f8c-a2b9-ab280605b350,1,1,0,1,97,0.00976080613146,factorial_cell,,
development,yolo11n,a50b198c-4de2-3f8c-a2b9-ab280605b350,1,1,1,0,97,0.0151315102023,factorial_cell,,
development,yolo11n,a50b198c-4de2-3f8c-a2b9-ab280605b350,1,1,1,1,97,0.00805670351837,factorial_cell,,
development,yolo11n,c453a8e7-d3da-317a-946b-f8e9678a8582,0,0,0,0,24,0.0186542199962,factorial_cell,,
development,yolo11n,c453a8e7-d3da-317a-946b-f8e9678a8582,0,0,0,1,24,0.00508973863539,factorial_cell,,
development,yolo11n,c453a8e7-d3da-317a-946b-f8e9678a8582,0,0,1,0,24,0.02025537323,factorial_cell,,
development,yolo11n,c453a8e7-d3da-317a-946b-f8e9678a8582,0,0,1,1,24,0.00392048545062,factorial_cell,,
development,yolo11n,c453a8e7-d3da-317a-946b-f8e9678a8582,0,1,0,0,24,0.0165062979422,factorial_cell,,
development,yolo11n,c453a8e7-d3da-317a-946b-f8e9678a8582,0,1,0,1,24,0.0047020525005,factorial_cell,,
development,yolo11n,c453a8e7-d3da-317a-946b-f8e9678a8582,0,1,1,0,24,0.0202703579927,factorial_cell,,
development,yolo11n,c453a8e7-d3da-317a-946b-f8e9678a8582,0,1,1,1,24,0.00390418220268,factorial_cell,,
development,yolo11n,c453a8e7-d3da-317a-946b-f8e9678a8582,1,0,0,0,24,0.018833954916,factorial_cell,,
development,yolo11n,c453a8e7-d3da-317a-946b-f8e9678a8582,1,0,0,1,24,0.00505536095879,factorial_cell,,
development,yolo11n,c453a8e7-d3da-317a-946b-f8e9678a8582,1,0,1,0,24,0.02025537323,factorial_cell,,
development,yolo11n,c453a8e7-d3da-317a-946b-f8e9678a8582,1,0,1,1,24,0.00392048545062,factorial_cell,,
development,yolo11n,c453a8e7-d3da-317a-946b-f8e9678a8582,1,1,0,0,24,0.0189848995491,factorial_cell,,
development,yolo11n,c453a8e7-d3da-317a-946b-f8e9678a8582,1,1,0,1,24,0.00486690158238,factorial_cell,,
development,yolo11n,c453a8e7-d3da-317a-946b-f8e9678a8582,1,1,1,0,24,0.0202703579927,factorial_cell,,
development,yolo11n,c453a8e7-d3da-317a-946b-f8e9678a8582,1,1,1,1,24,0.00390418220268,factorial_cell,,
development,yolo11n,e66d1403-755b-3f63-938b-a2a69446a48a,0,0,0,0,30,0.0348234339128,factorial_cell,,
development,yolo11n,e66d1403-755b-3f63-938b-a2a69446a48a,0,0,0,1,30,0.00728602799039,factorial_cell,,
development,yolo11n,e66d1403-755b-3f63-938b-a2a69446a48a,0,0,1,0,30,0.0311605997838,factorial_cell,,
development,yolo11n,e66d1403-755b-3f63-938b-a2a69446a48a,0,0,1,1,30,0.00579288044802,factorial_cell,,
development,yolo11n,e66d1403-755b-3f63-938b-a2a69446a48a,0,1,0,0,30,0.0348632220361,factorial_cell,,
development,yolo11n,e66d1403-755b-3f63-938b-a2a69446a48a,0,1,0,1,30,0.00722687171497,factorial_cell,,
development,yolo11n,e66d1403-755b-3f63-938b-a2a69446a48a,0,1,1,0,30,0.0361358312053,factorial_cell,,
development,yolo11n,e66d1403-755b-3f63-938b-a2a69446a48a,0,1,1,1,30,0.0054450464343,factorial_cell,,
development,yolo11n,e66d1403-755b-3f63-938b-a2a69446a48a,1,0,0,0,30,0.029266736483,factorial_cell,,
development,yolo11n,e66d1403-755b-3f63-938b-a2a69446a48a,1,0,0,1,30,0.00671243880641,factorial_cell,,
development,yolo11n,e66d1403-755b-3f63-938b-a2a69446a48a,1,0,1,0,30,0.0311605997838,factorial_cell,,
development,yolo11n,e66d1403-755b-3f63-938b-a2a69446a48a,1,0,1,1,30,0.00579288044802,factorial_cell,,
development,yolo11n,e66d1403-755b-3f63-938b-a2a69446a48a,1,1,0,0,30,0.0287215781976,factorial_cell,,
development,yolo11n,e66d1403-755b-3f63-938b-a2a69446a48a,1,1,0,1,30,0.00666706781684,factorial_cell,,
development,yolo11n,e66d1403-755b-3f63-938b-a2a69446a48a,1,1,1,0,30,0.0361358312053,factorial_cell,,
development,yolo11n,e66d1403-755b-3f63-938b-a2a69446a48a,1,1,1,1,30,0.0054450464343,factorial_cell,,
development,yolo11n,ff8e7fdb-1073-3592-ba5e-8111bc3ce48b,0,0,0,0,80,0.0142655535256,factorial_cell,,
development,yolo11n,ff8e7fdb-1073-3592-ba5e-8111bc3ce48b,0,0,0,1,80,0.00790222792774,factorial_cell,,
development,yolo11n,ff8e7fdb-1073-3592-ba5e-8111bc3ce48b,0,0,1,0,80,0.0107792284054,factorial_cell,,
development,yolo11n,ff8e7fdb-1073-3592-ba5e-8111bc3ce48b,0,0,1,1,80,0.00475301982045,factorial_cell,,
development,yolo11n,ff8e7fdb-1073-3592-ba5e-8111bc3ce48b,0,1,0,0,80,0.0142670122441,factorial_cell,,
development,yolo11n,ff8e7fdb-1073-3592-ba5e-8111bc3ce48b,0,1,0,1,80,0.00792043836432,factorial_cell,,
development,yolo11n,ff8e7fdb-1073-3592-ba5e-8111bc3ce48b,0,1,1,0,80,0.0107375874689,factorial_cell,,
development,yolo11n,ff8e7fdb-1073-3592-ba5e-8111bc3ce48b,0,1,1,1,80,0.00480618656588,factorial_cell,,
development,yolo11n,ff8e7fdb-1073-3592-ba5e-8111bc3ce48b,1,0,0,0,80,0.0120280095441,factorial_cell,,
development,yolo11n,ff8e7fdb-1073-3592-ba5e-8111bc3ce48b,1,0,0,1,80,0.00696717880185,factorial_cell,,
development,yolo11n,ff8e7fdb-1073-3592-ba5e-8111bc3ce48b,1,0,1,0,80,0.0107792284054,factorial_cell,,
development,yolo11n,ff8e7fdb-1073-3592-ba5e-8111bc3ce48b,1,0,1,1,80,0.00475301982045,factorial_cell,,
development,yolo11n,ff8e7fdb-1073-3592-ba5e-8111bc3ce48b,1,1,0,0,80,0.012025178582,factorial_cell,,
development,yolo11n,ff8e7fdb-1073-3592-ba5e-8111bc3ce48b,1,1,0,1,80,0.00743689967204,factorial_cell,,
development,yolo11n,ff8e7fdb-1073-3592-ba5e-8111bc3ce48b,1,1,1,0,80,0.0107375874689,factorial_cell,,
development,yolo11n,ff8e7fdb-1073-3592-ba5e-8111bc3ce48b,1,1,1,1,80,0.00480618656588,factorial_cell,,
heldout,yolo11n,20dd185d-b4eb-3024-a17a-b4e5d8b15b65,0,0,0,0,45,0.0205627834683,factorial_cell,,
heldout,yolo11n,20dd185d-b4eb-3024-a17a-b4e5d8b15b65,0,0,0,1,45,0.0100729304439,factorial_cell,,
heldout,yolo11n,20dd185d-b4eb-3024-a17a-b4e5d8b15b65,0,0,1,0,45,0.0152742051089,factorial_cell,,
heldout,yolo11n,20dd185d-b4eb-3024-a17a-b4e5d8b15b65,0,0,1,1,45,0.00568134990037,factorial_cell,,
heldout,yolo11n,20dd185d-b4eb-3024-a17a-b4e5d8b15b65,0,1,0,0,45,0.0206139900781,factorial_cell,,
heldout,yolo11n,20dd185d-b4eb-3024-a17a-b4e5d8b15b65,0,1,0,1,45,0.00999665052117,factorial_cell,,
heldout,yolo11n,20dd185d-b4eb-3024-a17a-b4e5d8b15b65,0,1,1,0,45,0.0133228167474,factorial_cell,,
heldout,yolo11n,20dd185d-b4eb-3024-a17a-b4e5d8b15b65,0,1,1,1,45,0.00542124511953,factorial_cell,,
heldout,yolo11n,20dd185d-b4eb-3024-a17a-b4e5d8b15b65,1,0,0,0,45,0.0172014548782,factorial_cell,,
heldout,yolo11n,20dd185d-b4eb-3024-a17a-b4e5d8b15b65,1,0,0,1,45,0.00808666788025,factorial_cell,,
heldout,yolo11n,20dd185d-b4eb-3024-a17a-b4e5d8b15b65,1,0,1,0,45,0.0152742051089,factorial_cell,,
heldout,yolo11n,20dd185d-b4eb-3024-a17a-b4e5d8b15b65,1,0,1,1,45,0.00568134990037,factorial_cell,,
heldout,yolo11n,20dd185d-b4eb-3024-a17a-b4e5d8b15b65,1,1,0,0,45,0.017251177607,factorial_cell,,
heldout,yolo11n,20dd185d-b4eb-3024-a17a-b4e5d8b15b65,1,1,0,1,45,0.00795792863406,factorial_cell,,
heldout,yolo11n,20dd185d-b4eb-3024-a17a-b4e5d8b15b65,1,1,1,0,45,0.0133228167474,factorial_cell,,
heldout,yolo11n,20dd185d-b4eb-3024-a17a-b4e5d8b15b65,1,1,1,1,45,0.00542124511953,factorial_cell,,
heldout,yolo11n,47286726-5dd4-4e26-bd2d-5324f429e445,0,0,0,0,89,0.0144151443354,factorial_cell,,
heldout,yolo11n,47286726-5dd4-4e26-bd2d-5324f429e445,0,0,0,1,89,0.01103289145,factorial_cell,,
heldout,yolo11n,47286726-5dd4-4e26-bd2d-5324f429e445,0,0,1,0,89,0.0102283019749,factorial_cell,,
heldout,yolo11n,47286726-5dd4-4e26-bd2d-5324f429e445,0,0,1,1,89,0.00758120257515,factorial_cell,,
heldout,yolo11n,47286726-5dd4-4e26-bd2d-5324f429e445,0,1,0,0,89,0.013588419423,factorial_cell,,
heldout,yolo11n,47286726-5dd4-4e26-bd2d-5324f429e445,0,1,0,1,89,0.010891008729,factorial_cell,,
heldout,yolo11n,47286726-5dd4-4e26-bd2d-5324f429e445,0,1,1,0,89,0.010168844119,factorial_cell,,
heldout,yolo11n,47286726-5dd4-4e26-bd2d-5324f429e445,0,1,1,1,89,0.00766339347579,factorial_cell,,
heldout,yolo11n,47286726-5dd4-4e26-bd2d-5324f429e445,1,0,0,0,89,0.0113739526469,factorial_cell,,
heldout,yolo11n,47286726-5dd4-4e26-bd2d-5324f429e445,1,0,0,1,89,0.00876362506619,factorial_cell,,
heldout,yolo11n,47286726-5dd4-4e26-bd2d-5324f429e445,1,0,1,0,89,0.0102283019749,factorial_cell,,
heldout,yolo11n,47286726-5dd4-4e26-bd2d-5324f429e445,1,0,1,1,89,0.00758120257515,factorial_cell,,
heldout,yolo11n,47286726-5dd4-4e26-bd2d-5324f429e445,1,1,0,0,89,0.0110656604132,factorial_cell,,
heldout,yolo11n,47286726-5dd4-4e26-bd2d-5324f429e445,1,1,0,1,89,0.0082187054408,factorial_cell,,
heldout,yolo11n,47286726-5dd4-4e26-bd2d-5324f429e445,1,1,1,0,89,0.010168844119,factorial_cell,,
heldout,yolo11n,47286726-5dd4-4e26-bd2d-5324f429e445,1,1,1,1,89,0.00766339347579,factorial_cell,,
heldout,yolo11n,78da7b7e-8ddf-3c7d-8716-eaa890106dd3,0,0,0,0,64,0.0088462325783,factorial_cell,,
heldout,yolo11n,78da7b7e-8ddf-3c7d-8716-eaa890106dd3,0,0,0,1,64,0.00783740972489,factorial_cell,,
heldout,yolo11n,78da7b7e-8ddf-3c7d-8716-eaa890106dd3,0,0,1,0,64,0.00793469300941,factorial_cell,,
heldout,yolo11n,78da7b7e-8ddf-3c7d-8716-eaa890106dd3,0,0,1,1,64,0.00560647072503,factorial_cell,,
heldout,yolo11n,78da7b7e-8ddf-3c7d-8716-eaa890106dd3,0,1,0,0,64,0.00901779838337,factorial_cell,,
heldout,yolo11n,78da7b7e-8ddf-3c7d-8716-eaa890106dd3,0,1,0,1,64,0.0077069724048,factorial_cell,,
heldout,yolo11n,78da7b7e-8ddf-3c7d-8716-eaa890106dd3,0,1,1,0,64,0.00796926883871,factorial_cell,,
heldout,yolo11n,78da7b7e-8ddf-3c7d-8716-eaa890106dd3,0,1,1,1,64,0.00544006437011,factorial_cell,,
heldout,yolo11n,78da7b7e-8ddf-3c7d-8716-eaa890106dd3,1,0,0,0,64,0.00752036964743,factorial_cell,,
heldout,yolo11n,78da7b7e-8ddf-3c7d-8716-eaa890106dd3,1,0,0,1,64,0.00685095206208,factorial_cell,,
heldout,yolo11n,78da7b7e-8ddf-3c7d-8716-eaa890106dd3,1,0,1,0,64,0.00793469300941,factorial_cell,,
heldout,yolo11n,78da7b7e-8ddf-3c7d-8716-eaa890106dd3,1,0,1,1,64,0.00560647072503,factorial_cell,,
heldout,yolo11n,78da7b7e-8ddf-3c7d-8716-eaa890106dd3,1,1,0,0,64,0.00754465054447,factorial_cell,,
heldout,yolo11n,78da7b7e-8ddf-3c7d-8716-eaa890106dd3,1,1,0,1,64,0.00645035003366,factorial_cell,,
heldout,yolo11n,78da7b7e-8ddf-3c7d-8716-eaa890106dd3,1,1,1,0,64,0.00796926883871,factorial_cell,,
heldout,yolo11n,78da7b7e-8ddf-3c7d-8716-eaa890106dd3,1,1,1,1,64,0.00544006437011,factorial_cell,,
heldout,yolo11n,b50c4763-5d1e-37f4-a009-2244aeebabcd,0,0,0,0,28,0.00925324917749,factorial_cell,,
heldout,yolo11n,b50c4763-5d1e-37f4-a009-2244aeebabcd,0,0,0,1,28,0.00875001842155,factorial_cell,,
heldout,yolo11n,b50c4763-5d1e-37f4-a009-2244aeebabcd,0,0,1,0,28,0.00760318346331,factorial_cell,,
heldout,yolo11n,b50c4763-5d1e-37f4-a009-2244aeebabcd,0,0,1,1,28,0.00746254950114,factorial_cell,,
heldout,yolo11n,b50c4763-5d1e-37f4-a009-2244aeebabcd,0,1,0,0,28,0.00921237019264,factorial_cell,,
heldout,yolo11n,b50c4763-5d1e-37f4-a009-2244aeebabcd,0,1,0,1,28,0.00865697574956,factorial_cell,,
heldout,yolo11n,b50c4763-5d1e-37f4-a009-2244aeebabcd,0,1,1,0,28,0.00765351630505,factorial_cell,,
heldout,yolo11n,b50c4763-5d1e-37f4-a009-2244aeebabcd,0,1,1,1,28,0.00725736810927,factorial_cell,,
heldout,yolo11n,b50c4763-5d1e-37f4-a009-2244aeebabcd,1,0,0,0,28,0.00915976954079,factorial_cell,,
heldout,yolo11n,b50c4763-5d1e-37f4-a009-2244aeebabcd,1,0,0,1,28,0.00869174293201,factorial_cell,,
heldout,yolo11n,b50c4763-5d1e-37f4-a009-2244aeebabcd,1,0,1,0,28,0.00760318346331,factorial_cell,,
heldout,yolo11n,b50c4763-5d1e-37f4-a009-2244aeebabcd,1,0,1,1,28,0.00746254950114,factorial_cell,,
heldout,yolo11n,b50c4763-5d1e-37f4-a009-2244aeebabcd,1,1,0,0,28,0.00916943800797,factorial_cell,,
heldout,yolo11n,b50c4763-5d1e-37f4-a009-2244aeebabcd,1,1,0,1,28,0.00865787699947,factorial_cell,,
heldout,yolo11n,b50c4763-5d1e-37f4-a009-2244aeebabcd,1,1,1,0,28,0.00765351630505,factorial_cell,,
heldout,yolo11n,b50c4763-5d1e-37f4-a009-2244aeebabcd,1,1,1,1,28,0.00725736810927,factorial_cell,,
heldout,yolo11n,dafe14f5-825c-4e7a-9009-6dfdfdd5b030,0,0,0,0,43,0.0156651737596,factorial_cell,,
heldout,yolo11n,dafe14f5-825c-4e7a-9009-6dfdfdd5b030,0,0,0,1,43,0.0103657332376,factorial_cell,,
heldout,yolo11n,dafe14f5-825c-4e7a-9009-6dfdfdd5b030,0,0,1,0,43,0.0123648381776,factorial_cell,,
heldout,yolo11n,dafe14f5-825c-4e7a-9009-6dfdfdd5b030,0,0,1,1,43,0.005737717873,factorial_cell,,
heldout,yolo11n,dafe14f5-825c-4e7a-9009-6dfdfdd5b030,0,1,0,0,43,0.0164792465993,factorial_cell,,
heldout,yolo11n,dafe14f5-825c-4e7a-9009-6dfdfdd5b030,0,1,0,1,43,0.0104910848186,factorial_cell,,
heldout,yolo11n,dafe14f5-825c-4e7a-9009-6dfdfdd5b030,0,1,1,0,43,0.0123757772355,factorial_cell,,
heldout,yolo11n,dafe14f5-825c-4e7a-9009-6dfdfdd5b030,0,1,1,1,43,0.00574422883226,factorial_cell,,
heldout,yolo11n,dafe14f5-825c-4e7a-9009-6dfdfdd5b030,1,0,0,0,43,0.0137567366586,factorial_cell,,
heldout,yolo11n,dafe14f5-825c-4e7a-9009-6dfdfdd5b030,1,0,0,1,43,0.00657114505308,factorial_cell,,
heldout,yolo11n,dafe14f5-825c-4e7a-9009-6dfdfdd5b030,1,0,1,0,43,0.0123648381776,factorial_cell,,
heldout,yolo11n,dafe14f5-825c-4e7a-9009-6dfdfdd5b030,1,0,1,1,43,0.005737717873,factorial_cell,,
heldout,yolo11n,dafe14f5-825c-4e7a-9009-6dfdfdd5b030,1,1,0,0,43,0.0140930685418,factorial_cell,,
heldout,yolo11n,dafe14f5-825c-4e7a-9009-6dfdfdd5b030,1,1,0,1,43,0.00637863756749,factorial_cell,,
heldout,yolo11n,dafe14f5-825c-4e7a-9009-6dfdfdd5b030,1,1,1,0,43,0.0123757772355,factorial_cell,,
heldout,yolo11n,dafe14f5-825c-4e7a-9009-6dfdfdd5b030,1,1,1,1,43,0.00574422883226,factorial_cell,,
heldout,yolo11n,f2576c8a-da9b-450e-88cf-a70af1b0eadf,0,0,0,0,18,0.0198093063269,factorial_cell,,
heldout,yolo11n,f2576c8a-da9b-450e-88cf-a70af1b0eadf,0,0,0,1,18,0.0145180018349,factorial_cell,,
heldout,yolo11n,f2576c8a-da9b-450e-88cf-a70af1b0eadf,0,0,1,0,18,0.013595065455,factorial_cell,,
heldout,yolo11n,f2576c8a-da9b-450e-88cf-a70af1b0eadf,0,0,1,1,18,0.00806027846858,factorial_cell,,
heldout,yolo11n,f2576c8a-da9b-450e-88cf-a70af1b0eadf,0,1,0,0,18,0.0198819974826,factorial_cell,,
heldout,yolo11n,f2576c8a-da9b-450e-88cf-a70af1b0eadf,0,1,0,1,18,0.0145196244476,factorial_cell,,
heldout,yolo11n,f2576c8a-da9b-450e-88cf-a70af1b0eadf,0,1,1,0,18,0.0137581354329,factorial_cell,,
heldout,yolo11n,f2576c8a-da9b-450e-88cf-a70af1b0eadf,0,1,1,1,18,0.0080618594028,factorial_cell,,
heldout,yolo11n,f2576c8a-da9b-450e-88cf-a70af1b0eadf,1,0,0,0,18,0.0184022346509,factorial_cell,,
heldout,yolo11n,f2576c8a-da9b-450e-88cf-a70af1b0eadf,1,0,0,1,18,0.010417756027,factorial_cell,,
heldout,yolo11n,f2576c8a-da9b-450e-88cf-a70af1b0eadf,1,0,1,0,18,0.013595065455,factorial_cell,,
heldout,yolo11n,f2576c8a-da9b-450e-88cf-a70af1b0eadf,1,0,1,1,18,0.00806027846858,factorial_cell,,
heldout,yolo11n,f2576c8a-da9b-450e-88cf-a70af1b0eadf,1,1,0,0,18,0.0179437079939,factorial_cell,,
heldout,yolo11n,f2576c8a-da9b-450e-88cf-a70af1b0eadf,1,1,0,1,18,0.0104123999597,factorial_cell,,
heldout,yolo11n,f2576c8a-da9b-450e-88cf-a70af1b0eadf,1,1,1,0,18,0.0137581354329,factorial_cell,,
heldout,yolo11n,f2576c8a-da9b-450e-88cf-a70af1b0eadf,1,1,1,1,18,0.0080618594028,factorial_cell,,
model_selection,yolo11n,8858428d-8fd5-3c3f-8ca4-d01f6e25e63c,0,0,0,0,36,0.00707377066782,factorial_cell,,
model_selection,yolo11n,8858428d-8fd5-3c3f-8ca4-d01f6e25e63c,0,0,0,1,36,0.0038241147638,factorial_cell,,
model_selection,yolo11n,8858428d-8fd5-3c3f-8ca4-d01f6e25e63c,0,0,1,0,36,0.00534271136978,factorial_cell,,
model_selection,yolo11n,8858428d-8fd5-3c3f-8ca4-d01f6e25e63c,0,0,1,1,36,0.00260890699112,factorial_cell,,
model_selection,yolo11n,8858428d-8fd5-3c3f-8ca4-d01f6e25e63c,0,1,0,0,36,0.00682086850987,factorial_cell,,
model_selection,yolo11n,8858428d-8fd5-3c3f-8ca4-d01f6e25e63c,0,1,0,1,36,0.00382731594506,factorial_cell,,
model_selection,yolo11n,8858428d-8fd5-3c3f-8ca4-d01f6e25e63c,0,1,1,0,36,0.00556585200785,factorial_cell,,
model_selection,yolo11n,8858428d-8fd5-3c3f-8ca4-d01f6e25e63c,0,1,1,1,36,0.0025611606168,factorial_cell,,
model_selection,yolo11n,8858428d-8fd5-3c3f-8ca4-d01f6e25e63c,1,0,0,0,36,0.00669872699774,factorial_cell,,
model_selection,yolo11n,8858428d-8fd5-3c3f-8ca4-d01f6e25e63c,1,0,0,1,36,0.00353193059597,factorial_cell,,
model_selection,yolo11n,8858428d-8fd5-3c3f-8ca4-d01f6e25e63c,1,0,1,0,36,0.00534271136978,factorial_cell,,
model_selection,yolo11n,8858428d-8fd5-3c3f-8ca4-d01f6e25e63c,1,0,1,1,36,0.00260890699112,factorial_cell,,
model_selection,yolo11n,8858428d-8fd5-3c3f-8ca4-d01f6e25e63c,1,1,0,0,36,0.00668656777146,factorial_cell,,
model_selection,yolo11n,8858428d-8fd5-3c3f-8ca4-d01f6e25e63c,1,1,0,1,36,0.00339745143737,factorial_cell,,
model_selection,yolo11n,8858428d-8fd5-3c3f-8ca4-d01f6e25e63c,1,1,1,0,36,0.00556585200785,factorial_cell,,
model_selection,yolo11n,8858428d-8fd5-3c3f-8ca4-d01f6e25e63c,1,1,1,1,36,0.0025611606168,factorial_cell,,
model_selection,yolo11n,a47ba6a9-ffa1-3979-bb40-512339284b8b,0,0,0,0,95,0.00712167463394,factorial_cell,,
model_selection,yolo11n,a47ba6a9-ffa1-3979-bb40-512339284b8b,0,0,0,1,95,0.00555313998082,factorial_cell,,
model_selection,yolo11n,a47ba6a9-ffa1-3979-bb40-512339284b8b,0,0,1,0,95,0.00525394775088,factorial_cell,,
model_selection,yolo11n,a47ba6a9-ffa1-3979-bb40-512339284b8b,0,0,1,1,95,0.0036334723136,factorial_cell,,
model_selection,yolo11n,a47ba6a9-ffa1-3979-bb40-512339284b8b,0,1,0,0,95,0.0071251360809,factorial_cell,,
model_selection,yolo11n,a47ba6a9-ffa1-3979-bb40-512339284b8b,0,1,0,1,95,0.00555723399466,factorial_cell,,
model_selection,yolo11n,a47ba6a9-ffa1-3979-bb40-512339284b8b,0,1,1,0,95,0.00525401060666,factorial_cell,,
model_selection,yolo11n,a47ba6a9-ffa1-3979-bb40-512339284b8b,0,1,1,1,95,0.00358254840695,factorial_cell,,
model_selection,yolo11n,a47ba6a9-ffa1-3979-bb40-512339284b8b,1,0,0,0,95,0.00662205325409,factorial_cell,,
model_selection,yolo11n,a47ba6a9-ffa1-3979-bb40-512339284b8b,1,0,0,1,95,0.00483965445211,factorial_cell,,
model_selection,yolo11n,a47ba6a9-ffa1-3979-bb40-512339284b8b,1,0,1,0,95,0.00525394775088,factorial_cell,,
model_selection,yolo11n,a47ba6a9-ffa1-3979-bb40-512339284b8b,1,0,1,1,95,0.0036334723136,factorial_cell,,
model_selection,yolo11n,a47ba6a9-ffa1-3979-bb40-512339284b8b,1,1,0,0,95,0.00655276335802,factorial_cell,,
model_selection,yolo11n,a47ba6a9-ffa1-3979-bb40-512339284b8b,1,1,0,1,95,0.00482630761545,factorial_cell,,
model_selection,yolo11n,a47ba6a9-ffa1-3979-bb40-512339284b8b,1,1,1,0,95,0.00525401060666,factorial_cell,,
model_selection,yolo11n,a47ba6a9-ffa1-3979-bb40-512339284b8b,1,1,1,1,95,0.00358254840695,factorial_cell,,
development,yolo11s,16af3863-0d31-3cd1-8fa2-58053ffb953a,0,0,0,0,108,0.0158525309907,factorial_cell,,
development,yolo11s,16af3863-0d31-3cd1-8fa2-58053ffb953a,0,0,0,1,108,0.00930632662052,factorial_cell,,
development,yolo11s,16af3863-0d31-3cd1-8fa2-58053ffb953a,0,0,1,0,108,0.0137980547073,factorial_cell,,
development,yolo11s,16af3863-0d31-3cd1-8fa2-58053ffb953a,0,0,1,1,108,0.00840799638078,factorial_cell,,
development,yolo11s,16af3863-0d31-3cd1-8fa2-58053ffb953a,0,1,0,0,108,0.0153920360798,factorial_cell,,
development,yolo11s,16af3863-0d31-3cd1-8fa2-58053ffb953a,0,1,0,1,108,0.00920643587042,factorial_cell,,
development,yolo11s,16af3863-0d31-3cd1-8fa2-58053ffb953a,0,1,1,0,108,0.0138023009042,factorial_cell,,
development,yolo11s,16af3863-0d31-3cd1-8fa2-58053ffb953a,0,1,1,1,108,0.00761700563188,factorial_cell,,
development,yolo11s,16af3863-0d31-3cd1-8fa2-58053ffb953a,1,0,0,0,108,0.014802016719,factorial_cell,,
development,yolo11s,16af3863-0d31-3cd1-8fa2-58053ffb953a,1,0,0,1,108,0.00990180255085,factorial_cell,,
development,yolo11s,16af3863-0d31-3cd1-8fa2-58053ffb953a,1,0,1,0,108,0.0137980547073,factorial_cell,,
development,yolo11s,16af3863-0d31-3cd1-8fa2-58053ffb953a,1,0,1,1,108,0.00840799638078,factorial_cell,,
development,yolo11s,16af3863-0d31-3cd1-8fa2-58053ffb953a,1,1,0,0,108,0.0141901658807,factorial_cell,,
development,yolo11s,16af3863-0d31-3cd1-8fa2-58053ffb953a,1,1,0,1,108,0.00877247508944,factorial_cell,,
development,yolo11s,16af3863-0d31-3cd1-8fa2-58053ffb953a,1,1,1,0,108,0.0138023009042,factorial_cell,,
development,yolo11s,16af3863-0d31-3cd1-8fa2-58053ffb953a,1,1,1,1,108,0.00761700563188,factorial_cell,,
development,yolo11s,3576c0f5-c1b5-35bb-a0c4-ee95cba5c754,0,0,0,0,32,0.0171871041229,factorial_cell,,
development,yolo11s,3576c0f5-c1b5-35bb-a0c4-ee95cba5c754,0,0,0,1,32,0.0177405174795,factorial_cell,,
development,yolo11s,3576c0f5-c1b5-35bb-a0c4-ee95cba5c754,0,0,1,0,32,0.0102348025242,factorial_cell,,
development,yolo11s,3576c0f5-c1b5-35bb-a0c4-ee95cba5c754,0,0,1,1,32,0.00539948556111,factorial_cell,,
development,yolo11s,3576c0f5-c1b5-35bb-a0c4-ee95cba5c754,0,1,0,0,32,0.0176010451257,factorial_cell,,
development,yolo11s,3576c0f5-c1b5-35bb-a0c4-ee95cba5c754,0,1,0,1,32,0.0177026129314,factorial_cell,,
development,yolo11s,3576c0f5-c1b5-35bb-a0c4-ee95cba5c754,0,1,1,0,32,0.0111377149144,factorial_cell,,
development,yolo11s,3576c0f5-c1b5-35bb-a0c4-ee95cba5c754,0,1,1,1,32,0.0050389235458,factorial_cell,,
development,yolo11s,3576c0f5-c1b5-35bb-a0c4-ee95cba5c754,1,0,0,0,32,0.0185847126756,factorial_cell,,
development,yolo11s,3576c0f5-c1b5-35bb-a0c4-ee95cba5c754,1,0,0,1,32,0.0173905855272,factorial_cell,,
development,yolo11s,3576c0f5-c1b5-35bb-a0c4-ee95cba5c754,1,0,1,0,32,0.0102348025242,factorial_cell,,
development,yolo11s,3576c0f5-c1b5-35bb-a0c4-ee95cba5c754,1,0,1,1,32,0.00539948556111,factorial_cell,,
development,yolo11s,3576c0f5-c1b5-35bb-a0c4-ee95cba5c754,1,1,0,0,32,0.0190975768374,factorial_cell,,
development,yolo11s,3576c0f5-c1b5-35bb-a0c4-ee95cba5c754,1,1,0,1,32,0.0172441755817,factorial_cell,,
development,yolo11s,3576c0f5-c1b5-35bb-a0c4-ee95cba5c754,1,1,1,0,32,0.0111377149144,factorial_cell,,
development,yolo11s,3576c0f5-c1b5-35bb-a0c4-ee95cba5c754,1,1,1,1,32,0.0050389235458,factorial_cell,,
development,yolo11s,41d69427-364c-366e-94a5-8e556bcac39f,0,0,0,0,107,0.00700014684456,factorial_cell,,
development,yolo11s,41d69427-364c-366e-94a5-8e556bcac39f,0,0,0,1,107,0.00648940538903,factorial_cell,,
development,yolo11s,41d69427-364c-366e-94a5-8e556bcac39f,0,0,1,0,107,0.00523482577624,factorial_cell,,
development,yolo11s,41d69427-364c-366e-94a5-8e556bcac39f,0,0,1,1,107,0.00446814573643,factorial_cell,,
development,yolo11s,41d69427-364c-366e-94a5-8e556bcac39f,0,1,0,0,107,0.00688453203027,factorial_cell,,
development,yolo11s,41d69427-364c-366e-94a5-8e556bcac39f,0,1,0,1,107,0.00653285288851,factorial_cell,,
development,yolo11s,41d69427-364c-366e-94a5-8e556bcac39f,0,1,1,0,107,0.00511930468047,factorial_cell,,
development,yolo11s,41d69427-364c-366e-94a5-8e556bcac39f,0,1,1,1,107,0.0041812811847,factorial_cell,,
development,yolo11s,41d69427-364c-366e-94a5-8e556bcac39f,1,0,0,0,107,0.00609840152556,factorial_cell,,
development,yolo11s,41d69427-364c-366e-94a5-8e556bcac39f,1,0,0,1,107,0.00591831008532,factorial_cell,,
development,yolo11s,41d69427-364c-366e-94a5-8e556bcac39f,1,0,1,0,107,0.00523482577624,factorial_cell,,
development,yolo11s,41d69427-364c-366e-94a5-8e556bcac39f,1,0,1,1,107,0.00446814573643,factorial_cell,,
development,yolo11s,41d69427-364c-366e-94a5-8e556bcac39f,1,1,0,0,107,0.00613626274973,factorial_cell,,
development,yolo11s,41d69427-364c-366e-94a5-8e556bcac39f,1,1,0,1,107,0.00581594187003,factorial_cell,,
development,yolo11s,41d69427-364c-366e-94a5-8e556bcac39f,1,1,1,0,107,0.00511930468047,factorial_cell,,
development,yolo11s,41d69427-364c-366e-94a5-8e556bcac39f,1,1,1,1,107,0.0041812811847,factorial_cell,,
development,yolo11s,62a1e53b-b55c-36c2-bc5b-e216d494875a,0,0,0,0,85,0.00940287596177,factorial_cell,,
development,yolo11s,62a1e53b-b55c-36c2-bc5b-e216d494875a,0,0,0,1,85,0.00595769397464,factorial_cell,,
development,yolo11s,62a1e53b-b55c-36c2-bc5b-e216d494875a,0,0,1,0,85,0.00840401107913,factorial_cell,,
development,yolo11s,62a1e53b-b55c-36c2-bc5b-e216d494875a,0,0,1,1,85,0.00436971151157,factorial_cell,,
development,yolo11s,62a1e53b-b55c-36c2-bc5b-e216d494875a,0,1,0,0,85,0.00916222104157,factorial_cell,,
development,yolo11s,62a1e53b-b55c-36c2-bc5b-e216d494875a,0,1,0,1,85,0.00594854438311,factorial_cell,,
development,yolo11s,62a1e53b-b55c-36c2-bc5b-e216d494875a,0,1,1,0,85,0.00841308230289,factorial_cell,,
development,yolo11s,62a1e53b-b55c-36c2-bc5b-e216d494875a,0,1,1,1,85,0.00446053853584,factorial_cell,,
development,yolo11s,62a1e53b-b55c-36c2-bc5b-e216d494875a,1,0,0,0,85,0.0090138899658,factorial_cell,,
development,yolo11s,62a1e53b-b55c-36c2-bc5b-e216d494875a,1,0,0,1,85,0.00482109552237,factorial_cell,,
development,yolo11s,62a1e53b-b55c-36c2-bc5b-e216d494875a,1,0,1,0,85,0.00840401107913,factorial_cell,,
development,yolo11s,62a1e53b-b55c-36c2-bc5b-e216d494875a,1,0,1,1,85,0.00436971151157,factorial_cell,,
development,yolo11s,62a1e53b-b55c-36c2-bc5b-e216d494875a,1,1,0,0,85,0.00920578702891,factorial_cell,,
development,yolo11s,62a1e53b-b55c-36c2-bc5b-e216d494875a,1,1,0,1,85,0.0057048168361,factorial_cell,,
development,yolo11s,62a1e53b-b55c-36c2-bc5b-e216d494875a,1,1,1,0,85,0.00841308230289,factorial_cell,,
development,yolo11s,62a1e53b-b55c-36c2-bc5b-e216d494875a,1,1,1,1,85,0.00446053853584,factorial_cell,,
development,yolo11s,74dd5c1d-7a9a-32d1-903a-fc57e07109b9,0,0,0,0,52,0.0179007355028,factorial_cell,,
development,yolo11s,74dd5c1d-7a9a-32d1-903a-fc57e07109b9,0,0,0,1,52,0.00918589108212,factorial_cell,,
development,yolo11s,74dd5c1d-7a9a-32d1-903a-fc57e07109b9,0,0,1,0,52,0.01047625037,factorial_cell,,
development,yolo11s,74dd5c1d-7a9a-32d1-903a-fc57e07109b9,0,0,1,1,52,0.00775256457359,factorial_cell,,
development,yolo11s,74dd5c1d-7a9a-32d1-903a-fc57e07109b9,0,1,0,0,52,0.0183567893148,factorial_cell,,
development,yolo11s,74dd5c1d-7a9a-32d1-903a-fc57e07109b9,0,1,0,1,52,0.00909091832832,factorial_cell,,
development,yolo11s,74dd5c1d-7a9a-32d1-903a-fc57e07109b9,0,1,1,0,52,0.0104649862375,factorial_cell,,
development,yolo11s,74dd5c1d-7a9a-32d1-903a-fc57e07109b9,0,1,1,1,52,0.00773649480239,factorial_cell,,
development,yolo11s,74dd5c1d-7a9a-32d1-903a-fc57e07109b9,1,0,0,0,52,0.0127249927449,factorial_cell,,
development,yolo11s,74dd5c1d-7a9a-32d1-903a-fc57e07109b9,1,0,0,1,52,0.00887518217851,factorial_cell,,
development,yolo11s,74dd5c1d-7a9a-32d1-903a-fc57e07109b9,1,0,1,0,52,0.01047625037,factorial_cell,,
development,yolo11s,74dd5c1d-7a9a-32d1-903a-fc57e07109b9,1,0,1,1,52,0.00775256457359,factorial_cell,,
development,yolo11s,74dd5c1d-7a9a-32d1-903a-fc57e07109b9,1,1,0,0,52,0.0128115762264,factorial_cell,,
development,yolo11s,74dd5c1d-7a9a-32d1-903a-fc57e07109b9,1,1,0,1,52,0.00870499141075,factorial_cell,,
development,yolo11s,74dd5c1d-7a9a-32d1-903a-fc57e07109b9,1,1,1,0,52,0.0104649862375,factorial_cell,,
development,yolo11s,74dd5c1d-7a9a-32d1-903a-fc57e07109b9,1,1,1,1,52,0.00773649480239,factorial_cell,,
development,yolo11s,85026edc-5fdf-308e-a8ef-a1aad1151c50,0,0,0,0,66,0.0123235679615,factorial_cell,,
development,yolo11s,85026edc-5fdf-308e-a8ef-a1aad1151c50,0,0,0,1,66,0.0093527874848,factorial_cell,,
development,yolo11s,85026edc-5fdf-308e-a8ef-a1aad1151c50,0,0,1,0,66,0.0109445095403,factorial_cell,,
development,yolo11s,85026edc-5fdf-308e-a8ef-a1aad1151c50,0,0,1,1,66,0.00699664034447,factorial_cell,,
development,yolo11s,85026edc-5fdf-308e-a8ef-a1aad1151c50,0,1,0,0,66,0.0121598388117,factorial_cell,,
development,yolo11s,85026edc-5fdf-308e-a8ef-a1aad1151c50,0,1,0,1,66,0.00895607907413,factorial_cell,,
development,yolo11s,85026edc-5fdf-308e-a8ef-a1aad1151c50,0,1,1,0,66,0.0112768708411,factorial_cell,,
development,yolo11s,85026edc-5fdf-308e-a8ef-a1aad1151c50,0,1,1,1,66,0.00698769229532,factorial_cell,,
development,yolo11s,85026edc-5fdf-308e-a8ef-a1aad1151c50,1,0,0,0,66,0.0109268673349,factorial_cell,,
development,yolo11s,85026edc-5fdf-308e-a8ef-a1aad1151c50,1,0,0,1,66,0.00838425231785,factorial_cell,,
development,yolo11s,85026edc-5fdf-308e-a8ef-a1aad1151c50,1,0,1,0,66,0.0109445095403,factorial_cell,,
development,yolo11s,85026edc-5fdf-308e-a8ef-a1aad1151c50,1,0,1,1,66,0.00699664034447,factorial_cell,,
development,yolo11s,85026edc-5fdf-308e-a8ef-a1aad1151c50,1,1,0,0,66,0.0111472726183,factorial_cell,,
development,yolo11s,85026edc-5fdf-308e-a8ef-a1aad1151c50,1,1,0,1,66,0.00827094887119,factorial_cell,,
development,yolo11s,85026edc-5fdf-308e-a8ef-a1aad1151c50,1,1,1,0,66,0.0112768708411,factorial_cell,,
development,yolo11s,85026edc-5fdf-308e-a8ef-a1aad1151c50,1,1,1,1,66,0.00698769229532,factorial_cell,,
development,yolo11s,96284bbc-6b58-330f-a5a6-76cd518543f0,0,0,0,0,118,0.0102311710802,factorial_cell,,
development,yolo11s,96284bbc-6b58-330f-a5a6-76cd518543f0,0,0,0,1,118,0.00591246678741,factorial_cell,,
development,yolo11s,96284bbc-6b58-330f-a5a6-76cd518543f0,0,0,1,0,118,0.00712868963832,factorial_cell,,
development,yolo11s,96284bbc-6b58-330f-a5a6-76cd518543f0,0,0,1,1,118,0.00389825877429,factorial_cell,,
development,yolo11s,96284bbc-6b58-330f-a5a6-76cd518543f0,0,1,0,0,118,0.00966604508192,factorial_cell,,
development,yolo11s,96284bbc-6b58-330f-a5a6-76cd518543f0,0,1,0,1,118,0.00579233500575,factorial_cell,,
development,yolo11s,96284bbc-6b58-330f-a5a6-76cd518543f0,0,1,1,0,118,0.00718006578067,factorial_cell,,
development,yolo11s,96284bbc-6b58-330f-a5a6-76cd518543f0,0,1,1,1,118,0.00362065087272,factorial_cell,,
development,yolo11s,96284bbc-6b58-330f-a5a6-76cd518543f0,1,0,0,0,118,0.00963857089385,factorial_cell,,
development,yolo11s,96284bbc-6b58-330f-a5a6-76cd518543f0,1,0,0,1,118,0.00628354262592,factorial_cell,,
development,yolo11s,96284bbc-6b58-330f-a5a6-76cd518543f0,1,0,1,0,118,0.00712868963832,factorial_cell,,
development,yolo11s,96284bbc-6b58-330f-a5a6-76cd518543f0,1,0,1,1,118,0.00389825877429,factorial_cell,,
development,yolo11s,96284bbc-6b58-330f-a5a6-76cd518543f0,1,1,0,0,118,0.00940997647858,factorial_cell,,
development,yolo11s,96284bbc-6b58-330f-a5a6-76cd518543f0,1,1,0,1,118,0.00606945615519,factorial_cell,,
development,yolo11s,96284bbc-6b58-330f-a5a6-76cd518543f0,1,1,1,0,118,0.00718006578067,factorial_cell,,
development,yolo11s,96284bbc-6b58-330f-a5a6-76cd518543f0,1,1,1,1,118,0.00362065087272,factorial_cell,,
development,yolo11s,aa82b61f-7156-3c68-95a4-b79cebd120eb,0,0,0,0,92,0.0142787073732,factorial_cell,,
development,yolo11s,aa82b61f-7156-3c68-95a4-b79cebd120eb,0,0,0,1,92,0.0090966971029,factorial_cell,,
development,yolo11s,aa82b61f-7156-3c68-95a4-b79cebd120eb,0,0,1,0,92,0.013189348396,factorial_cell,,
development,yolo11s,aa82b61f-7156-3c68-95a4-b79cebd120eb,0,0,1,1,92,0.00562884660518,factorial_cell,,
development,yolo11s,aa82b61f-7156-3c68-95a4-b79cebd120eb,0,1,0,0,92,0.0136418176813,factorial_cell,,
development,yolo11s,aa82b61f-7156-3c68-95a4-b79cebd120eb,0,1,0,1,92,0.00832545683111,factorial_cell,,
development,yolo11s,aa82b61f-7156-3c68-95a4-b79cebd120eb,0,1,1,0,92,0.0132084788182,factorial_cell,,
development,yolo11s,aa82b61f-7156-3c68-95a4-b79cebd120eb,0,1,1,1,92,0.00533889899769,factorial_cell,,
development,yolo11s,aa82b61f-7156-3c68-95a4-b79cebd120eb,1,0,0,0,92,0.0125147226173,factorial_cell,,
development,yolo11s,aa82b61f-7156-3c68-95a4-b79cebd120eb,1,0,0,1,92,0.00659431860599,factorial_cell,,
development,yolo11s,aa82b61f-7156-3c68-95a4-b79cebd120eb,1,0,1,0,92,0.013189348396,factorial_cell,,
development,yolo11s,aa82b61f-7156-3c68-95a4-b79cebd120eb,1,0,1,1,92,0.00562884660518,factorial_cell,,
development,yolo11s,aa82b61f-7156-3c68-95a4-b79cebd120eb,1,1,0,0,92,0.0129260357729,factorial_cell,,
development,yolo11s,aa82b61f-7156-3c68-95a4-b79cebd120eb,1,1,0,1,92,0.00607254854096,factorial_cell,,
development,yolo11s,aa82b61f-7156-3c68-95a4-b79cebd120eb,1,1,1,0,92,0.0132084788182,factorial_cell,,
development,yolo11s,aa82b61f-7156-3c68-95a4-b79cebd120eb,1,1,1,1,92,0.00533889899769,factorial_cell,,
development,yolo11s,cf6a99cb-b8bc-34d7-bdca-30e50e66cd74,0,0,0,0,111,0.00680206636125,factorial_cell,,
development,yolo11s,cf6a99cb-b8bc-34d7-bdca-30e50e66cd74,0,0,0,1,111,0.00541364629331,factorial_cell,,
development,yolo11s,cf6a99cb-b8bc-34d7-bdca-30e50e66cd74,0,0,1,0,111,0.00543015935303,factorial_cell,,
development,yolo11s,cf6a99cb-b8bc-34d7-bdca-30e50e66cd74,0,0,1,1,111,0.00463080869394,factorial_cell,,
development,yolo11s,cf6a99cb-b8bc-34d7-bdca-30e50e66cd74,0,1,0,0,111,0.00674482540545,factorial_cell,,
development,yolo11s,cf6a99cb-b8bc-34d7-bdca-30e50e66cd74,0,1,0,1,111,0.00528985089268,factorial_cell,,
development,yolo11s,cf6a99cb-b8bc-34d7-bdca-30e50e66cd74,0,1,1,0,111,0.0054274002941,factorial_cell,,
development,yolo11s,cf6a99cb-b8bc-34d7-bdca-30e50e66cd74,0,1,1,1,111,0.00465477231227,factorial_cell,,
development,yolo11s,cf6a99cb-b8bc-34d7-bdca-30e50e66cd74,1,0,0,0,111,0.00646189479235,factorial_cell,,
development,yolo11s,cf6a99cb-b8bc-34d7-bdca-30e50e66cd74,1,0,0,1,111,0.00515712100226,factorial_cell,,
development,yolo11s,cf6a99cb-b8bc-34d7-bdca-30e50e66cd74,1,0,1,0,111,0.00543015935303,factorial_cell,,
development,yolo11s,cf6a99cb-b8bc-34d7-bdca-30e50e66cd74,1,0,1,1,111,0.00463080869394,factorial_cell,,
development,yolo11s,cf6a99cb-b8bc-34d7-bdca-30e50e66cd74,1,1,0,0,111,0.0064134168216,factorial_cell,,
development,yolo11s,cf6a99cb-b8bc-34d7-bdca-30e50e66cd74,1,1,0,1,111,0.00504793763726,factorial_cell,,
development,yolo11s,cf6a99cb-b8bc-34d7-bdca-30e50e66cd74,1,1,1,0,111,0.0054274002941,factorial_cell,,
development,yolo11s,cf6a99cb-b8bc-34d7-bdca-30e50e66cd74,1,1,1,1,111,0.00465477231227,factorial_cell,,
development,yolo11s,ef4a46c4-138e-3478-b94e-3e60a567ec7d,0,0,0,0,48,0.0217489498965,factorial_cell,,
development,yolo11s,ef4a46c4-138e-3478-b94e-3e60a567ec7d,0,0,0,1,48,0.00641893502451,factorial_cell,,
development,yolo11s,ef4a46c4-138e-3478-b94e-3e60a567ec7d,0,0,1,0,48,0.0155587901794,factorial_cell,,
development,yolo11s,ef4a46c4-138e-3478-b94e-3e60a567ec7d,0,0,1,1,48,0.00411392748252,factorial_cell,,
development,yolo11s,ef4a46c4-138e-3478-b94e-3e60a567ec7d,0,1,0,0,48,0.0218003115771,factorial_cell,,
development,yolo11s,ef4a46c4-138e-3478-b94e-3e60a567ec7d,0,1,0,1,48,0.00645094501306,factorial_cell,,
development,yolo11s,ef4a46c4-138e-3478-b94e-3e60a567ec7d,0,1,1,0,48,0.0155275936018,factorial_cell,,
development,yolo11s,ef4a46c4-138e-3478-b94e-3e60a567ec7d,0,1,1,1,48,0.00416031337669,factorial_cell,,
development,yolo11s,ef4a46c4-138e-3478-b94e-3e60a567ec7d,1,0,0,0,48,0.0197868265151,factorial_cell,,
development,yolo11s,ef4a46c4-138e-3478-b94e-3e60a567ec7d,1,0,0,1,48,0.00566855779921,factorial_cell,,
development,yolo11s,ef4a46c4-138e-3478-b94e-3e60a567ec7d,1,0,1,0,48,0.0155587901794,factorial_cell,,
development,yolo11s,ef4a46c4-138e-3478-b94e-3e60a567ec7d,1,0,1,1,48,0.00411392748252,factorial_cell,,
development,yolo11s,ef4a46c4-138e-3478-b94e-3e60a567ec7d,1,1,0,0,48,0.0197802486591,factorial_cell,,
development,yolo11s,ef4a46c4-138e-3478-b94e-3e60a567ec7d,1,1,0,1,48,0.00571960357787,factorial_cell,,
development,yolo11s,ef4a46c4-138e-3478-b94e-3e60a567ec7d,1,1,1,0,48,0.0155275936018,factorial_cell,,
development,yolo11s,ef4a46c4-138e-3478-b94e-3e60a567ec7d,1,1,1,1,48,0.00416031337669,factorial_cell,,
heldout,yolo11s,0c3bad78-9f1e-395d-a376-2eb7499229fd,0,0,0,0,47,0.0111840008039,factorial_cell,,
heldout,yolo11s,0c3bad78-9f1e-395d-a376-2eb7499229fd,0,0,0,1,47,0.00364248814985,factorial_cell,,
heldout,yolo11s,0c3bad78-9f1e-395d-a376-2eb7499229fd,0,0,1,0,47,0.0103328485915,factorial_cell,,
heldout,yolo11s,0c3bad78-9f1e-395d-a376-2eb7499229fd,0,0,1,1,47,0.0027325065865,factorial_cell,,
heldout,yolo11s,0c3bad78-9f1e-395d-a376-2eb7499229fd,0,1,0,0,47,0.0111692845938,factorial_cell,,
heldout,yolo11s,0c3bad78-9f1e-395d-a376-2eb7499229fd,0,1,0,1,47,0.00357300046004,factorial_cell,,
heldout,yolo11s,0c3bad78-9f1e-395d-a376-2eb7499229fd,0,1,1,0,47,0.0103675220771,factorial_cell,,
heldout,yolo11s,0c3bad78-9f1e-395d-a376-2eb7499229fd,0,1,1,1,47,0.00273318303266,factorial_cell,,
heldout,yolo11s,0c3bad78-9f1e-395d-a376-2eb7499229fd,1,0,0,0,47,0.0104337012016,factorial_cell,,
heldout,yolo11s,0c3bad78-9f1e-395d-a376-2eb7499229fd,1,0,0,1,47,0.00319458557165,factorial_cell,,
heldout,yolo11s,0c3bad78-9f1e-395d-a376-2eb7499229fd,1,0,1,0,47,0.0103328485915,factorial_cell,,
heldout,yolo11s,0c3bad78-9f1e-395d-a376-2eb7499229fd,1,0,1,1,47,0.0027325065865,factorial_cell,,
heldout,yolo11s,0c3bad78-9f1e-395d-a376-2eb7499229fd,1,1,0,0,47,0.0104504297884,factorial_cell,,
heldout,yolo11s,0c3bad78-9f1e-395d-a376-2eb7499229fd,1,1,0,1,47,0.00313675776589,factorial_cell,,
heldout,yolo11s,0c3bad78-9f1e-395d-a376-2eb7499229fd,1,1,1,0,47,0.0103675220771,factorial_cell,,
heldout,yolo11s,0c3bad78-9f1e-395d-a376-2eb7499229fd,1,1,1,1,47,0.00273318303266,factorial_cell,,
heldout,yolo11s,27c03d98-6ac3-38a3-ba5e-102b184d01ef,0,0,0,0,33,0.0117449866989,factorial_cell,,
heldout,yolo11s,27c03d98-6ac3-38a3-ba5e-102b184d01ef,0,0,0,1,33,0.00875457430005,factorial_cell,,
heldout,yolo11s,27c03d98-6ac3-38a3-ba5e-102b184d01ef,0,0,1,0,33,0.0121897917438,factorial_cell,,
heldout,yolo11s,27c03d98-6ac3-38a3-ba5e-102b184d01ef,0,0,1,1,33,0.00614288350736,factorial_cell,,
heldout,yolo11s,27c03d98-6ac3-38a3-ba5e-102b184d01ef,0,1,0,0,33,0.0117404464057,factorial_cell,,
heldout,yolo11s,27c03d98-6ac3-38a3-ba5e-102b184d01ef,0,1,0,1,33,0.00850712896595,factorial_cell,,
heldout,yolo11s,27c03d98-6ac3-38a3-ba5e-102b184d01ef,0,1,1,0,33,0.0122160267858,factorial_cell,,
heldout,yolo11s,27c03d98-6ac3-38a3-ba5e-102b184d01ef,0,1,1,1,33,0.00597774570311,factorial_cell,,
heldout,yolo11s,27c03d98-6ac3-38a3-ba5e-102b184d01ef,1,0,0,0,33,0.0123900273437,factorial_cell,,
heldout,yolo11s,27c03d98-6ac3-38a3-ba5e-102b184d01ef,1,0,0,1,33,0.00799179717277,factorial_cell,,
heldout,yolo11s,27c03d98-6ac3-38a3-ba5e-102b184d01ef,1,0,1,0,33,0.0121897917438,factorial_cell,,
heldout,yolo11s,27c03d98-6ac3-38a3-ba5e-102b184d01ef,1,0,1,1,33,0.00614288350736,factorial_cell,,
heldout,yolo11s,27c03d98-6ac3-38a3-ba5e-102b184d01ef,1,1,0,0,33,0.0124391609659,factorial_cell,,
heldout,yolo11s,27c03d98-6ac3-38a3-ba5e-102b184d01ef,1,1,0,1,33,0.00741908835315,factorial_cell,,
heldout,yolo11s,27c03d98-6ac3-38a3-ba5e-102b184d01ef,1,1,1,0,33,0.0122160267858,factorial_cell,,
heldout,yolo11s,27c03d98-6ac3-38a3-ba5e-102b184d01ef,1,1,1,1,33,0.00597774570311,factorial_cell,,
heldout,yolo11s,52071780-5758-3ed4-8835-0d64ecdc5575,0,0,0,0,83,0.0105507917356,factorial_cell,,
heldout,yolo11s,52071780-5758-3ed4-8835-0d64ecdc5575,0,0,0,1,83,0.00567921535348,factorial_cell,,
heldout,yolo11s,52071780-5758-3ed4-8835-0d64ecdc5575,0,0,1,0,83,0.00818658962893,factorial_cell,,
heldout,yolo11s,52071780-5758-3ed4-8835-0d64ecdc5575,0,0,1,1,83,0.00430441351998,factorial_cell,,
heldout,yolo11s,52071780-5758-3ed4-8835-0d64ecdc5575,0,1,0,0,83,0.00949307256593,factorial_cell,,
heldout,yolo11s,52071780-5758-3ed4-8835-0d64ecdc5575,0,1,0,1,83,0.00664281841027,factorial_cell,,
heldout,yolo11s,52071780-5758-3ed4-8835-0d64ecdc5575,0,1,1,0,83,0.00818529438191,factorial_cell,,
heldout,yolo11s,52071780-5758-3ed4-8835-0d64ecdc5575,0,1,1,1,83,0.00455029556116,factorial_cell,,
heldout,yolo11s,52071780-5758-3ed4-8835-0d64ecdc5575,1,0,0,0,83,0.00951426558169,factorial_cell,,
heldout,yolo11s,52071780-5758-3ed4-8835-0d64ecdc5575,1,0,0,1,83,0.00583821623603,factorial_cell,,
heldout,yolo11s,52071780-5758-3ed4-8835-0d64ecdc5575,1,0,1,0,83,0.00818658962893,factorial_cell,,
heldout,yolo11s,52071780-5758-3ed4-8835-0d64ecdc5575,1,0,1,1,83,0.00430441351998,factorial_cell,,
heldout,yolo11s,52071780-5758-3ed4-8835-0d64ecdc5575,1,1,0,0,83,0.00947148574148,factorial_cell,,
heldout,yolo11s,52071780-5758-3ed4-8835-0d64ecdc5575,1,1,0,1,83,0.00563763573544,factorial_cell,,
heldout,yolo11s,52071780-5758-3ed4-8835-0d64ecdc5575,1,1,1,0,83,0.00818529438191,factorial_cell,,
heldout,yolo11s,52071780-5758-3ed4-8835-0d64ecdc5575,1,1,1,1,83,0.00455029556116,factorial_cell,,
heldout,yolo11s,858d739b-a0ba-35aa-bafc-4f7988bcad17,0,0,0,0,40,0.0135788316215,factorial_cell,,
heldout,yolo11s,858d739b-a0ba-35aa-bafc-4f7988bcad17,0,0,0,1,40,0.00972067328624,factorial_cell,,
heldout,yolo11s,858d739b-a0ba-35aa-bafc-4f7988bcad17,0,0,1,0,40,0.010234040351,factorial_cell,,
heldout,yolo11s,858d739b-a0ba-35aa-bafc-4f7988bcad17,0,0,1,1,40,0.0072244391197,factorial_cell,,
heldout,yolo11s,858d739b-a0ba-35aa-bafc-4f7988bcad17,0,1,0,0,40,0.0121118956379,factorial_cell,,
heldout,yolo11s,858d739b-a0ba-35aa-bafc-4f7988bcad17,0,1,0,1,40,0.00994467271892,factorial_cell,,
heldout,yolo11s,858d739b-a0ba-35aa-bafc-4f7988bcad17,0,1,1,0,40,0.0104446246675,factorial_cell,,
heldout,yolo11s,858d739b-a0ba-35aa-bafc-4f7988bcad17,0,1,1,1,40,0.00616769042799,factorial_cell,,
heldout,yolo11s,858d739b-a0ba-35aa-bafc-4f7988bcad17,1,0,0,0,40,0.0152262171629,factorial_cell,,
heldout,yolo11s,858d739b-a0ba-35aa-bafc-4f7988bcad17,1,0,0,1,40,0.00972067328624,factorial_cell,,
heldout,yolo11s,858d739b-a0ba-35aa-bafc-4f7988bcad17,1,0,1,0,40,0.010234040351,factorial_cell,,
heldout,yolo11s,858d739b-a0ba-35aa-bafc-4f7988bcad17,1,0,1,1,40,0.0072244391197,factorial_cell,,
heldout,yolo11s,858d739b-a0ba-35aa-bafc-4f7988bcad17,1,1,0,0,40,0.0143516089179,factorial_cell,,
heldout,yolo11s,858d739b-a0ba-35aa-bafc-4f7988bcad17,1,1,0,1,40,0.00716520928234,factorial_cell,,
heldout,yolo11s,858d739b-a0ba-35aa-bafc-4f7988bcad17,1,1,1,0,40,0.0104446246675,factorial_cell,,
heldout,yolo11s,858d739b-a0ba-35aa-bafc-4f7988bcad17,1,1,1,1,40,0.00616769042799,factorial_cell,,
heldout,yolo11s,c8ec7be0-92aa-3222-946e-fbcf398c841e,0,0,0,0,53,0.0257005834986,factorial_cell,,
heldout,yolo11s,c8ec7be0-92aa-3222-946e-fbcf398c841e,0,0,0,1,53,0.00926722036468,factorial_cell,,
heldout,yolo11s,c8ec7be0-92aa-3222-946e-fbcf398c841e,0,0,1,0,53,0.0221416464941,factorial_cell,,
heldout,yolo11s,c8ec7be0-92aa-3222-946e-fbcf398c841e,0,0,1,1,53,0.00580878382005,factorial_cell,,
heldout,yolo11s,c8ec7be0-92aa-3222-946e-fbcf398c841e,0,1,0,0,53,0.0253079286523,factorial_cell,,
heldout,yolo11s,c8ec7be0-92aa-3222-946e-fbcf398c841e,0,1,0,1,53,0.00946121327944,factorial_cell,,
heldout,yolo11s,c8ec7be0-92aa-3222-946e-fbcf398c841e,0,1,1,0,53,0.0222154493488,factorial_cell,,
heldout,yolo11s,c8ec7be0-92aa-3222-946e-fbcf398c841e,0,1,1,1,53,0.0057084239009,factorial_cell,,
heldout,yolo11s,c8ec7be0-92aa-3222-946e-fbcf398c841e,1,0,0,0,53,0.0227020305893,factorial_cell,,
heldout,yolo11s,c8ec7be0-92aa-3222-946e-fbcf398c841e,1,0,0,1,53,0.00652728667229,factorial_cell,,
heldout,yolo11s,c8ec7be0-92aa-3222-946e-fbcf398c841e,1,0,1,0,53,0.0221416464941,factorial_cell,,
heldout,yolo11s,c8ec7be0-92aa-3222-946e-fbcf398c841e,1,0,1,1,53,0.00580878382005,factorial_cell,,
heldout,yolo11s,c8ec7be0-92aa-3222-946e-fbcf398c841e,1,1,0,0,53,0.0227498008682,factorial_cell,,
heldout,yolo11s,c8ec7be0-92aa-3222-946e-fbcf398c841e,1,1,0,1,53,0.00669578322064,factorial_cell,,
heldout,yolo11s,c8ec7be0-92aa-3222-946e-fbcf398c841e,1,1,1,0,53,0.0222154493488,factorial_cell,,
heldout,yolo11s,c8ec7be0-92aa-3222-946e-fbcf398c841e,1,1,1,1,53,0.0057084239009,factorial_cell,,
heldout,yolo11s,e2e921fe-e489-3656-a0a2-5e17bd399ddf,0,0,0,0,46,0.00627303567535,factorial_cell,,
heldout,yolo11s,e2e921fe-e489-3656-a0a2-5e17bd399ddf,0,0,0,1,46,0.00486730465923,factorial_cell,,
heldout,yolo11s,e2e921fe-e489-3656-a0a2-5e17bd399ddf,0,0,1,0,46,0.00369203554899,factorial_cell,,
heldout,yolo11s,e2e921fe-e489-3656-a0a2-5e17bd399ddf,0,0,1,1,46,0.00364159728576,factorial_cell,,
heldout,yolo11s,e2e921fe-e489-3656-a0a2-5e17bd399ddf,0,1,0,0,46,0.0048877079004,factorial_cell,,
heldout,yolo11s,e2e921fe-e489-3656-a0a2-5e17bd399ddf,0,1,0,1,46,0.00486269411577,factorial_cell,,
heldout,yolo11s,e2e921fe-e489-3656-a0a2-5e17bd399ddf,0,1,1,0,46,0.00374622729657,factorial_cell,,
heldout,yolo11s,e2e921fe-e489-3656-a0a2-5e17bd399ddf,0,1,1,1,46,0.00307251178278,factorial_cell,,
heldout,yolo11s,e2e921fe-e489-3656-a0a2-5e17bd399ddf,1,0,0,0,46,0.0043833067489,factorial_cell,,
heldout,yolo11s,e2e921fe-e489-3656-a0a2-5e17bd399ddf,1,0,0,1,46,0.00408941878626,factorial_cell,,
heldout,yolo11s,e2e921fe-e489-3656-a0a2-5e17bd399ddf,1,0,1,0,46,0.00369203554899,factorial_cell,,
heldout,yolo11s,e2e921fe-e489-3656-a0a2-5e17bd399ddf,1,0,1,1,46,0.00364159728576,factorial_cell,,
heldout,yolo11s,e2e921fe-e489-3656-a0a2-5e17bd399ddf,1,1,0,0,46,0.00430684341101,factorial_cell,,
heldout,yolo11s,e2e921fe-e489-3656-a0a2-5e17bd399ddf,1,1,0,1,46,0.00402154897634,factorial_cell,,
heldout,yolo11s,e2e921fe-e489-3656-a0a2-5e17bd399ddf,1,1,1,0,46,0.00374622729657,factorial_cell,,
heldout,yolo11s,e2e921fe-e489-3656-a0a2-5e17bd399ddf,1,1,1,1,46,0.00307251178278,factorial_cell,,
heldout,yolo11s,f6cc0ebf-fc6a-3bf2-8bcb-76d8c43f194e,0,0,0,0,94,0.00743214406721,factorial_cell,,
heldout,yolo11s,f6cc0ebf-fc6a-3bf2-8bcb-76d8c43f194e,0,0,0,1,94,0.00636563649334,factorial_cell,,
heldout,yolo11s,f6cc0ebf-fc6a-3bf2-8bcb-76d8c43f194e,0,0,1,0,94,0.00525951683525,factorial_cell,,
heldout,yolo11s,f6cc0ebf-fc6a-3bf2-8bcb-76d8c43f194e,0,0,1,1,94,0.00378169203403,factorial_cell,,
heldout,yolo11s,f6cc0ebf-fc6a-3bf2-8bcb-76d8c43f194e,0,1,0,0,94,0.00666658486784,factorial_cell,,
heldout,yolo11s,f6cc0ebf-fc6a-3bf2-8bcb-76d8c43f194e,0,1,0,1,94,0.00620403970032,factorial_cell,,
heldout,yolo11s,f6cc0ebf-fc6a-3bf2-8bcb-76d8c43f194e,0,1,1,0,94,0.00506668198113,factorial_cell,,
heldout,yolo11s,f6cc0ebf-fc6a-3bf2-8bcb-76d8c43f194e,0,1,1,1,94,0.00358928319291,factorial_cell,,
heldout,yolo11s,f6cc0ebf-fc6a-3bf2-8bcb-76d8c43f194e,1,0,0,0,94,0.00609188084918,factorial_cell,,
heldout,yolo11s,f6cc0ebf-fc6a-3bf2-8bcb-76d8c43f194e,1,0,0,1,94,0.00570789140247,factorial_cell,,
heldout,yolo11s,f6cc0ebf-fc6a-3bf2-8bcb-76d8c43f194e,1,0,1,0,94,0.00525951683525,factorial_cell,,
heldout,yolo11s,f6cc0ebf-fc6a-3bf2-8bcb-76d8c43f194e,1,0,1,1,94,0.00378169203403,factorial_cell,,
heldout,yolo11s,f6cc0ebf-fc6a-3bf2-8bcb-76d8c43f194e,1,1,0,0,94,0.00658783607809,factorial_cell,,
heldout,yolo11s,f6cc0ebf-fc6a-3bf2-8bcb-76d8c43f194e,1,1,0,1,94,0.00574791800444,factorial_cell,,
heldout,yolo11s,f6cc0ebf-fc6a-3bf2-8bcb-76d8c43f194e,1,1,1,0,94,0.00506668198113,factorial_cell,,
heldout,yolo11s,f6cc0ebf-fc6a-3bf2-8bcb-76d8c43f194e,1,1,1,1,94,0.00358928319291,factorial_cell,,
model_selection,yolo11s,8c52d911-fe34-3424-9864-d3fdfac38064,0,0,0,0,41,0.0174927874428,factorial_cell,,
model_selection,yolo11s,8c52d911-fe34-3424-9864-d3fdfac38064,0,0,0,1,41,0.0126153873459,factorial_cell,,
model_selection,yolo11s,8c52d911-fe34-3424-9864-d3fdfac38064,0,0,1,0,41,0.0128200805322,factorial_cell,,
model_selection,yolo11s,8c52d911-fe34-3424-9864-d3fdfac38064,0,0,1,1,41,0.00949682316121,factorial_cell,,
model_selection,yolo11s,8c52d911-fe34-3424-9864-d3fdfac38064,0,1,0,0,41,0.0161735890685,factorial_cell,,
model_selection,yolo11s,8c52d911-fe34-3424-9864-d3fdfac38064,0,1,0,1,41,0.0132740678839,factorial_cell,,
model_selection,yolo11s,8c52d911-fe34-3424-9864-d3fdfac38064,0,1,1,0,41,0.0117079826184,factorial_cell,,
model_selection,yolo11s,8c52d911-fe34-3424-9864-d3fdfac38064,0,1,1,1,41,0.00877858952578,factorial_cell,,
model_selection,yolo11s,8c52d911-fe34-3424-9864-d3fdfac38064,1,0,0,0,41,0.0175885373004,factorial_cell,,
model_selection,yolo11s,8c52d911-fe34-3424-9864-d3fdfac38064,1,0,0,1,41,0.0115705047742,factorial_cell,,
model_selection,yolo11s,8c52d911-fe34-3424-9864-d3fdfac38064,1,0,1,0,41,0.0128200805322,factorial_cell,,
model_selection,yolo11s,8c52d911-fe34-3424-9864-d3fdfac38064,1,0,1,1,41,0.00949682316121,factorial_cell,,
model_selection,yolo11s,8c52d911-fe34-3424-9864-d3fdfac38064,1,1,0,0,41,0.0167390095709,factorial_cell,,
model_selection,yolo11s,8c52d911-fe34-3424-9864-d3fdfac38064,1,1,0,1,41,0.0113820812665,factorial_cell,,
model_selection,yolo11s,8c52d911-fe34-3424-9864-d3fdfac38064,1,1,1,0,41,0.0117079826184,factorial_cell,,
model_selection,yolo11s,8c52d911-fe34-3424-9864-d3fdfac38064,1,1,1,1,41,0.00877858952578,factorial_cell,,
model_selection,yolo11s,b29b43d7-3af9-363e-aaeb-8805d958f982,0,0,0,0,18,0.0109427952325,factorial_cell,,
model_selection,yolo11s,b29b43d7-3af9-363e-aaeb-8805d958f982,0,0,0,1,18,0.00600446099455,factorial_cell,,
model_selection,yolo11s,b29b43d7-3af9-363e-aaeb-8805d958f982,0,0,1,0,18,0.00546553146662,factorial_cell,,
model_selection,yolo11s,b29b43d7-3af9-363e-aaeb-8805d958f982,0,0,1,1,18,0.00396790627447,factorial_cell,,
model_selection,yolo11s,b29b43d7-3af9-363e-aaeb-8805d958f982,0,1,0,0,18,0.0108152676085,factorial_cell,,
model_selection,yolo11s,b29b43d7-3af9-363e-aaeb-8805d958f982,0,1,0,1,18,0.005929626113,factorial_cell,,
model_selection,yolo11s,b29b43d7-3af9-363e-aaeb-8805d958f982,0,1,1,0,18,0.00556517662532,factorial_cell,,
model_selection,yolo11s,b29b43d7-3af9-363e-aaeb-8805d958f982,0,1,1,1,18,0.00392823250135,factorial_cell,,
model_selection,yolo11s,b29b43d7-3af9-363e-aaeb-8805d958f982,1,0,0,0,18,0.00875902529966,factorial_cell,,
model_selection,yolo11s,b29b43d7-3af9-363e-aaeb-8805d958f982,1,0,0,1,18,0.00455686530363,factorial_cell,,
model_selection,yolo11s,b29b43d7-3af9-363e-aaeb-8805d958f982,1,0,1,0,18,0.00546553146662,factorial_cell,,
model_selection,yolo11s,b29b43d7-3af9-363e-aaeb-8805d958f982,1,0,1,1,18,0.00396790627447,factorial_cell,,
model_selection,yolo11s,b29b43d7-3af9-363e-aaeb-8805d958f982,1,1,0,0,18,0.00877614265731,factorial_cell,,
model_selection,yolo11s,b29b43d7-3af9-363e-aaeb-8805d958f982,1,1,0,1,18,0.00447152982936,factorial_cell,,
model_selection,yolo11s,b29b43d7-3af9-363e-aaeb-8805d958f982,1,1,1,0,18,0.00556517662532,factorial_cell,,
model_selection,yolo11s,b29b43d7-3af9-363e-aaeb-8805d958f982,1,1,1,1,18,0.00392823250135,factorial_cell,,
development,yolo11n,,,,,,,,factorial_effect,association_oracle,-0.000334833558698
development,yolo11n,,,,,,,,factorial_effect,depth_oracle,-7.73402771228e-05
development,yolo11n,,,,,,,,factorial_effect,velocity_oracle,-0.00134624175138
development,yolo11n,,,,,,,,factorial_effect,ego_motion_transform,-0.0020174534063
development,yolo11n,,,,,,,,factorial_effect,association_oracle:depth_oracle,-1.48364698103e-05
development,yolo11n,,,,,,,,factorial_effect,association_oracle:velocity_oracle,0.000334833558698
development,yolo11n,,,,,,,,factorial_effect,association_oracle:ego_motion_transform,-7.70429111656e-06
development,yolo11n,,,,,,,,factorial_effect,depth_oracle:velocity_oracle,1.58376776316e-05
development,yolo11n,,,,,,,,factorial_effect,depth_oracle:ego_motion_transform,9.64656773094e-06
development,yolo11n,,,,,,,,factorial_effect,velocity_oracle:ego_motion_transform,6.83102204178e-05
development,yolo11n,,,,,,,,factorial_effect,association_oracle:depth_oracle:velocity_oracle,1.48364698103e-05
development,yolo11n,,,,,,,,factorial_effect,association_oracle:depth_oracle:ego_motion_transform,1.74737176959e-05
development,yolo11n,,,,,,,,factorial_effect,association_oracle:velocity_oracle:ego_motion_transform,7.70429111656e-06
development,yolo11n,,,,,,,,factorial_effect,depth_oracle:velocity_oracle:ego_motion_transform,1.47566974478e-05
development,yolo11n,,,,,,,,factorial_effect,association_oracle:depth_oracle:velocity_oracle:ego_motion_transform,-1.74737176959e-05
development,yolo11s,,,,,,,,factorial_effect,association_oracle,-0.000237773401561
development,yolo11s,,,,,,,,factorial_effect,depth_oracle,-4.62115523578e-05
development,yolo11s,,,,,,,,factorial_effect,velocity_oracle,-0.00112946697402
development,yolo11s,,,,,,,,factorial_effect,ego_motion_transform,-0.00198288924123
development,yolo11s,,,,,,,,factorial_effect,association_oracle:depth_oracle,3.02271706291e-05
development,yolo11s,,,,,,,,factorial_effect,association_oracle:velocity_oracle,0.000237773401561
development,yolo11s,,,,,,,,factorial_effect,association_oracle:ego_motion_transform,-1.12456633234e-05
development,yolo11s,,,,,,,,factorial_effect,depth_oracle:velocity_oracle,6.01104589378e-05
development,yolo11s,,,,,,,,factorial_effect,depth_oracle:ego_motion_transform,-1.74670529528e-05
development,yolo11s,,,,,,,,factorial_effect,velocity_oracle:ego_motion_transform,-9.05049618697e-05
development,yolo11s,,,,,,,,factorial_effect,association_oracle:depth_oracle:velocity_oracle,-3.02271706291e-05
development,yolo11s,,,,,,,,factorial_effect,association_oracle:depth_oracle:ego_motion_transform,-4.92630064594e-06
development,yolo11s,,,,,,,,factorial_effect,association_oracle:velocity_oracle:ego_motion_transform,1.12456633234e-05
development,yolo11s,,,,,,,,factorial_effect,depth_oracle:velocity_oracle:ego_motion_transform,-4.46729885822e-05
development,yolo11s,,,,,,,,factorial_effect,association_oracle:depth_oracle:velocity_oracle:ego_motion_transform,4.92630064594e-06
heldout,yolo11n,,,,,,,,factorial_effect,association_oracle,-0.000446451599704
heldout,yolo11n,,,,,,,,factorial_effect,depth_oracle,-6.7023043125e-05
heldout,yolo11n,,,,,,,,factorial_effect,velocity_oracle,-0.00128310581205
heldout,yolo11n,,,,,,,,factorial_effect,ego_motion_transform,-0.00267173456405
heldout,yolo11n,,,,,,,,factorial_effect,association_oracle:depth_oracle,-3.77350210625e-07
heldout,yolo11n,,,,,,,,factorial_effect,association_oracle:velocity_oracle,0.000446451599704
heldout,yolo11n,,,,,,,,factorial_effect,association_oracle:ego_motion_transform,5.62495945269e-05
heldout,yolo11n,,,,,,,,factorial_effect,depth_oracle:velocity_oracle,-5.9924595625e-07
heldout,yolo11n,,,,,,,,factorial_effect,depth_oracle:ego_motion_transform,-6.46310137438e-05
heldout,yolo11n,,,,,,,,factorial_effect,velocity_oracle:ego_motion_transform,-0.000156118909709
heldout,yolo11n,,,,,,,,factorial_effect,association_oracle:depth_oracle:velocity_oracle,3.77350210625e-07
heldout,yolo11n,,,,,,,,factorial_effect,association_oracle:depth_oracle:ego_motion_transform,5.86747617063e-06
heldout,yolo11n,,,,,,,,factorial_effect,association_oracle:velocity_oracle:ego_motion_transform,-5.62495945269e-05
heldout,yolo11n,,,,,,,,factorial_effect,depth_oracle:velocity_oracle:ego_motion_transform,-1.25811293125e-05
heldout,yolo11n,,,,,,,,factorial_effect,association_oracle:depth_oracle:velocity_oracle:ego_motion_transform,-5.86747617063e-06
heldout,yolo11s,,,,,,,,factorial_effect,association_oracle,-0.000339175775946
heldout,yolo11s,,,,,,,,factorial_effect,depth_oracle,-2.62473771975e-05
heldout,yolo11s,,,,,,,,factorial_effect,velocity_oracle,-0.00097534647804
heldout,yolo11s,,,,,,,,factorial_effect,ego_motion_transform,-0.00187200210686
heldout,yolo11s,,,,,,,,factorial_effect,association_oracle:depth_oracle,1.69818763963e-05
heldout,yolo11s,,,,,,,,factorial_effect,association_oracle:velocity_oracle,0.000339175775946
heldout,yolo11s,,,,,,,,factorial_effect,association_oracle:ego_motion_transform,-6.48139851338e-05
heldout,yolo11s,,,,,,,,factorial_effect,depth_oracle:velocity_oracle,4.7015235595e-05
heldout,yolo11s,,,,,,,,factorial_effect,depth_oracle:ego_motion_transform,-2.656273645e-06
heldout,yolo11s,,,,,,,,factorial_effect,velocity_oracle:ego_motion_transform,-2.090689403e-05
heldout,yolo11s,,,,,,,,factorial_effect,association_oracle:depth_oracle:velocity_oracle,-1.69818763963e-05
heldout,yolo11s,,,,,,,,factorial_effect,association_oracle:depth_oracle:ego_motion_transform,2.14249242462e-05
heldout,yolo11s,,,,,,,,factorial_effect,association_oracle:velocity_oracle:ego_motion_transform,6.48139851338e-05
heldout,yolo11s,,,,,,,,factorial_effect,depth_oracle:velocity_oracle:ego_motion_transform,-1.14576611025e-05
heldout,yolo11s,,,,,,,,factorial_effect,association_oracle:depth_oracle:velocity_oracle:ego_motion_transform,-2.14249242462e-05
model_selection,yolo11n,,,,,,,,factorial_effect,association_oracle,-0.000319890769063
model_selection,yolo11n,,,,,,,,factorial_effect,depth_oracle,-7.35104414281e-06
model_selection,yolo11n,,,,,,,,factorial_effect,velocity_oracle,-0.000635988221698
model_selection,yolo11n,,,,,,,,factorial_effect,ego_motion_transform,-0.00250454685229
model_selection,yolo11n,,,,,,,,factorial_effect,association_oracle:depth_oracle,1.95059725541e-05
model_selection,yolo11n,,,,,,,,factorial_effect,association_oracle:velocity_oracle,0.000319890769063
model_selection,yolo11n,,,,,,,,factorial_effect,association_oracle:ego_motion_transform,-2.43885824759e-05
model_selection,yolo11n,,,,,,,,factorial_effect,depth_oracle:velocity_oracle,1.26560006466e-05
model_selection,yolo11n,,,,,,,,factorial_effect,depth_oracle:ego_motion_transform,1.04370727822e-05
model_selection,yolo11n,,,,,,,,factorial_effect,velocity_oracle:ego_motion_transform,-0.000193075083648
model_selection,yolo11n,,,,,,,,factorial_effect,association_oracle:depth_oracle:velocity_oracle,-1.95059725541e-05
model_selection,yolo11n,,,,,,,,factorial_effect,association_oracle:depth_oracle:ego_motion_transform,-1.68146337584e-05
model_selection,yolo11n,,,,,,,,factorial_effect,association_oracle:velocity_oracle:ego_motion_transform,2.43885824759e-05
model_selection,yolo11n,,,,,,,,factorial_effect,depth_oracle:velocity_oracle:ego_motion_transform,-4.22322575034e-05
model_selection,yolo11n,,,,,,,,factorial_effect,association_oracle:depth_oracle:velocity_oracle:ego_motion_transform,1.68146337584e-05
model_selection,yolo11s,,,,,,,,factorial_effect,association_oracle,-0.000313368387111
model_selection,yolo11s,,,,,,,,factorial_effect,depth_oracle,-4.09855178309e-05
model_selection,yolo11s,,,,,,,,factorial_effect,velocity_oracle,-0.00103195194078
model_selection,yolo11s,,,,,,,,factorial_effect,ego_motion_transform,-0.00213721416097
model_selection,yolo11s,,,,,,,,factorial_effect,association_oracle:depth_oracle,2.91644891553e-05
model_selection,yolo11s,,,,,,,,factorial_effect,association_oracle:velocity_oracle,0.000313368387111
model_selection,yolo11s,,,,,,,,factorial_effect,association_oracle:ego_motion_transform,-2.38187089053e-05
model_selection,yolo11s,,,,,,,,factorial_effect,depth_oracle:velocity_oracle,2.52831198234e-05
model_selection,yolo11s,,,,,,,,factorial_effect,depth_oracle:ego_motion_transform,1.35999894469e-06
model_selection,yolo11s,,,,,,,,factorial_effect,velocity_oracle:ego_motion_transform,-0.0003048622695
model_selection,yolo11s,,,,,,,,factorial_effect,association_oracle:depth_oracle:velocity_oracle,-2.91644891553e-05
model_selection,yolo11s,,,,,,,,factorial_effect,association_oracle:depth_oracle:ego_motion_transform,6.12057836844e-06
model_selection,yolo11s,,,,,,,,factorial_effect,association_oracle:velocity_oracle:ego_motion_transform,2.38187089053e-05
model_selection,yolo11s,,,,,,,,factorial_effect,depth_oracle:velocity_oracle:ego_motion_transform,-2.91434162719e-06
model_selection,yolo11s,,,,,,,,factorial_effect,association_oracle:depth_oracle:velocity_oracle:ego_motion_transform,-6.12057836844e-06
