role,detector,log_id,delta_ms,yaw_group,comparisons,B3_normalized_center_error,B5_normalized_center_error,delta_normalized_center_error,relative_normalized_center_error,B3_iou,B5_iou,delta_iou,relative_iou,B3_recall_iou_0_3,B5_recall_iou_0_3,delta_recall_iou_0_3,relative_recall_iou_0_3,B3_recall_iou_0_5,B5_recall_iou_0_5,delta_recall_iou_0_5,relative_recall_iou_0_5,B3_recall_iou_0_7,B5_recall_iou_0_7,delta_recall_iou_0_7,relative_recall_iou_0_7
development,yolo11n,01bb304d-7bd8-35f8-bbef-7086b688e35e,100,all_yaw,667,0.0069889964339,0.00701278223829,2.37858043838e-05,0.00340332186584,0.528142713104,0.524051651891,-0.0040910612133,-0.0077461282941,1,1,0,0,1,1,0,0,0,0,0,
development,yolo11n,16af3863-0d31-3cd1-8fa2-58053ffb953a,100,all_yaw,1852,0.0064642989231,0.00700016226973,0.000535863346633,0.0828958179392,0.580496765879,0.583014734349,0.00251796846934,0.00433760981514,1,1,0,0,1,1,0,0,0,0,0,
development,yolo11n,1d43ed4e-e705-308a-bdfa-49d99285c42a,100,all_yaw,2012,0.00525420188735,0.00563774706649,0.000383545179135,0.0729978001147,0.548608365281,0.543368142953,-0.00524022232809,-0.00955184546886,1,1,0,0,1,1,0,0,0,0,0,
development,yolo11n,1e6f21fd-5c8a-3526-ac50-72adae89d6a8,100,all_yaw,1740,0.00599994298131,0.00610132235926,0.000101379377955,0.0168967235639,0.540783945876,0.537176560638,-0.00360738523799,-0.00667065889346,1,1,0,0,1,1,0,0,0,0,0,
development,yolo11n,2772dd5f-bc0a-47ea-ae19-a5e0dbef8f41,100,all_yaw,1059,0.00795257496754,0.00742542808236,-0.000527146885181,-0.0662863144746,0.540705959645,0.535052662345,-0.00565329730046,-0.0104554003884,1,1,0,0,1,1,0,0,0,0,0,
development,yolo11n,286790ed-9dec-305b-bcad-4f8153301e7c,100,all_yaw,874,0.00539850152656,0.00602215459853,0.000623653071971,0.11552336679,0.695794579561,0.667355517145,-0.0284390624156,-0.0408727852315,1,1,0,0,1,1,0,0,0,0,0,
development,yolo11n,2a9b2658-097e-3f8b-a817-22f2553c5de8,100,all_yaw,1032,0.0116999049901,0.0109489104515,-0.000750994538593,-0.0641880886408,0.616595612619,0.619586426196,0.00299081357705,0.00485052685398,1,1,0,0,1,1,0,0,0,0,0,
development,yolo11n,3153b5b3-d381-3664-8f82-1d3c5ca841d2,100,all_yaw,746,0.00861522378999,0.00900464292582,0.000389419135825,0.0452012791911,0.521090708678,0.515042294582,-0.00604841409591,-0.011607219233,1,1,0,0,1,1,0,0,0,0,0,
development,yolo11n,349c4c1c-9561-360f-9ae7-59772335d54b,100,all_yaw,1657,0.0102069092598,0.0106185940683,0.000411684808434,0.0403339343922,0.555781422504,0.550263517121,-0.0055179053823,-0.00992819327686,1,1,0,0,1,1,0,0,0,0,0,
development,yolo11n,3576c0f5-c1b5-35bb-a0c4-ee95cba5c754,100,all_yaw,608,0.00969467656162,0.00739379772455,-0.00230087883707,-0.237334254778,0.541092219441,0.600626113524,0.0595338940824,0.110025411461,1,1,0,0,1,1,0,0,0,0,0,
development,yolo11n,366ceb72-9f11-385a-8bc9-a26a18dbdd22,100,all_yaw,1743,0.00589063051979,0.00593208950118,4.14589813828e-05,0.00703812287047,0.60133015724,0.595623794262,-0.00570636297766,-0.00948956726843,1,1,0,0,1,1,0,0,0,0,0,
development,yolo11n,380e5bf0-1c68-36a4-ac64-09a03b60bebf,100,all_yaw,1149,0.00688867847397,0.00666126688072,-0.000227411593248,-0.0330123686433,0.640737406701,0.626319123717,-0.0144182829836,-0.0225026396662,1,1,0,0,1,1,0,0,0,0,0,
development,yolo11n,3dd173a6-8b21-3189-bd53-132919b96a48,100,all_yaw,515,0.00609241502478,0.00575266068951,-0.000339754335266,-0.0557667745688,0.578952221317,0.60056694527,0.0216147239531,0.0373342102461,1,1,0,0,1,1,0,0,0,0,0,
development,yolo11n,3f9796e9-c892-3915-b719-3292df878ece,100,all_yaw,971,0.00447962833932,0.00493033655459,0.000450708215273,0.100612859178,0.675097319233,0.659097247352,-0.0160000718803,-0.02370039315,1,1,0,0,1,1,0,0,0,0,0,
development,yolo11n,3fbdfb6c-927f-4aaa-81b1-21b02efd4c01,100,all_yaw,1407,0.00619442859272,0.00575931030994,-0.000435118282776,-0.0702434899786,0.674291380544,0.68693261911,0.012641238566,0.0187474420269,1,1,0,0,1,1,0,0,0,0,0,
development,yolo11n,40bfcbec-ec59-3731-8e75-67f0bddc3b01,100,all_yaw,1529,0.00510257809013,0.00527527607279,0.000172697982661,0.0338452405059,0.57869404246,0.56918930844,-0.00950473402028,-0.0164244545872,1,1,0,0,1,1,0,0,0,0,0,
development,yolo11n,41b6f7d7-e431-3992-b783-74b9edf42215,100,all_yaw,1167,0.0059958622584,0.00633901023498,0.000343147976583,0.0572307971389,0.629769958432,0.628015011857,-0.00175494657537,-0.0027866470159,1,1,0,0,1,1,0,0,0,0,0,
development,yolo11n,41d69427-364c-366e-94a5-8e556bcac39f,100,all_yaw,1789,0.00566428614137,0.00531216274425,-0.000352123397119,-0.0621655383098,0.667897290265,0.667137129176,-0.00076016108966,-0.00113814070028,1,1,0,0,1,1,0,0,0,0,0,
development,yolo11n,4207ef92-0b3b-4708-8868-4ffcaef308e0,100,all_yaw,970,0.00672558566802,0.0065518030836,-0.000173782584424,-0.0258390262205,0.719025117962,0.719989216643,0.000964098680608,0.00134084144841,1,1,0,0,1,1,0,0,1,1,0,0
development,yolo11n,453e5558-6363-38e3-bf9b-42b5ba0a6f1d,100,all_yaw,1252,0.00407081209472,0.0045199195767,0.000449107481986,0.110323805554,0.575168185066,0.563936741713,-0.0112314433534,-0.0195272333293,1,1,0,0,1,1,0,0,0,0,0,
development,yolo11n,46d917cd-531c-330b-8d7b-979b51a8927f,100,all_yaw,1026,0.0077360273449,0.00919674614766,0.00146071880276,0.188820273977,0.461194248438,0.421845263093,-0.0393489853458,-0.085319765975,1,1,0,0,0,0,0,,0,0,0,
development,yolo11n,47167c79-2ba4-369c-8db8-760a30b4c38a,100,all_yaw,438,0.0119540475792,0.0123576756181,0.000403628038972,0.0337649684175,0.457586946372,0.417500608932,-0.0400863374399,-0.0876037608977,1,1,0,0,0,0,0,,0,0,0,
development,yolo11n,47358aac-2ec0-3d45-a837-f2069ca7cee3,100,all_yaw,2049,0.00617774341787,0.00583835926713,-0.000339384150739,-0.0549365889423,0.595579592011,0.593688947264,-0.00189064474724,-0.00317446194026,1,1,0,0,1,1,0,0,0,0,0,
development,yolo11n,575d8d24-ba88-3b18-84c0-df5b29dccfde,100,all_yaw,2032,0.00498132266873,0.00520933329953,0.0002280106308,0.0457731100681,0.665824598574,0.657473164059,-0.00835143451548,-0.0125429948569,1,1,0,0,1,1,0,0,0,0,0,
development,yolo11n,5b1d8b11-4f90-3577-be0b-193e102fda82,100,all_yaw,803,0.00679578384535,0.00721319531247,0.000417411467127,0.0614221223962,0.577612015599,0.562223636964,-0.0153883786356,-0.02664137556,1,1,0,0,1,1,0,0,0,0,0,
development,yolo11n,62a1e53b-b55c-36c2-bc5b-e216d494875a,100,all_yaw,1734,0.00462197296367,0.00479934054729,0.000177367583615,0.03837486394,0.688962761906,0.675658758362,-0.0133040035442,-0.0193101924803,1,1,0,0,1,1,0,0,0,0,0,
development,yolo11n,633addf9-441c-35e7-868a-738aa612d51c,100,all_yaw,1744,0.0056858728904,0.0058744095629,0.000188536672507,0.0331587912957,0.625221438667,0.619667880944,-0.00555355772265,-0.00888254525387,1,1,0,0,1,1,0,0,0,0,0,
development,yolo11n,639d4834-f922-3e27-9913-20aa649f815d,100,all_yaw,1773,0.00478823650508,0.00515916082115,0.000370924316073,0.0774657466646,0.673320096271,0.658146507793,-0.015173588478,-0.022535475418,1,1,0,0,1,1,0,0,0,0,0,
development,yolo11n,6937b4e5-b5b4-3970-b5dd-9ad194e6c338,100,all_yaw,1005,0.00958363260779,0.010520626684,0.000936994076245,0.0977702416809,0.531577864962,0.49544253784,-0.0361353271219,-0.0679774864675,1,1,0,0,1,0,-1,-1,0,0,0,
development,yolo11n,69c0ec7c-e289-3c4d-ade3-d2287ec34026,100,all_yaw,366,0.00976076570201,0.00840714643607,-0.00135361926594,-0.138679618717,0.524132072637,0.527746926704,0.00361485406747,0.00689683813716,1,1,0,0,1,1,0,0,0,0,0,
development,yolo11n,6aa2ac89-6b25-3af6-ad59-221351189f4b,100,all_yaw,684,0.006523316752,0.00745116045424,0.000927843702241,0.142234960759,0.561128520906,0.521419382315,-0.0397091385908,-0.0707665661455,1,1,0,0,1,1,0,0,0,0,0,
development,yolo11n,6cc0bb26-5afb-3688-b237-b9c64c2800e5,100,all_yaw,771,0.00706794010235,0.00747382258968,0.000405882487336,0.0574258527178,0.560145354574,0.555656259227,-0.0044890953473,-0.0080141615219,1,1,0,0,1,1,0,0,0,0,0,
development,yolo11n,6dc6e668-549e-33b8-b952-ed8e807b1d48,100,all_yaw,782,0.0137340076241,0.0123060167208,-0.0014279909033,-0.1039748151,0.486154190158,0.496973033508,0.0108188433508,0.0222539341834,1,1,0,0,0,0,0,,0,0,0,
development,yolo11n,74dd5c1d-7a9a-32d1-903a-fc57e07109b9,100,all_yaw,761,0.00827271566534,0.00809083837127,-0.000181877294068,-0.0219851982621,0.443174065839,0.439816914972,-0.00335715086668,-0.00757524215755,1,1,0,0,0,0,0,,0,0,0,
development,yolo11n,74f15437-b85e-314a-9d86-7294b98bf07f,100,all_yaw,1318,0.00687065310717,0.00711822836743,0.00024757526026,0.0360337301852,0.58671614993,0.581260557838,-0.00545559209185,-0.00929852040463,1,1,0,0,1,1,0,0,0,0,0,
development,yolo11n,768cf7e2-eb6c-3468-969e-e3b0fd87b34e,100,all_yaw,991,0.00353064030771,0.0036944662129,0.000163825905185,0.0464011881435,0.721238119297,0.721661755351,0.00042363605451,0.000587373355866,1,1,0,0,1,1,0,0,1,1,0,0
development,yolo11n,770a58e6-eff6-39b7-a265-fe7f202fe8b2,100,all_yaw,625,0.0073188904004,0.00621385843328,-0.00110503196712,-0.150983538032,0.565175371759,0.607772211828,0.0425968400693,0.0753692432434,1,1,0,0,1,1,0,0,0,0,0,
development,yolo11n,7ce2a2ce-eed6-36d7-ba62-dda9acddb070,100,all_yaw,816,0.00409203414049,0.0042665056628,0.000174471522305,0.0426368686856,0.650650723938,0.64386053442,-0.00679018951805,-0.0104359977915,1,1,0,0,1,1,0,0,0,0,0,
development,yolo11n,7e3d8631-3b7d-38c1-b833-ee7cfa7235ca,100,all_yaw,1866,0.00944262395059,0.00964194792457,0.000199323973977,0.0211089602869,0.506169744681,0.505703009611,-0.000466735069985,-0.0009220919956,1,1,0,0,1,1,0,0,0,0,0,
development,yolo11n,7ef4a6cc-7266-3a31-8dd4-01c3d3c58dcb,100,all_yaw,923,0.00430466030762,0.00353505392011,-0.000769606387504,-0.178784464396,0.660042786231,0.668394167251,0.00835138102059,0.0126527873568,1,1,0,0,1,1,0,0,0,0,0,
development,yolo11n,80da8956-f418-319c-9f49-3d47d9002546,100,all_yaw,835,0.00276643029103,0.00356967525719,0.00080324496616,0.290354312836,0.74283067588,0.699706049155,-0.0431246267244,-0.0580544505291,1,1,0,0,1,1,0,0,1,0,-1,-1
development,yolo11n,85026edc-5fdf-308e-a8ef-a1aad1151c50,100,all_yaw,1349,0.0058970409913,0.00616682888981,0.000269787898509,0.0457497071679,0.631487039152,0.625572898239,-0.00591414091262,-0.00936541931337,1,1,0,0,1,1,0,0,0,0,0,
development,yolo11n,8a0ff1a2-9045-3be3-b67f-3914d88178ec,100,all_yaw,2194,0.00558520156059,0.00589219650722,0.000306994946626,0.0549657775633,0.593642581747,0.582635666001,-0.0110069157453,-0.0185413177622,1,1,0,0,1,1,0,0,0,0,0,
development,yolo11n,8c019de9-7043-37bc-9498-b5858e7240af,100,all_yaw,483,0.00356337479528,0.0040059494691,0.000442574673817,0.124200989018,0.717345383529,0.709379160113,-0.00796622341578,-0.0111051434897,1,1,0,0,1,1,0,0,1,1,0,0
development,yolo11n,8ee606e6-4cbd-3c07-8419-fbda836ccaac,100,all_yaw,1246,0.00597566309286,0.00626243750785,0.000286774414985,0.0479903921169,0.603836262069,0.582467878702,-0.0213683833671,-0.0353877113869,1,1,0,0,1,1,0,0,0,0,0,
development,yolo11n,90f360d8-35f7-3c54-b2da-e99b354bc4cb,100,all_yaw,456,0.00681614021303,0.00745199648692,0.000635856273884,0.093286853558,0.561816857032,0.554218205625,-0.00759865140751,-0.013525139576,1,1,0,0,1,1,0,0,0,0,0,
development,yolo11n,91923e20-9a05-32e0-ac53-8c09b0b60341,100,all_yaw,1005,0.00933790757567,0.00931082147919,-2.70860964796e-05,-0.00290066015969,0.441051770157,0.421609343436,-0.0194424267204,-0.0440819605224,1,1,0,0,0,0,0,,0,0,0,
development,yolo11n,919f13de-857f-3b1c-9f8e-7cbe500a60ae,100,all_yaw,1317,0.00472495432118,0.00468983178705,-3.51225341271e-05,-0.00743341241832,0.686669405694,0.676660637126,-0.0100087685679,-0.0145758184141,1,1,0,0,1,1,0,0,0,0,0,
development,yolo11n,9239d493-31d7-3dd0-a05f-03d50a242392,100,all_yaw,877,0.00940438828174,0.00877152285366,-0.000632865428075,-0.0672946936171,0.538033714626,0.535275890049,-0.00275782457717,-0.00512574677423,1,1,0,0,1,1,0,0,0,0,0,
development,yolo11n,96284bbc-6b58-330f-a5a6-76cd518543f0,100,all_yaw,2043,0.00460821485666,0.00478935169087,0.000181136834206,0.0393073760318,0.658229322297,0.642300791501,-0.0159285307956,-0.024199059896,1,1,0,0,1,1,0,0,0,0,0,
development,yolo11n,97738d01-b24f-365e-8818-2463149154d2,100,all_yaw,820,0.00461747616084,0.00508530977965,0.000467833618807,0.101318036631,0.613023298676,0.605504494355,-0.00751880432101,-0.0122651199999,1,1,0,0,1,1,0,0,0,0,0,
development,yolo11n,9a25fd14-783b-35c3-ab2d-df4687f82b5e,100,all_yaw,2024,0.00551417874167,0.00590390962469,0.000389730883019,0.0706779560977,0.632281707667,0.627526811133,-0.00475489653325,-0.00752021840202,1,1,0,0,1,1,0,0,0,0,0,
development,yolo11n,9afab336-dbae-3f70-a669-46813f4570d7,100,all_yaw,921,0.00506865367644,0.00514446867262,7.58149961783e-05,0.0149576201133,0.662625784905,0.645951185751,-0.0166745991541,-0.0251644284511,1,1,0,0,1,1,0,0,0,0,0,
development,yolo11n,a160c635-aa67-352c-a5e6-03b113493090,100,all_yaw,675,0.00586363239004,0.00605615685959,0.000192524469553,0.0328336527168,0.565651939573,0.564710195712,-0.000941743860786,-0.00166488222686,1,1,0,0,1,1,0,0,0,0,0,
development,yolo11n,a359e053-a350-36cf-ab1d-a7980afaffa2,100,all_yaw,1402,0.00509115928632,0.00537862359582,0.000287464309498,0.0564634287264,0.549645475687,0.534603729604,-0.015041746083,-0.0273662692559,1,1,0,0,1,1,0,0,0,0,0,
development,yolo11n,a50b198c-4de2-3f8c-a2b9-ab280605b350,100,all_yaw,1727,0.00574788472254,0.00582012181534,7.22370928032e-05,0.0125675959575,0.598943177486,0.591047836201,-0.00789534128497,-0.0131821207449,1,1,0,0,1,1,0,0,0,0,0,
development,yolo11n,aa539866-29e4-353e-95a9-b6d321b53b33,100,all_yaw,1413,0.00543732612793,0.0058315189724,0.000394192844469,0.0724975539805,0.522388320252,0.512693808798,-0.00969451145438,-0.0185580555279,1,1,0,0,1,1,0,0,0,0,0,
development,yolo11n,aa82b61f-7156-3c68-95a4-b79cebd120eb,100,all_yaw,1309,0.00448823130679,0.00469397288883,0.000205741582038,0.0458402359358,0.624835426132,0.63249701552,0.00766158938785,0.0122617717681,1,1,0,0,1,1,0,0,0,0,0,
development,yolo11n,ab83611b-436e-3de7-aad1-f0c9ad254196,100,all_yaw,1342,0.00487740514042,0.0051880437053,0.000310638564882,0.063689309364,0.56825160409,0.556801350631,-0.0114502534596,-0.0201499712049,1,1,0,0,1,1,0,0,0,0,0,
development,yolo11n,ac1b1697-42b9-4225-a666-d17f72204fa8,100,all_yaw,1146,0.00614897254726,0.00614807591211,-8.96635144388e-07,-0.000145818693692,0.570885357807,0.559876207525,-0.0110091502816,-0.0192843451511,1,1,0,0,1,1,0,0,0,0,0,
development,yolo11n,b21b7285-2199-3264-b10a-524e9b23502a,100,all_yaw,1087,0.0187456478447,0.0190280105163,0.000282362671574,0.015062838794,0.454464301546,0.450923553861,-0.00354074768437,-0.00779103589066,1,1,0,0,0,0,0,,0,0,0,
development,yolo11n,b5ea60b0-2540-4efe-b60e-f421ade3c128,100,all_yaw,418,0.00469930908132,0.0053826677108,0.000683358629481,0.145416829933,0.552690484034,0.514624236064,-0.0380662479705,-0.0688744407044,1,1,0,0,1,1,0,0,0,0,0,
development,yolo11n,bb9be2e6-8f0e-3bb3-8bb9-5d9aa9df384d,100,all_yaw,951,0.0147984261815,0.0129790990367,-0.00181932714486,-0.122940583177,0.347174395319,0.360792039999,0.0136176446797,0.0392242194795,1,1,0,0,0,0,0,,0,0,0,
development,yolo11n,c453a8e7-d3da-317a-946b-f8e9678a8582,100,all_yaw,559,0.00364982907463,0.00400484286328,0.000355013788651,0.0972686066639,0.667759442774,0.660744655327,-0.0070147874471,-0.0105049618137,1,1,0,0,1,1,0,0,0,0,0,
development,yolo11n,c7f5e5c1-dc52-3619-8998-420b2e280d8a,100,all_yaw,905,0.00704370096102,0.00554273197735,-0.00150096898367,-0.213093797136,0.66925082594,0.665210023241,-0.00404080269848,-0.00603780009207,1,1,0,0,1,1,0,0,0,0,0,
development,yolo11n,cf6a99cb-b8bc-34d7-bdca-30e50e66cd74,100,all_yaw,1389,0.00449096012795,0.00492581311215,0.000434852984199,0.0968285114561,0.678437502978,0.672522096064,-0.00591540691368,-0.00871916261662,1,1,0,0,1,1,0,0,0,0,0,
development,yolo11n,d20c3612-a64d-3aa8-bd4a-58890413afbb,100,all_yaw,1269,0.00720377044761,0.00583655078661,-0.001367219661,-0.189792230463,0.686544872494,0.70446368695,0.0179188144554,0.0260999902167,1,1,0,0,1,1,0,0,0,1,1,
development,yolo11n,d37be0e2-8223-3eeb-a0e2-c4b75d5ff87b,100,all_yaw,555,0.00753834643065,0.0068549268448,-0.000683419585854,-0.0906590844745,0.699744598724,0.698496314184,-0.00124828453955,-0.00178391450513,1,1,0,0,1,1,0,0,0,0,0,
development,yolo11n,d3efe9ba-f10a-35e7-b17e-6850c66693fe,100,all_yaw,188,0.00584144636303,0.00565048830642,-0.000190958056617,-0.0326902011504,0.649855767481,0.6753563956,0.0255006281197,0.0392404428732,1,1,0,0,1,1,0,0,0,0,0,
development,yolo11n,dc9c2d63-083f-32c3-90ff-943ca823a245,100,all_yaw,1163,0.0057253613841,0.0057900870443,6.47256602006e-05,0.0113050785546,0.643821686281,0.642680092518,-0.00114159376273,-0.00177315208086,1,1,0,0,1,1,0,0,0,0,0,
development,yolo11n,dd251cc5-736d-3b76-8ad3-3f6cb138178e,100,all_yaw,1686,0.007836183524,0.00732060314063,-0.000515580383366,-0.0657948326232,0.596744266779,0.621942192774,0.0251979259945,0.0422256691806,1,1,0,0,1,1,0,0,0,0,0,
development,yolo11n,e66d1403-755b-3f63-938b-a2a69446a48a,100,all_yaw,865,0.00658586441035,0.00692041844529,0.000334554034943,0.0507988039379,0.62610903232,0.612422030511,-0.0136870018093,-0.0218604126482,1,1,0,0,1,1,0,0,0,0,0,
development,yolo11n,ec3133b4-2b17-3d49-b78a-4bc480ac5137,100,all_yaw,721,0.00739101105053,0.006472365098,-0.00091864595253,-0.124292325671,0.677566558005,0.688211369644,0.0106448116392,0.0157103557037,1,1,0,0,1,1,0,0,0,0,0,
development,yolo11n,ef4a46c4-138e-3478-b94e-3e60a567ec7d,100,all_yaw,909,0.00487051673098,0.00549653443472,0.000626017703739,0.128532091833,0.635859850611,0.612430982837,-0.0234288677747,-0.036845961814,1,1,0,0,1,1,0,0,0,0,0,
development,yolo11n,f3cc42c7-84a8-35c5-8683-13878bb9beeb,100,all_yaw,1801,0.00629069162216,0.00609766414461,-0.000193027477559,-0.0306846192998,0.582730948597,0.59019746867,0.00746652007334,0.0128129801434,1,1,0,0,1,1,0,0,0,0,0,
development,yolo11n,f7cdc2d1-f59a-30a2-aae8-8bb81c769e6e,100,all_yaw,1805,0.00485116147802,0.00508114763447,0.000229986156447,0.0474084726903,0.620222746402,0.614605702437,-0.0056170439653,-0.00905649461888,1,1,0,0,1,1,0,0,0,0,0,
development,yolo11n,fa9ec72a-cbcf-35dc-be20-4d0d9e7215ef,100,all_yaw,546,0.00888342119248,0.00891784742568,3.44262331978e-05,0.00387533501473,0.574607749569,0.561853140466,-0.0127546091028,-0.022197071154,1,1,0,0,1,1,0,0,0,0,0,
development,yolo11n,fb149ce0-7706-3bb5-9860-8c63d1c77592,100,all_yaw,960,0.00690760651965,0.00664323628711,-0.00026437023254,-0.0382723352565,0.481006611309,0.489231764098,0.00822515278892,0.0170998747118,1,1,0,0,0,0,0,,0,0,0,
development,yolo11n,ff52c01e-3d7b-32b1-b6a1-bcff3459ccdd,100,all_yaw,943,0.00691430449278,0.00815081859953,0.00123651410674,0.178834199164,0.435398476454,0.406565885151,-0.0288325913035,-0.0662211580029,1,1,0,0,0,0,0,,0,0,0,
development,yolo11n,ff8e7fdb-1073-3592-ba5e-8111bc3ce48b,100,all_yaw,1602,0.00534049924941,0.00551616327144,0.000175664022022,0.0328928090462,0.54575403168,0.540163272542,-0.0055907591382,-0.0102441004806,1,1,0,0,1,1,0,0,0,0,0,
development,yolo11n,01bb304d-7bd8-35f8-bbef-7086b688e35e,100,high_yaw,272,0.006328413383,0.00636870829655,4.02949135449e-05,0.0063673011079,0.568001058759,0.552945742562,-0.0150553161973,-0.0265057889683,1,1,0,0,1,1,0,0,0,0,0,
development,yolo11n,16af3863-0d31-3cd1-8fa2-58053ffb953a,100,high_yaw,387,0.0064939200639,0.00706425050278,0.00057033043888,0.0878252940084,0.579727548242,0.567435336679,-0.0122922115631,-0.0212034284043,1,1,0,0,1,1,0,0,0,0,0,
development,yolo11n,1d43ed4e-e705-308a-bdfa-49d99285c42a,100,high_yaw,154,0.00546813630447,0.00618698802531,0.000718851720837,0.131461924285,0.526517920284,0.529261814405,0.00274389412132,0.00521139740095,1,1,0,0,1,1,0,0,0,0,0,
development,yolo11n,1e6f21fd-5c8a-3526-ac50-72adae89d6a8,100,high_yaw,349,0.00625308767032,0.0065678306166,0.000314742946276,0.0503340050341,0.540604133264,0.53334478341,-0.00725934985395,-0.0134282174465,1,1,0,0,1,1,0,0,0,0,0,
development,yolo11n,2772dd5f-bc0a-47ea-ae19-a5e0dbef8f41,100,high_yaw,51,0.00479399000741,0.00641511796691,0.00162112795951,0.33815839353,0.531332147905,0.504025714769,-0.0273064331358,-0.0513923978504,1,1,0,0,1,1,0,0,0,0,0,
development,yolo11n,286790ed-9dec-305b-bcad-4f8153301e7c,100,high_yaw,215,0.00434751841883,0.00495534593435,0.000607827515523,0.139810222055,0.803547160908,0.790856515292,-0.0126906456153,-0.0157932803856,1,1,0,0,1,1,0,0,1,1,0,0
development,yolo11n,2a9b2658-097e-3f8b-a817-22f2553c5de8,100,high_yaw,469,0.0106111256691,0.00989459021379,-0.000716535455324,-0.0675268089049,0.591639766087,0.601267121312,0.00962735522437,0.0162723261285,1,1,0,0,1,1,0,0,0,0,0,
development,yolo11n,3153b5b3-d381-3664-8f82-1d3c5ca841d2,100,high_yaw,240,0.0110333924555,0.0126382070913,0.0016048146358,0.145450698166,0.464660027992,0.446902414511,-0.0177576134817,-0.0382163569318,1,1,0,0,0,0,0,,0,0,0,
development,yolo11n,3576c0f5-c1b5-35bb-a0c4-ee95cba5c754,100,high_yaw,365,0.00931901555407,0.00731282067876,-0.00200619487532,-0.215279700273,0.510321333122,0.540373328992,0.0300519958697,0.0588883785944,1,1,0,0,1,1,0,0,0,0,0,
development,yolo11n,366ceb72-9f11-385a-8bc9-a26a18dbdd22,100,high_yaw,593,0.00449005866363,0.00475501989749,0.000264961233863,0.0590106396625,0.622920746237,0.61637745309,-0.00654329314766,-0.0105042145204,1,1,0,0,1,1,0,0,0,0,0,
development,yolo11n,3dd173a6-8b21-3189-bd53-132919b96a48,100,high_yaw,25,0.00568052754198,0.0049397255003,-0.000740802041679,-0.130410782485,0.653020561459,0.692599774624,0.0395792131654,0.0606094440226,1,1,0,0,1,1,0,0,0,0,0,
development,yolo11n,3f9796e9-c892-3915-b719-3292df878ece,100,high_yaw,565,0.00513293840085,0.00584038423081,0.00070744582996,0.137824726251,0.64577939411,0.613576844548,-0.0322025495615,-0.0498661769875,1,1,0,0,1,1,0,0,0,0,0,
development,yolo11n,3fbdfb6c-927f-4aaa-81b1-21b02efd4c01,100,high_yaw,54,0.0060517953803,0.00496649957296,-0.00108529580734,-0.179334517963,0.707516155035,0.752496366941,0.0449802119052,0.0635748195785,1,1,0,0,1,1,0,0,1,1,0,0
development,yolo11n,41b6f7d7-e431-3992-b783-74b9edf42215,100,high_yaw,107,0.00614520506258,0.0062918531653,0.000146648102719,0.0238638257349,0.562634799829,0.570418449289,0.00778364946032,0.0138342837355,1,1,0,0,1,1,0,0,0,0,0,
development,yolo11n,4207ef92-0b3b-4708-8868-4ffcaef308e0,100,high_yaw,4,0.00202911637912,0.00178334448788,-0.000245771891242,-0.121122619565,0.746384408059,0.793357215182,0.0469728071233,0.062933800085,1,1,0,0,1,1,0,0,1,1,0,0
development,yolo11n,453e5558-6363-38e3-bf9b-42b5ba0a6f1d,100,high_yaw,97,0.0041470362996,0.00461689478975,0.000469858490149,0.113299825756,0.517681807533,0.503811537684,-0.0138702698491,-0.0267930409129,1,1,0,0,1,1,0,0,0,0,0,
development,yolo11n,46d917cd-531c-330b-8d7b-979b51a8927f,100,high_yaw,777,0.00803920373091,0.00955439146421,0.0015151877333,0.18847485199,0.471014728419,0.437278340338,-0.0337363880806,-0.0716249111655,1,1,0,0,0,0,0,,0,0,0,
development,yolo11n,47167c79-2ba4-369c-8db8-760a30b4c38a,100,high_yaw,92,0.0114013767409,0.0133471139961,0.0019457372552,0.170658096773,0.477929189413,0.46763661243,-0.0102925769822,-0.0215357781241,1,1,0,0,0,0,0,,0,0,0,
development,yolo11n,575d8d24-ba88-3b18-84c0-df5b29dccfde,100,high_yaw,435,0.00511485739902,0.00545151418258,0.000336656783565,0.0658193879715,0.632945176666,0.628656624581,-0.00428855208569,-0.00677555062237,1,1,0,0,1,1,0,0,0,0,0,
development,yolo11n,5b1d8b11-4f90-3577-be0b-193e102fda82,100,high_yaw,568,0.00662313281201,0.00724050439506,0.000617371583047,0.0932144350069,0.594715482086,0.582164314435,-0.0125511676515,-0.0211044911887,1,1,0,0,1,1,0,0,0,0,0,
development,yolo11n,62a1e53b-b55c-36c2-bc5b-e216d494875a,100,high_yaw,361,0.00473956784334,0.00512835913099,0.000388791287651,0.0820309573577,0.731787558564,0.730392461491,-0.00139509707292,-0.00190642360149,1,1,0,0,1,1,0,0,1,1,0,0
development,yolo11n,633addf9-441c-35e7-868a-738aa612d51c,100,high_yaw,347,0.00622151574497,0.00603117216002,-0.000190343584952,-0.0305944070149,0.64519954989,0.647079640253,0.00188009036319,0.0029139672579,1,1,0,0,1,1,0,0,0,0,0,
development,yolo11n,639d4834-f922-3e27-9913-20aa649f815d,100,high_yaw,773,0.00532190146041,0.00552976008666,0.00020785862625,0.0390572106223,0.655897060027,0.643178076908,-0.0127189831189,-0.0193917367435,1,1,0,0,1,1,0,0,0,0,0,
development,yolo11n,6937b4e5-b5b4-3970-b5dd-9ad194e6c338,100,high_yaw,222,0.00708543570275,0.00964856513787,0.00256312943512,0.361746199196,0.526144881638,0.482947371303,-0.0431975103355,-0.0821019301774,1,1,0,0,1,0,-1,-1,0,0,0,
development,yolo11n,69c0ec7c-e289-3c4d-ade3-d2287ec34026,100,high_yaw,123,0.0117221987466,0.0119009946387,0.000178795892053,0.0152527606738,0.447040556571,0.445704050083,-0.00133650648797,-0.00298967614531,1,1,0,0,0,0,0,,0,0,0,
development,yolo11n,6aa2ac89-6b25-3af6-ad59-221351189f4b,100,high_yaw,140,0.0056040252224,0.00549397086563,-0.000110054356777,-0.0196384477959,0.592055983664,0.567599307644,-0.0244566760198,-0.0413080463581,1,1,0,0,1,1,0,0,0,0,0,
development,yolo11n,6cc0bb26-5afb-3688-b237-b9c64c2800e5,100,high_yaw,458,0.00706686459308,0.00734786706688,0.000281002473802,0.0397633872986,0.530109379855,0.507830608322,-0.0222787715324,-0.0420267446286,1,1,0,0,1,1,0,0,0,0,0,
development,yolo11n,6dc6e668-549e-33b8-b952-ed8e807b1d48,100,high_yaw,334,0.00915548282043,0.00854792504888,-0.00060755777155,-0.0663599925276,0.48405540846,0.47508351023,-0.00897189823,-0.0185348579382,1,1,0,0,0,0,0,,0,0,0,
development,yolo11n,74dd5c1d-7a9a-32d1-903a-fc57e07109b9,100,high_yaw,337,0.00919552929998,0.00880835383634,-0.000387175463637,-0.0421047501462,0.413339663114,0.421888579039,0.00854891592457,0.0206825443756,1,1,0,0,0,0,0,,0,0,0,
development,yolo11n,74f15437-b85e-314a-9d86-7294b98bf07f,100,high_yaw,495,0.00649904435446,0.00676918790297,0.000270143548506,0.0415666571533,0.582949044284,0.57948472014,-0.00346432414361,-0.00594275636537,1,1,0,0,1,1,0,0,0,0,0,
development,yolo11n,768cf7e2-eb6c-3468-969e-e3b0fd87b34e,100,high_yaw,23,0.00390988105691,0.0043440938157,0.000434212758795,0.111055234795,0.690921806796,0.712216189749,0.0212943829529,0.0308202501982,1,1,0,0,1,1,0,0,0,1,1,
development,yolo11n,770a58e6-eff6-39b7-a265-fe7f202fe8b2,100,high_yaw,209,0.00806971293487,0.00598133308049,-0.00208837985438,-0.258792335147,0.551181313864,0.60128918048,0.0501078666161,0.0909099516906,1,1,0,0,1,1,0,0,0,0,0,
development,yolo11n,7ce2a2ce-eed6-36d7-ba62-dda9acddb070,100,high_yaw,144,0.00260468887807,0.00310135460077,0.000496665722695,0.19068140033,0.775661335224,0.748576933516,-0.0270844017081,-0.0349178184836,1,1,0,0,1,1,0,0,1,1,0,0
development,yolo11n,7e3d8631-3b7d-38c1-b833-ee7cfa7235ca,100,high_yaw,1075,0.00886187324416,0.00916772841538,0.00030585517122,0.0345136025751,0.491883016821,0.482950966892,-0.00893204992812,-0.0181588906766,1,1,0,0,0,0,0,,0,0,0,
development,yolo11n,7ef4a6cc-7266-3a31-8dd4-01c3d3c58dcb,100,high_yaw,75,0.00442770392051,0.00278477327747,-0.00164293064304,-0.37105702471,0.729752211385,0.749567905186,0.0198156938003,0.0271540030865,1,1,0,0,1,1,0,0,1,1,0,0
development,yolo11n,80da8956-f418-319c-9f49-3d47d9002546,100,high_yaw,19,0.00276643029103,0.00371750073309,0.000951070442057,0.343789773103,0.735276857219,0.711810480637,-0.0234663765827,-0.0319150213315,1,1,0,0,1,1,0,0,1,1,0,0
development,yolo11n,85026edc-5fdf-308e-a8ef-a1aad1151c50,100,high_yaw,8,0.00649129065698,0.0062777312993,-0.000213559357681,-0.0328993676245,0.58915739292,0.605323870415,0.0161664774953,0.0274399976807,1,1,0,0,1,1,0,0,0,0,0,
development,yolo11n,8a0ff1a2-9045-3be3-b67f-3914d88178ec,100,high_yaw,30,0.00585446022085,0.00536906507105,-0.000485395149793,-0.0829103164908,0.693981983463,0.67916690933,-0.0148150741333,-0.0213479232694,1,1,0,0,1,1,0,0,0,0,0,
development,yolo11n,8c019de9-7043-37bc-9498-b5858e7240af,100,high_yaw,179,0.00404900865832,0.00448568184962,0.000436673191306,0.107846939376,0.690747020343,0.701209527857,0.0104625075138,0.0151466560198,1,1,0,0,1,1,0,0,0,1,1,
development,yolo11n,8ee606e6-4cbd-3c07-8419-fbda836ccaac,100,high_yaw,153,0.0071841028713,0.00865016810156,0.00146606523026,0.204070745718,0.490999208365,0.457004432857,-0.0339947755078,-0.0692359069602,1,1,0,0,0,0,0,,0,0,0,
development,yolo11n,90f360d8-35f7-3c54-b2da-e99b354bc4cb,100,high_yaw,19,0.00654862600074,0.0072319408157,0.00068331481496,0.104344761005,0.607449027954,0.483281330312,-0.124167697642,-0.204408422647,1,1,0,0,1,0,-1,-1,0,0,0,
development,yolo11n,9239d493-31d7-3dd0-a05f-03d50a242392,100,high_yaw,6,0.00691242094888,0.0047220127496,-0.00219040819928,-0.316880036022,0.586290499704,0.636985500264,0.0506950005598,0.0864673751073,1,1,0,0,1,1,0,0,0,0,0,
development,yolo11n,96284bbc-6b58-330f-a5a6-76cd518543f0,100,high_yaw,307,0.00608548894119,0.00573462407383,-0.000350864867356,-0.0576559863549,0.691963413224,0.675923394617,-0.0160400186065,-0.0231804432141,1,1,0,0,1,1,0,0,0,0,0,
development,yolo11n,97738d01-b24f-365e-8818-2463149154d2,100,high_yaw,432,0.00454857174238,0.00491830476723,0.000369733024858,0.0812855212139,0.612843639543,0.603340246848,-0.00950339269461,-0.0155070430391,1,1,0,0,1,1,0,0,0,0,0,
development,yolo11n,9a25fd14-783b-35c3-ab2d-df4687f82b5e,100,high_yaw,947,0.00618980398594,0.00677159021746,0.000581786231522,0.0939910589807,0.611556628238,0.602740347281,-0.00881628095769,-0.014416131803,1,1,0,0,1,1,0,0,0,0,0,
development,yolo11n,9afab336-dbae-3f70-a669-46813f4570d7,100,high_yaw,56,0.00669720113527,0.00544883118291,-0.00124836995236,-0.186401741137,0.686450748176,0.719115049829,0.0326643016534,0.0475843339674,1,1,0,0,1,1,0,0,0,1,1,
development,yolo11n,a160c635-aa67-352c-a5e6-03b113493090,100,high_yaw,398,0.0056261413181,0.00642812621406,0.000801984895961,0.142546169855,0.540523722056,0.492403172888,-0.0481205491673,-0.0890257859253,1,1,0,0,1,0,-1,-1,0,0,0,
development,yolo11n,a359e053-a350-36cf-ab1d-a7980afaffa2,100,high_yaw,581,0.00483889230601,0.00538872429355,0.000549831987535,0.113627655414,0.571342709632,0.53845608361,-0.0328866260223,-0.0575602444346,1,1,0,0,1,1,0,0,0,0,0,
development,yolo11n,a50b198c-4de2-3f8c-a2b9-ab280605b350,100,high_yaw,528,0.00635629534554,0.00633629409578,-2.00012497535e-05,-0.00314668351079,0.636431726314,0.629965980933,-0.00646574538096,-0.0101593699899,1,1,0,0,1,1,0,0,0,0,0,
development,yolo11n,aa539866-29e4-353e-95a9-b6d321b53b33,100,high_yaw,17,0.00531612965653,0.00558387244639,0.000267742789856,0.0503642324689,0.526033726997,0.517200733245,-0.00883299375184,-0.0167916871077,1,1,0,0,1,1,0,0,0,0,0,
development,yolo11n,aa82b61f-7156-3c68-95a4-b79cebd120eb,100,high_yaw,682,0.00421081826612,0.00435500184522,0.000144183579104,0.0342412258121,0.641596630735,0.649147977258,0.00755134652325,0.0117696168613,1,1,0,0,1,1,0,0,0,0,0,
development,yolo11n,ab83611b-436e-3de7-aad1-f0c9ad254196,100,high_yaw,11,0.0049890154773,0.00472889643385,-0.000260119043444,-0.0521383516703,0.632033870731,0.591776866702,-0.0402570040288,-0.0636943776165,1,1,0,0,1,1,0,0,0,0,0,
development,yolo11n,b21b7285-2199-3264-b10a-524e9b23502a,100,high_yaw,197,0.0453766303437,0.0454826200096,0.000105989665885,0.00233577647971,0.128443279314,0.126843681213,-0.00159959810105,-0.0124537314026,0,0,0,,0,0,0,,0,0,0,
development,yolo11n,b5ea60b0-2540-4efe-b60e-f421ade3c128,100,high_yaw,198,0.00625496515,0.00758374721202,0.00132878206202,0.212436365375,0.527214429844,0.477350134031,-0.0498642958129,-0.0945806734229,1,1,0,0,1,0,-1,-1,0,0,0,
development,yolo11n,bb9be2e6-8f0e-3bb3-8bb9-5d9aa9df384d,100,high_yaw,596,0.0168650197855,0.0151450412744,-0.0017199785111,-0.101984968471,0.32353734517,0.333206517102,0.0096691719313,0.0298857985813,1,1,0,0,0,0,0,,0,0,0,
development,yolo11n,c453a8e7-d3da-317a-946b-f8e9678a8582,100,high_yaw,319,0.00562191244474,0.00576140782152,0.000139495376782,0.0248127978073,0.614504420223,0.600149254321,-0.0143551659023,-0.0233605575971,1,1,0,0,1,1,0,0,0,0,0,
development,yolo11n,c7f5e5c1-dc52-3619-8998-420b2e280d8a,100,high_yaw,542,0.00719593122837,0.00568984750358,-0.00150608372479,-0.209296570103,0.664278015235,0.664730387969,0.00045237273369,0.000680999104764,1,1,0,0,1,1,0,0,0,0,0,
development,yolo11n,cf6a99cb-b8bc-34d7-bdca-30e50e66cd74,100,high_yaw,408,0.00416453581187,0.00531830510441,0.00115376929254,0.277046313122,0.664952849207,0.649123401776,-0.0158294474314,-0.0238053682307,1,1,0,0,1,1,0,0,0,0,0,
development,yolo11n,d20c3612-a64d-3aa8-bd4a-58890413afbb,100,high_yaw,223,0.00754467311335,0.00723467727463,-0.000309995838714,-0.0410880410665,0.631336968749,0.686018256072,0.0546812873226,0.0866118887841,1,1,0,0,1,1,0,0,0,0,0,
development,yolo11n,d37be0e2-8223-3eeb-a0e2-c4b75d5ff87b,100,high_yaw,8,0.00413333320459,0.00592513811962,0.00179180491503,0.433501202624,0.708071903409,0.69778096347,-0.0102909399392,-0.0145337498771,1,1,0,0,1,1,0,0,0.5,0.5,0,0
development,yolo11n,d3efe9ba-f10a-35e7-b17e-6850c66693fe,100,high_yaw,23,0.00332678132516,0.00378492193965,0.000458140614494,0.137712873109,0.621687298922,0.596513631229,-0.0251736676929,-0.0404924915413,1,1,0,0,1,1,0,0,0,0,0,
development,yolo11n,dc9c2d63-083f-32c3-90ff-943ca823a245,100,high_yaw,64,0.0114623792697,0.00874423112214,-0.00271814814751,-0.237136469102,0.545247566023,0.577481107473,0.0322335414504,0.0591172587629,1,1,0,0,1,1,0,0,0,0,0,
development,yolo11n,e66d1403-755b-3f63-938b-a2a69446a48a,100,high_yaw,494,0.00649905880199,0.00699704954828,0.000497990746282,0.0766250562511,0.618081810279,0.595041333629,-0.0230404766504,-0.0372773899299,1,1,0,0,1,1,0,0,0,0,0,
development,yolo11n,ec3133b4-2b17-3d49-b78a-4bc480ac5137,100,high_yaw,350,0.00568238411334,0.00502337641936,-0.000659007693981,-0.115973802692,0.669549206442,0.685256719382,0.01570751294,0.023459833555,1,1,0,0,1,1,0,0,0,0,0,
development,yolo11n,ef4a46c4-138e-3478-b94e-3e60a567ec7d,100,high_yaw,489,0.00508290538934,0.00596749022698,0.000884584837641,0.174031340323,0.652724049165,0.603122086166,-0.0496019629982,-0.0759922406134,1,1,0,0,1,1,0,0,0,0,0,
development,yolo11n,f3cc42c7-84a8-35c5-8683-13878bb9beeb,100,high_yaw,12,0.00929213920391,0.00861578440909,-0.00067635479482,-0.072787845724,0.582188640607,0.56853820897,-0.0136504316369,-0.0234467502195,1,1,0,0,1,1,0,0,0,0,0,
development,yolo11n,f7cdc2d1-f59a-30a2-aae8-8bb81c769e6e,100,high_yaw,8,0.00294982607463,0.0022907829207,-0.000659043153932,-0.223417631161,0.609827377589,0.609138465247,-0.000688912341939,-0.00112968418155,1,1,0,0,1,1,0,0,0,0,0,
development,yolo11n,fa9ec72a-cbcf-35dc-be20-4d0d9e7215ef,100,high_yaw,102,0.00857247539712,0.00905543114423,0.000482955747114,0.0563379566276,0.498328347714,0.495062809452,-0.00326553826146,-0.00655298514813,1,1,0,0,0,0,0,,0,0,0,
development,yolo11n,fb149ce0-7706-3bb5-9860-8c63d1c77592,100,high_yaw,51,0.00501001486763,0.00477468311435,-0.000235331753276,-0.046972266449,0.465600590128,0.504046937938,0.0384463478098,0.0825736664105,1,1,0,0,0,1,1,,0,0,0,
development,yolo11n,ff52c01e-3d7b-32b1-b6a1-bcff3459ccdd,100,high_yaw,856,0.0071206824176,0.0082304080683,0.0011097256507,0.15584540717,0.437910332385,0.406571078719,-0.0313392536661,-0.0715654583791,1,1,0,0,0,0,0,,0,0,0,
development,yolo11n,ff8e7fdb-1073-3592-ba5e-8111bc3ce48b,100,high_yaw,278,0.00495313422686,0.00517411483312,0.00022098060626,0.0446142979656,0.468710130112,0.464721065549,-0.00398906456289,-0.0085107282873,1,1,0,0,0,0,0,,0,0,0,
development,yolo11n,01bb304d-7bd8-35f8-bbef-7086b688e35e,200,all_yaw,651,0.00766586548861,0.00828420217539,0.000618336686783,0.0806610405182,0.503039053049,0.479630888537,-0.0234081645116,-0.0465334935126,1,1,0,0,1,0,-1,-1,0,0,0,
development,yolo11n,16af3863-0d31-3cd1-8fa2-58053ffb953a,200,all_yaw,1821,0.00671472366988,0.00824826388319,0.00153354021331,0.228384709291,0.564482858631,0.54939194411,-0.0150909145213,-0.0267340527539,1,1,0,0,1,1,0,0,0,0,0,
development,yolo11n,1d43ed4e-e705-308a-bdfa-49d99285c42a,200,all_yaw,1996,0.00584168216424,0.00657959515975,0.00073791299551,0.126318579951,0.528355220485,0.510855500145,-0.0174997203402,-0.0331211269649,1,1,0,0,1,1,0,0,0,0,0,
development,yolo11n,1e6f21fd-5c8a-3526-ac50-72adae89d6a8,200,all_yaw,1710,0.00618054309576,0.00645695009077,0.000276406995013,0.0447221208121,0.537543068612,0.531815204678,-0.00572786393427,-0.0106556372293,1,1,0,0,1,1,0,0,0,0,0,
development,yolo11n,2772dd5f-bc0a-47ea-ae19-a5e0dbef8f41,200,all_yaw,1044,0.00945444618443,0.00939136164538,-6.30845390586e-05,-0.00667247322878,0.510366750313,0.49108389601,-0.019282854304,-0.0377823482664,1,1,0,0,1,0,-1,-1,0,0,0,
development,yolo11n,286790ed-9dec-305b-bcad-4f8153301e7c,200,all_yaw,863,0.00594459961946,0.00745762300747,0.001513023388,0.254520654856,0.685323688068,0.620300890959,-0.0650227971095,-0.0948789575518,1,1,0,0,1,1,0,0,0,0,0,
development,yolo11n,2a9b2658-097e-3f8b-a817-22f2553c5de8,200,all_yaw,1019,0.0134649109453,0.0126355696217,-0.000829341323632,-0.0615927819353,0.608920240099,0.593796176382,-0.0151240637164,-0.0248375119111,1,1,0,0,1,1,0,0,0,0,0,
development,yolo11n,3153b5b3-d381-3664-8f82-1d3c5ca841d2,200,all_yaw,737,0.0100214993494,0.0111050146491,0.00108351529967,0.108119080977,0.506959033162,0.480938013207,-0.0260210199547,-0.0513276581589,1,1,0,0,1,0,-1,-1,0,0,0,
development,yolo11n,349c4c1c-9561-360f-9ae7-59772335d54b,200,all_yaw,1644,0.0106121108407,0.0109342255621,0.000322114721416,0.0303535014148,0.553858507935,0.536899003667,-0.0169595042679,-0.0306206441266,1,1,0,0,1,1,0,0,0,0,0,
development,yolo11n,3576c0f5-c1b5-35bb-a0c4-ee95cba5c754,200,all_yaw,594,0.0145238451545,0.00985909045719,-0.00466475469728,-0.321179043681,0.428755963957,0.532253995298,0.103498031341,0.241391467504,1,1,0,0,0,1,1,,0,0,0,
development,yolo11n,366ceb72-9f11-385a-8bc9-a26a18dbdd22,200,all_yaw,1722,0.00630449087144,0.00715697171089,0.000852480839451,0.135218030581,0.589433729884,0.57177575472,-0.0176579751646,-0.0299575240935,1,1,0,0,1,1,0,0,0,0,0,
development,yolo11n,380e5bf0-1c68-36a4-ac64-09a03b60bebf,200,all_yaw,1142,0.00756144736718,0.0075274781063,-3.39692608821e-05,-0.00449242839798,0.634141561725,0.59722648443,-0.0369150772958,-0.0582126760394,1,1,0,0,1,1,0,0,0,0,0,
development,yolo11n,3dd173a6-8b21-3189-bd53-132919b96a48,200,all_yaw,508,0.0073296383704,0.00715737194079,-0.000172266429613,-0.023502718812,0.503864796149,0.578471105916,0.0746063097675,0.148068113386,1,1,0,0,1,1,0,0,0,0,0,
development,yolo11n,3f9796e9-c892-3915-b719-3292df878ece,200,all_yaw,954,0.00469423558056,0.00622015491563,0.00152591933507,0.325062368277,0.667187082428,0.627830490965,-0.0393565914633,-0.0589888391125,1,1,0,0,1,1,0,0,0,0,0,
development,yolo11n,3fbdfb6c-927f-4aaa-81b1-21b02efd4c01,200,all_yaw,1400,0.00716893731915,0.0066997236284,-0.000469213690741,-0.065450940614,0.63652548609,0.657515737225,0.0209902511353,0.0329762933205,1,1,0,0,1,1,0,0,0,0,0,
development,yolo11n,40bfcbec-ec59-3731-8e75-67f0bddc3b01,200,all_yaw,1516,0.00514296910971,0.00565344223095,0.000510473121241,0.0992565015172,0.565993346499,0.541670414465,-0.0243229320335,-0.042973883322,1,1,0,0,1,1,0,0,0,0,0,
development,yolo11n,41b6f7d7-e431-3992-b783-74b9edf42215,200,all_yaw,1151,0.00614697304503,0.0072250670325,0.00107809398747,0.175386158289,0.614939938016,0.598686211424,-0.0162537265924,-0.0264314050651,1,1,0,0,1,1,0,0,0,0,0,
development,yolo11n,41d69427-364c-366e-94a5-8e556bcac39f,200,all_yaw,1777,0.00646928114183,0.00645099896101,-1.8282180824e-05,-0.00282599881241,0.630970189702,0.638733193609,0.00776300390742,0.012303281572,1,1,0,0,1,1,0,0,0,0,0,
development,yolo11n,4207ef92-0b3b-4708-8868-4ffcaef308e0,200,all_yaw,963,0.00734589735183,0.00731470821849,-3.11891333321e-05,-0.00424578943025,0.706443680394,0.696124108449,-0.0103195719452,-0.0146077772816,1,1,0,0,1,1,0,0,1,0,-1,-1
development,yolo11n,453e5558-6363-38e3-bf9b-42b5ba0a6f1d,200,all_yaw,1231,0.00442870725246,0.00599178242538,0.00156307517292,0.352941633714,0.559734291367,0.52277417398,-0.0369601173864,-0.0660315402441,1,1,0,0,1,1,0,0,0,0,0,
development,yolo11n,46d917cd-531c-330b-8d7b-979b51a8927f,200,all_yaw,1013,0.00810477630051,0.0113139885783,0.00320921227776,0.39596555892,0.447902818343,0.354939729167,-0.0929630891763,-0.207551918338,1,1,0,0,0,0,0,,0,0,0,
development,yolo11n,47167c79-2ba4-369c-8db8-760a30b4c38a,200,all_yaw,433,0.01229958963,0.0130525962776,0.000753006647586,0.0612220952275,0.436073200098,0.395948382584,-0.0401248175134,-0.0920139497322,1,1,0,0,0,0,0,,0,0,0,
development,yolo11n,47358aac-2ec0-3d45-a837-f2069ca7cee3,200,all_yaw,2020,0.00680052259379,0.00656661108313,-0.000233911510663,-0.0343961081574,0.573950437611,0.571364639302,-0.00258579830834,-0.00450526411149,1,1,0,0,1,1,0,0,0,0,0,
development,yolo11n,575d8d24-ba88-3b18-84c0-df5b29dccfde,200,all_yaw,2011,0.0051552708671,0.00586781437527,0.00071254350817,0.138216502399,0.659232020261,0.627721338934,-0.0315106813271,-0.0477990758317,1,1,0,0,1,1,0,0,0,0,0,
development,yolo11n,5b1d8b11-4f90-3577-be0b-193e102fda82,200,all_yaw,779,0.00815108317003,0.00885563022197,0.00070454705194,0.0864360033193,0.531245706058,0.498670895556,-0.0325748105016,-0.0613177859702,1,1,0,0,1,0,-1,-1,0,0,0,
development,yolo11n,62a1e53b-b55c-36c2-bc5b-e216d494875a,200,all_yaw,1713,0.00533700744698,0.00571513471583,0.000378127268845,0.0708500545674,0.684852267618,0.655314488213,-0.0295377794055,-0.0431301476276,1,1,0,0,1,1,0,0,0,0,0,
development,yolo11n,633addf9-441c-35e7-868a-738aa612d51c,200,all_yaw,1724,0.00619583900639,0.00671851147912,0.000522672472728,0.0843586271671,0.624202201776,0.604163928888,-0.020038272888,-0.0321022143641,1,1,0,0,1,1,0,0,0,0,0,
development,yolo11n,639d4834-f922-3e27-9913-20aa649f815d,200,all_yaw,1743,0.00534980455545,0.00656897634658,0.00121917179113,0.227890903021,0.649854026217,0.623800690279,-0.0260533359384,-0.0400910587414,1,1,0,0,1,1,0,0,0,0,0,
development,yolo11n,6937b4e5-b5b4-3970-b5dd-9ad194e6c338,200,all_yaw,980,0.0110514029,0.0149675719006,0.00391616900059,0.354359445224,0.503251763159,0.421268645201,-0.0819831179585,-0.162906767467,1,1,0,0,1,0,-1,-1,0,0,0,
development,yolo11n,69c0ec7c-e289-3c4d-ade3-d2287ec34026,200,all_yaw,361,0.0129813876519,0.0106808117027,-0.0023005759492,-0.177221111555,0.47143005155,0.470994385536,-0.000435666014394,-0.000924137129064,1,1,0,0,0,0,0,,0,0,0,
development,yolo11n,6aa2ac89-6b25-3af6-ad59-221351189f4b,200,all_yaw,671,0.00725505553384,0.0092185797509,0.00196352421707,0.27064220362,0.53634021177,0.466901042246,-0.0694391695239,-0.129468512709,1,1,0,0,1,0,-1,-1,0,0,0,
development,yolo11n,6cc0bb26-5afb-3688-b237-b9c64c2800e5,200,all_yaw,754,0.00880797049682,0.00942837195195,0.000620401455131,0.0704363684409,0.531315688308,0.522071026503,-0.00924466180552,-0.0173995649083,1,1,0,0,1,1,0,0,0,0,0,
development,yolo11n,6dc6e668-549e-33b8-b952-ed8e807b1d48,200,all_yaw,766,0.0179645598789,0.0156394733859,-0.00232508649299,-0.129426298705,0.375287870327,0.426302804409,0.0510149340816,0.13593547278,1,1,0,0,0,0,0,,0,0,0,
development,yolo11n,74dd5c1d-7a9a-32d1-903a-fc57e07109b9,200,all_yaw,748,0.00929363541462,0.00930607349088,1.24380762533e-05,0.00133834346823,0.406276628441,0.407228087947,0.000951459505078,0.00234190066194,1,1,0,0,0,0,0,,0,0,0,
development,yolo11n,74f15437-b85e-314a-9d86-7294b98bf07f,200,all_yaw,1293,0.00711183044895,0.00807031109545,0.000958480646499,0.134772707727,0.578707666859,0.556387537387,-0.0223201294713,-0.0385689195936,1,1,0,0,1,1,0,0,0,0,0,
development,yolo11n,768cf7e2-eb6c-3468-969e-e3b0fd87b34e,200,all_yaw,979,0.00380741135069,0.00441862334991,0.000611211999225,0.160532168166,0.709911959175,0.698751465724,-0.011160493451,-0.0157209542772,1,1,0,0,1,1,0,0,1,0,-1,-1
development,yolo11n,770a58e6-eff6-39b7-a265-fe7f202fe8b2,200,all_yaw,605,0.0101038969328,0.00801447912755,-0.00208941780522,-0.206793261958,0.482954916513,0.580945017153,0.09799010064,0.202896993673,1,1,0,0,0,1,1,,0,0,0,
development,yolo11n,7ce2a2ce-eed6-36d7-ba62-dda9acddb070,200,all_yaw,806,0.00408334866373,0.0045566528241,0.000473304160375,0.115910787775,0.641600808867,0.59442133262,-0.0471794762468,-0.0735340036902,1,1,0,0,1,1,0,0,0,0,0,
development,yolo11n,7e3d8631-3b7d-38c1-b833-ee7cfa7235ca,200,all_yaw,1838,0.0097971401642,0.0107313645549,0.000934224390703,0.0953568464925,0.495536410598,0.484109957717,-0.0114264528806,-0.0230587553936,1,1,0,0,0,0,0,,0,0,0,
development,yolo11n,7ef4a6cc-7266-3a31-8dd4-01c3d3c58dcb,200,all_yaw,906,0.0074690212075,0.0045861888945,-0.002882832313,-0.385971900857,0.623368911178,0.622756420289,-0.000612490889331,-0.000982549624063,1,1,0,0,1,1,0,0,0,0,0,
development,yolo11n,80da8956-f418-319c-9f49-3d47d9002546,200,all_yaw,823,0.00293944737529,0.00459904997347,0.00165960259818,0.564596805553,0.733845083634,0.649388209127,-0.084456874507,-0.115088151969,1,1,0,0,1,1,0,0,1,0,-1,-1
development,yolo11n,85026edc-5fdf-308e-a8ef-a1aad1151c50,200,all_yaw,1328,0.00646839835335,0.00745276690602,0.000984368552668,0.152181189051,0.597762201913,0.582197628223,-0.0155645736901,-0.0260380693866,1,1,0,0,1,1,0,0,0,0,0,
development,yolo11n,8a0ff1a2-9045-3be3-b67f-3914d88178ec,200,all_yaw,2169,0.00571432525062,0.00673656557319,0.00102224032257,0.17889081873,0.58654230811,0.562929225943,-0.0236130821676,-0.0402581055809,1,1,0,0,1,1,0,0,0,0,0,
development,yolo11n,8c019de9-7043-37bc-9498-b5858e7240af,200,all_yaw,478,0.00385779786883,0.00475525551555,0.000897457646717,0.232634699181,0.699629458983,0.680632256601,-0.0189972023823,-0.027153233956,1,1,0,0,1,1,0,0,0.5,0,-0.5,-1
development,yolo11n,8ee606e6-4cbd-3c07-8419-fbda836ccaac,200,all_yaw,1235,0.00622625814163,0.00712072151719,0.000894463375553,0.143659860418,0.598659826108,0.549985351124,-0.0486744749832,-0.081305731336,1,1,0,0,1,1,0,0,0,0,0,
development,yolo11n,90f360d8-35f7-3c54-b2da-e99b354bc4cb,200,all_yaw,451,0.00784125652039,0.00941885106335,0.00157759454296,0.201191548683,0.540574352806,0.515452164927,-0.0251221878789,-0.0464731405559,1,1,0,0,1,1,0,0,0,0,0,
development,yolo11n,91923e20-9a05-32e0-ac53-8c09b0b60341,200,all_yaw,993,0.00987528690593,0.0114502020532,0.00157491514725,0.159480444695,0.385408072963,0.360747430323,-0.0246606426404,-0.0639857967966,1,1,0,0,0,0,0,,0,0,0,
development,yolo11n,919f13de-857f-3b1c-9f8e-7cbe500a60ae,200,all_yaw,1305,0.00528607266676,0.00551103408446,0.000224961417701,0.0425573827457,0.662054004433,0.639701549308,-0.0223524551252,-0.0337622837043,1,1,0,0,1,1,0,0,0,0,0,
development,yolo11n,9239d493-31d7-3dd0-a05f-03d50a242392,200,all_yaw,865,0.0118932011866,0.0105189499878,-0.00137425119888,-0.115549310679,0.448736018368,0.481404265941,0.0326682475732,0.0728005915192,1,1,0,0,0,0,0,,0,0,0,
development,yolo11n,96284bbc-6b58-330f-a5a6-76cd518543f0,200,all_yaw,2019,0.00515284384685,0.00599398868602,0.000841144839168,0.1632389539,0.628049102865,0.601631054295,-0.0264180485701,-0.0420636673942,1,1,0,0,1,1,0,0,0,0,0,
development,yolo11n,97738d01-b24f-365e-8818-2463149154d2,200,all_yaw,802,0.00504930853654,0.00596802599823,0.000918717461681,0.181949162946,0.590493621381,0.573085840365,-0.0174077810162,-0.0294800492095,1,1,0,0,1,1,0,0,0,0,0,
development,yolo11n,9a25fd14-783b-35c3-ab2d-df4687f82b5e,200,all_yaw,2000,0.00566894360588,0.00693721786017,0.00126827425429,0.223723208849,0.625572613354,0.600040662539,-0.0255319508148,-0.0408137285261,1,1,0,0,1,1,0,0,0,0,0,
development,yolo11n,9afab336-dbae-3f70-a669-46813f4570d7,200,all_yaw,903,0.00546356144346,0.0058224265228,0.000358865079348,0.0656833611302,0.652576798956,0.624957685269,-0.0276191136866,-0.0423231621639,1,1,0,0,1,1,0,0,0,0,0,
development,yolo11n,a160c635-aa67-352c-a5e6-03b113493090,200,all_yaw,658,0.00686591999026,0.00736264394599,0.000496723955729,0.0723463070402,0.530630118941,0.529950862078,-0.000679256863194,-0.0012800948136,1,1,0,0,1,1,0,0,0,0,0,
development,yolo11n,a359e053-a350-36cf-ab1d-a7980afaffa2,200,all_yaw,1382,0.0057570156273,0.00649019590625,0.000733180278944,0.127354227678,0.527663369756,0.496955324634,-0.030708045122,-0.0581962798294,1,1,0,0,1,0,-1,-1,0,0,0,
development,yolo11n,a50b198c-4de2-3f8c-a2b9-ab280605b350,200,all_yaw,1712,0.00626752056045,0.00657868316814,0.000311162607693,0.0496468427493,0.590030344787,0.570671613732,-0.0193587310554,-0.0328097211041,1,1,0,0,1,1,0,0,0,0,0,
development,yolo11n,aa539866-29e4-353e-95a9-b6d321b53b33,200,all_yaw,1391,0.00579733965324,0.00698424163793,0.00118690198469,0.204732179876,0.503169120723,0.476147998203,-0.0270211225201,-0.0537018696245,1,1,0,0,1,0,-1,-1,0,0,0,
development,yolo11n,aa82b61f-7156-3c68-95a4-b79cebd120eb,200,all_yaw,1298,0.00541154176051,0.0058282208209,0.000416679060391,0.0769982158193,0.605485796647,0.603723316748,-0.00176247989923,-0.00291085258975,1,1,0,0,1,1,0,0,0,0,0,
development,yolo11n,ab83611b-436e-3de7-aad1-f0c9ad254196,200,all_yaw,1328,0.00496332111111,0.00589634956942,0.000933028458309,0.187984705688,0.559703016183,0.534233654339,-0.025469361844,-0.0455051359517,1,1,0,0,1,1,0,0,0,0,0,
development,yolo11n,ac1b1697-42b9-4225-a666-d17f72204fa8,200,all_yaw,1133,0.00746185068327,0.00704965378884,-0.000412196894428,-0.0552405712636,0.55296372163,0.539692715039,-0.0132710065916,-0.0239997780551,1,1,0,0,1,1,0,0,0,0,0,
development,yolo11n,b21b7285-2199-3264-b10a-524e9b23502a,200,all_yaw,1076,0.0193534885956,0.0199527399228,0.000599251327166,0.0309634784553,0.451231696421,0.438289932711,-0.0129417637096,-0.0286809721308,1,1,0,0,0,0,0,,0,0,0,
development,yolo11n,b5ea60b0-2540-4efe-b60e-f421ade3c128,200,all_yaw,410,0.00470228583037,0.00596344925628,0.00126116342591,0.268202204504,0.543313278143,0.48246524902,-0.0608480291229,-0.111994371518,1,1,0,0,1,0,-1,-1,0,0,0,
development,yolo11n,bb9be2e6-8f0e-3bb3-8bb9-5d9aa9df384d,200,all_yaw,937,0.0169259948579,0.0146088884103,-0.00231710644755,-0.136896322314,0.335066532223,0.33926999064,0.00420345841659,0.0125451455527,1,1,0,0,0,0,0,,0,0,0,
development,yolo11n,c453a8e7-d3da-317a-946b-f8e9678a8582,200,all_yaw,544,0.00371221396893,0.00460252846781,0.000890314498881,0.239833831329,0.664630604154,0.637617952545,-0.0270126516098,-0.0406431052692,1,1,0,0,1,1,0,0,0,0,0,
development,yolo11n,c7f5e5c1-dc52-3619-8998-420b2e280d8a,200,all_yaw,898,0.0100237219594,0.00688942893133,-0.0031342930281,-0.312687546681,0.617242990183,0.607905097774,-0.0093378924091,-0.0151283895607,1,1,0,0,1,1,0,0,0,0,0,
development,yolo11n,cf6a99cb-b8bc-34d7-bdca-30e50e66cd74,200,all_yaw,1379,0.00450350411699,0.00572393163314,0.00122042751614,0.270995092808,0.673359282397,0.645530781977,-0.0278285004206,-0.0413278633682,1,1,0,0,1,1,0,0,0,0,0,
development,yolo11n,d20c3612-a64d-3aa8-bd4a-58890413afbb,200,all_yaw,1250,0.00965846705341,0.00748131827344,-0.00217714877997,-0.225413491389,0.630878517247,0.660643398697,0.0297648814504,0.0471800523186,1,1,0,0,1,1,0,0,0,0,0,
development,yolo11n,d37be0e2-8223-3eeb-a0e2-c4b75d5ff87b,200,all_yaw,547,0.00797667708006,0.00771904856403,-0.000257628516031,-0.0322977241582,0.680806397655,0.660133983479,-0.0206724141757,-0.030364600343,1,1,0,0,1,1,0,0,0,0,0,
development,yolo11n,d3efe9ba-f10a-35e7-b17e-6850c66693fe,200,all_yaw,184,0.00799443988839,0.00757276473688,-0.000421675151514,-0.0527460531821,0.602188001599,0.643753339086,0.0415653374871,0.0690238553022,1,1,0,0,1,1,0,0,0,0,0,
development,yolo11n,dc9c2d63-083f-32c3-90ff-943ca823a245,200,all_yaw,1148,0.0064528210261,0.00673855105478,0.000285730028677,0.04427986264,0.622570507841,0.60894423005,-0.0136262777905,-0.0218871238179,1,1,0,0,1,1,0,0,0,0,0,
development,yolo11n,dd251cc5-736d-3b76-8ad3-3f6cb138178e,200,all_yaw,1657,0.0092179987787,0.00844463597448,-0.000773362804229,-0.0838970391291,0.550989500071,0.604632521632,0.0536430215616,0.0973576112697,1,1,0,0,1,1,0,0,0,0,0,
development,yolo11n,e66d1403-755b-3f63-938b-a2a69446a48a,200,all_yaw,847,0.00675604763242,0.00776833888106,0.00101229124863,0.149834830023,0.615991466359,0.587879639737,-0.0281118266225,-0.0456367143991,1,1,0,0,1,1,0,0,0,0,0,
development,yolo11n,ec3133b4-2b17-3d49-b78a-4bc480ac5137,200,all_yaw,712,0.00828064929353,0.00747187546195,-0.000808773831573,-0.0976703399582,0.660407704673,0.672867498812,0.0124597941391,0.0188668212847,1,1,0,0,1,1,0,0,0,0,0,
development,yolo11n,ef4a46c4-138e-3478-b94e-3e60a567ec7d,200,all_yaw,885,0.00510950985965,0.00666427270459,0.00155476284495,0.304288060431,0.580515539574,0.560894488513,-0.0196210510613,-0.0337993554413,1,1,0,0,1,1,0,0,0,0,0,
development,yolo11n,f3cc42c7-84a8-35c5-8683-13878bb9beeb,200,all_yaw,1772,0.00697888619414,0.00709755435746,0.000118668163315,0.0170038828566,0.538685373058,0.550647069783,0.0119616967245,0.0222053490271,1,1,0,0,1,1,0,0,0,0,0,
development,yolo11n,f7cdc2d1-f59a-30a2-aae8-8bb81c769e6e,200,all_yaw,1790,0.0050825546808,0.00591455810526,0.000832003424466,0.163697879653,0.612610090149,0.586484510944,-0.0261255792046,-0.042646341653,1,1,0,0,1,1,0,0,0,0,0,
development,yolo11n,fa9ec72a-cbcf-35dc-be20-4d0d9e7215ef,200,all_yaw,538,0.00944155593637,0.0100610325534,0.000619476617055,0.065611708624,0.564507279939,0.531206329998,-0.0333009499407,-0.058991178899,1,1,0,0,1,1,0,0,0,0,0,
development,yolo11n,fb149ce0-7706-3bb5-9860-8c63d1c77592,200,all_yaw,945,0.007788237772,0.00724567001086,-0.000542567761141,-0.069665022695,0.450319611506,0.466834793166,0.0165151816603,0.0366743558093,1,1,0,0,0,0,0,,0,0,0,
development,yolo11n,ff52c01e-3d7b-32b1-b6a1-bcff3459ccdd,200,all_yaw,917,0.00747134907118,0.0102628631387,0.00279151406748,0.373629185423,0.416951050802,0.350067328702,-0.0668837221002,-0.16041144871,1,1,0,0,0,0,0,,0,0,0,
development,yolo11n,ff8e7fdb-1073-3592-ba5e-8111bc3ce48b,200,all_yaw,1575,0.00582688803934,0.00666695558032,0.000840067540984,0.14417087394,0.529995971291,0.498619671129,-0.0313763001614,-0.0592010163493,1,1,0,0,1,0,-1,-1,0,0,0,
development,yolo11n,01bb304d-7bd8-35f8-bbef-7086b688e35e,200,high_yaw,256,0.0069087559047,0.00737251843673,0.000463762532031,0.0671267791811,0.562724466547,0.510569856841,-0.0521546097057,-0.0926823211114,1,1,0,0,1,1,0,0,0,0,0,
development,yolo11n,16af3863-0d31-3cd1-8fa2-58053ffb953a,200,high_yaw,361,0.00648553282543,0.00747513643545,0.000989603610026,0.152586323539,0.564400178518,0.545177585307,-0.0192225932109,-0.0340584463694,1,1,0,0,1,1,0,0,0,0,0,
development,yolo11n,1d43ed4e-e705-308a-bdfa-49d99285c42a,200,high_yaw,151,0.00541840427627,0.0070905224333,0.00167211815702,0.308599741135,0.520181437386,0.485557650679,-0.0346237867069,-0.0665609808779,1,1,0,0,1,0,-1,-1,0,0,0,
development,yolo11n,1e6f21fd-5c8a-3526-ac50-72adae89d6a8,200,high_yaw,347,0.00642272883918,0.00686735594841,0.00044462710923,0.0692271338809,0.537677826189,0.526734904659,-0.0109429215302,-0.0203521904702,1,1,0,0,1,1,0,0,0,0,0,
development,yolo11n,2772dd5f-bc0a-47ea-ae19-a5e0dbef8f41,200,high_yaw,56,0.00504849725497,0.0084780010489,0.00342950379393,0.679311807201,0.506609778144,0.39876110334,-0.107848674804,-0.2128831291,1,1,0,0,1,0,-1,-1,0,0,0,
development,yolo11n,286790ed-9dec-305b-bcad-4f8153301e7c,200,high_yaw,206,0.00466500834338,0.00614814622186,0.00148313787848,0.31792823706,0.790580255365,0.760120345307,-0.0304599100576,-0.0385285489371,1,1,0,0,1,1,0,0,1,1,0,0
development,yolo11n,2a9b2658-097e-3f8b-a817-22f2553c5de8,200,high_yaw,462,0.011962972862,0.0120543413538,9.13684918048e-05,0.00763760754611,0.580913394687,0.57369498707,-0.00721840761703,-0.0124259617407,1,1,0,0,1,1,0,0,0,0,0,
development,yolo11n,3153b5b3-d381-3664-8f82-1d3c5ca841d2,200,high_yaw,259,0.0144665384971,0.0165307164158,0.00206417791863,0.142686373734,0.389988850679,0.394267714216,0.00427886353649,0.010971758626,1,1,0,0,0,0,0,,0,0,0,
development,yolo11n,3576c0f5-c1b5-35bb-a0c4-ee95cba5c754,200,high_yaw,354,0.0140466962621,0.0098018730794,-0.00424482318265,-0.30219370473,0.386898376987,0.430772065937,0.04387368895,0.113398482805,1,1,0,0,0,0,0,,0,0,0,
development,yolo11n,366ceb72-9f11-385a-8bc9-a26a18dbdd22,200,high_yaw,594,0.00467597230459,0.00583267452669,0.00115670222209,0.247371486986,0.615962067173,0.584211805279,-0.0317502618942,-0.051545807098,1,1,0,0,1,1,0,0,0,0,0,
development,yolo11n,3dd173a6-8b21-3189-bd53-132919b96a48,200,high_yaw,32,0.00708953446134,0.00681311712151,-0.000276417339832,-0.0389894909658,0.568919762083,0.640498060205,0.0715782981218,0.125814399309,1,1,0,0,1,1,0,0,0,0,0,
development,yolo11n,3f9796e9-c892-3915-b719-3292df878ece,200,high_yaw,557,0.00524951461009,0.00708979279988,0.0018402781898,0.350561590259,0.640324875543,0.566060881366,-0.0742639941774,-0.115978618064,1,1,0,0,1,1,0,0,0,0,0,
development,yolo11n,3fbdfb6c-927f-4aaa-81b1-21b02efd4c01,200,high_yaw,65,0.00710673478036,0.0054103456765,-0.00169638910386,-0.238701619842,0.649135403452,0.713021495938,0.0638860924859,0.0984172056341,1,1,0,0,1,1,0,0,0,1,1,
development,yolo11n,41b6f7d7-e431-3992-b783-74b9edf42215,200,high_yaw,125,0.00595820483463,0.00775899274513,0.0018007879105,0.302236656927,0.561738666606,0.53881397482,-0.0229246917851,-0.0408102435312,1,1,0,0,1,1,0,0,0,0,0,
development,yolo11n,453e5558-6363-38e3-bf9b-42b5ba0a6f1d,200,high_yaw,91,0.00427203642417,0.00617292475829,0.00190088833413,0.44496070384,0.516958542319,0.46093177616,-0.056026766159,-0.108377677459,1,1,0,0,1,0,-1,-1,0,0,0,
development,yolo11n,46d917cd-531c-330b-8d7b-979b51a8927f,200,high_yaw,771,0.00850432251362,0.0113139885783,0.00280966606465,0.330380939828,0.460436628032,0.370396064319,-0.0900405637137,-0.19555473703,1,1,0,0,0,0,0,,0,0,0,
development,yolo11n,47167c79-2ba4-369c-8db8-760a30b4c38a,200,high_yaw,96,0.0129489769233,0.0129764486558,2.74717324816e-05,0.00212153690939,0.45791750831,0.429556998735,-0.0283605095747,-0.0619336650381,1,1,0,0,0,0,0,,0,0,0,
development,yolo11n,575d8d24-ba88-3b18-84c0-df5b29dccfde,200,high_yaw,439,0.00530561977243,0.00653760717266,0.00123198740023,0.232204238726,0.629994375294,0.596553706168,-0.0334406691258,-0.0530809010956,1,1,0,0,1,1,0,0,0,0,0,
development,yolo11n,5b1d8b11-4f90-3577-be0b-193e102fda82,200,high_yaw,546,0.00807497929038,0.00882667752892,0.000751698238542,0.0930898038881,0.555021426351,0.53759425372,-0.0174271726309,-0.0313990988519,1,1,0,0,1,1,0,0,0,0,0,
development,yolo11n,62a1e53b-b55c-36c2-bc5b-e216d494875a,200,high_yaw,349,0.005450263636,0.00580321414252,0.000352950506524,0.0647584282332,0.717433330098,0.713347022756,-0.00408630734179,-0.00569573111586,1,1,0,0,1,1,0,0,1,1,0,0
development,yolo11n,633addf9-441c-35e7-868a-738aa612d51c,200,high_yaw,345,0.00654876128411,0.00693488216672,0.00038612088261,0.0589609035752,0.639196646302,0.623770102449,-0.015426543853,-0.024134269074,1,1,0,0,1,1,0,0,0,0,0,
development,yolo11n,639d4834-f922-3e27-9913-20aa649f815d,200,high_yaw,725,0.0059020099417,0.00692490067614,0.00102289073444,0.173312268963,0.632946554921,0.618303479495,-0.0146430754258,-0.0231347738793,1,1,0,0,1,1,0,0,0,0,0,
development,yolo11n,6937b4e5-b5b4-3970-b5dd-9ad194e6c338,200,high_yaw,225,0.00792954562951,0.0142104024253,0.00628085679582,0.792082811459,0.50159999426,0.393816796478,-0.107783197783,-0.214878785917,1,1,0,0,1,0,-1,-1,0,0,0,
development,yolo11n,69c0ec7c-e289-3c4d-ade3-d2287ec34026,200,high_yaw,118,0.0147889375277,0.016162172187,0.00137323465936,0.0928555318317,0.389199059046,0.403988923045,0.0147898639993,0.0380007701858,1,1,0,0,0,0,0,,0,0,0,
development,yolo11n,6aa2ac89-6b25-3af6-ad59-221351189f4b,200,high_yaw,122,0.00560342646011,0.00674925154136,0.00114582508124,0.204486502928,0.578309692427,0.539446979443,-0.0388627129837,-0.0672005216109,1,1,0,0,1,1,0,0,0,0,0,
development,yolo11n,6cc0bb26-5afb-3688-b237-b9c64c2800e5,200,high_yaw,443,0.0088279264691,0.00926947428755,0.000441547818448,0.0500171608807,0.462287162889,0.449807627311,-0.0124795355782,-0.0269952025062,1,1,0,0,0,0,0,,0,0,0,
development,yolo11n,6dc6e668-549e-33b8-b952-ed8e807b1d48,200,high_yaw,322,0.0143034701837,0.012705573389,-0.0015978967947,-0.111713924955,0.357942684369,0.404054585374,0.0461119010051,0.128824817544,1,1,0,0,0,0,0,,0,0,0,
development,yolo11n,74dd5c1d-7a9a-32d1-903a-fc57e07109b9,200,high_yaw,327,0.0103104982907,0.0112535204769,0.000943022186282,0.0914623289484,0.380133997698,0.37237705802,-0.00775693967838,-0.0204058035465,1,1,0,0,0,0,0,,0,0,0,
development,yolo11n,74f15437-b85e-314a-9d86-7294b98bf07f,200,high_yaw,456,0.00670268445022,0.00764724047922,0.000944556028994,0.140922049368,0.581253348699,0.552773942118,-0.0284794065816,-0.0489965462484,1,1,0,0,1,1,0,0,0,0,0,
development,yolo11n,768cf7e2-eb6c-3468-969e-e3b0fd87b34e,200,high_yaw,28,0.00390773394771,0.00478067856038,0.00087294461267,0.223388957476,0.705525837599,0.692797867446,-0.0127279701527,-0.0180404025968,1,1,0,0,1,1,0,0,1,0,-1,-1
development,yolo11n,770a58e6-eff6-39b7-a265-fe7f202fe8b2,200,high_yaw,201,0.0129522382454,0.00753927743493,-0.00541296081044,-0.417917020047,0.443141801377,0.565584598075,0.122442796698,0.27630613117,1,1,0,0,0,1,1,,0,0,0,
development,yolo11n,7ce2a2ce-eed6-36d7-ba62-dda9acddb070,200,high_yaw,134,0.00257566923014,0.00387960178979,0.00130393255965,0.506250004618,0.767938919291,0.714624541976,-0.0533143773143,-0.0694252836717,1,1,0,0,1,1,0,0,1,1,0,0
development,yolo11n,7e3d8631-3b7d-38c1-b833-ee7cfa7235ca,200,high_yaw,1061,0.00929161472383,0.0103156510397,0.00102403631588,0.11021080257,0.485911875809,0.466435293708,-0.0194765821012,-0.0400825397996,1,1,0,0,0,0,0,,0,0,0,
development,yolo11n,7ef4a6cc-7266-3a31-8dd4-01c3d3c58dcb,200,high_yaw,74,0.00902559524691,0.00385455636734,-0.00517103887957,-0.572930509081,0.661451916802,0.696331905335,0.0348799885325,0.0527324627029,1,1,0,0,1,1,0,0,0,0,0,
development,yolo11n,80da8956-f418-319c-9f49-3d47d9002546,200,high_yaw,19,0.00274196549867,0.00379123498698,0.00104926948831,0.38267056563,0.754424651311,0.684797608338,-0.069627042973,-0.0922915798841,1,1,0,0,1,1,0,0,1,0,-1,-1
development,yolo11n,85026edc-5fdf-308e-a8ef-a1aad1151c50,200,high_yaw,15,0.00785106363873,0.00772979096383,-0.000121272674896,-0.015446655444,0.520575334958,0.633654606594,0.113079271636,0.217219802865,1,1,0,0,1,1,0,0,0,0,0,
development,yolo11n,8a0ff1a2-9045-3be3-b67f-3914d88178ec,200,high_yaw,19,0.00729437132918,0.0059116166647,-0.00138275466448,-0.189564611134,0.713198060574,0.706142414495,-0.00705564607839,-0.0098929686835,1,1,0,0,1,1,0,0,1,1,0,0
development,yolo11n,8c019de9-7043-37bc-9498-b5858e7240af,200,high_yaw,177,0.00435261834922,0.00502928258634,0.000676664237118,0.155461421799,0.67128013483,0.665946429057,-0.0053337057732,-0.00794557368295,1,1,0,0,1,1,0,0,0,0,0,
development,yolo11n,8ee606e6-4cbd-3c07-8419-fbda836ccaac,200,high_yaw,166,0.00735115137243,0.0104890229901,0.00313787161767,0.426854442073,0.47496915766,0.418939740329,-0.0560294173307,-0.117964327635,1,1,0,0,0,0,0,,0,0,0,
development,yolo11n,90f360d8-35f7-3c54-b2da-e99b354bc4cb,200,high_yaw,17,0.00683097769596,0.0104069696383,0.0035759919423,0.523496357543,0.652775564917,0.563341940374,-0.0894336245424,-0.137005165863,1,1,0,0,1,1,0,0,0,0,0,
development,yolo11n,96284bbc-6b58-330f-a5a6-76cd518543f0,200,high_yaw,292,0.00741375237725,0.00670668453736,-0.000707067839889,-0.095372465104,0.651775503278,0.640805028404,-0.0109704748738,-0.0168316771935,1,1,0,0,1,1,0,0,0,0,0,
development,yolo11n,97738d01-b24f-365e-8818-2463149154d2,200,high_yaw,410,0.00488372546248,0.00535422619332,0.000470500730847,0.0963405364331,0.585272256534,0.572134008114,-0.0131382484209,-0.0224480970594,1,1,0,0,1,1,0,0,0,0,0,
development,yolo11n,9a25fd14-783b-35c3-ab2d-df4687f82b5e,200,high_yaw,962,0.00647921203249,0.00769231110013,0.00121309906764,0.187229413323,0.603543591081,0.577482276786,-0.0260613142955,-0.0431805004322,1,1,0,0,1,1,0,0,0,0,0,
development,yolo11n,9afab336-dbae-3f70-a669-46813f4570d7,200,high_yaw,64,0.00765010611026,0.00528418160133,-0.00236592450894,-0.309266887914,0.658209145643,0.702831967187,0.0446228215436,0.0677942897618,1,1,0,0,1,1,0,0,0,0.5,0.5,
development,yolo11n,a160c635-aa67-352c-a5e6-03b113493090,200,high_yaw,385,0.00663501123364,0.0074909293759,0.00085591814226,0.12900025518,0.487885019895,0.450712513776,-0.0371725061197,-0.0761911200464,1,1,0,0,0,0,0,,0,0,0,
development,yolo11n,a359e053-a350-36cf-ab1d-a7980afaffa2,200,high_yaw,568,0.00561051274221,0.00699055789612,0.00138004515391,0.245974872052,0.539832652491,0.492160035779,-0.0476726167122,-0.0883099910541,1,1,0,0,1,0,-1,-1,0,0,0,
development,yolo11n,a50b198c-4de2-3f8c-a2b9-ab280605b350,200,high_yaw,516,0.00711232115672,0.00726300306822,0.000150681911498,0.0211860387316,0.623504611098,0.610874221382,-0.0126303897165,-0.0202570911131,1,1,0,0,1,1,0,0,0,0,0,
development,yolo11n,aa539866-29e4-353e-95a9-b6d321b53b33,200,high_yaw,9,0.00553739531488,0.00553739531488,0,0,0.470776970115,0.470776970115,0,0,1,1,0,0,0,0,0,,0,0,0,
development,yolo11n,aa82b61f-7156-3c68-95a4-b79cebd120eb,200,high_yaw,696,0.00550190979135,0.00565599922184,0.000154089430483,0.0280065352444,0.612342984743,0.61787774116,0.0055347564168,0.009038654079,1,1,0,0,1,1,0,0,0,0,0,
development,yolo11n,ab83611b-436e-3de7-aad1-f0c9ad254196,200,high_yaw,6,0.00678484643738,0.00699543589534,0.000210589457952,0.0310382054915,0.598677519729,0.515481013847,-0.0831965058814,-0.138967145316,1,1,0,0,1,0.5,-0.5,-0.5,0,0,0,
development,yolo11n,b21b7285-2199-3264-b10a-524e9b23502a,200,high_yaw,201,0.0457413177497,0.0447719274453,-0.000969390304435,-0.0211928810127,0.124478465779,0.119304270464,-0.00517419531572,-0.0415669913934,0,0,0,,0,0,0,,0,0,0,
development,yolo11n,b5ea60b0-2540-4efe-b60e-f421ade3c128,200,high_yaw,197,0.00610460990019,0.00884729036424,0.00274268046404,0.449280217555,0.508656091772,0.448393634727,-0.0602624570444,-0.11847387266,1,1,0,0,1,0,-1,-1,0,0,0,
development,yolo11n,bb9be2e6-8f0e-3bb3-8bb9-5d9aa9df384d,200,high_yaw,579,0.0176067166218,0.0180889626849,0.00048224606304,0.0273898917895,0.312884078806,0.315343407918,0.00245932911187,0.00786019257118,1,1,0,0,0,0,0,,0,0,0,
development,yolo11n,c453a8e7-d3da-317a-946b-f8e9678a8582,200,high_yaw,308,0.0058650420521,0.00730465139666,0.00143960934456,0.245455928836,0.583031372391,0.565249019201,-0.0177823531904,-0.0304998221922,1,1,0,0,1,1,0,0,0,0,0,
development,yolo11n,c7f5e5c1-dc52-3619-8998-420b2e280d8a,200,high_yaw,561,0.010350645317,0.00713740027236,-0.00321324504461,-0.310439102704,0.606702107645,0.608902260829,0.00220015318392,0.00362641427514,1,1,0,0,1,1,0,0,0,0,0,
development,yolo11n,cf6a99cb-b8bc-34d7-bdca-30e50e66cd74,200,high_yaw,418,0.00417059183403,0.0060726104616,0.00190201862757,0.456054848631,0.663735004878,0.61835028556,-0.0453847193181,-0.0683777697191,1,1,0,0,1,1,0,0,0,0,0,
development,yolo11n,d20c3612-a64d-3aa8-bd4a-58890413afbb,200,high_yaw,190,0.0110631299123,0.00836401429841,-0.00269911561388,-0.243973959926,0.543907184666,0.63838566035,0.094478475684,0.173703305174,1,1,0,0,1,1,0,0,0,0,0,
development,yolo11n,d37be0e2-8223-3eeb-a0e2-c4b75d5ff87b,200,high_yaw,1,0.0543785271003,0.0547204281345,0.000341901034174,0.00628742726965,0,0,0,,0,0,0,,0,0,0,,0,0,0,
development,yolo11n,d3efe9ba-f10a-35e7-b17e-6850c66693fe,200,high_yaw,24,0.00522114008682,0.0051449177536,-7.62223332185e-05,-0.0145987910592,0.543496152163,0.519287778368,-0.0242083737956,-0.0445419414641,1,1,0,0,1,1,0,0,0,0,0,
development,yolo11n,dc9c2d63-083f-32c3-90ff-943ca823a245,200,high_yaw,63,0.0114909336105,0.0104653892211,-0.00102554438935,-0.0892481345828,0.504302587762,0.524372453757,0.020069865995,0.0397972695006,1,1,0,0,1,1,0,0,0,0,0,
development,yolo11n,e66d1403-755b-3f63-938b-a2a69446a48a,200,high_yaw,484,0.00674130294865,0.00825742464918,0.00151612170053,0.224900395677,0.600350985659,0.562837369478,-0.0375136161804,-0.0624861407353,1,1,0,0,1,1,0,0,0,0,0,
development,yolo11n,ec3133b4-2b17-3d49-b78a-4bc480ac5137,200,high_yaw,326,0.00726190324885,0.00575329803124,-0.00150860521761,-0.20774240112,0.641812861225,0.67142296942,0.0296101081945,0.0461351119359,1,1,0,0,1,1,0,0,0,0,0,
development,yolo11n,ef4a46c4-138e-3478-b94e-3e60a567ec7d,200,high_yaw,472,0.00535612328804,0.00717317356407,0.00181705027604,0.339247283589,0.611965011395,0.544109208403,-0.0678558029918,-0.110881834302,1,1,0,0,1,1,0,0,0,0,0,
development,yolo11n,f7cdc2d1-f59a-30a2-aae8-8bb81c769e6e,200,high_yaw,10,0.00477579311744,0.00595686082955,0.00118106771211,0.247302946981,0.592997660768,0.531939501085,-0.0610581596825,-0.102965262297,1,1,0,0,1,1,0,0,0,0,0,
development,yolo11n,fa9ec72a-cbcf-35dc-be20-4d0d9e7215ef,200,high_yaw,105,0.00913648061691,0.0106922210589,0.00155574044196,0.170277868163,0.469696681999,0.471589731855,0.00189304985566,0.0040303666775,1,1,0,0,0,0,0,,0,0,0,
development,yolo11n,fb149ce0-7706-3bb5-9860-8c63d1c77592,200,high_yaw,51,0.00519137787391,0.00463293419741,-0.000558443676497,-0.10757137894,0.455637852466,0.512755298448,0.0571174459818,0.12535711349,1,1,0,0,0,1,1,,0,0,0,
development,yolo11n,ff52c01e-3d7b-32b1-b6a1-bcff3459ccdd,200,high_yaw,834,0.0076506826842,0.0106034558175,0.00295277313335,0.385948974128,0.419701334823,0.347028078418,-0.072673256405,-0.173154694482,1,1,0,0,0,0,0,,0,0,0,
development,yolo11n,ff8e7fdb-1073-3592-ba5e-8111bc3ce48b,200,high_yaw,275,0.00565341634304,0.00633381472454,0.000680398381495,0.12035172013,0.43867005196,0.412059934444,-0.0266101175163,-0.060660893985,1,1,0,0,0,0,0,,0,0,0,
development,yolo11n,01bb304d-7bd8-35f8-bbef-7086b688e35e,300,all_yaw,638,0.00831335984288,0.00977537729907,0.00146201745619,0.175863607954,0.477325380272,0.432601984214,-0.0447233960581,-0.0936958265922,1,1,0,0,0,0,0,,0,0,0,
development,yolo11n,16af3863-0d31-3cd1-8fa2-58053ffb953a,300,all_yaw,1784,0.00697776715189,0.0098468594134,0.00286909226151,0.41117626872,0.553451788347,0.517718755552,-0.0357330327944,-0.0645639485621,1,1,0,0,1,1,0,0,0,0,0,
development,yolo11n,1d43ed4e-e705-308a-bdfa-49d99285c42a,300,all_yaw,1974,0.0063567740593,0.00754706876221,0.00119029470291,0.187248231855,0.508288978024,0.478487091897,-0.0298018861273,-0.0586317772286,1,1,0,0,1,0,-1,-1,0,0,0,
development,yolo11n,1e6f21fd-5c8a-3526-ac50-72adae89d6a8,300,all_yaw,1677,0.00633351350173,0.00679464247412,0.000461128972392,0.0728077665369,0.532122900871,0.513744526478,-0.0183783743924,-0.0345378377107,1,1,0,0,1,1,0,0,0,0,0,
development,yolo11n,2772dd5f-bc0a-47ea-ae19-a5e0dbef8f41,300,all_yaw,1023,0.0109607732545,0.0119411155849,0.000980342330383,0.0894409826405,0.492038606801,0.446053501262,-0.0459851055386,-0.0934583280723,1,1,0,0,0,0,0,,0,0,0,
development,yolo11n,286790ed-9dec-305b-bcad-4f8153301e7c,300,all_yaw,850,0.00638017774392,0.00889343251209,0.00251325476818,0.393916105327,0.666200250097,0.559857419255,-0.106342830842,-0.159625924528,1,1,0,0,1,1,0,0,0,0,0,
development,yolo11n,2a9b2658-097e-3f8b-a817-22f2553c5de8,300,all_yaw,1005,0.0144260956588,0.0140291529453,-0.000396942713512,-0.0275156024818,0.595025635168,0.566042683894,-0.0289829512737,-0.0487087438939,1,1,0,0,1,1,0,0,0,0,0,
development,yolo11n,3153b5b3-d381-3664-8f82-1d3c5ca841d2,300,all_yaw,728,0.0116847856722,0.0134729630751,0.00178817740286,0.153034677146,0.491141875877,0.440802799498,-0.0503390763793,-0.102493961219,1,1,0,0,0,0,0,,0,0,0,
development,yolo11n,349c4c1c-9561-360f-9ae7-59772335d54b,300,all_yaw,1631,0.010802102811,0.0115402690745,0.000738166263559,0.0683354228778,0.552674179598,0.520438390534,-0.0322357890641,-0.0583269315885,1,1,0,0,1,1,0,0,0,0,0,
development,yolo11n,3576c0f5-c1b5-35bb-a0c4-ee95cba5c754,300,all_yaw,574,0.018111070822,0.0110720366449,-0.00703903417706,-0.388659193388,0.355580088002,0.47777620138,0.122196113378,0.343652857687,1,1,0,0,0,0,0,,0,0,0,
development,yolo11n,366ceb72-9f11-385a-8bc9-a26a18dbdd22,300,all_yaw,1697,0.00663466731496,0.00849347390111,0.00185880658615,0.280165756308,0.574064780453,0.542193931379,-0.0318708490742,-0.0555178616759,1,1,0,0,1,1,0,0,0,0,0,
development,yolo11n,380e5bf0-1c68-36a4-ac64-09a03b60bebf,300,all_yaw,1132,0.00793148473665,0.00843980521296,0.000508320476304,0.0640889433923,0.611645846727,0.572921863229,-0.0387239834973,-0.0633111198327,1,1,0,0,1,1,0,0,0,0,0,
development,yolo11n,3dd173a6-8b21-3189-bd53-132919b96a48,300,all_yaw,498,0.0082757309976,0.00816549981063,-0.000110231186966,-0.0133198127148,0.431266956051,0.546168829876,0.114901873825,0.266428652167,1,1,0,0,0,1,1,,0,0,0,
development,yolo11n,3f9796e9-c892-3915-b719-3292df878ece,300,all_yaw,935,0.00538017538706,0.00766985688809,0.00228968150103,0.425577483317,0.650198358602,0.581405860823,-0.068792497779,-0.105802324581,1,1,0,0,1,1,0,0,0,0,0,
development,yolo11n,3fbdfb6c-927f-4aaa-81b1-21b02efd4c01,300,all_yaw,1385,0.00863780843708,0.00784699489529,-0.000790813541788,-0.0915525677085,0.580803477929,0.626508321499,0.0457048435698,0.0786924412588,1,1,0,0,1,1,0,0,0,0,0,
development,yolo11n,40bfcbec-ec59-3731-8e75-67f0bddc3b01,300,all_yaw,1503,0.00515659927477,0.00607270581534,0.000916106540561,0.177657113098,0.554155580053,0.509866974252,-0.0442886058005,-0.0799208875535,1,1,0,0,1,1,0,0,0,0,0,
development,yolo11n,41b6f7d7-e431-3992-b783-74b9edf42215,300,all_yaw,1131,0.00640287506731,0.00816201367973,0.00175913861242,0.274741986049,0.605574761397,0.55818841003,-0.0473863513675,-0.0782502085427,1,1,0,0,1,1,0,0,0,0,0,
development,yolo11n,41d69427-364c-366e-94a5-8e556bcac39f,300,all_yaw,1762,0.0071883133797,0.00768403246008,0.00049571908038,0.0689618070604,0.590719086586,0.605564986358,0.0148458997719,0.0251319114432,1,1,0,0,1,1,0,0,0,0,0,
development,yolo11n,4207ef92-0b3b-4708-8868-4ffcaef308e0,300,all_yaw,955,0.00810495952717,0.00828906388095,0.000184104353777,0.0227150244439,0.701919164298,0.676873436511,-0.0250457277866,-0.0356817836875,1,1,0,0,1,1,0,0,1,0,-1,-1
development,yolo11n,453e5558-6363-38e3-bf9b-42b5ba0a6f1d,300,all_yaw,1199,0.00471668059577,0.00726020501554,0.00254352441976,0.539261535335,0.541997161652,0.471703454084,-0.0702937075674,-0.129693866575,1,1,0,0,1,0,-1,-1,0,0,0,
development,yolo11n,46d917cd-531c-330b-8d7b-979b51a8927f,300,all_yaw,998,0.00903152432159,0.0134141922309,0.00438266790934,0.485263367875,0.428958354217,0.296404244978,-0.132554109239,-0.309013935585,1,0,-1,-1,0,0,0,,0,0,0,
development,yolo11n,47167c79-2ba4-369c-8db8-760a30b4c38a,300,all_yaw,426,0.0134058725076,0.0145064015936,0.00110052908605,0.0820930592494,0.416825607753,0.356607959375,-0.0602176483787,-0.144467247834,1,1,0,0,0,0,0,,0,0,0,
development,yolo11n,47358aac-2ec0-3d45-a837-f2069ca7cee3,300,all_yaw,1987,0.00729047635133,0.00747187773805,0.000181401386719,0.0248819662773,0.533700110291,0.545274525104,0.011574414813,0.0216871133991,1,1,0,0,1,1,0,0,0,0,0,
development,yolo11n,575d8d24-ba88-3b18-84c0-df5b29dccfde,300,all_yaw,1983,0.00524982043312,0.00688170503762,0.0016318846045,0.310845794688,0.654626780124,0.598488181266,-0.0561385988571,-0.0857566487679,1,1,0,0,1,1,0,0,0,0,0,
development,yolo11n,5b1d8b11-4f90-3577-be0b-193e102fda82,300,all_yaw,754,0.0101618918226,0.0112241943728,0.00106230255027,0.104537872359,0.476357612456,0.451417519308,-0.0249400931485,-0.052355819444,1,1,0,0,0,0,0,,0,0,0,
development,yolo11n,62a1e53b-b55c-36c2-bc5b-e216d494875a,300,all_yaw,1685,0.00606659353673,0.0069049655048,0.000838371968078,0.138194847405,0.67370464826,0.631043560834,-0.042661087426,-0.0633231305976,1,1,0,0,1,1,0,0,0,0,0,
development,yolo11n,633addf9-441c-35e7-868a-738aa612d51c,300,all_yaw,1702,0.00664549897785,0.00770762520672,0.00106212622888,0.159826407681,0.620286812492,0.581537701729,-0.0387491107622,-0.0624696672279,1,1,0,0,1,1,0,0,0,0,0,
development,yolo11n,639d4834-f922-3e27-9913-20aa649f815d,300,all_yaw,1705,0.005785785519,0.00794677624871,0.0021609907297,0.373499972062,0.630580621376,0.585060456306,-0.0455201650703,-0.0721877005527,1,1,0,0,1,1,0,0,0,0,0,
development,yolo11n,6937b4e5-b5b4-3970-b5dd-9ad194e6c338,300,all_yaw,950,0.0125596570565,0.0192631948417,0.0067035377852,0.533735734586,0.446547230175,0.362823662026,-0.0837235681487,-0.187490958383,1,1,0,0,0,0,0,,0,0,0,
development,yolo11n,69c0ec7c-e289-3c4d-ade3-d2287ec34026,300,all_yaw,352,0.0156340273204,0.01431786425,-0.00131616307043,-0.0841857982884,0.416145801335,0.398328824509,-0.0178169768269,-0.0428142655043,1,1,0,0,0,0,0,,0,0,0,
development,yolo11n,6aa2ac89-6b25-3af6-ad59-221351189f4b,300,all_yaw,652,0.00800332285126,0.0110418298771,0.00303850702583,0.379655685807,0.482572383033,0.422721857489,-0.0598505255436,-0.124023934332,1,1,0,0,0,0,0,,0,0,0,
development,yolo11n,6cc0bb26-5afb-3688-b237-b9c64c2800e5,300,all_yaw,740,0.0109182105689,0.0118178320897,0.000899621520743,0.082396425226,0.483429963096,0.477356563191,-0.00607339990488,-0.0125631433062,1,1,0,0,0,0,0,,0,0,0,
development,yolo11n,6dc6e668-549e-33b8-b952-ed8e807b1d48,300,all_yaw,747,0.0218572996815,0.0198052420206,-0.00205205766095,-0.0938843174065,0.309477783976,0.34276575671,0.0332879727341,0.107561752274,1,1,0,0,0,0,0,,0,0,0,
development,yolo11n,74dd5c1d-7a9a-32d1-903a-fc57e07109b9,300,all_yaw,734,0.0102739927346,0.0111168580582,0.000842865323561,0.082038730738,0.376184153336,0.364446764994,-0.0117373883414,-0.0312011769696,1,1,0,0,0,0,0,,0,0,0,
development,yolo11n,74f15437-b85e-314a-9d86-7294b98bf07f,300,all_yaw,1266,0.00729019297209,0.00903536662379,0.00174517365169,0.239386482412,0.575699801671,0.52973279564,-0.0459670060313,-0.0798454435764,1,1,0,0,1,1,0,0,0,0,0,
development,yolo11n,768cf7e2-eb6c-3468-969e-e3b0fd87b34e,300,all_yaw,965,0.00406618432311,0.00524414369398,0.00117795937087,0.289696501011,0.693202687343,0.67170866806,-0.021494019283,-0.0310068320211,1,1,0,0,1,1,0,0,0,0,0,
development,yolo11n,770a58e6-eff6-39b7-a265-fe7f202fe8b2,300,all_yaw,583,0.0125050592704,0.0101270813332,-0.00237797793712,-0.190161268788,0.410717042034,0.539717961467,0.129000919433,0.31408708729,1,1,0,0,0,1,1,,0,0,0,
development,yolo11n,7ce2a2ce-eed6-36d7-ba62-dda9acddb070,300,all_yaw,795,0.00409298798283,0.0050760040333,0.000983016050466,0.240170763899,0.641180662374,0.555368682933,-0.0858119794413,-0.133834322332,1,1,0,0,1,1,0,0,0,0,0,
development,yolo11n,7e3d8631-3b7d-38c1-b833-ee7cfa7235ca,300,all_yaw,1804,0.0101398595249,0.0120764990011,0.00193663947622,0.190992732342,0.488204693332,0.460001488868,-0.0282032044639,-0.0577692202658,1,1,0,0,0,0,0,,0,0,0,
development,yolo11n,7ef4a6cc-7266-3a31-8dd4-01c3d3c58dcb,300,all_yaw,887,0.0104649510103,0.00580495919305,-0.00465999181723,-0.445295139237,0.555100113795,0.570307169968,0.0152070561735,0.0273951595318,1,1,0,0,1,1,0,0,0,0,0,
development,yolo11n,80da8956-f418-319c-9f49-3d47d9002546,300,all_yaw,805,0.00317535215144,0.00572686799872,0.00255151584728,0.803537915039,0.726642371013,0.606135554335,-0.120506816678,-0.165840613602,1,1,0,0,1,1,0,0,1,0,-1,-1
development,yolo11n,85026edc-5fdf-308e-a8ef-a1aad1151c50,300,all_yaw,1296,0.00702965302984,0.00880561128446,0.00177595825462,0.252638109887,0.570157391625,0.550533438755,-0.0196239528701,-0.034418483665,1,1,0,0,1,1,0,0,0,0,0,
development,yolo11n,8a0ff1a2-9045-3be3-b67f-3914d88178ec,300,all_yaw,2136,0.00582486805242,0.00792273669998,0.00209786864756,0.360157282307,0.579345659316,0.53263805296,-0.0467076063561,-0.0806213106201,1,1,0,0,1,1,0,0,0,0,0,
development,yolo11n,8c019de9-7043-37bc-9498-b5858e7240af,300,all_yaw,472,0.00429575374703,0.00550424970904,0.00120849596201,0.281323379591,0.689271525076,0.633426730984,-0.0558447940916,-0.0810200219506,1,1,0,0,1,1,0,0,0,0,0,
development,yolo11n,8ee606e6-4cbd-3c07-8419-fbda836ccaac,300,all_yaw,1218,0.00669149558373,0.00818421989118,0.00149272430746,0.223077828981,0.583602903463,0.516561303202,-0.0670416002611,-0.114875371358,1,1,0,0,1,1,0,0,0,0,0,
development,yolo11n,90f360d8-35f7-3c54-b2da-e99b354bc4cb,300,all_yaw,445,0.00866371892812,0.0110917577255,0.00242803879734,0.28025364367,0.521272776953,0.479926776697,-0.0413460002559,-0.0793173978844,1,1,0,0,1,0,-1,-1,0,0,0,
development,yolo11n,91923e20-9a05-32e0-ac53-8c09b0b60341,300,all_yaw,981,0.0113169507472,0.0128266045586,0.00150965381142,0.133397577241,0.348943398716,0.318046423658,-0.0308969750587,-0.0885443747392,1,1,0,0,0,0,0,,0,0,0,
development,yolo11n,919f13de-857f-3b1c-9f8e-7cbe500a60ae,300,all_yaw,1287,0.0059835740308,0.00656984539833,0.000586271367525,0.0979801310233,0.62556720025,0.598395144429,-0.0271720558215,-0.043435870376,1,1,0,0,1,1,0,0,0,0,0,
development,yolo11n,9239d493-31d7-3dd0-a05f-03d50a242392,300,all_yaw,848,0.0145944793852,0.0123622404827,-0.00223223890253,-0.152950909972,0.378490924023,0.443611975322,0.0651210512993,0.172054459344,1,1,0,0,0,0,0,,0,0,0,
development,yolo11n,96284bbc-6b58-330f-a5a6-76cd518543f0,300,all_yaw,1981,0.00589752935783,0.0073706463763,0.00147311701848,0.249785448973,0.600707204432,0.557391033201,-0.0433161712312,-0.072108626152,1,1,0,0,1,1,0,0,0,0,0,
development,yolo11n,97738d01-b24f-365e-8818-2463149154d2,300,all_yaw,783,0.00571148758124,0.00731429300257,0.00160280542133,0.280628364945,0.570075141115,0.537917548433,-0.0321575926819,-0.0564093930127,1,1,0,0,1,1,0,0,0,0,0,
development,yolo11n,9a25fd14-783b-35c3-ab2d-df4687f82b5e,300,all_yaw,1973,0.00584646787789,0.00808969848634,0.00224323060845,0.383689888546,0.615539823938,0.571792838595,-0.0437469853429,-0.0710709261068,1,1,0,0,1,1,0,0,0,0,0,
development,yolo11n,9afab336-dbae-3f70-a669-46813f4570d7,300,all_yaw,886,0.00577617548029,0.00670285823913,0.000926682758839,0.160431891656,0.640972073139,0.596696978391,-0.0442750947474,-0.069074920114,1,1,0,0,1,1,0,0,0,0,0,
development,yolo11n,a160c635-aa67-352c-a5e6-03b113493090,300,all_yaw,641,0.00762129658061,0.00854060599983,0.000919309419222,0.12062375601,0.481264883341,0.480989191076,-0.000275692265086,-0.000572849328153,1,1,0,0,0,0,0,,0,0,0,
development,yolo11n,a359e053-a350-36cf-ab1d-a7980afaffa2,300,all_yaw,1360,0.00643248113082,0.00774522448221,0.00131274335139,0.204080404542,0.493683863848,0.444993498789,-0.0486903650584,-0.0986266082892,1,1,0,0,0,0,0,,0,0,0,
development,yolo11n,a50b198c-4de2-3f8c-a2b9-ab280605b350,300,all_yaw,1691,0.00663161583348,0.00751520086666,0.000883585033183,0.133238271843,0.576468022547,0.54806302685,-0.0284049956976,-0.0492741914324,1,1,0,0,1,1,0,0,0,0,0,
development,yolo11n,aa539866-29e4-353e-95a9-b6d321b53b33,300,all_yaw,1359,0.00619306561403,0.00855784456181,0.00236477894778,0.381843031409,0.488224550394,0.434473661704,-0.0537508886895,-0.110094604309,1,1,0,0,0,0,0,,0,0,0,
development,yolo11n,aa82b61f-7156-3c68-95a4-b79cebd120eb,300,all_yaw,1286,0.00648928095669,0.00698547153104,0.000496190574354,0.0764631054913,0.582795391282,0.575337464061,-0.00745792722147,-0.0127968191462,1,1,0,0,1,1,0,0,0,0,0,
development,yolo11n,ab83611b-436e-3de7-aad1-f0c9ad254196,300,all_yaw,1313,0.00522246734688,0.00678337235499,0.00156090500811,0.298882674498,0.54875876915,0.503398805812,-0.0453599633384,-0.0826592045329,1,1,0,0,1,1,0,0,0,0,0,
development,yolo11n,ac1b1697-42b9-4225-a666-d17f72204fa8,300,all_yaw,1119,0.00802280049596,0.00817709779565,0.000154297299687,0.0192323490737,0.536211307859,0.521469199046,-0.0147421088127,-0.0274930957193,1,1,0,0,1,1,0,0,0,0,0,
development,yolo11n,b21b7285-2199-3264-b10a-524e9b23502a,300,all_yaw,1063,0.0194803066961,0.0213956106912,0.00191530399507,0.0983200123564,0.449984608899,0.418865520006,-0.0311190888928,-0.0691558961738,1,1,0,0,0,0,0,,0,0,0,
development,yolo11n,b5ea60b0-2540-4efe-b60e-f421ade3c128,300,all_yaw,402,0.00466147274234,0.0064072020695,0.00174572932716,0.374501670106,0.543465786959,0.437561850367,-0.105903936592,-0.194867715933,1,1,0,0,1,0,-1,-1,0,0,0,
development,yolo11n,bb9be2e6-8f0e-3bb3-8bb9-5d9aa9df384d,300,all_yaw,923,0.0171453214007,0.0170885453935,-5.67760071817e-05,-0.00331145773561,0.314167294573,0.318004576428,0.00383728185552,0.0122141353407,1,1,0,0,0,0,0,,0,0,0,
development,yolo11n,c453a8e7-d3da-317a-946b-f8e9678a8582,300,all_yaw,528,0.00380292765589,0.00516799287873,0.00136506522284,0.358951141426,0.664794982627,0.611687421389,-0.0531075612378,-0.0798856228246,1,1,0,0,1,1,0,0,0,0,0,
development,yolo11n,c7f5e5c1-dc52-3619-8998-420b2e280d8a,300,all_yaw,890,0.0122870502772,0.00848716383685,-0.00379988644037,-0.309259452402,0.539779128747,0.557233475532,0.0174543467852,0.0323360905519,1,1,0,0,1,1,0,0,0,0,0,
development,yolo11n,cf6a99cb-b8bc-34d7-bdca-30e50e66cd74,300,all_yaw,1368,0.00450584885656,0.00628106231349,0.00177521345693,0.39397980568,0.670437827208,0.620755351491,-0.0496824757168,-0.0741045234928,1,1,0,0,1,1,0,0,0,0,0,
development,yolo11n,d20c3612-a64d-3aa8-bd4a-58890413afbb,300,all_yaw,1232,0.012094002644,0.00887476583361,-0.00321923681038,-0.266184563138,0.582491254112,0.621881572928,0.0393903188162,0.0676238802525,1,1,0,0,1,1,0,0,0,0,0,
development,yolo11n,d37be0e2-8223-3eeb-a0e2-c4b75d5ff87b,300,all_yaw,535,0.00847570471856,0.00926493288092,0.00078922816236,0.0931165240611,0.66564460118,0.625745028597,-0.0398995725827,-0.0599412547055,1,1,0,0,1,1,0,0,0,0,0,
development,yolo11n,d3efe9ba-f10a-35e7-b17e-6850c66693fe,300,all_yaw,176,0.00957825776036,0.007982424224,-0.00159583353636,-0.166610001139,0.549480655723,0.610699881348,0.0612192256256,0.111412885946,1,1,0,0,1,1,0,0,0,0,0,
development,yolo11n,dc9c2d63-083f-32c3-90ff-943ca823a245,300,all_yaw,1133,0.00719135755244,0.00771458122344,0.000523223670998,0.0727572877837,0.59866628226,0.579866247434,-0.0188000348257,-0.0314031963763,1,1,0,0,1,1,0,0,0,0,0,
development,yolo11n,dd251cc5-736d-3b76-8ad3-3f6cb138178e,300,all_yaw,1626,0.0106704774143,0.00992700706777,-0.000743470346496,-0.0696754528998,0.510172092403,0.578706716954,0.0685346245506,0.134336286855,1,1,0,0,1,1,0,0,0,0,0,
development,yolo11n,e66d1403-755b-3f63-938b-a2a69446a48a,300,all_yaw,827,0.00693896362797,0.00856295333488,0.00162398970691,0.234039230349,0.609030393191,0.565511219463,-0.0435191737286,-0.0714564892247,1,1,0,0,1,1,0,0,0,0,0,
development,yolo11n,ec3133b4-2b17-3d49-b78a-4bc480ac5137,300,all_yaw,704,0.00982096851141,0.00859348390879,-0.00122748460262,-0.124986105107,0.648590165912,0.658635656571,0.0100454906586,0.015488194528,1,1,0,0,1,1,0,0,0,0,0,
development,yolo11n,ef4a46c4-138e-3478-b94e-3e60a567ec7d,300,all_yaw,861,0.00573384027219,0.00761819792268,0.00188435765048,0.328637974033,0.551137373751,0.526755877639,-0.0243814961122,-0.0442385098042,1,1,0,0,1,1,0,0,0,0,0,
development,yolo11n,f3cc42c7-84a8-35c5-8683-13878bb9beeb,300,all_yaw,1740,0.00785044054084,0.00839339625477,0.000542955713933,0.0691624515985,0.499085666301,0.51215788225,0.0130722159495,0.026192328957,1,1,0,0,0,1,1,,0,0,0,
development,yolo11n,f7cdc2d1-f59a-30a2-aae8-8bb81c769e6e,300,all_yaw,1764,0.00520851513612,0.00740667804796,0.00219816291184,0.422032547547,0.606419043225,0.550118132043,-0.0563009111818,-0.0928415949512,1,1,0,0,1,1,0,0,0,0,0,
development,yolo11n,fa9ec72a-cbcf-35dc-be20-4d0d9e7215ef,300,all_yaw,531,0.0104235448706,0.0115373190897,0.00111377421915,0.106851770005,0.535952426332,0.484770414716,-0.0511820116169,-0.0954973036826,1,1,0,0,1,0,-1,-1,0,0,0,
development,yolo11n,fb149ce0-7706-3bb5-9860-8c63d1c77592,300,all_yaw,926,0.00846592103225,0.00797053481613,-0.000495386216113,-0.0585153362789,0.411099823345,0.443788011929,0.0326881885846,0.0795139932649,1,1,0,0,0,0,0,,0,0,0,
development,yolo11n,ff52c01e-3d7b-32b1-b6a1-bcff3459ccdd,300,all_yaw,889,0.00760642584785,0.0126106931356,0.00500426728772,0.657899963508,0.402046146567,0.301611920352,-0.100434226215,-0.24980770758,1,1,0,0,0,0,0,,0,0,0,
development,yolo11n,ff8e7fdb-1073-3592-ba5e-8111bc3ce48b,300,all_yaw,1540,0.00622240359915,0.00796827040925,0.0017458668101,0.28057755854,0.509505655477,0.452785379666,-0.0567202758106,-0.111324133895,1,1,0,0,1,0,-1,-1,0,0,0,
development,yolo11n,01bb304d-7bd8-35f8-bbef-7086b688e35e,300,high_yaw,257,0.00793201715774,0.00936660483124,0.00143458767351,0.180860384563,0.550116778886,0.469654036096,-0.0804627427892,-0.146264840262,1,1,0,0,1,0,-1,-1,0,0,0,
development,yolo11n,16af3863-0d31-3cd1-8fa2-58053ffb953a,300,high_yaw,376,0.00653596786725,0.00951181762703,0.00297584975978,0.455303609231,0.549272752945,0.499660613047,-0.0496121398976,-0.090323322305,1,1,0,0,1,0.5,-0.5,-0.5,0,0,0,
development,yolo11n,1d43ed4e-e705-308a-bdfa-49d99285c42a,300,high_yaw,135,0.00627541216923,0.00862405861092,0.00234864644169,0.374261702396,0.49352464268,0.42000870393,-0.0735159387502,-0.148961029283,1,1,0,0,0,0,0,,0,0,0,
development,yolo11n,1e6f21fd-5c8a-3526-ac50-72adae89d6a8,300,high_yaw,333,0.00664455013416,0.00760891560701,0.000964365472856,0.145136307708,0.532122900871,0.516471231293,-0.0156516695781,-0.0294136364974,1,1,0,0,1,1,0,0,0,0,0,
development,yolo11n,2772dd5f-bc0a-47ea-ae19-a5e0dbef8f41,300,high_yaw,48,0.00709494363972,0.0117489027769,0.00465395913714,0.655954349106,0.484047942203,0.335501273752,-0.148546668451,-0.306884206087,1,1,0,0,0,0,0,,0,0,0,
development,yolo11n,286790ed-9dec-305b-bcad-4f8153301e7c,300,high_yaw,198,0.00467190371582,0.0073184159134,0.00264651219758,0.566474045392,0.797143113189,0.740175893842,-0.0569672193478,-0.0714642307074,1,1,0,0,1,1,0,0,1,1,0,0
development,yolo11n,2a9b2658-097e-3f8b-a817-22f2553c5de8,300,high_yaw,448,0.0127092022345,0.0138864419324,0.00117723969788,0.0926289216397,0.567038571784,0.539241354941,-0.0277972168429,-0.0490217389541,1,1,0,0,1,1,0,0,0,0,0,
development,yolo11n,3153b5b3-d381-3664-8f82-1d3c5ca841d2,300,high_yaw,249,0.0178864198968,0.0229605995163,0.00507417961945,0.283688946627,0.28801654595,0.294959862263,0.00694331631347,0.0241073522029,0,0,0,,0,0,0,,0,0,0,
development,yolo11n,3576c0f5-c1b5-35bb-a0c4-ee95cba5c754,300,high_yaw,341,0.0177893033406,0.01076165703,-0.00702764631063,-0.395048989614,0.285884993317,0.381582536888,0.0956975435715,0.334741402342,0,1,1,,0,0,0,,0,0,0,
development,yolo11n,366ceb72-9f11-385a-8bc9-a26a18dbdd22,300,high_yaw,577,0.00494002771954,0.00730070252757,0.00236067480803,0.477866712911,0.604302510927,0.552672712832,-0.0516297980949,-0.085437007395,1,1,0,0,1,1,0,0,0,0,0,
development,yolo11n,3dd173a6-8b21-3189-bd53-132919b96a48,300,high_yaw,24,0.00949042538069,0.00672459328851,-0.00276583209218,-0.291433943288,0.45546813041,0.616488199523,0.161020069113,0.353526533169,1,1,0,0,0,1,1,,0,0,0,
development,yolo11n,3f9796e9-c892-3915-b719-3292df878ece,300,high_yaw,539,0.00583564015115,0.00916662275363,0.00333098260249,0.570799863633,0.623224914096,0.509528695315,-0.11369621878,-0.182432082237,1,1,0,0,1,1,0,0,0,0,0,
development,yolo11n,3fbdfb6c-927f-4aaa-81b1-21b02efd4c01,300,high_yaw,49,0.00844181058055,0.00756652941269,-0.000875281167856,-0.103684056815,0.570183809574,0.668856478877,0.0986726693028,0.173054140868,1,1,0,0,1,1,0,0,0,0,0,
development,yolo11n,41b6f7d7-e431-3992-b783-74b9edf42215,300,high_yaw,117,0.00526012384358,0.00816201367973,0.00290188983615,0.551677094008,0.56869750724,0.531940523551,-0.0367569836895,-0.0646336289883,1,1,0,0,1,1,0,0,0,0,0,
development,yolo11n,453e5558-6363-38e3-bf9b-42b5ba0a6f1d,300,high_yaw,64,0.0045592499842,0.00799790662481,0.00343865664061,0.754215419758,0.488663905573,0.415356063598,-0.0733078419749,-0.150016895332,1,1,0,0,0,0,0,,0,0,0,
development,yolo11n,46d917cd-531c-330b-8d7b-979b51a8927f,300,high_yaw,764,0.00965906721607,0.0134141922309,0.00375512501486,0.388766837507,0.435006310961,0.30720189765,-0.127804413311,-0.293798986568,1,1,0,0,0,0,0,,0,0,0,
development,yolo11n,47167c79-2ba4-369c-8db8-760a30b4c38a,300,high_yaw,80,0.0148542132817,0.0133857568585,-0.00146845642318,-0.0988579061935,0.434105835143,0.384281378283,-0.0498244568598,-0.114774907007,1,1,0,0,0,0,0,,0,0,0,
development,yolo11n,575d8d24-ba88-3b18-84c0-df5b29dccfde,300,high_yaw,418,0.00540151326067,0.007773419666,0.00237190640533,0.439118871113,0.627773205258,0.573336292698,-0.0544369125596,-0.0867142976216,1,1,0,0,1,1,0,0,0,0,0,
development,yolo11n,5b1d8b11-4f90-3577-be0b-193e102fda82,300,high_yaw,530,0.0102415491479,0.0108134177838,0.000571868635948,0.05583809907,0.498824101435,0.472122004785,-0.0267020966499,-0.0535300852006,1,1,0,0,0,0,0,,0,0,0,
development,yolo11n,62a1e53b-b55c-36c2-bc5b-e216d494875a,300,high_yaw,356,0.00639208032001,0.00738641886608,0.000994338546069,0.155557892938,0.716693436228,0.681050631728,-0.0356428044996,-0.0497322881694,1,1,0,0,1,1,0,0,1,0,-1,-1
development,yolo11n,633addf9-441c-35e7-868a-738aa612d51c,300,high_yaw,321,0.00725564122547,0.00811196952847,0.000856328302999,0.11802241544,0.633963357042,0.59975515742,-0.0342081996226,-0.0539592694792,1,1,0,0,1,1,0,0,0,0,0,
development,yolo11n,639d4834-f922-3e27-9913-20aa649f815d,300,high_yaw,731,0.00612614963655,0.00833835423782,0.00221220460127,0.3611084829,0.610900278995,0.576696591099,-0.0342036878964,-0.0559889871923,1,1,0,0,1,1,0,0,0,0,0,
development,yolo11n,6937b4e5-b5b4-3970-b5dd-9ad194e6c338,300,high_yaw,205,0.00936845353281,0.0181440571784,0.00877560364554,0.936718489856,0.45511269427,0.330946744157,-0.124165950113,-0.272824624925,1,1,0,0,0,0,0,,0,0,0,
development,yolo11n,69c0ec7c-e289-3c4d-ade3-d2287ec34026,300,high_yaw,114,0.0157503844197,0.019158596406,0.0034082119863,0.216389130289,0.361135112682,0.343017936308,-0.0181171763738,-0.0501673078511,1,1,0,0,0,0,0,,0,0,0,
development,yolo11n,6aa2ac89-6b25-3af6-ad59-221351189f4b,300,high_yaw,116,0.00563762351111,0.00915464475676,0.00351702124565,0.623848193963,0.566627962978,0.433653978381,-0.132973984597,-0.234676001336,1,1,0,0,1,0,-1,-1,0,0,0,
development,yolo11n,6cc0bb26-5afb-3688-b237-b9c64c2800e5,300,high_yaw,431,0.0109641480767,0.0118175026717,0.000853354595059,0.0778313635579,0.397193665861,0.37991981435,-0.0172738515104,-0.0434897456709,1,1,0,0,0,0,0,,0,0,0,
development,yolo11n,6dc6e668-549e-33b8-b952-ed8e807b1d48,300,high_yaw,301,0.0160814650443,0.0163051561486,0.000223691104272,0.0139098710009,0.254945818701,0.288562916738,0.0336170980377,0.131859774006,0,0,0,,0,0,0,,0,0,0,
development,yolo11n,74dd5c1d-7a9a-32d1-903a-fc57e07109b9,300,high_yaw,346,0.013487458782,0.0143507269201,0.000863268138109,0.0640052475462,0.35252256185,0.309996278741,-0.0425262831088,-0.120634216674,1,1,0,0,0,0,0,,0,0,0,
development,yolo11n,74f15437-b85e-314a-9d86-7294b98bf07f,300,high_yaw,451,0.00671429132336,0.0087507972542,0.00203650593084,0.303309140573,0.579678753027,0.514782667201,-0.0648960858259,-0.111951810355,1,1,0,0,1,1,0,0,0,0,0,
development,yolo11n,768cf7e2-eb6c-3468-969e-e3b0fd87b34e,300,high_yaw,16,0.0058397271953,0.00553736224687,-0.000302364948433,-0.0517772386142,0.701727666165,0.675746799723,-0.0259808664424,-0.0370241444012,1,1,0,0,1,1,0,0,0.5,0,-0.5,-1
development,yolo11n,770a58e6-eff6-39b7-a265-fe7f202fe8b2,300,high_yaw,194,0.0181636048727,0.00968926350011,-0.00847434137263,-0.466556139709,0.351051320946,0.529300496074,0.178249175128,0.507758166664,1,1,0,0,0,1,1,,0,0,0,
development,yolo11n,7ce2a2ce-eed6-36d7-ba62-dda9acddb070,300,high_yaw,126,0.00261220129421,0.0047550189906,0.00214281769639,0.820311092085,0.755942859605,0.67145451674,-0.0844883428647,-0.111765514802,1,1,0,0,1,1,0,0,1,0,-1,-1
development,yolo11n,7e3d8631-3b7d-38c1-b833-ee7cfa7235ca,300,high_yaw,1040,0.00957021029632,0.0118126457609,0.00224243546456,0.234314126349,0.461399527083,0.432334218247,-0.0290653088361,-0.062993798498,1,1,0,0,0,0,0,,0,0,0,
development,yolo11n,7ef4a6cc-7266-3a31-8dd4-01c3d3c58dcb,300,high_yaw,74,0.0141152746872,0.00544123172653,-0.00867404296066,-0.614514641258,0.567232643079,0.625920865397,0.0586882223179,0.103464113065,1,1,0,0,1,1,0,0,0,0,0,
development,yolo11n,80da8956-f418-319c-9f49-3d47d9002546,300,high_yaw,9,0.00670996646638,0.0038478500541,-0.00286211641228,-0.426547051557,0.657314486336,0.598429682224,-0.0588848041121,-0.0895839135393,1,1,0,0,1,1,0,0,0,0,0,
development,yolo11n,8a0ff1a2-9045-3be3-b67f-3914d88178ec,300,high_yaw,10,0.00633195722434,0.00466965559275,-0.00166230163159,-0.262525720357,0.731500425309,0.641110971914,-0.0903894533955,-0.123567191854,1,1,0,0,1,1,0,0,1,0,-1,-1
development,yolo11n,8c019de9-7043-37bc-9498-b5858e7240af,300,high_yaw,165,0.00477686269025,0.00556241404235,0.000785551352106,0.16444922181,0.654065413613,0.624288298577,-0.0297771150366,-0.0455262033688,1,1,0,0,1,1,0,0,0,0,0,
development,yolo11n,8ee606e6-4cbd-3c07-8419-fbda836ccaac,300,high_yaw,150,0.0077639217622,0.0113182760456,0.00355435428337,0.457803980029,0.457672276659,0.381510499816,-0.0761617768428,-0.166411165209,1,1,0,0,0,0,0,,0,0,0,
development,yolo11n,90f360d8-35f7-3c54-b2da-e99b354bc4cb,300,high_yaw,14,0.00603584564835,0.015891375498,0.00985552984965,1.63283331348,0.540989936275,0.411670027387,-0.129319908888,-0.23904309529,1,0.5,-0.5,-0.5,0.5,0.5,0,0,0.5,0,-0.5,-1
development,yolo11n,96284bbc-6b58-330f-a5a6-76cd518543f0,300,high_yaw,275,0.00806462152449,0.00791655401392,-0.000148067510576,-0.0183601313622,0.594265692241,0.606837367532,0.0125716752905,0.0211549740372,1,1,0,0,1,1,0,0,0,0,0,
development,yolo11n,97738d01-b24f-365e-8818-2463149154d2,300,high_yaw,396,0.00550100596041,0.00659013984722,0.00108913388682,0.197988130654,0.556086587981,0.531967948082,-0.024118639899,-0.0433720942391,1,1,0,0,1,1,0,0,0,0,0,
development,yolo11n,9a25fd14-783b-35c3-ab2d-df4687f82b5e,300,high_yaw,955,0.00689414996351,0.00919514912495,0.00230099916145,0.333761112483,0.59329900674,0.553190316988,-0.0401086897519,-0.0676028263932,1,1,0,0,1,1,0,0,0,0,0,
development,yolo11n,9afab336-dbae-3f70-a669-46813f4570d7,300,high_yaw,51,0.00755819440866,0.0065021497487,-0.00105604465996,-0.139721817521,0.65219772974,0.675112003961,0.0229142742217,0.0351339374193,1,1,0,0,1,1,0,0,0,0,0,
development,yolo11n,a160c635-aa67-352c-a5e6-03b113493090,300,high_yaw,357,0.00752483119337,0.00846633441019,0.000941503216816,0.125119513331,0.41937838405,0.397507682362,-0.021870701688,-0.0521502836573,1,1,0,0,0,0,0,,0,0,0,
development,yolo11n,a359e053-a350-36cf-ab1d-a7980afaffa2,300,high_yaw,566,0.00646306060784,0.00851612096121,0.00205306035336,0.317660699463,0.505704844744,0.427483526465,-0.0782213182798,-0.154677810768,1,1,0,0,1,0,-1,-1,0,0,0,
development,yolo11n,a50b198c-4de2-3f8c-a2b9-ab280605b350,300,high_yaw,509,0.00834408351019,0.00840772623998,6.3642729791e-05,0.00762728821126,0.615933453388,0.58887651822,-0.0270569351671,-0.0439283416387,1,1,0,0,1,1,0,0,0,0,0,
development,yolo11n,aa82b61f-7156-3c68-95a4-b79cebd120eb,300,high_yaw,685,0.00659068108019,0.00684443297028,0.000253751890091,0.0385016187256,0.581615829336,0.583398331714,0.00178250237804,0.00306474185903,1,1,0,0,1,1,0,0,0,0,0,
development,yolo11n,b21b7285-2199-3264-b10a-524e9b23502a,300,high_yaw,209,0.044012552576,0.0416025881545,-0.00240996442158,-0.0547562974771,0.172539298999,0.193026777494,0.0204874784945,0.118740939678,0,0,0,,0,0,0,,0,0,0,
development,yolo11n,b5ea60b0-2540-4efe-b60e-f421ade3c128,300,high_yaw,194,0.00599217517764,0.00967535553241,0.00368318035477,0.614664999867,0.502696706425,0.375748533482,-0.126948172942,-0.252534324016,1,1,0,0,1,0,-1,-1,0,0,0,
development,yolo11n,bb9be2e6-8f0e-3bb3-8bb9-5d9aa9df384d,300,high_yaw,582,0.0177809826439,0.0202549672121,0.00247398456826,0.139136549301,0.296732600694,0.297992274778,0.0012596740837,0.0042451489346,0,0,0,,0,0,0,,0,0,0,
development,yolo11n,c453a8e7-d3da-317a-946b-f8e9678a8582,300,high_yaw,293,0.006422943371,0.00840661230994,0.00198366893893,0.308841106694,0.537632347167,0.504999922752,-0.0326324244152,-0.0606965421392,1,1,0,0,1,1,0,0,0,0,0,
development,yolo11n,c7f5e5c1-dc52-3619-8998-420b2e280d8a,300,high_yaw,563,0.0130139197819,0.0089965966039,-0.00401732317804,-0.308694324643,0.529937082788,0.561398890868,0.03146180808,0.0593689498279,1,1,0,0,1,1,0,0,0,0,0,
development,yolo11n,cf6a99cb-b8bc-34d7-bdca-30e50e66cd74,300,high_yaw,425,0.00426641585727,0.00714571866867,0.0028793028114,0.674876267979,0.663011346747,0.584267432003,-0.0787439147444,-0.118767069569,1,1,0,0,1,1,0,0,0,0,0,
development,yolo11n,d20c3612-a64d-3aa8-bd4a-58890413afbb,300,high_yaw,174,0.0140401117777,0.00948691079396,-0.00455320098378,-0.324299482501,0.471065363088,0.594222653655,0.123157290567,0.261444165115,1,1,0,0,0,1,1,,0,0,0,
development,yolo11n,d37be0e2-8223-3eeb-a0e2-c4b75d5ff87b,300,high_yaw,1,0.0529319234962,0.0530983829338,0.000166459437606,0.00314478346168,0,0,0,,0,0,0,,0,0,0,,0,0,0,
development,yolo11n,d3efe9ba-f10a-35e7-b17e-6850c66693fe,300,high_yaw,23,0.00718958346004,0.00729659003478,0.000107006574739,0.0148835569312,0.493438082921,0.430713785762,-0.062724297159,-0.12711685484,1,1,0,0,0,0,0,,0,0,0,
development,yolo11n,dc9c2d63-083f-32c3-90ff-943ca823a245,300,high_yaw,56,0.0115919194073,0.0116684681814,7.65487741202e-05,0.00660363236067,0.505671270701,0.472568323599,-0.0331029471012,-0.0654633731818,1,1,0,0,1,0,-1,-1,0,0,0,
development,yolo11n,e66d1403-755b-3f63-938b-a2a69446a48a,300,high_yaw,467,0.00704216775991,0.00942986405554,0.00238769629563,0.339057003047,0.585297635093,0.538468873995,-0.0468287610976,-0.0800084577313,1,1,0,0,1,1,0,0,0,0,0,
development,yolo11n,ec3133b4-2b17-3d49-b78a-4bc480ac5137,300,high_yaw,325,0.00853225735146,0.00677486748623,-0.00175738986524,-0.205970095936,0.612308513877,0.638771667978,0.0264631541003,0.043218661019,1,1,0,0,1,1,0,0,0,0,0,
development,yolo11n,ef4a46c4-138e-3478-b94e-3e60a567ec7d,300,high_yaw,463,0.00611566608453,0.00816840077642,0.00205273469189,0.335651859261,0.563495947488,0.514236997609,-0.0492589498784,-0.0874166887944,1,1,0,0,1,1,0,0,0,0,0,
development,yolo11n,f7cdc2d1-f59a-30a2-aae8-8bb81c769e6e,300,high_yaw,10,0.00421829501353,0.00824494408954,0.00402664907602,0.954567915024,0.576374671841,0.518084226407,-0.0582904454333,-0.10113290587,1,1,0,0,1,1,0,0,0,0,0,
development,yolo11n,fa9ec72a-cbcf-35dc-be20-4d0d9e7215ef,300,high_yaw,96,0.0107254295343,0.0141253657078,0.00339993617354,0.316997670133,0.408720356033,0.395535033411,-0.0131853226213,-0.0322600096294,1,1,0,0,0,0,0,,0,0,0,
development,yolo11n,fb149ce0-7706-3bb5-9860-8c63d1c77592,300,high_yaw,54,0.00561473346676,0.00560871152808,-6.02193867946e-06,-0.00107252440657,0.439804184487,0.502651962517,0.0628477780307,0.142899454456,1,1,0,0,0,1,1,,0,0,0,
development,yolo11n,ff52c01e-3d7b-32b1-b6a1-bcff3459ccdd,300,high_yaw,808,0.00810807130558,0.0132461762755,0.00513810496991,0.633702489318,0.399591370376,0.295447460016,-0.104143910361,-0.260626024688,1,0,-1,-1,0,0,0,,0,0,0,
development,yolo11n,ff8e7fdb-1073-3592-ba5e-8111bc3ce48b,300,high_yaw,273,0.0061999660576,0.00771719045841,0.00151722440081,0.244714952745,0.407076126894,0.381967815972,-0.0251083109221,-0.0616796448215,1,1,0,0,0,0,0,,0,0,0,
development,yolo11n,01bb304d-7bd8-35f8-bbef-7086b688e35e,400,all_yaw,622,0.00890921258761,0.0117607713652,0.0028515587776,0.320068552586,0.452765572243,0.391687034995,-0.0610785372483,-0.134901019408,1,1,0,0,0,0,0,,0,0,0,
development,yolo11n,16af3863-0d31-3cd1-8fa2-58053ffb953a,400,all_yaw,1744,0.00730638015256,0.0120117829814,0.0047054028288,0.644012866912,0.54397926259,0.479054747031,-0.0649245155589,-0.119351085646,1,1,0,0,1,0,-1,-1,0,0,0,
development,yolo11n,1d43ed4e-e705-308a-bdfa-49d99285c42a,400,all_yaw,1955,0.00690280739665,0.0086651021632,0.00176229476654,0.25530116448,0.481637827541,0.442518388131,-0.0391194394109,-0.0812216922632,1,1,0,0,0,0,0,,0,0,0,
development,yolo11n,1e6f21fd-5c8a-3526-ac50-72adae89d6a8,400,all_yaw,1642,0.00645599215705,0.00732094925315,0.000864957096105,0.133977408129,0.527723036687,0.492717202008,-0.035005834679,-0.0663337247863,1,1,0,0,1,0,-1,-1,0,0,0,
development,yolo11n,2772dd5f-bc0a-47ea-ae19-a5e0dbef8f41,400,all_yaw,999,0.0119943017052,0.0144591814678,0.00246487976263,0.205504232195,0.454216285583,0.374316849336,-0.0798994362471,-0.175906145999,1,1,0,0,0,0,0,,0,0,0,
development,yolo11n,286790ed-9dec-305b-bcad-4f8153301e7c,400,all_yaw,840,0.00686425348118,0.0109117709579,0.00404751747667,0.58965151677,0.640586233283,0.502067467305,-0.138518765977,-0.216237500558,1,1,0,0,1,0.5,-0.5,-0.5,0,0,0,
development,yolo11n,2a9b2658-097e-3f8b-a817-22f2553c5de8,400,all_yaw,989,0.0151678503492,0.0160167492811,0.000848898931934,0.0559669902058,0.580710900055,0.528313479311,-0.052397420744,-0.0902297868681,1,1,0,0,1,1,0,0,0,0,0,
development,yolo11n,3153b5b3-d381-3664-8f82-1d3c5ca841d2,400,all_yaw,718,0.0127310573584,0.0152913445534,0.002560287195,0.201105620917,0.48078238239,0.386731923729,-0.0940504586606,-0.195619602767,1,1,0,0,0,0,0,,0,0,0,
development,yolo11n,349c4c1c-9561-360f-9ae7-59772335d54b,400,all_yaw,1619,0.0109911462642,0.012414942471,0.00142379620675,0.129540283836,0.547281139791,0.511772844392,-0.0355082953989,-0.0648812700041,1,1,0,0,1,1,0,0,0,0,0,
development,yolo11n,3576c0f5-c1b5-35bb-a0c4-ee95cba5c754,400,all_yaw,555,0.0214375402091,0.0126628002145,-0.00877473999459,-0.4093165498,0.319387681838,0.426391631005,0.107003949167,0.335028416098,1,1,0,0,0,0,0,,0,0,0,
development,yolo11n,366ceb72-9f11-385a-8bc9-a26a18dbdd22,400,all_yaw,1667,0.00704656471891,0.00991462251508,0.00286805779617,0.407015036486,0.556370931002,0.511464932093,-0.0449059989087,-0.0807123384894,1,1,0,0,1,1,0,0,0,0,0,
development,yolo11n,380e5bf0-1c68-36a4-ac64-09a03b60bebf,400,all_yaw,1123,0.00828255912355,0.00933061085391,0.00104805173036,0.126537186723,0.592733614244,0.546916479922,-0.0458171343224,-0.0772980192474,1,1,0,0,1,1,0,0,0,0,0,
development,yolo11n,3dd173a6-8b21-3189-bd53-132919b96a48,400,all_yaw,491,0.00948919206855,0.00919847676919,-0.000290715299356,-0.0306364648598,0.363461125097,0.508105087037,0.14464396194,0.397962675928,1,1,0,0,0,1,1,,0,0,0,
development,yolo11n,3f9796e9-c892-3915-b719-3292df878ece,400,all_yaw,913,0.00605325627772,0.00887016670588,0.00281691042816,0.465354562722,0.630065526062,0.538344138688,-0.0917213873748,-0.145574362635,1,1,0,0,1,1,0,0,0,0,0,
development,yolo11n,3fbdfb6c-927f-4aaa-81b1-21b02efd4c01,400,all_yaw,1366,0.0100841467878,0.0090298311343,-0.00105431565354,-0.104551795578,0.550377640973,0.593430351069,0.0430527100961,0.0782239445992,1,1,0,0,1,1,0,0,0,0,0,
development,yolo11n,40bfcbec-ec59-3731-8e75-67f0bddc3b01,400,all_yaw,1487,0.00514439852201,0.00652174589035,0.00137734736834,0.267737299598,0.551107290964,0.488777916269,-0.0623293746946,-0.113098439662,1,1,0,0,1,0,-1,-1,0,0,0,
development,yolo11n,41b6f7d7-e431-3992-b783-74b9edf42215,400,all_yaw,1112,0.0066742938549,0.00940382025032,0.00272952639542,0.408961075846,0.598717137867,0.521036429921,-0.0776807079456,-0.129745255368,1,1,0,0,1,1,0,0,0,0,0,
development,yolo11n,41d69427-364c-366e-94a5-8e556bcac39f,400,all_yaw,1742,0.0082642960481,0.00886815234929,0.000603856301193,0.0730680868254,0.560199643053,0.577467913179,0.0172682701261,0.0308252072993,1,1,0,0,1,1,0,0,0,0,0,
development,yolo11n,4207ef92-0b3b-4708-8868-4ffcaef308e0,400,all_yaw,946,0.00887180065815,0.0093579035313,0.00048610287315,0.054791906613,0.699915722293,0.650808114731,-0.0491076075627,-0.0701621723852,1,1,0,0,1,1,0,0,0,0,0,
development,yolo11n,453e5558-6363-38e3-bf9b-42b5ba0a6f1d,400,all_yaw,1167,0.00524764105459,0.0092617664511,0.00401412539651,0.764939018267,0.52946800213,0.417726604717,-0.111741397414,-0.211044665521,1,1,0,0,1,0,-1,-1,0,0,0,
development,yolo11n,46d917cd-531c-330b-8d7b-979b51a8927f,400,all_yaw,980,0.00968305636334,0.0162497793457,0.0065667229824,0.678166349135,0.409759023249,0.231408935872,-0.178350087377,-0.435256034054,1,0,-1,-1,0,0,0,,0,0,0,
development,yolo11n,47167c79-2ba4-369c-8db8-760a30b4c38a,400,all_yaw,421,0.0145627181736,0.0164276005188,0.00186488234526,0.128058671673,0.389188219306,0.315508866004,-0.0736793533014,-0.189315476797,1,1,0,0,0,0,0,,0,0,0,
development,yolo11n,47358aac-2ec0-3d45-a837-f2069ca7cee3,400,all_yaw,1952,0.00768760888603,0.00851679664737,0.000829187761337,0.107860294876,0.500417034512,0.514340512653,0.0139234781411,0.0278237493546,1,1,0,0,1,1,0,0,0,0,0,
development,yolo11n,575d8d24-ba88-3b18-84c0-df5b29dccfde,400,all_yaw,1952,0.00537820361802,0.00781021474972,0.0024320111317,0.452197667554,0.649108801244,0.565297870019,-0.0838109312259,-0.12911692318,1,1,0,0,1,1,0,0,0,0,0,
development,yolo11n,5b1d8b11-4f90-3577-be0b-193e102fda82,400,all_yaw,730,0.0116625200178,0.0138728568209,0.00221033680315,0.189524802511,0.436251435126,0.389737019955,-0.0465144151701,-0.106622950493,1,1,0,0,0,0,0,,0,0,0,
development,yolo11n,62a1e53b-b55c-36c2-bc5b-e216d494875a,400,all_yaw,1659,0.00690018462108,0.00797763997746,0.00107745535638,0.156148772178,0.662487251034,0.60660758964,-0.0558796613941,-0.084348281883,1,1,0,0,1,1,0,0,0,0,0,
development,yolo11n,633addf9-441c-35e7-868a-738aa612d51c,400,all_yaw,1678,0.00717802938794,0.00861919782863,0.0014411684407,0.200774942928,0.613587613121,0.559619726017,-0.0539678871042,-0.0879546554561,1,1,0,0,1,1,0,0,0,0,0,
development,yolo11n,639d4834-f922-3e27-9913-20aa649f815d,400,all_yaw,1665,0.00631702619697,0.00968565526811,0.00336862907114,0.533261849185,0.616043890022,0.545794843301,-0.0702490467211,-0.114032535439,1,1,0,0,1,1,0,0,0,0,0,
development,yolo11n,6937b4e5-b5b4-3970-b5dd-9ad194e6c338,400,all_yaw,921,0.0142641368928,0.0241442239208,0.00988008702792,0.69265228609,0.388234057268,0.28916636918,-0.0990676880888,-0.25517516105,1,0,-1,-1,0,0,0,,0,0,0,
development,yolo11n,69c0ec7c-e289-3c4d-ade3-d2287ec34026,400,all_yaw,347,0.018518050108,0.0182039912317,-0.000314058876324,-0.0169596083007,0.351902960173,0.347727560719,-0.00417539945336,-0.0118652012797,1,1,0,0,0,0,0,,0,0,0,
development,yolo11n,6aa2ac89-6b25-3af6-ad59-221351189f4b,400,all_yaw,637,0.008587574172,0.0136195748183,0.00503200064629,0.585962990887,0.437319056833,0.372576584387,-0.064742472446,-0.148044022858,1,1,0,0,0,0,0,,0,0,0,
development,yolo11n,6cc0bb26-5afb-3688-b237-b9c64c2800e5,400,all_yaw,725,0.0122460698655,0.0136419827046,0.00139591283915,0.11398863917,0.426966302478,0.427446945782,0.000480643304208,0.00112571718522,1,1,0,0,0,0,0,,0,0,0,
development,yolo11n,6dc6e668-549e-33b8-b952-ed8e807b1d48,400,all_yaw,734,0.024405318883,0.023429598675,-0.000975720208054,-0.039979818036,0.243104586238,0.261961735669,0.0188571494312,0.0775680530057,0,0,0,,0,0,0,,0,0,0,
development,yolo11n,74dd5c1d-7a9a-32d1-903a-fc57e07109b9,400,all_yaw,719,0.0108597906957,0.0130602690207,0.00220047832499,0.20262621874,0.356345850144,0.317065322735,-0.039280527409,-0.110231471457,1,1,0,0,0,0,0,,0,0,0,
development,yolo11n,74f15437-b85e-314a-9d86-7294b98bf07f,400,all_yaw,1232,0.00738588606053,0.0103446458015,0.00295875974097,0.400596450679,0.566913073515,0.504928209279,-0.0619848642355,-0.10933751069,1,1,0,0,1,1,0,0,0,0,0,
development,yolo11n,768cf7e2-eb6c-3468-969e-e3b0fd87b34e,400,all_yaw,950,0.00449936823139,0.00626320615194,0.00176383792056,0.392019019082,0.683331886366,0.640443857644,-0.0428880287213,-0.0627631017622,1,1,0,0,1,1,0,0,0,0,0,
development,yolo11n,770a58e6-eff6-39b7-a265-fe7f202fe8b2,400,all_yaw,560,0.0150349527186,0.0126291905035,-0.00240576221511,-0.160011292362,0.34623139451,0.48966337354,0.14343197903,0.414266243051,1,1,0,0,0,0,0,,0,0,0,
development,yolo11n,7ce2a2ce-eed6-36d7-ba62-dda9acddb070,400,all_yaw,784,0.00408229936801,0.00564614089188,0.00156384152387,0.383078599311,0.641107034692,0.516310606915,-0.124796427777,-0.194657710841,1,1,0,0,1,1,0,0,0,0,0,
development,yolo11n,7e3d8631-3b7d-38c1-b833-ee7cfa7235ca,400,all_yaw,1768,0.0105057051367,0.0134397986762,0.0029340935395,0.279285731068,0.474377225481,0.435151205468,-0.0392260200133,-0.082689509332,1,1,0,0,0,0,0,,0,0,0,
development,yolo11n,7ef4a6cc-7266-3a31-8dd4-01c3d3c58dcb,400,all_yaw,865,0.0141356971467,0.00712347472991,-0.00701222241674,-0.496064845193,0.471366172782,0.520845295561,0.0494791227796,0.104969608845,1,1,0,0,0,1,1,,0,0,0,
development,yolo11n,80da8956-f418-319c-9f49-3d47d9002546,400,all_yaw,786,0.00337764278249,0.00701755600281,0.00363991322032,1.0776489566,0.718330541876,0.56047545522,-0.157855086656,-0.219752714738,1,1,0,0,1,1,0,0,1,0,-1,-1
development,yolo11n,85026edc-5fdf-308e-a8ef-a1aad1151c50,400,all_yaw,1266,0.00755897285821,0.0105017632369,0.00294279037864,0.389310880438,0.54252547835,0.511796798094,-0.0307286802558,-0.0566400684983,1,1,0,0,1,1,0,0,0,0,0,
development,yolo11n,8a0ff1a2-9045-3be3-b67f-3914d88178ec,400,all_yaw,2100,0.00596203835273,0.00919235391863,0.00323031556589,0.541813952675,0.574950741039,0.504400487633,-0.0705502534062,-0.12270660488,1,1,0,0,1,1,0,0,0,0,0,
development,yolo11n,8c019de9-7043-37bc-9498-b5858e7240af,400,all_yaw,464,0.00470840323917,0.00641767307141,0.00170926983223,0.363025370896,0.673186799243,0.595128242791,-0.0780585564518,-0.115953783615,1,1,0,0,1,1,0,0,0,0,0,
development,yolo11n,8ee606e6-4cbd-3c07-8419-fbda836ccaac,400,all_yaw,1199,0.00683381654883,0.00930999262304,0.00247617607421,0.362341607581,0.567778003259,0.487901182205,-0.0798768210546,-0.140683190606,1,1,0,0,1,0,-1,-1,0,0,0,
development,yolo11n,90f360d8-35f7-3c54-b2da-e99b354bc4cb,400,all_yaw,438,0.00999940805558,0.0141523867268,0.00415297867126,0.415322451907,0.463732599463,0.423904380027,-0.0398282194358,-0.0858861755285,1,1,0,0,0,0,0,,0,0,0,
development,yolo11n,91923e20-9a05-32e0-ac53-8c09b0b60341,400,all_yaw,968,0.0128695681333,0.0142547897744,0.00138522164104,0.107635440963,0.339389626361,0.276343008998,-0.0630466173629,-0.185764715436,1,0,-1,-1,0,0,0,,0,0,0,
development,yolo11n,919f13de-857f-3b1c-9f8e-7cbe500a60ae,400,all_yaw,1268,0.00671402979376,0.00779439033452,0.00108036054077,0.160910894642,0.584412898834,0.565893804043,-0.0185190947904,-0.031688374482,1,1,0,0,1,1,0,0,0,0,0,
development,yolo11n,9239d493-31d7-3dd0-a05f-03d50a242392,400,all_yaw,829,0.0174543746036,0.0142494371973,-0.00320493740633,-0.183618002885,0.318795696883,0.385632897895,0.0668372010123,0.209655279748,1,1,0,0,0,0,0,,0,0,0,
development,yolo11n,96284bbc-6b58-330f-a5a6-76cd518543f0,400,all_yaw,1943,0.00668268863079,0.0087017914673,0.00201910283651,0.302139295733,0.576905163398,0.515511545501,-0.0613936178976,-0.106418908675,1,1,0,0,1,1,0,0,0,0,0,
development,yolo11n,97738d01-b24f-365e-8818-2463149154d2,400,all_yaw,766,0.00634182328513,0.00886794128017,0.00252611799503,0.39832677157,0.553429718692,0.504750490333,-0.0486792283592,-0.0879591874362,1,1,0,0,1,1,0,0,0,0,0,
development,yolo11n,9a25fd14-783b-35c3-ab2d-df4687f82b5e,400,all_yaw,1945,0.00617297493209,0.00951038513898,0.00333741020689,0.540648592228,0.603660690666,0.541648346433,-0.0620123442332,-0.102727153171,1,1,0,0,1,1,0,0,0,0,0,
development,yolo11n,9afab336-dbae-3f70-a669-46813f4570d7,400,all_yaw,870,0.0060842331502,0.00808397608485,0.00199974293465,0.328676249789,0.629015688661,0.571090495403,-0.0579251932585,-0.0920886303834,1,1,0,0,1,1,0,0,0,0,0,
development,yolo11n,a160c635-aa67-352c-a5e6-03b113493090,400,all_yaw,622,0.00846091847974,0.00955964267768,0.00109872419795,0.129858738218,0.434698086741,0.435103320214,0.000405233473659,0.000932218213099,1,1,0,0,0,0,0,,0,0,0,
development,yolo11n,a359e053-a350-36cf-ab1d-a7980afaffa2,400,all_yaw,1341,0.00703842568668,0.0091216592924,0.00208323360572,0.295980052707,0.458171761977,0.392683754909,-0.0654880070681,-0.142933311266,1,1,0,0,0,0,0,,0,0,0,
development,yolo11n,a50b198c-4de2-3f8c-a2b9-ab280605b350,400,all_yaw,1668,0.0069275747321,0.00875874751586,0.00183117278376,0.264331003934,0.567336842428,0.521521395025,-0.0458154474025,-0.0807552832396,1,1,0,0,1,1,0,0,0,0,0,
development,yolo11n,aa539866-29e4-353e-95a9-b6d321b53b33,400,all_yaw,1323,0.00655637092885,0.010484072587,0.00392770165819,0.599066419642,0.472704442092,0.392748659724,-0.0799557823676,-0.169145400906,1,1,0,0,0,0,0,,0,0,0,
development,yolo11n,aa82b61f-7156-3c68-95a4-b79cebd120eb,400,all_yaw,1274,0.00767294692551,0.00818858771909,0.000515640793587,0.0672024449788,0.544919215781,0.53952198039,-0.00539723539054,-0.00990465234889,1,1,0,0,1,1,0,0,0,0,0,
development,yolo11n,ab83611b-436e-3de7-aad1-f0c9ad254196,400,all_yaw,1297,0.00535539056582,0.00766161439693,0.00230622383111,0.430635973748,0.533743132553,0.480104599651,-0.0536385329022,-0.100495031469,1,1,0,0,1,0,-1,-1,0,0,0,
development,yolo11n,ac1b1697-42b9-4225-a666-d17f72204fa8,400,all_yaw,1105,0.00813602010398,0.00937967859721,0.00124365849323,0.152858335812,0.512929737616,0.503589637388,-0.0093401002281,-0.0182093170724,1,1,0,0,1,1,0,0,0,0,0,
development,yolo11n,b21b7285-2199-3264-b10a-524e9b23502a,400,all_yaw,1049,0.0196706706773,0.0231169472386,0.00344627656136,0.175198732056,0.449037533059,0.390161119129,-0.0588764139298,-0.13111691027,1,1,0,0,0,0,0,,0,0,0,
development,yolo11n,b5ea60b0-2540-4efe-b60e-f421ade3c128,400,all_yaw,392,0.00450488496346,0.00699987925805,0.00249499429459,0.553841954861,0.547014339792,0.390761192058,-0.156253147734,-0.285647260717,1,1,0,0,1,0,-1,-1,0,0,0,
development,yolo11n,bb9be2e6-8f0e-3bb3-8bb9-5d9aa9df384d,400,all_yaw,907,0.0173443862211,0.0189927668435,0.00164838062243,0.0950382793263,0.297601710272,0.294115167113,-0.00348654315895,-0.0117154674809,0,0,0,,0,0,0,,0,0,0,
development,yolo11n,c453a8e7-d3da-317a-946b-f8e9678a8582,400,all_yaw,513,0.00386691216915,0.005885117311,0.00201820514185,0.521916468119,0.653159005233,0.571288064823,-0.0818709404098,-0.125346109835,1,1,0,0,1,1,0,0,0,0,0,
development,yolo11n,c7f5e5c1-dc52-3619-8998-420b2e280d8a,400,all_yaw,883,0.014385541426,0.0099600206347,-0.00442552079135,-0.307636720807,0.468587565556,0.521143961973,0.052556396418,0.112159178521,1,1,0,0,0,1,1,,0,0,0,
development,yolo11n,cf6a99cb-b8bc-34d7-bdca-30e50e66cd74,400,all_yaw,1359,0.00452128877309,0.00690229533218,0.00238100655909,0.526621208816,0.664913849496,0.599065048455,-0.0658488010408,-0.0990335832089,1,1,0,0,1,1,0,0,0,0,0,
development,yolo11n,d20c3612-a64d-3aa8-bd4a-58890413afbb,400,all_yaw,1213,0.0149741650109,0.0103869732191,-0.00458719179184,-0.306340406193,0.529496674962,0.579720310001,0.0502236350391,0.0948516533039,1,1,0,0,1,1,0,0,0,0,0,
development,yolo11n,d37be0e2-8223-3eeb-a0e2-c4b75d5ff87b,400,all_yaw,523,0.00889069093417,0.0113577323493,0.00246704141512,0.277485904458,0.653386614317,0.586984014012,-0.0664026003053,-0.101628345072,1,1,0,0,1,1,0,0,0,0,0,
development,yolo11n,d3efe9ba-f10a-35e7-b17e-6850c66693fe,400,all_yaw,170,0.0115543811499,0.00877523780725,-0.00277914334268,-0.240527234355,0.492430528974,0.576669636824,0.08423910785,0.171068004304,1,1,0,0,0,1,1,,0,0,0,
development,yolo11n,dc9c2d63-083f-32c3-90ff-943ca823a245,400,all_yaw,1119,0.00780856283055,0.00863358645859,0.000825023628033,0.105656270678,0.582763607742,0.549085903061,-0.0336777046814,-0.0577896495835,1,1,0,0,1,1,0,0,0,0,0,
development,yolo11n,dd251cc5-736d-3b76-8ad3-3f6cb138178e,400,all_yaw,1586,0.0123377808838,0.0117644615295,-0.000573319354279,-0.0464685959071,0.468967635599,0.55422529759,0.0852576619909,0.181798605104,1,1,0,0,0,1,1,,0,0,0,
development,yolo11n,e66d1403-755b-3f63-938b-a2a69446a48a,400,all_yaw,808,0.00704963236646,0.00945885781185,0.0024092254454,0.341751926932,0.602689574514,0.542057942368,-0.0606316321457,-0.100601760358,1,1,0,0,1,1,0,0,0,0,0,
development,yolo11n,ec3133b4-2b17-3d49-b78a-4bc480ac5137,400,all_yaw,693,0.0114490240672,0.0098216312086,-0.00162739285856,-0.142142496078,0.621776097911,0.626204106821,0.00442800891051,0.00712154893923,1,1,0,0,1,1,0,0,0,0,0,
development,yolo11n,ef4a46c4-138e-3478-b94e-3e60a567ec7d,400,all_yaw,839,0.00635246457176,0.00890196757805,0.00254950300629,0.401340767428,0.543303689309,0.498392441308,-0.0449112480011,-0.0826632487223,1,1,0,0,1,0,-1,-1,0,0,0,
development,yolo11n,f3cc42c7-84a8-35c5-8683-13878bb9beeb,400,all_yaw,1699,0.00878114313416,0.00979186094564,0.00101071781148,0.115100938004,0.470148155356,0.468794851404,-0.00135330395216,-0.00287846274997,1,1,0,0,0,0,0,,0,0,0,
development,yolo11n,f7cdc2d1-f59a-30a2-aae8-8bb81c769e6e,400,all_yaw,1737,0.00541386165605,0.00883075274597,0.00341689108992,0.631137496116,0.600242888002,0.516465316216,-0.0837775717854,-0.139572785384,1,1,0,0,1,1,0,0,0,0,0,
development,yolo11n,fa9ec72a-cbcf-35dc-be20-4d0d9e7215ef,400,all_yaw,525,0.0111729491678,0.0130062890767,0.00183333990888,0.164087375799,0.506516970349,0.447269423896,-0.059247546453,-0.116970506264,1,1,0,0,1,0,-1,-1,0,0,0,
development,yolo11n,fb149ce0-7706-3bb5-9860-8c63d1c77592,400,all_yaw,904,0.00912353142243,0.00892963845872,-0.000193892963707,-0.0212519642592,0.381588376351,0.413326008509,0.0317376321579,0.0831724290488,1,1,0,0,0,0,0,,0,0,0,
development,yolo11n,ff52c01e-3d7b-32b1-b6a1-bcff3459ccdd,400,all_yaw,865,0.0078278325162,0.0154735060977,0.00764567358145,0.976729326492,0.382970809219,0.242542522574,-0.140428286644,-0.366681436977,1,0,-1,-1,0,0,0,,0,0,0,
development,yolo11n,ff8e7fdb-1073-3592-ba5e-8111bc3ce48b,400,all_yaw,1501,0.00681955306112,0.00950894659524,0.00268939353412,0.394365072025,0.480564235441,0.417104749547,-0.063459485893,-0.132052036363,1,1,0,0,0,0,0,,0,0,0,
development,yolo11n,01bb304d-7bd8-35f8-bbef-7086b688e35e,400,high_yaw,243,0.00808386360069,0.0108782564962,0.00279439289552,0.34567541383,0.548257570268,0.465604908255,-0.0826526620134,-0.150755167818,1,1,0,0,1,0,-1,-1,0,0,0,
development,yolo11n,16af3863-0d31-3cd1-8fa2-58053ffb953a,400,high_yaw,359,0.00663717648945,0.0113472568509,0.00471008036149,0.709651215239,0.543497441081,0.481960979291,-0.0615364617901,-0.113223093871,1,1,0,0,1,0,-1,-1,0,0,0,
development,yolo11n,1d43ed4e-e705-308a-bdfa-49d99285c42a,400,high_yaw,131,0.00642793512972,0.010660702833,0.00423276770332,0.658495709415,0.480597666423,0.398774434969,-0.081823231454,-0.170253076889,1,1,0,0,0,0,0,,0,0,0,
development,yolo11n,1e6f21fd-5c8a-3526-ac50-72adae89d6a8,400,high_yaw,318,0.00670327179407,0.00826158312513,0.00155831133106,0.232470259142,0.531216508163,0.495660348959,-0.0355561592035,-0.0669334605705,1,1,0,0,1,0,-1,-1,0,0,0,
development,yolo11n,2772dd5f-bc0a-47ea-ae19-a5e0dbef8f41,400,high_yaw,32,0.0296939857465,0.0282413197686,-0.00145266597783,-0.0489212189375,0.184239437973,0.0089516668131,-0.17528777116,-0.951412863003,0.5,0,-0.5,-1,0,0,0,,0,0,0,
development,yolo11n,286790ed-9dec-305b-bcad-4f8153301e7c,400,high_yaw,181,0.00487787838287,0.00885230289258,0.00397442450971,0.81478548618,0.793608187983,0.705078651594,-0.0885295363885,-0.111553204376,1,1,0,0,1,1,0,0,1,1,0,0
development,yolo11n,2a9b2658-097e-3f8b-a817-22f2553c5de8,400,high_yaw,442,0.0138994369314,0.016738378218,0.00283894128657,0.204248654143,0.549824478419,0.501307276382,-0.0485172020379,-0.088241255059,1,1,0,0,1,1,0,0,0,0,0,
development,yolo11n,3153b5b3-d381-3664-8f82-1d3c5ca841d2,400,high_yaw,247,0.0200132257187,0.0261694191991,0.00615619348044,0.30760625833,0.251428424754,0.237718409107,-0.0137100156474,-0.054528503135,0,0,0,,0,0,0,,0,0,0,
development,yolo11n,3576c0f5-c1b5-35bb-a0c4-ee95cba5c754,400,high_yaw,326,0.0215582686379,0.0134161769641,-0.00814209167386,-0.377678366041,0.20253234482,0.347912680372,0.145380335552,0.717812928506,0,1,1,,0,0,0,,0,0,0,
development,yolo11n,366ceb72-9f11-385a-8bc9-a26a18dbdd22,400,high_yaw,570,0.00533154392334,0.00867329148529,0.00334174756195,0.626787964238,0.591435103589,0.513943887784,-0.0774912158054,-0.131022347735,1,1,0,0,1,1,0,0,0,0,0,
development,yolo11n,3dd173a6-8b21-3189-bd53-132919b96a48,400,high_yaw,29,0.0126351357307,0.00892862056673,-0.003706515164,-0.293349849419,0.379485271407,0.542932361431,0.163447090023,0.430707335273,1,1,0,0,0,1,1,,0,0,0,
development,yolo11n,3f9796e9-c892-3915-b719-3292df878ece,400,high_yaw,534,0.00609321334869,0.0106889499658,0.00459573661707,0.754238585468,0.604899915502,0.470487193329,-0.134412722173,-0.222206548105,1,1,0,0,1,0,-1,-1,0,0,0,
development,yolo11n,3fbdfb6c-927f-4aaa-81b1-21b02efd4c01,400,high_yaw,51,0.010456395054,0.00912698933454,-0.00132940571945,-0.127138054041,0.526174955219,0.561848627059,0.03567367184,0.0677981182611,1,1,0,0,1,1,0,0,0,0,0,
development,yolo11n,41b6f7d7-e431-3992-b783-74b9edf42215,400,high_yaw,97,0.00522059957586,0.00856748633135,0.00334688675549,0.64109240842,0.571470565348,0.473425469889,-0.0980450954588,-0.171566308755,1,1,0,0,1,0,-1,-1,0,0,0,
development,yolo11n,453e5558-6363-38e3-bf9b-42b5ba0a6f1d,400,high_yaw,57,0.00456113204858,0.00934148862558,0.004780356577,1.04806362238,0.450237779041,0.359612261096,-0.0906255179453,-0.20128368201,1,1,0,0,0,0,0,,0,0,0,
development,yolo11n,46d917cd-531c-330b-8d7b-979b51a8927f,400,high_yaw,752,0.0106316484207,0.0160378794652,0.0054062310445,0.508503557547,0.41193026499,0.244463690779,-0.167466574211,-0.406541078536,1,0,-1,-1,0,0,0,,0,0,0,
development,yolo11n,47167c79-2ba4-369c-8db8-760a30b4c38a,400,high_yaw,77,0.0164999213024,0.0147071681105,-0.00179275319192,-0.108652226824,0.393923101699,0.332253400848,-0.0616697008506,-0.156552638281,1,1,0,0,0,0,0,,0,0,0,
development,yolo11n,575d8d24-ba88-3b18-84c0-df5b29dccfde,400,high_yaw,428,0.00553359301182,0.00900123256493,0.00346763955311,0.626652438245,0.625275471441,0.534048313781,-0.0912271576595,-0.145899146578,1,1,0,0,1,1,0,0,0,0,0,
development,yolo11n,5b1d8b11-4f90-3577-be0b-193e102fda82,400,high_yaw,523,0.012132572412,0.0129856771501,0.00085310473808,0.0703152397621,0.456405109334,0.42215080215,-0.0342543071843,-0.0750524183094,1,1,0,0,0,0,0,,0,0,0,
development,yolo11n,62a1e53b-b55c-36c2-bc5b-e216d494875a,400,high_yaw,376,0.00765477197645,0.00888233887163,0.00122756689518,0.160366226317,0.693858132917,0.636377174003,-0.0574809589137,-0.0828425238341,1,1,0,0,1,1,0,0,0,0,0,
development,yolo11n,633addf9-441c-35e7-868a-738aa612d51c,400,high_yaw,307,0.00789835872071,0.00917618494749,0.00127782622678,0.161783766978,0.629825538654,0.583035451914,-0.04679008674,-0.0742905516979,1,1,0,0,1,1,0,0,0,0,0,
development,yolo11n,639d4834-f922-3e27-9913-20aa649f815d,400,high_yaw,689,0.00669346112975,0.00991880970385,0.0032253485741,0.481865586664,0.596359942251,0.539391764765,-0.0569681774865,-0.0955264990996,1,1,0,0,1,1,0,0,0,0,0,
development,yolo11n,6937b4e5-b5b4-3970-b5dd-9ad194e6c338,400,high_yaw,203,0.0109499000926,0.0212331075119,0.0102832074193,0.93911426884,0.393575819994,0.264281318025,-0.129294501969,-0.328512310464,1,0,-1,-1,0,0,0,,0,0,0,
development,yolo11n,69c0ec7c-e289-3c4d-ade3-d2287ec34026,400,high_yaw,113,0.0180632257933,0.0210660987736,0.00300287298034,0.166242343129,0.331203733487,0.28353541673,-0.0476683167562,-0.143924454759,1,0,-1,-1,0,0,0,,0,0,0,
development,yolo11n,6aa2ac89-6b25-3af6-ad59-221351189f4b,400,high_yaw,95,0.00532387117049,0.0114200514053,0.00609618023481,1.145065318,0.551077423162,0.383186256548,-0.167891166614,-0.304659852785,1,1,0,0,1,0,-1,-1,0,0,0,
development,yolo11n,6cc0bb26-5afb-3688-b237-b9c64c2800e5,400,high_yaw,415,0.0126058860644,0.0134110950571,0.000805208992654,0.0638756362336,0.315285691028,0.300659545654,-0.0146261453741,-0.0463901337432,1,1,0,0,0,0,0,,0,0,0,
development,yolo11n,6dc6e668-549e-33b8-b952-ed8e807b1d48,400,high_yaw,297,0.0180680532144,0.019218124047,0.00115007083257,0.0636521720922,0.175866504812,0.222333537637,0.0464670328254,0.264217639824,0,0,0,,0,0,0,,0,0,0,
development,yolo11n,74dd5c1d-7a9a-32d1-903a-fc57e07109b9,400,high_yaw,309,0.0151107141943,0.0172855052188,0.00217479102446,0.143923774647,0.273904750514,0.246405096594,-0.0274996539203,-0.10039860159,0,0,0,,0,0,0,,0,0,0,
development,yolo11n,74f15437-b85e-314a-9d86-7294b98bf07f,400,high_yaw,427,0.00689634132235,0.010225819175,0.00332947785262,0.482789017682,0.576756048292,0.480214829168,-0.0965412191244,-0.16738657429,1,1,0,0,1,0,-1,-1,0,0,0,
development,yolo11n,768cf7e2-eb6c-3468-969e-e3b0fd87b34e,400,high_yaw,22,0.00739873073123,0.00563321466923,-0.00176551606199,-0.23862418111,0.697393777752,0.678471665467,-0.0189221122855,-0.0271326084189,1,1,0,0,1,1,0,0,0,0,0,
development,yolo11n,770a58e6-eff6-39b7-a265-fe7f202fe8b2,400,high_yaw,189,0.024045701709,0.0114223377788,-0.0126233639302,-0.524973822056,0.258812382324,0.485384278382,0.226571896058,0.875429119827,0,1,1,,0,0,0,,0,0,0,
development,yolo11n,7ce2a2ce-eed6-36d7-ba62-dda9acddb070,400,high_yaw,124,0.00270803013371,0.00592935852367,0.00322132838996,1.18954672988,0.742837437075,0.620822092239,-0.122015344836,-0.164255782956,1,1,0,0,1,1,0,0,1,0,-1,-1
development,yolo11n,7e3d8631-3b7d-38c1-b833-ee7cfa7235ca,400,high_yaw,1009,0.0100248584239,0.0135258673842,0.00350100896026,0.34923275843,0.452141041851,0.405081839142,-0.0470592027081,-0.104080803007,1,1,0,0,0,0,0,,0,0,0,
development,yolo11n,7ef4a6cc-7266-3a31-8dd4-01c3d3c58dcb,400,high_yaw,75,0.0196276465564,0.00702746176506,-0.0126001847914,-0.641961060137,0.465998530919,0.544019044276,0.0780205133571,0.167426522147,1,1,0,0,0,1,1,,0,0,0,
development,yolo11n,80da8956-f418-319c-9f49-3d47d9002546,400,high_yaw,12,0.00450902838901,0.00444463780191,-6.43905870977e-05,-0.0142803685279,0.719864489428,0.545634625836,-0.174229863592,-0.242031474188,1,1,0,0,1,1,0,0,0.5,0,-0.5,-1
development,yolo11n,8a0ff1a2-9045-3be3-b67f-3914d88178ec,400,high_yaw,9,0.00911890696382,0.0129881605688,0.00386925360497,0.424311117585,0.692416475926,0.468271952242,-0.224144523684,-0.323713446281,1,1,0,0,1,0,-1,-1,0,0,0,
development,yolo11n,8c019de9-7043-37bc-9498-b5858e7240af,400,high_yaw,157,0.00529673668254,0.00608732179948,0.000790585116934,0.149258904929,0.630107925772,0.578923991427,-0.0511839343447,-0.0812304245848,1,1,0,0,1,1,0,0,0,0,0,
development,yolo11n,8ee606e6-4cbd-3c07-8419-fbda836ccaac,400,high_yaw,156,0.00988852389476,0.0131136047635,0.0032250808687,0.32614381105,0.385403512346,0.310968116248,-0.0744353960987,-0.19313626813,1,1,0,0,0,0,0,,0,0,0,
development,yolo11n,90f360d8-35f7-3c54-b2da-e99b354bc4cb,400,high_yaw,7,0.00956002036101,0.0126566808987,0.00309666053769,0.323917776401,0.33314836539,0.230498573294,-0.102649792095,-0.308120353451,1,0,-1,-1,0,0,0,,0,0,0,
development,yolo11n,96284bbc-6b58-330f-a5a6-76cd518543f0,400,high_yaw,271,0.00926458847915,0.00890510279974,-0.000359485679408,-0.0388021205925,0.543021352374,0.56136923484,0.0183478824657,0.0337885101304,1,1,0,0,1,1,0,0,0,0,0,
development,yolo11n,97738d01-b24f-365e-8818-2463149154d2,400,high_yaw,388,0.00613272209079,0.00757591572957,0.00144319363877,0.235326763125,0.528976691385,0.498350951304,-0.0306257400802,-0.0578961995471,1,1,0,0,1,0,-1,-1,0,0,0,
development,yolo11n,9a25fd14-783b-35c3-ab2d-df4687f82b5e,400,high_yaw,908,0.00732250095555,0.0103926794192,0.0030701784636,0.419280035912,0.581263829408,0.524010722002,-0.0572531074057,-0.0984976262225,1,1,0,0,1,1,0,0,0,0,0,
development,yolo11n,9afab336-dbae-3f70-a669-46813f4570d7,400,high_yaw,57,0.00782892826903,0.0084279235757,0.000598995306669,0.0765105115394,0.611241437753,0.640005292024,0.028763854271,0.0470580894789,1,1,0,0,1,1,0,0,0,0,0,
development,yolo11n,a160c635-aa67-352c-a5e6-03b113493090,400,high_yaw,358,0.0078823643173,0.00915755518576,0.00127519086846,0.161777712515,0.362319599525,0.336800173752,-0.0255194257726,-0.0704334675962,1,1,0,0,0,0,0,,0,0,0,
development,yolo11n,a359e053-a350-36cf-ab1d-a7980afaffa2,400,high_yaw,546,0.00701593193953,0.0100644263686,0.00304849442911,0.434510262555,0.475889482497,0.373890958409,-0.101998524088,-0.214332377242,1,1,0,0,0,0,0,,0,0,0,
development,yolo11n,a50b198c-4de2-3f8c-a2b9-ab280605b350,400,high_yaw,496,0.00901977121233,0.00979202896156,0.000772257749226,0.0856183301157,0.59032167379,0.547750731176,-0.0425709426142,-0.0721148223152,1,1,0,0,1,1,0,0,0,0,0,
development,yolo11n,aa82b61f-7156-3c68-95a4-b79cebd120eb,400,high_yaw,700,0.00790965155155,0.00832337453963,0.000413722988078,0.0523060953294,0.539149537842,0.539395735716,0.000246197874325,0.000456641167328,1,1,0,0,1,1,0,0,0,0,0,
development,yolo11n,b21b7285-2199-3264-b10a-524e9b23502a,400,high_yaw,213,0.0453129269002,0.0445831446764,-0.000729782223779,-0.0161053869989,0.116266201278,0.132260438628,0.0159942373499,0.137565665465,0,0,0,,0,0,0,,0,0,0,
development,yolo11n,b5ea60b0-2540-4efe-b60e-f421ade3c128,400,high_yaw,190,0.00583317750082,0.0106840478445,0.00485087034365,0.83159998868,0.50710883931,0.327910431395,-0.179198407915,-0.353372676681,1,1,0,0,1,0,-1,-1,0,0,0,
development,yolo11n,bb9be2e6-8f0e-3bb3-8bb9-5d9aa9df384d,400,high_yaw,573,0.0176853651598,0.0232660217562,0.00558065659637,0.315552240281,0.281200456372,0.253005739072,-0.0281947173,-0.100265546023,0,0,0,,0,0,0,,0,0,0,
development,yolo11n,c453a8e7-d3da-317a-946b-f8e9678a8582,400,high_yaw,284,0.00708414177735,0.00976972919186,0.00268558741451,0.379098484886,0.538188054872,0.466354960791,-0.0718330940816,-0.133472107809,1,1,0,0,1,0,-1,-1,0,0,0,
development,yolo11n,c7f5e5c1-dc52-3619-8998-420b2e280d8a,400,high_yaw,575,0.0155448529213,0.0107703916648,-0.00477446125649,-0.307140973328,0.46085552279,0.517055110297,0.0561995875065,0.121946216823,1,1,0,0,0,1,1,,0,0,0,
development,yolo11n,cf6a99cb-b8bc-34d7-bdca-30e50e66cd74,400,high_yaw,419,0.00435095733542,0.00798767033938,0.00363671300395,0.835842028223,0.661766547285,0.556144427139,-0.105622120147,-0.159606315218,1,1,0,0,1,1,0,0,0,0,0,
development,yolo11n,d20c3612-a64d-3aa8-bd4a-58890413afbb,400,high_yaw,165,0.017394604402,0.010517500246,-0.00687710415597,-0.395358468467,0.401502051202,0.553179680562,0.15167762936,0.377775478123,1,1,0,0,0,1,1,,0,0,0,
development,yolo11n,d37be0e2-8223-3eeb-a0e2-c4b75d5ff87b,400,high_yaw,1,0.0531774556121,0.0534059559072,0.000228500295089,0.00429693922846,0,0,0,,0,0,0,,0,0,0,,0,0,0,
development,yolo11n,d3efe9ba-f10a-35e7-b17e-6850c66693fe,400,high_yaw,22,0.00901010387301,0.00683125780702,-0.00217884606599,-0.241822524656,0.461550488478,0.420061113541,-0.0414893749367,-0.0898913032754,1,1,0,0,0,0,0,,0,0,0,
development,yolo11n,dc9c2d63-083f-32c3-90ff-943ca823a245,400,high_yaw,56,0.0116722610031,0.0120818157642,0.000409554761088,0.035087868664,0.495064800432,0.435549277312,-0.0595155231204,-0.120217642354,1,1,0,0,0,0,0,,0,0,0,
development,yolo11n,e66d1403-755b-3f63-938b-a2a69446a48a,400,high_yaw,455,0.00712758560698,0.0106999662159,0.0035723806089,0.501204868785,0.572408802965,0.509099102626,-0.0633097003392,-0.110602247924,1,1,0,0,1,1,0,0,0,0,0,
development,yolo11n,ec3133b4-2b17-3d49-b78a-4bc480ac5137,400,high_yaw,306,0.0097887538402,0.00782859559601,-0.00196015824419,-0.200245943068,0.58186689911,0.610463576896,0.028596677786,0.0491464247747,1,1,0,0,1,1,0,0,0,0,0,
development,yolo11n,ef4a46c4-138e-3478-b94e-3e60a567ec7d,400,high_yaw,445,0.00651787713463,0.00937347024127,0.00285559310664,0.438117050637,0.557799809212,0.480303387359,-0.0774964218524,-0.138932320471,1,1,0,0,1,0,-1,-1,0,0,0,
development,yolo11n,fa9ec72a-cbcf-35dc-be20-4d0d9e7215ef,400,high_yaw,104,0.0125554785766,0.0185704271216,0.00601494854499,0.479069635482,0.364514274869,0.351562833503,-0.0129514413665,-0.0355306835956,1,1,0,0,0,0,0,,0,0,0,
development,yolo11n,fb149ce0-7706-3bb5-9860-8c63d1c77592,400,high_yaw,54,0.00577636125998,0.0055340889723,-0.000242272287679,-0.0419420248794,0.407981352375,0.490208708429,0.0822273560547,0.20154684908,1,1,0,0,0,0.5,0.5,,0,0,0,
development,yolo11n,ff52c01e-3d7b-32b1-b6a1-bcff3459ccdd,400,high_yaw,795,0.00832061641294,0.0161116731547,0.00779105674173,0.936355716341,0.381856707525,0.235829321043,-0.146027386482,-0.382414093046,1,0,-1,-1,0,0,0,,0,0,0,
development,yolo11n,ff8e7fdb-1073-3592-ba5e-8111bc3ce48b,400,high_yaw,264,0.00691481378274,0.00954256005986,0.00262774627712,0.380016925933,0.37690398777,0.314042923252,-0.0628610645181,-0.166782699461,1,1,0,0,0,0,0,,0,0,0,
development,yolo11n,01bb304d-7bd8-35f8-bbef-7086b688e35e,500,all_yaw,605,0.00977855235613,0.0136834259285,0.00390487357238,0.399330435648,0.423715089833,0.343879638279,-0.0798354515537,-0.18841776814,1,1,0,0,0,0,0,,0,0,0,
development,yolo11n,16af3863-0d31-3cd1-8fa2-58053ffb953a,500,all_yaw,1701,0.00756905720753,0.0136183267218,0.00604926951428,0.799210436441,0.536526418989,0.445401893452,-0.091124525537,-0.169841637451,1,1,0,0,1,0,-1,-1,0,0,0,
development,yolo11n,1d43ed4e-e705-308a-bdfa-49d99285c42a,500,all_yaw,1934,0.00753662349837,0.0100716617362,0.00253503823784,0.336362595051,0.450078036158,0.402696438248,-0.0473815979101,-0.105274183816,1,1,0,0,0,0,0,,0,0,0,
development,yolo11n,1e6f21fd-5c8a-3526-ac50-72adae89d6a8,500,all_yaw,1608,0.00665786644744,0.00781618633903,0.00115831989159,0.173977639944,0.521186610215,0.476389079056,-0.0447975311588,-0.0859529586539,1,1,0,0,1,0,-1,-1,0,0,0,
development,yolo11n,2772dd5f-bc0a-47ea-ae19-a5e0dbef8f41,500,all_yaw,975,0.0133773681754,0.017830116671,0.00445274849561,0.332856839793,0.423252387165,0.318648626087,-0.104603761078,-0.247142755128,1,1,0,0,0,0,0,,0,0,0,
development,yolo11n,286790ed-9dec-305b-bcad-4f8153301e7c,500,all_yaw,827,0.00741198526748,0.0127334722494,0.00532148698189,0.71795703713,0.625101179878,0.440605736011,-0.184495443866,-0.295144929821,1,1,0,0,1,0,-1,-1,0,0,0,
development,yolo11n,2a9b2658-097e-3f8b-a817-22f2553c5de8,500,all_yaw,975,0.01579408847,0.0178569186444,0.00206283017433,0.130607738347,0.568295140717,0.487506909047,-0.0807882316695,-0.142158934471,1,1,0,0,1,0,-1,-1,0,0,0,
development,yolo11n,3153b5b3-d381-3664-8f82-1d3c5ca841d2,500,all_yaw,707,0.0139611080381,0.0173139907525,0.00335288271446,0.240158782908,0.472005412284,0.353021323526,-0.118984088758,-0.252082043259,1,1,0,0,0,0,0,,0,0,0,
development,yolo11n,349c4c1c-9561-360f-9ae7-59772335d54b,500,all_yaw,1606,0.0113302421702,0.0133665600048,0.00203631783463,0.179724122754,0.538307067872,0.489728326484,-0.0485787413882,-0.0902435511022,1,1,0,0,1,0,-1,-1,0,0,0,
development,yolo11n,3576c0f5-c1b5-35bb-a0c4-ee95cba5c754,500,all_yaw,536,0.0239676956843,0.0140903808651,-0.00987731481925,-0.412109488928,0.28131135969,0.390109629252,0.108798269562,0.38675391453,0,1,1,,0,0,0,,0,0,0,
development,yolo11n,366ceb72-9f11-385a-8bc9-a26a18dbdd22,500,all_yaw,1640,0.00753309181589,0.0115650458695,0.00403195405365,0.535232299326,0.541012313655,0.477905447013,-0.0631068666421,-0.116645897051,1,1,0,0,1,0,-1,-1,0,0,0,
development,yolo11n,380e5bf0-1c68-36a4-ac64-09a03b60bebf,500,all_yaw,1116,0.0088701826006,0.0104968012177,0.00162661861705,0.183380510897,0.571385597106,0.52802664802,-0.0433589490859,-0.0758838677516,1,1,0,0,1,1,0,0,0,0,0,
development,yolo11n,3dd173a6-8b21-3189-bd53-132919b96a48,500,all_yaw,482,0.0115403211694,0.0102095161946,-0.00133080497486,-0.115317845606,0.311097836728,0.4563456501,0.145247813372,0.466887892567,1,1,0,0,0,0,0,,0,0,0,
development,yolo11n,3f9796e9-c892-3915-b719-3292df878ece,500,all_yaw,888,0.00712246792586,0.0105664319317,0.00344396400589,0.483535207422,0.607771023943,0.492420232831,-0.115350791111,-0.189793173033,1,1,0,0,1,0,-1,-1,0,0,0,
development,yolo11n,3fbdfb6c-927f-4aaa-81b1-21b02efd4c01,500,all_yaw,1349,0.0108110208861,0.0101605483983,-0.000650472487807,-0.0601675359488,0.525395806507,0.556639767634,0.031243961127,0.0594674733602,1,1,0,0,1,1,0,0,0,0,0,
development,yolo11n,40bfcbec-ec59-3731-8e75-67f0bddc3b01,500,all_yaw,1473,0.00515165625829,0.00707624030107,0.00192458404278,0.373585492954,0.549737390888,0.461326369343,-0.0884110215448,-0.160824100762,1,1,0,0,1,0,-1,-1,0,0,0,
development,yolo11n,41b6f7d7-e431-3992-b783-74b9edf42215,500,all_yaw,1092,0.00664463861222,0.0109819733301,0.00433733471787,0.652757052866,0.596003157797,0.484961828968,-0.111041328829,-0.186309967282,1,1,0,0,1,0,-1,-1,0,0,0,
development,yolo11n,41d69427-364c-366e-94a5-8e556bcac39f,500,all_yaw,1721,0.0090842980187,0.0100678989889,0.000983600970204,0.108274846133,0.531923624235,0.540446102034,0.00852247779944,0.0160219952849,1,1,0,0,1,1,0,0,0,0,0,
development,yolo11n,4207ef92-0b3b-4708-8868-4ffcaef308e0,500,all_yaw,936,0.00954951623524,0.0108480948302,0.00129857859497,0.135983704618,0.688866326522,0.618912421568,-0.0699539049541,-0.101549316988,1,1,0,0,1,1,0,0,0,0,0,
development,yolo11n,453e5558-6363-38e3-bf9b-42b5ba0a6f1d,500,all_yaw,1138,0.00573466557508,0.0110790568932,0.00534439131809,0.931944722515,0.515470121882,0.369662551775,-0.145807570107,-0.282863281337,1,1,0,0,1,0,-1,-1,0,0,0,
development,yolo11n,46d917cd-531c-330b-8d7b-979b51a8927f,500,all_yaw,961,0.0108050308808,0.0190498084938,0.00824477761302,0.763049888889,0.387828673252,0.17171002156,-0.216118651692,-0.557252896955,1,0,-1,-1,0,0,0,,0,0,0,
development,yolo11n,47167c79-2ba4-369c-8db8-760a30b4c38a,500,all_yaw,415,0.0161745333298,0.0188015258885,0.00262699255865,0.16241535413,0.355057717131,0.257589397345,-0.0974683197864,-0.274514015845,1,0,-1,-1,0,0,0,,0,0,0,
development,yolo11n,47358aac-2ec0-3d45-a837-f2069ca7cee3,500,all_yaw,1920,0.00810609230895,0.00953131332699,0.00142522101804,0.175820970662,0.484293951337,0.487050889222,0.00275693788514,0.00569269526808,1,1,0,0,0,0,0,,0,0,0,
development,yolo11n,575d8d24-ba88-3b18-84c0-df5b29dccfde,500,all_yaw,1919,0.00546496921236,0.0087136591142,0.00324868990184,0.594457127864,0.644183311187,0.533089626613,-0.111093684574,-0.172456632522,1,1,0,0,1,1,0,0,0,0,0,
development,yolo11n,5b1d8b11-4f90-3577-be0b-193e102fda82,500,all_yaw,705,0.0138173538378,0.0165517954111,0.00273444157333,0.197899077163,0.405003188857,0.332430428334,-0.072572760523,-0.179190590395,1,1,0,0,0,0,0,,0,0,0,
development,yolo11n,62a1e53b-b55c-36c2-bc5b-e216d494875a,500,all_yaw,1629,0.00768177846736,0.00915177414821,0.00146999568085,0.191361373814,0.638983608344,0.58659887937,-0.0523847289744,-0.0819813345606,1,1,0,0,1,1,0,0,0,0,0,
development,yolo11n,633addf9-441c-35e7-868a-738aa612d51c,500,all_yaw,1653,0.00771057237348,0.00963211735501,0.00192154498153,0.249209123325,0.605704172875,0.538441032584,-0.0672631402907,-0.111049491324,1,1,0,0,1,1,0,0,0,0,0,
development,yolo11n,639d4834-f922-3e27-9913-20aa649f815d,500,all_yaw,1628,0.00691402685824,0.0115535227594,0.00463949590111,0.671026595099,0.602845513299,0.504040903552,-0.0988046097472,-0.163897064119,1,1,0,0,1,1,0,0,0,0,0,
development,yolo11n,6937b4e5-b5b4-3970-b5dd-9ad194e6c338,500,all_yaw,891,0.0167722323309,0.0303562521087,0.0135840197778,0.809911257476,0.340619491377,0.201557618872,-0.139061872505,-0.408261640998,1,0,-1,-1,0,0,0,,0,0,0,
development,yolo11n,69c0ec7c-e289-3c4d-ade3-d2287ec34026,500,all_yaw,341,0.0206116307308,0.0209590345462,0.00034740381539,0.0168547467169,0.292952547119,0.298887572047,0.00593502492813,0.020259338881,0,0,0,,0,0,0,,0,0,0,
development,yolo11n,6aa2ac89-6b25-3af6-ad59-221351189f4b,500,all_yaw,623,0.00956102190563,0.0164394555603,0.00687843365468,0.719424526224,0.389530409254,0.309252862946,-0.0802775463081,-0.206088008538,1,1,0,0,0,0,0,,0,0,0,
development,yolo11n,6cc0bb26-5afb-3688-b237-b9c64c2800e5,500,all_yaw,707,0.0135577031756,0.0153803436314,0.00182264045581,0.134435784011,0.375226984218,0.374387789407,-0.000839194811188,-0.00223649909651,1,1,0,0,0,0,0,,0,0,0,
development,yolo11n,6dc6e668-549e-33b8-b952-ed8e807b1d48,500,all_yaw,718,0.0260146504809,0.0261378436018,0.000123193120931,0.00473552858306,0.191376196147,0.203583306799,0.0122071106512,0.0637859404512,0,0,0,,0,0,0,,0,0,0,
development,yolo11n,74dd5c1d-7a9a-32d1-903a-fc57e07109b9,500,all_yaw,702,0.0117252099913,0.0145979806426,0.00287277065125,0.245008034259,0.330342267848,0.287044251068,-0.0432980167806,-0.131070168715,1,0,-1,-1,0,0,0,,0,0,0,
development,yolo11n,74f15437-b85e-314a-9d86-7294b98bf07f,500,all_yaw,1200,0.00753665318398,0.0119485840382,0.00441193085417,0.585396560844,0.563111112515,0.48135037064,-0.0817607418751,-0.145194687262,1,1,0,0,1,0,-1,-1,0,0,0,
development,yolo11n,768cf7e2-eb6c-3468-969e-e3b0fd87b34e,500,all_yaw,934,0.0046414884656,0.00731994179206,0.00267845332646,0.577067754518,0.668943314752,0.610303778899,-0.0586395358527,-0.0876599475017,1,1,0,0,1,1,0,0,0,0,0,
development,yolo11n,770a58e6-eff6-39b7-a265-fe7f202fe8b2,500,all_yaw,539,0.018657359938,0.0144572091053,-0.00420015083275,-0.225120319632,0.284472623457,0.442101437451,0.157628813995,0.554108905382,0,1,1,,0,0,0,,0,0,0,
development,yolo11n,7ce2a2ce-eed6-36d7-ba62-dda9acddb070,500,all_yaw,773,0.00400528436686,0.00632458981291,0.00231930544605,0.579061368337,0.636313073734,0.485794882486,-0.150518191248,-0.236547381251,1,1,0,0,1,0,-1,-1,0,0,0,
development,yolo11n,7e3d8631-3b7d-38c1-b833-ee7cfa7235ca,500,all_yaw,1732,0.0110422178648,0.0151959510193,0.00415373315449,0.376168375354,0.461811835684,0.409377560555,-0.0524342751299,-0.113540344959,1,1,0,0,0,0,0,,0,0,0,
development,yolo11n,7ef4a6cc-7266-3a31-8dd4-01c3d3c58dcb,500,all_yaw,847,0.0172917786427,0.00867555221793,-0.00861622642478,-0.498284566487,0.390971327521,0.47632913859,0.0853578110692,0.218322432007,1,1,0,0,0,0,0,,0,0,0,
development,yolo11n,80da8956-f418-319c-9f49-3d47d9002546,500,all_yaw,767,0.00349481869281,0.00840174228838,0.00490692359557,1.40405669847,0.705130733653,0.508823768184,-0.196306965468,-0.2783979709,1,1,0,0,1,1,0,0,1,0,-1,-1
development,yolo11n,85026edc-5fdf-308e-a8ef-a1aad1151c50,500,all_yaw,1233,0.00811667527437,0.0124871857304,0.00437051045606,0.538460676116,0.524750140819,0.470859348447,-0.0538907923717,-0.102698004592,1,1,0,0,1,0,-1,-1,0,0,0,
development,yolo11n,8a0ff1a2-9045-3be3-b67f-3914d88178ec,500,all_yaw,2063,0.00604633584396,0.0104131290947,0.00436679325073,0.722221418629,0.568182477513,0.472547024847,-0.0956354526664,-0.168318201372,1,1,0,0,1,0,-1,-1,0,0,0,
development,yolo11n,8c019de9-7043-37bc-9498-b5858e7240af,500,all_yaw,457,0.00525587013455,0.00751952073202,0.00226365059747,0.430689978923,0.650364923293,0.563761026868,-0.0866038964252,-0.133162003859,1,1,0,0,1,1,0,0,0,0,0,
development,yolo11n,8ee606e6-4cbd-3c07-8419-fbda836ccaac,500,all_yaw,1178,0.00705975469628,0.010615956503,0.00355620180676,0.503728806417,0.561615977299,0.452409030947,-0.109206946352,-0.194451281242,1,1,0,0,1,0,-1,-1,0,0,0,
development,yolo11n,90f360d8-35f7-3c54-b2da-e99b354bc4cb,500,all_yaw,429,0.0110343172042,0.0174166014495,0.00638228424521,0.578403187717,0.41614604874,0.389762676535,-0.026383372205,-0.0633993096531,1,1,0,0,0,0,0,,0,0,0,
development,yolo11n,91923e20-9a05-32e0-ac53-8c09b0b60341,500,all_yaw,954,0.0131172318079,0.015970819,0.00285358719211,0.217544923647,0.305574541796,0.244654580469,-0.0609199613272,-0.199362031173,1,0,-1,-1,0,0,0,,0,0,0,
development,yolo11n,919f13de-857f-3b1c-9f8e-7cbe500a60ae,500,all_yaw,1246,0.00737482772312,0.00880501531175,0.00143018758863,0.193928270914,0.535726619201,0.524855008349,-0.0108716108514,-0.0202932063888,1,1,0,0,1,1,0,0,0,0,0,
development,yolo11n,9239d493-31d7-3dd0-a05f-03d50a242392,500,all_yaw,811,0.0203863462617,0.0168405434726,-0.00354580278912,-0.1739302739,0.262827991388,0.339997743605,0.077169752217,0.293613141467,0,1,1,,0,0,0,,0,0,0,
development,yolo11n,96284bbc-6b58-330f-a5a6-76cd518543f0,500,all_yaw,1906,0.00758423346075,0.0102770927852,0.00269285932441,0.355060183517,0.548436463715,0.469004693431,-0.0794317702832,-0.144833131162,1,1,0,0,1,0,-1,-1,0,0,0,
development,yolo11n,97738d01-b24f-365e-8818-2463149154d2,500,all_yaw,747,0.00717766728138,0.0101926043134,0.00301493703197,0.420044133251,0.529863253202,0.473095418322,-0.05676783488,-0.107136765075,1,1,0,0,1,0,-1,-1,0,0,0,
development,yolo11n,9a25fd14-783b-35c3-ab2d-df4687f82b5e,500,all_yaw,1913,0.00644272261204,0.010942584035,0.00449986142292,0.69844096881,0.593748195328,0.515694573302,-0.0780536220262,-0.131459131397,1,1,0,0,1,1,0,0,0,0,0,
development,yolo11n,9afab336-dbae-3f70-a669-46813f4570d7,500,all_yaw,855,0.00622876075219,0.00942205707315,0.00319329632096,0.512669606042,0.616595347935,0.534491545695,-0.0821038022393,-0.133156700767,1,1,0,0,1,1,0,0,0,0,0,
development,yolo11n,a160c635-aa67-352c-a5e6-03b113493090,500,all_yaw,603,0.00919936372087,0.0108852288546,0.00168586513372,0.183258884514,0.398577913405,0.396747619632,-0.00183029377294,-0.00459206020049,1,1,0,0,0,0,0,,0,0,0,
development,yolo11n,a359e053-a350-36cf-ab1d-a7980afaffa2,500,all_yaw,1320,0.00780770791685,0.010842407237,0.00303469932015,0.388679924053,0.424499600292,0.357047684201,-0.0674519160912,-0.158897478454,1,1,0,0,0,0,0,,0,0,0,
development,yolo11n,a50b198c-4de2-3f8c-a2b9-ab280605b350,500,all_yaw,1643,0.00718783492761,0.0104126947155,0.0032248597879,0.448655237686,0.54741920164,0.486595301034,-0.0608239006057,-0.111110279697,1,1,0,0,1,0,-1,-1,0,0,0,
development,yolo11n,aa539866-29e4-353e-95a9-b6d321b53b33,500,all_yaw,1287,0.00709410052878,0.0122446347332,0.00515053420439,0.726030619879,0.464350226229,0.346364952307,-0.117985273922,-0.254086823387,1,1,0,0,0,0,0,,0,0,0,
development,yolo11n,aa82b61f-7156-3c68-95a4-b79cebd120eb,500,all_yaw,1261,0.00867410861249,0.00950167481062,0.000827566198126,0.0954064832591,0.516474034301,0.49672009868,-0.0197539356209,-0.038247683928,1,1,0,0,1,0,-1,-1,0,0,0,
development,yolo11n,ab83611b-436e-3de7-aad1-f0c9ad254196,500,all_yaw,1280,0.0055391418299,0.00857166449723,0.00303252266733,0.547471568783,0.526799423335,0.45071066739,-0.076088755945,-0.144435913508,1,1,0,0,1,0,-1,-1,0,0,0,
development,yolo11n,ac1b1697-42b9-4225-a666-d17f72204fa8,500,all_yaw,1092,0.00837969016903,0.0106249026434,0.0022452124744,0.26793502255,0.500825432219,0.481761122112,-0.0190643101075,-0.0380657787745,1,1,0,0,1,0,-1,-1,0,0,0,
development,yolo11n,b21b7285-2199-3264-b10a-524e9b23502a,500,all_yaw,1035,0.0196392095607,0.0261323143231,0.00649310476246,0.330619455044,0.446056596342,0.360688515816,-0.0853680805254,-0.191383966128,1,1,0,0,0,0,0,,0,0,0,
development,yolo11n,b5ea60b0-2540-4efe-b60e-f421ade3c128,500,all_yaw,382,0.00450908594601,0.00755129854777,0.00304221260176,0.674684988974,0.546718058612,0.358958886976,-0.187759171636,-0.343429613634,1,1,0,0,1,0,-1,-1,0,0,0,
development,yolo11n,bb9be2e6-8f0e-3bb3-8bb9-5d9aa9df384d,500,all_yaw,888,0.0180430261842,0.0210955682886,0.00305254210433,0.169181271099,0.271599539875,0.262551979894,-0.00904755998073,-0.0333121329473,0,0,0,,0,0,0,,0,0,0,
development,yolo11n,c453a8e7-d3da-317a-946b-f8e9678a8582,500,all_yaw,498,0.00389811361062,0.00663947308256,0.00274135947194,0.703252841187,0.645722928699,0.532655470987,-0.113067457712,-0.17510212614,1,1,0,0,1,1,0,0,0,0,0,
development,yolo11n,c7f5e5c1-dc52-3619-8998-420b2e280d8a,500,all_yaw,875,0.016405457304,0.0116848911985,-0.00472056610559,-0.287743646404,0.399237818495,0.477615691709,0.0783778732139,0.196318759353,1,1,0,0,0,0,0,,0,0,0,
development,yolo11n,cf6a99cb-b8bc-34d7-bdca-30e50e66cd74,500,all_yaw,1350,0.00454245025085,0.00766610035149,0.00312365010064,0.687657525814,0.659759504888,0.578196598399,-0.0815629064889,-0.123625208708,1,1,0,0,1,1,0,0,0,0,0,
development,yolo11n,d20c3612-a64d-3aa8-bd4a-58890413afbb,500,all_yaw,1194,0.0176541622839,0.0116008160061,-0.0060533462778,-0.342884934468,0.47700705263,0.540285631942,0.0632785793115,0.132657534019,1,1,0,0,0,1,1,,0,0,0,
development,yolo11n,d37be0e2-8223-3eeb-a0e2-c4b75d5ff87b,500,all_yaw,511,0.00902665364771,0.0134205580301,0.00439390438235,0.486770020634,0.643848975225,0.558812133929,-0.0850368412952,-0.132075757775,1,1,0,0,1,1,0,0,0,0,0,
development,yolo11n,d3efe9ba-f10a-35e7-b17e-6850c66693fe,500,all_yaw,163,0.0141507679719,0.0096895506664,-0.00446121730551,-0.315263264465,0.42719883315,0.5259655096,0.0987666764501,0.231196035162,1,1,0,0,0,1,1,,0,0,0,
development,yolo11n,dc9c2d63-083f-32c3-90ff-943ca823a245,500,all_yaw,1105,0.00837052997678,0.00959498556336,0.00122445558658,0.146281727678,0.567969118455,0.515597745461,-0.052371372994,-0.0922081347247,1,1,0,0,1,1,0,0,0,0,0,
development,yolo11n,dd251cc5-736d-3b76-8ad3-3f6cb138178e,500,all_yaw,1548,0.0138841188865,0.0135836928167,-0.000300426069853,-0.021638108425,0.436406826274,0.518804652014,0.0823978257402,0.188809662864,1,1,0,0,0,1,1,,0,0,0,
development,yolo11n,e66d1403-755b-3f63-938b-a2a69446a48a,500,all_yaw,789,0.00713786283963,0.0106476692007,0.0035098063611,0.491716700076,0.592025455154,0.515835315848,-0.0761901393059,-0.128694025979,1,1,0,0,1,1,0,0,0,0,0,
development,yolo11n,ec3133b4-2b17-3d49-b78a-4bc480ac5137,500,all_yaw,684,0.0131041889538,0.0105770393231,-0.00252714963063,-0.192850518223,0.604596393713,0.606282208927,0.00168581521412,0.002788331574,1,1,0,0,1,1,0,0,0,0,0,
development,yolo11n,ef4a46c4-138e-3478-b94e-3e60a567ec7d,500,all_yaw,817,0.00666410763582,0.0102662110958,0.00360210345995,0.540523001247,0.539726444914,0.463066080675,-0.0766603642395,-0.142035590366,1,1,0,0,1,0,-1,-1,0,0,0,
development,yolo11n,f3cc42c7-84a8-35c5-8683-13878bb9beeb,500,all_yaw,1661,0.00975656088458,0.0116137343277,0.00185717344312,0.190351238012,0.440817105985,0.41733181278,-0.023485293205,-0.0532767283442,1,1,0,0,0,0,0,,0,0,0,
development,yolo11n,f7cdc2d1-f59a-30a2-aae8-8bb81c769e6e,500,all_yaw,1711,0.00546563010536,0.0101399789843,0.00467434887891,0.85522598288,0.595889302111,0.481767992961,-0.11412130915,-0.191514277476,1,1,0,0,1,0,-1,-1,0,0,0,
development,yolo11n,fa9ec72a-cbcf-35dc-be20-4d0d9e7215ef,500,all_yaw,516,0.0120087476321,0.0141286954602,0.00211994782806,0.1765336314,0.474314194165,0.416555193535,-0.0577590006303,-0.121773713165,1,1,0,0,0,0,0,,0,0,0,
development,yolo11n,fb149ce0-7706-3bb5-9860-8c63d1c77592,500,all_yaw,886,0.00987328878573,0.00991213871372,3.88499279833e-05,0.00393485178307,0.354999139479,0.379884618611,0.024885479132,0.0701001111398,1,1,0,0,0,0,0,,0,0,0,
development,yolo11n,ff52c01e-3d7b-32b1-b6a1-bcff3459ccdd,500,all_yaw,838,0.00847416072236,0.0187290310734,0.0102548703511,1.21013404006,0.371937768146,0.181245203415,-0.190692564731,-0.5127001909,1,0,-1,-1,0,0,0,,0,0,0,
development,yolo11n,ff8e7fdb-1073-3592-ba5e-8111bc3ce48b,500,all_yaw,1467,0.00709854670053,0.01099761067,0.00389906396948,0.549276370781,0.457744590472,0.367884737315,-0.0898598531568,-0.196310027529,1,1,0,0,0,0,0,,0,0,0,
development,yolo11n,01bb304d-7bd8-35f8-bbef-7086b688e35e,500,high_yaw,243,0.00850677179747,0.0127866885132,0.00427991671573,0.503118787905,0.534914727604,0.430277145132,-0.104637582471,-0.195615444989,1,1,0,0,1,0,-1,-1,0,0,0,
development,yolo11n,16af3863-0d31-3cd1-8fa2-58053ffb953a,500,high_yaw,345,0.00664194926124,0.0131515749802,0.00650962571901,0.980077604176,0.543788288749,0.446277859791,-0.0975104289581,-0.179316897726,1,1,0,0,1,0,-1,-1,0,0,0,
development,yolo11n,1d43ed4e-e705-308a-bdfa-49d99285c42a,500,high_yaw,116,0.00672009146367,0.0131562199302,0.00643612846648,0.957744176738,0.450091112461,0.376309193598,-0.0737819188625,-0.16392662912,1,1,0,0,0,0,0,,0,0,0,
development,yolo11n,1e6f21fd-5c8a-3526-ac50-72adae89d6a8,500,high_yaw,316,0.00687961047503,0.00961362432431,0.00273401384927,0.397408233968,0.527690095567,0.464217373939,-0.0634727216286,-0.120284087501,1,1,0,0,1,0,-1,-1,0,0,0,
development,yolo11n,2772dd5f-bc0a-47ea-ae19-a5e0dbef8f41,500,high_yaw,16,0.0556888968812,0.0551366069082,-0.000552289972952,-0.00991741628732,0,0,0,,0,0,0,,0,0,0,,0,0,0,
development,yolo11n,286790ed-9dec-305b-bcad-4f8153301e7c,500,high_yaw,188,0.00501526584935,0.0107984575085,0.00578319165919,1.15311766772,0.790268877737,0.657433610842,-0.132835266895,-0.16808869821,1,1,0,0,1,1,0,0,1,0,-1,-1
development,yolo11n,2a9b2658-097e-3f8b-a817-22f2553c5de8,500,high_yaw,437,0.0144829255082,0.0191127201579,0.00462979464968,0.319672613593,0.540664481457,0.456222705113,-0.0844417763447,-0.156181475279,1,1,0,0,1,0,-1,-1,0,0,0,
development,yolo11n,3153b5b3-d381-3664-8f82-1d3c5ca841d2,500,high_yaw,237,0.0227194459003,0.0311883359724,0.00846889007218,0.372759534249,0.187628208536,0.178474743767,-0.00915346476822,-0.0487851205299,0,0,0,,0,0,0,,0,0,0,
development,yolo11n,3576c0f5-c1b5-35bb-a0c4-ee95cba5c754,500,high_yaw,310,0.0239676956843,0.0151225119713,-0.00884518371302,-0.36904606223,0.134332718054,0.316493959073,0.182161241019,1.35604522605,0,1,1,,0,0,0,,0,0,0,
development,yolo11n,366ceb72-9f11-385a-8bc9-a26a18dbdd22,500,high_yaw,550,0.00561261757711,0.0103111175011,0.00469849992397,0.837131669746,0.582157608824,0.47039220357,-0.111765405254,-0.191984788242,1,1,0,0,1,0,-1,-1,0,0,0,
development,yolo11n,3dd173a6-8b21-3189-bd53-132919b96a48,500,high_yaw,25,0.0185430387984,0.0116221463052,-0.00692089249318,-0.37323399732,0.275090197132,0.482488891092,0.20739869396,0.753929787839,0,1,1,,0,0,0,,0,0,0,
development,yolo11n,3f9796e9-c892-3915-b719-3292df878ece,500,high_yaw,497,0.00660573726168,0.0121982711179,0.00559253385624,0.846617665024,0.589893524603,0.412278218224,-0.177615306379,-0.301097230214,1,1,0,0,1,0,-1,-1,0,0,0,
development,yolo11n,3fbdfb6c-927f-4aaa-81b1-21b02efd4c01,500,high_yaw,51,0.0106933898049,0.0111642219477,0.00047083214286,0.0440302047762,0.489802449856,0.506869313137,0.0170668632816,0.0348443812126,1,1,0,0,0,1,1,,0,0,0,
development,yolo11n,41b6f7d7-e431-3992-b783-74b9edf42215,500,high_yaw,110,0.00512359390339,0.0100294986774,0.00490590477399,0.957512415404,0.569510882075,0.411523755214,-0.157987126861,-0.277408442637,1,1,0,0,1,0,-1,-1,0,0,0,
development,yolo11n,453e5558-6363-38e3-bf9b-42b5ba0a6f1d,500,high_yaw,37,0.00590425324598,0.0100064229124,0.00410216966644,0.694782133411,0.481615145648,0.358682403658,-0.12293274199,-0.255250988472,1,1,0,0,0,0,0,,0,0,0,
development,yolo11n,46d917cd-531c-330b-8d7b-979b51a8927f,500,high_yaw,749,0.0110509616501,0.0185454556643,0.00749449401423,0.678175732712,0.383091080247,0.195362468164,-0.187728612082,-0.490036499836,1,0,-1,-1,0,0,0,,0,0,0,
development,yolo11n,47167c79-2ba4-369c-8db8-760a30b4c38a,500,high_yaw,70,0.0203091459858,0.0180211575725,-0.00228798841329,-0.112658031751,0.358649296019,0.16356720857,-0.195082087449,-0.543935509184,1,0,-1,-1,0,0,0,,0,0,0,
development,yolo11n,575d8d24-ba88-3b18-84c0-df5b29dccfde,500,high_yaw,442,0.00567734138013,0.0101488325931,0.00447149121294,0.787603019361,0.61802720273,0.493997090301,-0.124030112429,-0.200687141086,1,1,0,0,1,0,-1,-1,0,0,0,
development,yolo11n,5b1d8b11-4f90-3577-be0b-193e102fda82,500,high_yaw,503,0.014106588771,0.0153048727601,0.00119828398914,0.0849449862469,0.424067020432,0.350518600828,-0.0735484196038,-0.17343583929,1,1,0,0,0,0,0,,0,0,0,
development,yolo11n,62a1e53b-b55c-36c2-bc5b-e216d494875a,500,high_yaw,362,0.0089478955349,0.0105874055695,0.00163951003464,0.183228562319,0.666632326152,0.592127943734,-0.0745043824172,-0.11176233059,1,1,0,0,1,1,0,0,0,0,0,
development,yolo11n,633addf9-441c-35e7-868a-738aa612d51c,500,high_yaw,304,0.00837380340009,0.0103024677173,0.00192866431719,0.230321184418,0.616996462526,0.552062711108,-0.0649337514181,-0.105241691585,1,1,0,0,1,1,0,0,0,0,0,
development,yolo11n,639d4834-f922-3e27-9913-20aa649f815d,500,high_yaw,663,0.00731768718976,0.0116078820635,0.00429019487379,0.586277434733,0.589160933241,0.502551320619,-0.0866096126215,-0.147005016346,1,1,0,0,1,1,0,0,0,0,0,
development,yolo11n,6937b4e5-b5b4-3970-b5dd-9ad194e6c338,500,high_yaw,183,0.0126504548018,0.027104627669,0.0144541728672,1.14258128215,0.3641680442,0.187684598681,-0.176483445518,-0.484620900513,1,0,-1,-1,0,0,0,,0,0,0,
development,yolo11n,69c0ec7c-e289-3c4d-ade3-d2287ec34026,500,high_yaw,112,0.0196421193335,0.0249517569682,0.00530963763463,0.270318978541,0.29792618363,0.224755289761,-0.0731708938684,-0.245600749075,0.5,0,-0.5,-1,0,0,0,,0,0,0,
development,yolo11n,6aa2ac89-6b25-3af6-ad59-221351189f4b,500,high_yaw,99,0.0052359653691,0.0147060709361,0.00947010556703,1.8086646682,0.537386364505,0.320933868394,-0.216452496111,-0.402787473609,1,1,0,0,1,0,-1,-1,0,0,0,
development,yolo11n,6cc0bb26-5afb-3688-b237-b9c64c2800e5,500,high_yaw,406,0.013724492501,0.015126128552,0.00140163605098,0.102126621503,0.251473337918,0.246668418331,-0.00480491958781,-0.0191070736468,0,0,0,,0,0,0,,0,0,0,
development,yolo11n,6dc6e668-549e-33b8-b952-ed8e807b1d48,500,high_yaw,291,0.0213017714003,0.023122919022,0.00182114762163,0.0854927783894,0.115834871202,0.155312238836,0.0394773676342,0.340807282164,0,0,0,,0,0,0,,0,0,0,
development,yolo11n,74dd5c1d-7a9a-32d1-903a-fc57e07109b9,500,high_yaw,321,0.0161732091029,0.0205695361453,0.00439632704242,0.271827750105,0.243119508488,0.173078286618,-0.0700412218693,-0.288093795126,0,0,0,,0,0,0,,0,0,0,
development,yolo11n,74f15437-b85e-314a-9d86-7294b98bf07f,500,high_yaw,400,0.00722377310509,0.0123062522794,0.00508247917433,0.703576801264,0.568756128659,0.427544140105,-0.141211988555,-0.248282139636,1,1,0,0,1,0,-1,-1,0,0,0,
development,yolo11n,768cf7e2-eb6c-3468-969e-e3b0fd87b34e,500,high_yaw,28,0.00789235657409,0.00617623069157,-0.00171612588252,-0.217441503867,0.664996219555,0.678756976815,0.01376075726,0.0206929856973,1,1,0,0,1,1,0,0,0,0,0,
development,yolo11n,770a58e6-eff6-39b7-a265-fe7f202fe8b2,500,high_yaw,186,0.0307011613526,0.0136767294511,-0.0170244319016,-0.554520778743,0.168606869298,0.448960371123,0.280353501824,1.66276441162,0,1,1,,0,0,0,,0,0,0,
development,yolo11n,7ce2a2ce-eed6-36d7-ba62-dda9acddb070,500,high_yaw,116,0.00273739608684,0.00719992854359,0.00446253245674,1.63021072405,0.721458182909,0.583031105418,-0.138427077491,-0.191871241841,1,1,0,0,1,1,0,0,1,0,-1,-1
development,yolo11n,7e3d8631-3b7d-38c1-b833-ee7cfa7235ca,500,high_yaw,992,0.0105684017946,0.0153259406549,0.00475753886029,0.450166349911,0.445387299189,0.367575989297,-0.0778113098921,-0.174704824394,1,1,0,0,0,0,0,,0,0,0,
development,yolo11n,7ef4a6cc-7266-3a31-8dd4-01c3d3c58dcb,500,high_yaw,80,0.0257325377686,0.00911957571868,-0.0166129620499,-0.645601386047,0.373112053619,0.487962662127,0.114850608508,0.307818006398,1,1,0,0,0,0,0,,0,0,0,
development,yolo11n,80da8956-f418-319c-9f49-3d47d9002546,500,high_yaw,8,0.00461463932804,0.00455523830749,-5.94010205431e-05,-0.0128722997228,0.701959393102,0.512378379254,-0.189581013848,-0.270074046606,1,1,0,0,1,0.5,-0.5,-0.5,0.5,0,-0.5,-1
development,yolo11n,8c019de9-7043-37bc-9498-b5858e7240af,500,high_yaw,160,0.00575031572289,0.00678041264139,0.0010300969185,0.179137454035,0.613930391038,0.542366150486,-0.0715642405524,-0.116567352907,1,1,0,0,1,1,0,0,0,0,0,
development,yolo11n,8ee606e6-4cbd-3c07-8419-fbda836ccaac,500,high_yaw,160,0.0124249612042,0.0156284240666,0.00320346286237,0.257824777857,0.337652457355,0.280010637477,-0.0576418198778,-0.170713461793,1,0,-1,-1,0,0,0,,0,0,0,
development,yolo11n,90f360d8-35f7-3c54-b2da-e99b354bc4cb,500,high_yaw,4,0.0199550094427,0.019329638282,-0.000625371160694,-0.0313390561147,0.507370174183,0.418884744887,-0.0884854292961,-0.174400139777,0.5,0.5,0,0,0.5,0.5,0,0,0.5,0.5,0,0
development,yolo11n,96284bbc-6b58-330f-a5a6-76cd518543f0,500,high_yaw,268,0.0102293150616,0.0107865888018,0.000557273740181,0.0544781089276,0.508894560131,0.516657529738,0.00776296960635,0.0152545737654,1,1,0,0,1,1,0,0,0,0,0,
development,yolo11n,97738d01-b24f-365e-8818-2463149154d2,500,high_yaw,368,0.00626627481934,0.00832320612462,0.00205693130528,0.328254244281,0.511003801497,0.47303846079,-0.0379653407075,-0.0742956130586,1,1,0,0,1,0,-1,-1,0,0,0,
development,yolo11n,9a25fd14-783b-35c3-ab2d-df4687f82b5e,500,high_yaw,883,0.00771654243155,0.0121413105733,0.00442476814171,0.573413310555,0.567512983636,0.495654852623,-0.0718581310135,-0.126619360412,1,1,0,0,1,0,-1,-1,0,0,0,
development,yolo11n,9afab336-dbae-3f70-a669-46813f4570d7,500,high_yaw,52,0.007779234823,0.00942496585005,0.00164573102704,0.211554357786,0.556487878774,0.590304048949,0.0338161701747,0.0607671280265,1,1,0,0,1,1,0,0,0,0,0,
development,yolo11n,a160c635-aa67-352c-a5e6-03b113493090,500,high_yaw,335,0.00799687090901,0.0104281178989,0.00243124698993,0.304024788895,0.297159788327,0.296725990421,-0.000433797906257,-0.0014598136198,0,0,0,,0,0,0,,0,0,0,
development,yolo11n,a359e053-a350-36cf-ab1d-a7980afaffa2,500,high_yaw,548,0.00784202012433,0.012240100971,0.00439808084663,0.560835190028,0.437978509931,0.336704944284,-0.101273565647,-0.231229531474,1,1,0,0,0,0,0,,0,0,0,
development,yolo11n,a50b198c-4de2-3f8c-a2b9-ab280605b350,500,high_yaw,491,0.0096558477453,0.011581126635,0.00192527888974,0.199389938669,0.566628059363,0.517478060406,-0.0491499989568,-0.0867412020013,1,1,0,0,1,1,0,0,0,0,0,
development,yolo11n,aa82b61f-7156-3c68-95a4-b79cebd120eb,500,high_yaw,721,0.00927218359004,0.00993388841668,0.000661704826642,0.0713645087176,0.500852394496,0.488311588141,-0.0125408063545,-0.0250389266225,1,1,0,0,1,0,-1,-1,0,0,0,
development,yolo11n,b21b7285-2199-3264-b10a-524e9b23502a,500,high_yaw,207,0.0469947559526,0.0457806796474,-0.00121407630521,-0.0258342932228,0.0614736295326,0.128965056698,0.0674914271649,1.09789234307,0,0,0,,0,0,0,,0,0,0,
development,yolo11n,b5ea60b0-2540-4efe-b60e-f421ade3c128,500,high_yaw,181,0.00564753832341,0.0113824600681,0.00573492174465,1.01547283369,0.503029564557,0.299749394581,-0.203280169976,-0.404111774533,1,0,-1,-1,1,0,-1,-1,0,0,0,
development,yolo11n,bb9be2e6-8f0e-3bb3-8bb9-5d9aa9df384d,500,high_yaw,564,0.01792849375,0.0257612777375,0.00783278398743,0.436890242796,0.281014108251,0.230833042306,-0.0501810659454,-0.178571340271,0,0,0,,0,0,0,,0,0,0,
development,yolo11n,c453a8e7-d3da-317a-946b-f8e9678a8582,500,high_yaw,270,0.00919342628312,0.0114696403491,0.00227621406596,0.247591485031,0.506601329078,0.429366587424,-0.0772347416543,-0.152456650271,1,1,0,0,1,0,-1,-1,0,0,0,
development,yolo11n,c7f5e5c1-dc52-3619-8998-420b2e280d8a,500,high_yaw,586,0.0171388331193,0.0123375818776,-0.00480125124169,-0.280138747386,0.394631729291,0.474448959175,0.0798172298837,0.20225750734,1,1,0,0,0,0,0,,0,0,0,
development,yolo11n,cf6a99cb-b8bc-34d7-bdca-30e50e66cd74,500,high_yaw,407,0.00434297782939,0.00945356815407,0.00511059032468,1.17674796544,0.659361271448,0.531903781726,-0.127457489722,-0.193304483052,1,1,0,0,1,1,0,0,0,0,0,
development,yolo11n,d20c3612-a64d-3aa8-bd4a-58890413afbb,500,high_yaw,163,0.0198543238007,0.0115828332781,-0.00827149052258,-0.416609027112,0.341680100477,0.514330694355,0.172650593878,0.505298943769,1,1,0,0,0,1,1,,0,0,0,
development,yolo11n,d3efe9ba-f10a-35e7-b17e-6850c66693fe,500,high_yaw,20,0.0107153581059,0.00675199520532,-0.00396336290063,-0.369876849793,0.403904174514,0.448908442033,0.0450042675185,0.111423130431,1,1,0,0,0,0,0,,0,0,0,
development,yolo11n,dc9c2d63-083f-32c3-90ff-943ca823a245,500,high_yaw,49,0.0112782111413,0.0123438102938,0.00106559915245,0.0944829937204,0.503458200018,0.411750418547,-0.091707781471,-0.182155701243,1,1,0,0,1,0,-1,-1,0,0,0,
development,yolo11n,e66d1403-755b-3f63-938b-a2a69446a48a,500,high_yaw,438,0.00755155064065,0.0125153650175,0.0049638143768,0.657323854797,0.555415336755,0.469552323099,-0.0858630136558,-0.154592442761,1,1,0,0,1,0,-1,-1,0,0,0,
development,yolo11n,ec3133b4-2b17-3d49-b78a-4bc480ac5137,500,high_yaw,321,0.0116461282166,0.00899376362116,-0.0026523645954,-0.227746470422,0.55366086158,0.5739366546,0.0202757930193,0.0366213225934,1,1,0,0,1,1,0,0,0,0,0,
development,yolo11n,ef4a46c4-138e-3478-b94e-3e60a567ec7d,500,high_yaw,428,0.00669709865299,0.0111010241321,0.00440392547912,0.657587069762,0.596085676106,0.461907044004,-0.134178632102,-0.225099574576,1,1,0,0,1,0,-1,-1,0,0,0,
development,yolo11n,fa9ec72a-cbcf-35dc-be20-4d0d9e7215ef,500,high_yaw,100,0.0143287812265,0.0218496296473,0.00752084842079,0.524877050037,0.325005881701,0.337698713021,0.0126928313195,0.039054158814,1,1,0,0,0,0,0,,0,0,0,
development,yolo11n,fb149ce0-7706-3bb5-9860-8c63d1c77592,500,high_yaw,47,0.00584058649786,0.00560204750849,-0.000238538989368,-0.0408416157273,0.390473240263,0.484539907772,0.0940666675094,0.240904261317,1,1,0,0,0,0,0,,0,0,0,
development,yolo11n,ff52c01e-3d7b-32b1-b6a1-bcff3459ccdd,500,high_yaw,762,0.00873075922032,0.0194585425556,0.0107277833353,1.22873430187,0.364598112163,0.173068591112,-0.191529521051,-0.525316820524,1,0,-1,-1,0,0,0,,0,0,0,
development,yolo11n,ff8e7fdb-1073-3592-ba5e-8111bc3ce48b,500,high_yaw,261,0.00770325488465,0.0116464068305,0.00394315194585,0.511881276797,0.355133422541,0.259129002756,-0.0960044197856,-0.270333383714,1,0,-1,-1,0,0,0,,0,0,0,
development,yolo11s,01bb304d-7bd8-35f8-bbef-7086b688e35e,100,all_yaw,836,0.00623537612946,0.00658523209216,0.000349855962694,0.0561082371664,0.51077096079,0.49988732259,-0.0108836382004,-0.0213082556291,1,1,0,0,1,0,-1,-1,0,0,0,
development,yolo11s,16af3863-0d31-3cd1-8fa2-58053ffb953a,100,all_yaw,2044,0.00604566111122,0.006198667998,0.000153006886789,0.0253085450828,0.548266165277,0.552308857724,0.0040426924471,0.00737359462088,1,1,0,0,1,1,0,0,0,0,0,
development,yolo11s,1d43ed4e-e705-308a-bdfa-49d99285c42a,100,all_yaw,2320,0.00488291058348,0.00516912113757,0.000286210554088,0.0586147440538,0.543516705242,0.540046016838,-0.0034706884035,-0.00638561495907,1,1,0,0,1,1,0,0,0,0,0,
development,yolo11s,1e6f21fd-5c8a-3526-ac50-72adae89d6a8,100,all_yaw,2037,0.00571753133494,0.00579151393789,7.39826029484e-05,0.0129396060318,0.518423801046,0.516690213965,-0.00173358708117,-0.00334395735242,1,1,0,0,1,1,0,0,0,0,0,
development,yolo11s,2772dd5f-bc0a-47ea-ae19-a5e0dbef8f41,100,all_yaw,1409,0.00698316990135,0.00690417395885,-7.89959424941e-05,-0.0113123328818,0.518861013593,0.508796905579,-0.0100641080133,-0.0193965392458,1,1,0,0,1,1,0,0,0,0,0,
development,yolo11s,286790ed-9dec-305b-bcad-4f8153301e7c,100,all_yaw,1052,0.00564060879111,0.00608847949639,0.000447870705285,0.079401128827,0.644514497441,0.632644022214,-0.0118704752261,-0.0184177008791,1,1,0,0,1,1,0,0,0,0,0,
development,yolo11s,2a9b2658-097e-3f8b-a817-22f2553c5de8,100,all_yaw,1193,0.0110252323145,0.0104783378679,-0.000546894446588,-0.0496038932323,0.608915311786,0.610734067514,0.00181875572757,0.00298687796541,1,1,0,0,1,1,0,0,0,0,0,
development,yolo11s,3153b5b3-d381-3664-8f82-1d3c5ca841d2,100,all_yaw,788,0.00857818371863,0.00841466719977,-0.000163516518859,-0.0190619045036,0.540654147636,0.528530435174,-0.0121237124621,-0.0224241551001,1,1,0,0,1,1,0,0,0,0,0,
development,yolo11s,349c4c1c-9561-360f-9ae7-59772335d54b,100,all_yaw,1978,0.0086183192777,0.00908597363855,0.000467654360848,0.0542628261706,0.542637946549,0.53676428497,-0.00587366157816,-0.0108242735613,1,1,0,0,1,1,0,0,0,0,0,
development,yolo11s,3576c0f5-c1b5-35bb-a0c4-ee95cba5c754,100,all_yaw,709,0.00994237507287,0.00794877559806,-0.00199359947481,-0.200515416105,0.529084097028,0.574078858992,0.0449947619638,0.0850427412514,1,1,0,0,1,1,0,0,0,0,0,
development,yolo11s,366ceb72-9f11-385a-8bc9-a26a18dbdd22,100,all_yaw,1903,0.00565814978666,0.00569989672643,4.17469397705e-05,0.00737819629111,0.57865679447,0.57713964409,-0.00151715037936,-0.00262184838035,1,1,0,0,1,1,0,0,0,0,0,
development,yolo11s,380e5bf0-1c68-36a4-ac64-09a03b60bebf,100,all_yaw,1303,0.00502329103638,0.00515767921229,0.000134388175914,0.0267530140978,0.662587057753,0.648059727633,-0.0145273301192,-0.0219251643225,1,1,0,0,1,1,0,0,0,0,0,
development,yolo11s,3dd173a6-8b21-3189-bd53-132919b96a48,100,all_yaw,560,0.00560543582942,0.00529292617468,-0.000312509654746,-0.0557511787229,0.557257037701,0.593936731402,0.0366796937017,0.0658218581734,1,1,0,0,1,1,0,0,0,0,0,
development,yolo11s,3f9796e9-c892-3915-b719-3292df878ece,100,all_yaw,1104,0.00443636797885,0.00471871479881,0.000282346819957,0.0636436881031,0.675214822932,0.65508484267,-0.0201299802623,-0.0298127049031,1,1,0,0,1,1,0,0,0,0,0,
development,yolo11s,3fbdfb6c-927f-4aaa-81b1-21b02efd4c01,100,all_yaw,1583,0.00551191394734,0.00501846988784,-0.0004934440595,-0.0895231791015,0.671267884339,0.681301591526,0.0100337071871,0.0149473964436,1,1,0,0,1,1,0,0,0,0,0,
development,yolo11s,40bfcbec-ec59-3731-8e75-67f0bddc3b01,100,all_yaw,2017,0.00497115873743,0.00501887078543,4.77120479949e-05,0.00959777197128,0.512318083066,0.507902265185,-0.00441581788033,-0.00861928951231,1,1,0,0,1,1,0,0,0,0,0,
development,yolo11s,41b6f7d7-e431-3992-b783-74b9edf42215,100,all_yaw,1520,0.00531436946235,0.0057102253142,0.00039585585185,0.0744878305233,0.587134542726,0.602845046542,0.0157105038164,0.0267579279929,1,1,0,0,1,1,0,0,0,0,0,
development,yolo11s,41d69427-364c-366e-94a5-8e556bcac39f,100,all_yaw,2324,0.00484403880866,0.00465714516149,-0.000186893647163,-0.0385821944344,0.659416081384,0.654493346536,-0.00492273484774,-0.0074652938967,1,1,0,0,1,1,0,0,0,0,0,
development,yolo11s,4207ef92-0b3b-4708-8868-4ffcaef308e0,100,all_yaw,1017,0.00577486055119,0.00553874053042,-0.000236120020772,-0.0408875709948,0.758316986044,0.747351339394,-0.0109656466501,-0.0144605051079,1,1,0,0,1,1,0,0,1,1,0,0
development,yolo11s,453e5558-6363-38e3-bf9b-42b5ba0a6f1d,100,all_yaw,1407,0.00349338091782,0.00374943177094,0.000256050853125,0.073296001538,0.588668041279,0.584007378687,-0.00466066259201,-0.00791730188356,1,1,0,0,1,1,0,0,0,0,0,
development,yolo11s,46d917cd-531c-330b-8d7b-979b51a8927f,100,all_yaw,1584,0.00743484278552,0.00841725725489,0.000982414469374,0.13213654918,0.409972098807,0.392851434502,-0.0171206643048,-0.0417605596932,1,1,0,0,0,0,0,,0,0,0,
development,yolo11s,47167c79-2ba4-369c-8db8-760a30b4c38a,100,all_yaw,493,0.00827175749408,0.00847085066574,0.000199093171664,0.0240690290796,0.483546553163,0.476732904299,-0.00681364886451,-0.0140909883856,1,1,0,0,0,0,0,,0,0,0,
development,yolo11s,47358aac-2ec0-3d45-a837-f2069ca7cee3,100,all_yaw,2429,0.00578900650548,0.00543004247687,-0.000358964028611,-0.0620078813647,0.577948910514,0.574233064945,-0.00371584556887,-0.00642936685453,1,1,0,0,1,1,0,0,0,0,0,
development,yolo11s,575d8d24-ba88-3b18-84c0-df5b29dccfde,100,all_yaw,2192,0.00471948724228,0.00492359933749,0.000204112095216,0.0432487863062,0.665929495369,0.654866030079,-0.0110634652905,-0.0166135685045,1,1,0,0,1,1,0,0,0,0,0,
development,yolo11s,5b1d8b11-4f90-3577-be0b-193e102fda82,100,all_yaw,1004,0.00695698658498,0.00708589232535,0.000128905740371,0.0185289620435,0.577611789625,0.569097522977,-0.00851426664749,-0.0147404654829,1,1,0,0,1,1,0,0,0,0,0,
development,yolo11s,62a1e53b-b55c-36c2-bc5b-e216d494875a,100,all_yaw,1985,0.00440057861846,0.00464631449265,0.00024573587419,0.0558417188956,0.667672720718,0.652232592103,-0.0154401286157,-0.0231252949785,1,1,0,0,1,1,0,0,0,0,0,
development,yolo11s,633addf9-441c-35e7-868a-738aa612d51c,100,all_yaw,2128,0.00614135237058,0.00641685694489,0.000275504574302,0.04486057104,0.579631048699,0.573777419223,-0.00585362947611,-0.0100988887487,1,1,0,0,1,1,0,0,0,0,0,
development,yolo11s,639d4834-f922-3e27-9913-20aa649f815d,100,all_yaw,2077,0.00449011232519,0.00451288952473,2.27771995418e-05,0.00507274604558,0.653135996533,0.644928635935,-0.00820736059796,-0.0125660821659,1,1,0,0,1,1,0,0,0,0,0,
development,yolo11s,6937b4e5-b5b4-3970-b5dd-9ad194e6c338,100,all_yaw,1332,0.00787849713114,0.00865663633242,0.000778139201273,0.0987674664749,0.527857948177,0.506262442285,-0.0215955058919,-0.0409115860933,1,1,0,0,1,1,0,0,0,0,0,
development,yolo11s,69c0ec7c-e289-3c4d-ade3-d2287ec34026,100,all_yaw,483,0.0074083095992,0.00688574874626,-0.000522560852937,-0.0705371240146,0.532828528278,0.551552427921,0.018723899643,0.0351405727159,1,1,0,0,1,1,0,0,0,0,0,
development,yolo11s,6aa2ac89-6b25-3af6-ad59-221351189f4b,100,all_yaw,985,0.00400673879242,0.00433286454849,0.00032612575607,0.0813943141708,0.5421026459,0.535730278995,-0.0063723669054,-0.0117549083252,1,1,0,0,1,1,0,0,0,0,0,
development,yolo11s,6cc0bb26-5afb-3688-b237-b9c64c2800e5,100,all_yaw,961,0.00689062854613,0.00702583240009,0.000135203853962,0.0196214108854,0.546470961715,0.547255190952,0.000784229236921,0.00143507943123,1,1,0,0,1,1,0,0,0,0,0,
development,yolo11s,6dc6e668-549e-33b8-b952-ed8e807b1d48,100,all_yaw,1002,0.0163463703726,0.0145254423839,-0.00182092798864,-0.111396471947,0.427945445172,0.42274696872,-0.00519847645219,-0.0121475213975,1,1,0,0,0,0,0,,0,0,0,
development,yolo11s,74dd5c1d-7a9a-32d1-903a-fc57e07109b9,100,all_yaw,1092,0.00760999200508,0.00814058032946,0.000530588324376,0.0697225863079,0.40963196915,0.41659294034,0.00696097118999,0.0169932322529,1,1,0,0,0,0,0,,0,0,0,
development,yolo11s,74f15437-b85e-314a-9d86-7294b98bf07f,100,all_yaw,1495,0.00627766247468,0.00664805650318,0.000370394028502,0.0590019023795,0.591865384045,0.587909027658,-0.00395635638706,-0.00668455445058,1,1,0,0,1,1,0,0,0,0,0,
development,yolo11s,768cf7e2-eb6c-3468-969e-e3b0fd87b34e,100,all_yaw,1056,0.00326760339159,0.00327672952004,9.1261284599e-06,0.0027929119193,0.720143181788,0.719647607987,-0.000495573800962,-0.00068816009579,1,1,0,0,1,1,0,0,1,1,0,0
development,yolo11s,770a58e6-eff6-39b7-a265-fe7f202fe8b2,100,all_yaw,688,0.00739359284735,0.00611926520336,-0.00127432764399,-0.172355669334,0.560878236362,0.600185096815,0.039306860453,0.0700809157937,1,1,0,0,1,1,0,0,0,0,0,
development,yolo11s,7ce2a2ce-eed6-36d7-ba62-dda9acddb070,100,all_yaw,1040,0.00350416006045,0.00400875807154,0.000504598011098,0.143999703893,0.572407566189,0.562001750859,-0.0104058153296,-0.0181790317673,1,1,0,0,1,1,0,0,0,0,0,
development,yolo11s,7e3d8631-3b7d-38c1-b833-ee7cfa7235ca,100,all_yaw,1833,0.00879450834518,0.00878881895805,-5.68938712849e-06,-0.000646924979223,0.511412058256,0.505553441585,-0.00585861667093,-0.0114557656128,1,1,0,0,1,1,0,0,0,0,0,
development,yolo11s,7ef4a6cc-7266-3a31-8dd4-01c3d3c58dcb,100,all_yaw,1079,0.00396042167424,0.00339953195193,-0.000560889722308,-0.141623738188,0.661353611639,0.668239777874,0.00688616623514,0.010412230483,1,1,0,0,1,1,0,0,0,0,0,
development,yolo11s,80da8956-f418-319c-9f49-3d47d9002546,100,all_yaw,1065,0.00290046515861,0.00324690264324,0.000346437484623,0.119442043147,0.727775071333,0.707095765858,-0.0206793054751,-0.0284144185334,1,1,0,0,1,1,0,0,1,1,0,0
development,yolo11s,85026edc-5fdf-308e-a8ef-a1aad1151c50,100,all_yaw,1507,0.00514810146113,0.00539433260198,0.00024623114085,0.0478295042763,0.660733310312,0.656596759793,-0.00413655051852,-0.00626054484307,1,1,0,0,1,1,0,0,0,0,0,
development,yolo11s,8a0ff1a2-9045-3be3-b67f-3914d88178ec,100,all_yaw,2424,0.00547277207887,0.00565727292735,0.000184500848476,0.0337125036119,0.568407661239,0.560523375494,-0.00788428574445,-0.0138708294805,1,1,0,0,1,1,0,0,0,0,0,
development,yolo11s,8c019de9-7043-37bc-9498-b5858e7240af,100,all_yaw,590,0.00375859605643,0.00402989464937,0.000271298592939,0.0721808326476,0.696403319311,0.687758515891,-0.00864480341991,-0.0124135011712,1,1,0,0,1,1,0,0,0,0,0,
development,yolo11s,8ee606e6-4cbd-3c07-8419-fbda836ccaac,100,all_yaw,1375,0.0056079766204,0.00577737884839,0.000169402227994,0.0302073705832,0.59041276432,0.563523356584,-0.026889407736,-0.0455434051581,1,1,0,0,1,1,0,0,0,0,0,
development,yolo11s,90f360d8-35f7-3c54-b2da-e99b354bc4cb,100,all_yaw,496,0.00643719781478,0.00631283709171,-0.000124360723077,-0.0193190774394,0.565285554407,0.554956891579,-0.0103286628286,-0.0182715845966,1,1,0,0,1,1,0,0,0,0,0,
development,yolo11s,91923e20-9a05-32e0-ac53-8c09b0b60341,100,all_yaw,1263,0.0112997815457,0.0114193204559,0.000119538910124,0.010578869126,0.375274798892,0.347586645703,-0.0276881531887,-0.0737810086648,1,1,0,0,0,0,0,,0,0,0,
development,yolo11s,919f13de-857f-3b1c-9f8e-7cbe500a60ae,100,all_yaw,1508,0.00457596931247,0.0044359876546,-0.000139981657871,-0.0305906024085,0.676304542335,0.671946173827,-0.00435836850776,-0.00644438745408,1,1,0,0,1,1,0,0,0,0,0,
development,yolo11s,9239d493-31d7-3dd0-a05f-03d50a242392,100,all_yaw,1174,0.00817993754896,0.00751516890891,-0.000664768640051,-0.0812681803586,0.550010212045,0.540684016299,-0.00932619574545,-0.0169564047016,1,1,0,0,1,1,0,0,0,0,0,
development,yolo11s,96284bbc-6b58-330f-a5a6-76cd518543f0,100,all_yaw,2356,0.00417759671806,0.00421030746144,3.27107433722e-05,0.00783003855561,0.639495591727,0.630864226521,-0.00863136520628,-0.0134971457473,1,1,0,0,1,1,0,0,0,0,0,
development,yolo11s,97738d01-b24f-365e-8818-2463149154d2,100,all_yaw,911,0.00434518553718,0.00463058976073,0.000285404223546,0.0656828623551,0.599444763565,0.595066725199,-0.00437803836534,-0.00730348921443,1,1,0,0,1,1,0,0,0,0,0,
development,yolo11s,9a25fd14-783b-35c3-ab2d-df4687f82b5e,100,all_yaw,2221,0.0049036744128,0.00523189721906,0.000328222806266,0.0669340536578,0.626338979404,0.617684656842,-0.00865432256183,-0.01381731434,1,1,0,0,1,1,0,0,0,0,0,
development,yolo11s,9afab336-dbae-3f70-a669-46813f4570d7,100,all_yaw,1225,0.00464199160884,0.0047409158707,9.89242618602e-05,0.0213107368983,0.597842998054,0.591909156026,-0.00593384202876,-0.00992541862674,1,1,0,0,1,1,0,0,0,0,0,
development,yolo11s,a160c635-aa67-352c-a5e6-03b113493090,100,all_yaw,876,0.00609122391634,0.00647909275704,0.000387868840704,0.0636766676174,0.542155086249,0.534416306618,-0.00773877963182,-0.0142741068526,1,1,0,0,1,1,0,0,0,0,0,
development,yolo11s,a359e053-a350-36cf-ab1d-a7980afaffa2,100,all_yaw,1470,0.00489198108007,0.00511202425544,0.000220043175366,0.0449803815192,0.561456158374,0.541880375063,-0.0195757833113,-0.0348660942076,1,1,0,0,1,1,0,0,0,0,0,
development,yolo11s,a50b198c-4de2-3f8c-a2b9-ab280605b350,100,all_yaw,1991,0.00547710821211,0.00549501643964,1.79082275297e-05,0.00326965012122,0.574104787839,0.568410125614,-0.00569466222508,-0.0099192035073,1,1,0,0,1,1,0,0,0,0,0,
development,yolo11s,aa539866-29e4-353e-95a9-b6d321b53b33,100,all_yaw,1737,0.00526356474474,0.00548888205645,0.000225317311708,0.0428069801807,0.510445901209,0.499894642626,-0.0105512585832,-0.0206706696208,1,1,0,0,1,0,-1,-1,0,0,0,
development,yolo11s,aa82b61f-7156-3c68-95a4-b79cebd120eb,100,all_yaw,1548,0.00496703784683,0.00499941993842,3.23820915931e-05,0.00651939699106,0.609065771743,0.61576934176,0.00670357001709,0.0110063154557,1,1,0,0,1,1,0,0,0,0,0,
development,yolo11s,ab83611b-436e-3de7-aad1-f0c9ad254196,100,all_yaw,1659,0.00478497319711,0.00518212989621,0.000397156699097,0.0830008200121,0.537701248982,0.524049925572,-0.0136513234097,-0.0253883051891,1,1,0,0,1,1,0,0,0,0,0,
development,yolo11s,ac1b1697-42b9-4225-a666-d17f72204fa8,100,all_yaw,1547,0.00531874558889,0.00527782450633,-4.09210825625e-05,-0.00769374693311,0.551816616537,0.545782997443,-0.00603361909357,-0.0109341018606,1,1,0,0,1,1,0,0,0,0,0,
development,yolo11s,b21b7285-2199-3264-b10a-524e9b23502a,100,all_yaw,1203,0.0155043932105,0.0154144910895,-8.99021210159e-05,-0.00579849335572,0.459759725865,0.447216960181,-0.0125427656843,-0.0272811318144,1,1,0,0,0,0,0,,0,0,0,
development,yolo11s,b5ea60b0-2540-4efe-b60e-f421ade3c128,100,all_yaw,754,0.00440730641397,0.00484911097038,0.000441804556412,0.100243666974,0.508666963056,0.510045277873,0.00137831481781,0.00270966057935,1,1,0,0,1,1,0,0,0,0,0,
development,yolo11s,bb9be2e6-8f0e-3bb3-8bb9-5d9aa9df384d,100,all_yaw,1247,0.0138995164578,0.0127667332015,-0.00113278325634,-0.0814980333867,0.357825480786,0.378210881149,0.020385400363,0.0569702311814,1,1,0,0,0,0,0,,0,0,0,
development,yolo11s,c453a8e7-d3da-317a-946b-f8e9678a8582,100,all_yaw,1042,0.00563203688013,0.00566601876528,3.39818851477e-05,0.00603367589221,0.565000944025,0.576985914614,0.011984970589,0.0212123018832,1,1,0,0,1,1,0,0,0,0,0,
development,yolo11s,c7f5e5c1-dc52-3619-8998-420b2e280d8a,100,all_yaw,1135,0.00719191872323,0.00565133321918,-0.00154058550405,-0.214210638821,0.651379119864,0.658495996226,0.00711687636183,0.010925858912,1,1,0,0,1,1,0,0,0,0,0,
development,yolo11s,cf6a99cb-b8bc-34d7-bdca-30e50e66cd74,100,all_yaw,2146,0.00489803562885,0.00521590743737,0.000317871808521,0.0648978146767,0.572424171689,0.570610476502,-0.00181369518702,-0.00316844619203,1,1,0,0,1,1,0,0,0,0,0,
development,yolo11s,d20c3612-a64d-3aa8-bd4a-58890413afbb,100,all_yaw,1470,0.00752371666781,0.00622213275171,-0.0013015839161,-0.17299746569,0.666671424912,0.694491838309,0.0278204133977,0.0417303222519,1,1,0,0,1,1,0,0,0,0,0,
development,yolo11s,d37be0e2-8223-3eeb-a0e2-c4b75d5ff87b,100,all_yaw,775,0.006905555572,0.00632623356863,-0.000579322003366,-0.0838921644068,0.651072868089,0.652489917321,0.00141704923241,0.00217648331218,1,1,0,0,1,1,0,0,0,0,0,
development,yolo11s,d3efe9ba-f10a-35e7-b17e-6850c66693fe,100,all_yaw,247,0.00467105268579,0.0048978177379,0.000226765052105,0.0485468838309,0.657461656094,0.674747236096,0.0172855800024,0.0262913887711,1,1,0,0,1,1,0,0,0,0,0,
development,yolo11s,dc9c2d63-083f-32c3-90ff-943ca823a245,100,all_yaw,1585,0.00517095607012,0.00526850522313,9.7549153012e-05,0.0188648195206,0.62649757022,0.624486770324,-0.00201079989632,-0.00320958929754,1,1,0,0,1,1,0,0,0,0,0,
development,yolo11s,dd251cc5-736d-3b76-8ad3-3f6cb138178e,100,all_yaw,2121,0.00740005543091,0.00713098445702,-0.000269070973891,-0.0363606700521,0.574060498254,0.58136210481,0.0073016065564,0.0127192283367,1,1,0,0,1,1,0,0,0,0,0,
development,yolo11s,e66d1403-755b-3f63-938b-a2a69446a48a,100,all_yaw,976,0.00665879213936,0.00665093138443,-7.86075492324e-06,-0.00118050762942,0.620616933963,0.618585021287,-0.00203191267586,-0.00327402067953,1,1,0,0,1,1,0,0,0,0,0,
development,yolo11s,ec3133b4-2b17-3d49-b78a-4bc480ac5137,100,all_yaw,1137,0.00624659890676,0.00667567541409,0.000429076507323,0.0686896203402,0.624438633808,0.616896578783,-0.00754205502436,-0.0120781364509,1,1,0,0,1,1,0,0,0,0,0,
development,yolo11s,ef4a46c4-138e-3478-b94e-3e60a567ec7d,100,all_yaw,969,0.00458942846566,0.00488489692335,0.000295468457682,0.064380229454,0.651835273507,0.633901255955,-0.0179340175527,-0.0275131130234,1,1,0,0,1,1,0,0,0,0,0,
development,yolo11s,f3cc42c7-84a8-35c5-8683-13878bb9beeb,100,all_yaw,2116,0.00606456533269,0.00566283537034,-0.000401729962351,-0.0662421691108,0.585639149262,0.592814169691,0.007175020429,0.0122516065363,1,1,0,0,1,1,0,0,0,0,0,
development,yolo11s,f7cdc2d1-f59a-30a2-aae8-8bb81c769e6e,100,all_yaw,1879,0.00375765293938,0.00400073955806,0.000243086618679,0.0646910778086,0.633915610689,0.632513241679,-0.00140236901017,-0.0022122329637,1,1,0,0,1,1,0,0,0,0,0,
development,yolo11s,fa9ec72a-cbcf-35dc-be20-4d0d9e7215ef,100,all_yaw,674,0.00778035521269,0.00788758880794,0.000107233595244,0.0137826091884,0.558943344744,0.550766161381,-0.00817718336313,-0.0146297177344,1,1,0,0,1,1,0,0,0,0,0,
development,yolo11s,fb149ce0-7706-3bb5-9860-8c63d1c77592,100,all_yaw,1339,0.00651374986883,0.00638900911987,-0.000124740748963,-0.0191503744348,0.44656976431,0.451851268192,0.00528150388171,0.0118268281998,1,1,0,0,0,0,0,,0,0,0,
development,yolo11s,ff52c01e-3d7b-32b1-b6a1-bcff3459ccdd,100,all_yaw,1309,0.00668101838704,0.00769955365147,0.00101853526443,0.152452097185,0.433965778758,0.399910397167,-0.0340553815908,-0.0784748089775,1,1,0,0,0,0,0,,0,0,0,
development,yolo11s,ff8e7fdb-1073-3592-ba5e-8111bc3ce48b,100,all_yaw,2014,0.00492397518685,0.00493522912965,1.12539428003e-05,0.00228554011205,0.544297306568,0.539921588521,-0.00437571804703,-0.00803920576902,1,1,0,0,1,1,0,0,0,0,0,
development,yolo11s,01bb304d-7bd8-35f8-bbef-7086b688e35e,100,high_yaw,297,0.00529923729673,0.00545486515257,0.000155627855841,0.0293679726207,0.576441044207,0.56983173974,-0.00660930446721,-0.0114657076099,1,1,0,0,1,1,0,0,0,0,0,
development,yolo11s,16af3863-0d31-3cd1-8fa2-58053ffb953a,100,high_yaw,415,0.0056922449385,0.00596086089324,0.00026861595474,0.0471898095817,0.570933330555,0.578162381984,0.00722905142947,0.0126618136349,1,1,0,0,1,1,0,0,0,0,0,
development,yolo11s,1d43ed4e-e705-308a-bdfa-49d99285c42a,100,high_yaw,202,0.00486958694615,0.00549632825258,0.000626741306427,0.128705229696,0.54803494918,0.536242163072,-0.0117927861085,-0.0215183103306,1,1,0,0,1,1,0,0,0,0,0,
development,yolo11s,1e6f21fd-5c8a-3526-ac50-72adae89d6a8,100,high_yaw,341,0.00529532561602,0.0053782443227,8.29187066776e-05,0.0156588494628,0.578116575317,0.57962050636,0.00150393104282,0.00260143214541,1,1,0,0,1,1,0,0,0,0,0,
development,yolo11s,2772dd5f-bc0a-47ea-ae19-a5e0dbef8f41,100,high_yaw,90,0.00535456337612,0.00642002213371,0.00106545875759,0.198981444938,0.500418654014,0.468069271721,-0.0323493822936,-0.0646446371136,1,1,0,0,0.5,0,-0.5,-1,0,0,0,
development,yolo11s,286790ed-9dec-305b-bcad-4f8153301e7c,100,high_yaw,242,0.00443533928508,0.00489014136667,0.000454802081587,0.102540539146,0.803699599243,0.784892290705,-0.0188073085381,-0.0234009181488,1,1,0,0,1,1,0,0,1,1,0,0
development,yolo11s,2a9b2658-097e-3f8b-a817-22f2553c5de8,100,high_yaw,537,0.0101578937049,0.00977229996455,-0.000385593740396,-0.0379600093874,0.592934085607,0.59744332017,0.00450923456272,0.00760495082367,1,1,0,0,1,1,0,0,0,0,0,
development,yolo11s,3153b5b3-d381-3664-8f82-1d3c5ca841d2,100,high_yaw,241,0.00931470159012,0.00908707979806,-0.000227621792065,-0.0244368313749,0.504130548227,0.50055478181,-0.00357576641675,-0.00709293739355,1,1,0,0,1,1,0,0,0,0,0,
development,yolo11s,3576c0f5-c1b5-35bb-a0c4-ee95cba5c754,100,high_yaw,425,0.0102328918428,0.00853695033552,-0.00169594150724,-0.165734333295,0.494091954475,0.511248273467,0.0171563189922,0.0347229272543,1,1,0,0,0,1,1,,0,0,0,
development,yolo11s,366ceb72-9f11-385a-8bc9-a26a18dbdd22,100,high_yaw,658,0.00470708616914,0.00494985135086,0.000242765181721,0.0515744078179,0.582067933579,0.57235483022,-0.00971310335818,-0.0166872332212,1,1,0,0,1,1,0,0,0,0,0,
development,yolo11s,3dd173a6-8b21-3189-bd53-132919b96a48,100,high_yaw,28,0.00431890771155,0.00412886208819,-0.000190045623359,-0.0440031684054,0.649371965525,0.666163669259,0.0167917037347,0.025858374901,1,1,0,0,1,1,0,0,0,0,0,
development,yolo11s,3f9796e9-c892-3915-b719-3292df878ece,100,high_yaw,667,0.00550576292722,0.00638893677507,0.000883173847849,0.160408985916,0.663870429112,0.637849068166,-0.0260213609462,-0.0391964452778,1,1,0,0,1,1,0,0,0,0,0,
development,yolo11s,3fbdfb6c-927f-4aaa-81b1-21b02efd4c01,100,high_yaw,74,0.00554939034746,0.00480189322357,-0.000747497123886,-0.134698962784,0.644666834097,0.637868862172,-0.00679797192576,-0.010544938201,1,1,0,0,1,1,0,0,0,0,0,
development,yolo11s,41b6f7d7-e431-3992-b783-74b9edf42215,100,high_yaw,129,0.00398574960988,0.00464946682912,0.000663717219241,0.166522557663,0.59323457489,0.600278514161,0.00704393927092,0.0118737841135,1,1,0,0,1,1,0,0,0,0,0,
development,yolo11s,4207ef92-0b3b-4708-8868-4ffcaef308e0,100,high_yaw,4,0.0014056042425,0.0013499450653,-5.56591771993e-05,-0.0395980429741,0.825328365611,0.825574539658,0.000246174047448,0.000298274066063,1,1,0,0,1,1,0,0,1,1,0,0
development,yolo11s,453e5558-6363-38e3-bf9b-42b5ba0a6f1d,100,high_yaw,102,0.0035001487349,0.00363081285343,0.000130664118523,0.037331018885,0.525665672487,0.516893381555,-0.00877229093207,-0.0166879661184,1,1,0,0,1,0.5,-0.5,-0.5,0,0,0,
development,yolo11s,46d917cd-531c-330b-8d7b-979b51a8927f,100,high_yaw,1170,0.00733014833302,0.00819551433996,0.000865366006938,0.118055729246,0.421010247374,0.402873383632,-0.0181368637424,-0.0430793878666,1,1,0,0,0,0,0,,0,0,0,
development,yolo11s,47167c79-2ba4-369c-8db8-760a30b4c38a,100,high_yaw,104,0.00765069337103,0.0063012309331,-0.00134946243793,-0.176384331784,0.602314550469,0.585584761885,-0.0167297885839,-0.0277758333596,1,1,0,0,1,1,0,0,0,0,0,
development,yolo11s,575d8d24-ba88-3b18-84c0-df5b29dccfde,100,high_yaw,440,0.00467860767074,0.00500299534125,0.000324387670516,0.0693342321786,0.647633721617,0.630443823791,-0.0171898978266,-0.0265426231724,1,1,0,0,1,1,0,0,0,0,0,
development,yolo11s,5b1d8b11-4f90-3577-be0b-193e102fda82,100,high_yaw,697,0.00645091802868,0.00690249105957,0.000451573030897,0.0700013593243,0.594954705669,0.589688786252,-0.00526591941694,-0.00885095851292,1,1,0,0,1,1,0,0,0,0,0,
development,yolo11s,62a1e53b-b55c-36c2-bc5b-e216d494875a,100,high_yaw,446,0.0042735040337,0.00475972047208,0.000486216438379,0.113774652965,0.684770426596,0.657034878278,-0.0277355483173,-0.0405034260244,1,1,0,0,1,1,0,0,0,0,0,
development,yolo11s,633addf9-441c-35e7-868a-738aa612d51c,100,high_yaw,419,0.00577285757405,0.0063357741087,0.000562916534645,0.097510899485,0.623426312842,0.615833329197,-0.00759298364512,-0.0121794404386,1,1,0,0,1,1,0,0,0,0,0,
development,yolo11s,639d4834-f922-3e27-9913-20aa649f815d,100,high_yaw,952,0.00475810823639,0.00460097656585,-0.000157131670543,-0.0330239798542,0.639436026574,0.631952251753,-0.00748377482027,-0.0117037115665,1,1,0,0,1,1,0,0,0,0,0,
development,yolo11s,6937b4e5-b5b4-3970-b5dd-9ad194e6c338,100,high_yaw,359,0.00680298151093,0.00763998249683,0.000837000985905,0.123034434911,0.515361242246,0.491500954042,-0.0238602882044,-0.0462981812533,1,1,0,0,1,0,-1,-1,0,0,0,
development,yolo11s,69c0ec7c-e289-3c4d-ade3-d2287ec34026,100,high_yaw,171,0.00749614662652,0.00770700714283,0.000210860516311,0.0281291878103,0.508226836876,0.516773589635,0.00854675275901,0.0168168072578,1,1,0,0,1,1,0,0,0,0,0,
development,yolo11s,6aa2ac89-6b25-3af6-ad59-221351189f4b,100,high_yaw,207,0.00435440166918,0.00454952096415,0.000195119294962,0.0448096684195,0.551523151272,0.537017520162,-0.0145056311095,-0.0263010375468,1,1,0,0,1,1,0,0,0,0,0,
development,yolo11s,6cc0bb26-5afb-3688-b237-b9c64c2800e5,100,high_yaw,577,0.00674548570735,0.00708168988252,0.000336204175165,0.0498413590586,0.49988965519,0.492551233361,-0.00733842182906,-0.0146800834001,1,1,0,0,0,0,0,,0,0,0,
development,yolo11s,6dc6e668-549e-33b8-b952-ed8e807b1d48,100,high_yaw,429,0.00933272413513,0.00914294550024,-0.00018977863489,-0.0203347524412,0.472536852557,0.432353082255,-0.0401837703016,-0.0850383839572,1,1,0,0,0,0,0,,0,0,0,
development,yolo11s,74dd5c1d-7a9a-32d1-903a-fc57e07109b9,100,high_yaw,487,0.00828674459933,0.00880043472105,0.000513690121717,0.0619893753886,0.414417292723,0.431922789187,0.017505496464,0.0422412306903,1,1,0,0,0,0,0,,0,0,0,
development,yolo11s,74f15437-b85e-314a-9d86-7294b98bf07f,100,high_yaw,572,0.00556466116991,0.00601966795711,0.000455006787199,0.0817672043824,0.584204131182,0.581907254847,-0.00229687633491,-0.00393163316093,1,1,0,0,1,1,0,0,0,0,0,
development,yolo11s,768cf7e2-eb6c-3468-969e-e3b0fd87b34e,100,high_yaw,27,0.00422272656355,0.00408710408368,-0.000135622479868,-0.032117277268,0.702341033228,0.716535416642,0.014194383414,0.020210101279,1,1,0,0,1,1,0,0,1,1,0,0
development,yolo11s,770a58e6-eff6-39b7-a265-fe7f202fe8b2,100,high_yaw,233,0.00761381429444,0.00598622645147,-0.00162758784297,-0.213767735859,0.560829388028,0.604417377573,0.0435879895446,0.0777205875352,1,1,0,0,1,1,0,0,0,0,0,
development,yolo11s,7ce2a2ce-eed6-36d7-ba62-dda9acddb070,100,high_yaw,183,0.00235883640943,0.00288512251977,0.000526286110338,0.223112594088,0.744009213104,0.722394804628,-0.0216144084766,-0.0290512645488,1,1,0,0,1,1,0,0,1,1,0,0
development,yolo11s,7e3d8631-3b7d-38c1-b833-ee7cfa7235ca,100,high_yaw,1064,0.0082262860136,0.00825550266239,2.92166487938e-05,0.00355162083417,0.496427790256,0.498585668994,0.00215787873823,0.00434681293148,1,1,0,0,0,0,0,,0,0,0,
development,yolo11s,7ef4a6cc-7266-3a31-8dd4-01c3d3c58dcb,100,high_yaw,77,0.00393384130786,0.00332138559019,-0.000612455717669,-0.155688974145,0.750664016812,0.73675577793,-0.0139082388828,-0.0185279147146,1,1,0,0,1,1,0,0,1,1,0,0
development,yolo11s,80da8956-f418-319c-9f49-3d47d9002546,100,high_yaw,23,0.00276533794681,0.00321820804651,0.000452870099699,0.16376663844,0.714156810825,0.698821667373,-0.0153351434525,-0.0214730759688,1,1,0,0,1,1,0,0,1,0,-1,-1
development,yolo11s,85026edc-5fdf-308e-a8ef-a1aad1151c50,100,high_yaw,11,0.00623688200651,0.00647391322368,0.00023703121717,0.0380047621427,0.597386417777,0.55343690854,-0.0439495092366,-0.0735696492735,1,1,0,0,1,1,0,0,0,0,0,
development,yolo11s,8a0ff1a2-9045-3be3-b67f-3914d88178ec,100,high_yaw,42,0.00573486274115,0.00488600336069,-0.00084885938046,-0.148017383985,0.640149700046,0.601629668757,-0.0385200312889,-0.0601734739329,1,1,0,0,1,1,0,0,0,0,0,
development,yolo11s,8c019de9-7043-37bc-9498-b5858e7240af,100,high_yaw,229,0.00354873390184,0.00392573982843,0.000377005926583,0.106236741613,0.684634997286,0.687763577008,0.00312857972203,0.00456970463741,1,1,0,0,1,1,0,0,0,0,0,
development,yolo11s,8ee606e6-4cbd-3c07-8419-fbda836ccaac,100,high_yaw,223,0.00651232526815,0.00683530086114,0.000322975592984,0.0495945118964,0.439656785834,0.419178894612,-0.0204778912225,-0.0465769934237,1,1,0,0,0,0,0,,0,0,0,
development,yolo11s,90f360d8-35f7-3c54-b2da-e99b354bc4cb,100,high_yaw,23,0.00670898841219,0.00650112482,-0.000207863592195,-0.0309828515752,0.456632856785,0.484132822763,0.0274999659779,0.0602233623125,1,1,0,0,0,0,0,,0,0,0,
development,yolo11s,9239d493-31d7-3dd0-a05f-03d50a242392,100,high_yaw,6,0.00866753244025,0.0072507811528,-0.00141675128745,-0.163454973744,0.481689368407,0.431269160527,-0.0504202078806,-0.104673698835,1,1,0,0,0.5,0,-0.5,-1,0,0,0,
development,yolo11s,96284bbc-6b58-330f-a5a6-76cd518543f0,100,high_yaw,346,0.00540568612283,0.00518350712904,-0.000222178993797,-0.0411009793666,0.665927736643,0.643133753049,-0.0227939835938,-0.0342289145496,1,1,0,0,1,1,0,0,0,0,0,
development,yolo11s,97738d01-b24f-365e-8818-2463149154d2,100,high_yaw,487,0.00427056888361,0.00450117224344,0.000230603359834,0.0539982766042,0.599670262895,0.591566114761,-0.00810414813381,-0.0135143405222,1,1,0,0,1,1,0,0,0,0,0,
development,yolo11s,9a25fd14-783b-35c3-ab2d-df4687f82b5e,100,high_yaw,1012,0.0051263579447,0.00555333861479,0.000426980670092,0.0832912322352,0.608522822408,0.600945924263,-0.00757689814503,-0.0124512965924,1,1,0,0,1,1,0,0,0,0,0,
development,yolo11s,9afab336-dbae-3f70-a669-46813f4570d7,100,high_yaw,68,0.00512807541246,0.00529093984256,0.000162864430108,0.0317593672107,0.669588797615,0.664068524329,-0.00552027328626,-0.00824427365859,1,1,0,0,1,1,0,0,0,0,0,
development,yolo11s,a160c635-aa67-352c-a5e6-03b113493090,100,high_yaw,510,0.00562652408242,0.00698708432998,0.00136056024756,0.241811858907,0.50774273234,0.463721294144,-0.0440214381963,-0.0867002822342,1,1,0,0,1,0,-1,-1,0,0,0,
development,yolo11s,a359e053-a350-36cf-ab1d-a7980afaffa2,100,high_yaw,562,0.00430712278791,0.00481494752359,0.00050782473568,0.117903473081,0.597030010681,0.576317721904,-0.0207122887764,-0.0346922071016,1,1,0,0,1,1,0,0,0,0,0,
development,yolo11s,a50b198c-4de2-3f8c-a2b9-ab280605b350,100,high_yaw,586,0.0054803981216,0.00540702550712,-7.33726144742e-05,-0.0133881905742,0.63402166725,0.635213719362,0.00119205211164,0.00188014412316,1,1,0,0,1,1,0,0,0,0,0,
development,yolo11s,aa539866-29e4-353e-95a9-b6d321b53b33,100,high_yaw,25,0.00440603154187,0.00448211294679,7.60814049178e-05,0.0172675579362,0.505148282837,0.521956976938,0.0168086941002,0.0332747723219,1,1,0,0,1,1,0,0,0,0,0,
development,yolo11s,aa82b61f-7156-3c68-95a4-b79cebd120eb,100,high_yaw,804,0.00422482469615,0.00421369398537,-1.11307107788e-05,-0.0026345970731,0.627709817823,0.64194791685,0.0142380990263,0.0226826132426,1,1,0,0,1,1,0,0,0,0,0,
development,yolo11s,ab83611b-436e-3de7-aad1-f0c9ad254196,100,high_yaw,13,0.00422063080475,0.0077330414866,0.00351241068185,0.832200408977,0.539136063965,0.533738233894,-0.00539783007041,-0.0100119996253,1,1,0,0,1,1,0,0,0,0,0,
development,yolo11s,b21b7285-2199-3264-b10a-524e9b23502a,100,high_yaw,221,0.0455717541623,0.0449304016041,-0.000641352558229,-0.0140734665588,0.188906845682,0.198266574009,0.00935972832667,0.0495467927214,0,0,0,,0,0,0,,0,0,0,
development,yolo11s,b5ea60b0-2540-4efe-b60e-f421ade3c128,100,high_yaw,273,0.00550092291683,0.00600917174001,0.000508248823179,0.0923933730509,0.484746600311,0.482775093237,-0.00197150707418,-0.00406708798558,1,1,0,0,0,0,0,,0,0,0,
development,yolo11s,bb9be2e6-8f0e-3bb3-8bb9-5d9aa9df384d,100,high_yaw,757,0.0162275793176,0.0146142675618,-0.00161331175571,-0.0994178937067,0.329046471098,0.351479007349,0.0224325362507,0.0681743711635,1,1,0,0,0,0,0,,0,0,0,
development,yolo11s,c453a8e7-d3da-317a-946b-f8e9678a8582,100,high_yaw,431,0.00606067513292,0.00632272750047,0.000262052367555,0.0432381478645,0.575359927021,0.563168696241,-0.0121912307804,-0.0211888770973,1,1,0,0,1,1,0,0,0,0,0,
development,yolo11s,c7f5e5c1-dc52-3619-8998-420b2e280d8a,100,high_yaw,692,0.00735489010306,0.00557036166255,-0.00178452844051,-0.24263155744,0.654170819798,0.661321681082,0.00715086128441,0.0109311835196,1,1,0,0,1,1,0,0,0,0,0,
development,yolo11s,cf6a99cb-b8bc-34d7-bdca-30e50e66cd74,100,high_yaw,578,0.00431185437835,0.00479241275906,0.000480558380707,0.111450512596,0.597949062307,0.587100052849,-0.0108490094574,-0.0181437017654,1,1,0,0,1,1,0,0,0,0,0,
development,yolo11s,d20c3612-a64d-3aa8-bd4a-58890413afbb,100,high_yaw,258,0.00851582545877,0.00734398749258,-0.00117183796619,-0.137607090688,0.615778127303,0.647550544879,0.031772417576,0.0515971843871,1,1,0,0,1,1,0,0,0,0,0,
development,yolo11s,d37be0e2-8223-3eeb-a0e2-c4b75d5ff87b,100,high_yaw,10,0.00433648006695,0.00595833773446,0.00162185766751,0.374003256667,0.708165152859,0.646894323617,-0.0612708292417,-0.0865205369035,1,1,0,0,1,1,0,0,0.5,0.5,0,0
development,yolo11s,d3efe9ba-f10a-35e7-b17e-6850c66693fe,100,high_yaw,33,0.00308383782035,0.00386462144318,0.000780783622835,0.253185695331,0.626085619089,0.606510816895,-0.0195748021939,-0.0312653758481,1,1,0,0,1,1,0,0,0,0,0,
development,yolo11s,dc9c2d63-083f-32c3-90ff-943ca823a245,100,high_yaw,83,0.0100603615154,0.00857433495521,-0.00148602656017,-0.147711049737,0.580520179062,0.584766578087,0.00424639902448,0.0073148172581,1,1,0,0,1,1,0,0,0,0,0,
development,yolo11s,e66d1403-755b-3f63-938b-a2a69446a48a,100,high_yaw,564,0.00663468191443,0.00661769222843,-1.69896860037e-05,-0.00256073858895,0.612855979643,0.605782422076,-0.00707355756698,-0.0115419573308,1,1,0,0,1,1,0,0,0,0,0,
development,yolo11s,ec3133b4-2b17-3d49-b78a-4bc480ac5137,100,high_yaw,526,0.0051232191748,0.00558663396601,0.000463414791206,0.0904538290075,0.629656983774,0.614352936715,-0.0153040470592,-0.0243053717399,1,1,0,0,1,1,0,0,0,0,0,
development,yolo11s,ef4a46c4-138e-3478-b94e-3e60a567ec7d,100,high_yaw,514,0.00468020192082,0.00536735272542,0.000687150804594,0.146820760347,0.677498339024,0.617783076891,-0.0597152621335,-0.0881408244034,1,1,0,0,1,1,0,0,0,0,0,
development,yolo11s,f3cc42c7-84a8-35c5-8683-13878bb9beeb,100,high_yaw,12,0.00665798790278,0.00591835630739,-0.000739631595388,-0.111089357053,0.625040175173,0.61626348166,-0.00877669351311,-0.0140418070097,1,1,0,0,1,1,0,0,0,0,0,
development,yolo11s,f7cdc2d1-f59a-30a2-aae8-8bb81c769e6e,100,high_yaw,7,0.00316335628969,0.00172709904294,-0.00143625724675,-0.454029554441,0.620257780492,0.610038672022,-0.0102191084699,-0.0164755828808,1,1,0,0,1,1,0,0,0,0,0,
development,yolo11s,fa9ec72a-cbcf-35dc-be20-4d0d9e7215ef,100,high_yaw,147,0.00777394593008,0.00789134674623,0.000117400816149,0.0151018308082,0.474247940491,0.480531067511,0.00628312702033,0.013248612137,1,1,0,0,0,0,0,,0,0,0,
development,yolo11s,fb149ce0-7706-3bb5-9860-8c63d1c77592,100,high_yaw,65,0.00475903576822,0.00455884899736,-0.000200186770864,-0.0420645653057,0.452997794696,0.461163771105,0.00816597640877,0.0180265257456,1,1,0,0,0,0,0,,0,0,0,
development,yolo11s,ff52c01e-3d7b-32b1-b6a1-bcff3459ccdd,100,high_yaw,1160,0.00667211334884,0.00770326327236,0.00103114992352,0.154546223903,0.437576608789,0.406014798042,-0.0315618107475,-0.0721286515632,1,1,0,0,0,0,0,,0,0,0,
development,yolo11s,ff8e7fdb-1073-3592-ba5e-8111bc3ce48b,100,high_yaw,390,0.00467128291333,0.00443168503453,-0.000239597878794,-0.0512916651034,0.476378255558,0.483821155996,0.00744290043816,0.0156239298316,1,1,0,0,0,0,0,,0,0,0,
development,yolo11s,01bb304d-7bd8-35f8-bbef-7086b688e35e,200,all_yaw,820,0.00677448840493,0.00759752527593,0.000823036870999,0.121490630997,0.49566325711,0.467659476227,-0.0280037808835,-0.056497592835,1,1,0,0,0,0,0,,0,0,0,
development,yolo11s,16af3863-0d31-3cd1-8fa2-58053ffb953a,200,all_yaw,2008,0.00624305358009,0.00713431875713,0.000891265177044,0.142761096891,0.532404918524,0.530143111387,-0.00226180713679,-0.00424828369929,1,1,0,0,1,1,0,0,0,0,0,
development,yolo11s,1d43ed4e-e705-308a-bdfa-49d99285c42a,200,all_yaw,2299,0.00531646596358,0.00599421440686,0.000677748443277,0.12748100861,0.528114093346,0.513266471022,-0.0148476223234,-0.0281144216949,1,1,0,0,1,1,0,0,0,0,0,
development,yolo11s,1e6f21fd-5c8a-3526-ac50-72adae89d6a8,200,all_yaw,2010,0.00589805508155,0.00616738803501,0.000269332953462,0.0456647063715,0.51119863246,0.503290333572,-0.00790829888795,-0.0154701096321,1,1,0,0,1,1,0,0,0,0,0,
development,yolo11s,2772dd5f-bc0a-47ea-ae19-a5e0dbef8f41,200,all_yaw,1389,0.00778255864242,0.00808010104124,0.000297542398815,0.0382319507614,0.491196009281,0.477922721314,-0.0132732879671,-0.0270223855983,1,1,0,0,0,0,0,,0,0,0,
development,yolo11s,286790ed-9dec-305b-bcad-4f8153301e7c,200,all_yaw,1039,0.00620188668665,0.00701573647657,0.000813849789923,0.131226162464,0.63187734227,0.591604118261,-0.0402732240084,-0.0637358254749,1,1,0,0,1,1,0,0,0,0,0,
development,yolo11s,2a9b2658-097e-3f8b-a817-22f2553c5de8,200,all_yaw,1179,0.0129671007565,0.0119583137731,-0.00100878698336,-0.0777958776063,0.591010015148,0.584070349466,-0.00693966568203,-0.0117420441349,1,1,0,0,1,1,0,0,0,0,0,
development,yolo11s,3153b5b3-d381-3664-8f82-1d3c5ca841d2,200,all_yaw,778,0.00920976884732,0.00976042400814,0.000550655160821,0.0597903345839,0.528946777342,0.501448127067,-0.0274986502758,-0.0519875561279,1,1,0,0,1,1,0,0,0,0,0,
development,yolo11s,349c4c1c-9561-360f-9ae7-59772335d54b,200,all_yaw,1965,0.00892144316385,0.0099951910548,0.00107374789095,0.120355851764,0.539550282848,0.525880473612,-0.0136698092365,-0.0253355612461,1,1,0,0,1,1,0,0,0,0,0,
development,yolo11s,3576c0f5-c1b5-35bb-a0c4-ee95cba5c754,200,all_yaw,685,0.0145406086764,0.00992579124425,-0.00461481743215,-0.317374432863,0.406681337207,0.497006961922,0.0903256247151,0.222104179492,1,1,0,0,0,0,0,,0,0,0,
development,yolo11s,366ceb72-9f11-385a-8bc9-a26a18dbdd22,200,all_yaw,1874,0.00609281970639,0.00637357433237,0.000280754625976,0.0460795886807,0.567575576175,0.563072518245,-0.00450305793008,-0.00793384726036,1,1,0,0,1,1,0,0,0,0,0,
development,yolo11s,380e5bf0-1c68-36a4-ac64-09a03b60bebf,200,all_yaw,1294,0.00529574770513,0.00593657702652,0.000640829321387,0.121008280052,0.65916961325,0.631414104068,-0.0277555091826,-0.0421067789301,1,1,0,0,1,1,0,0,0,0,0,
development,yolo11s,3dd173a6-8b21-3189-bd53-132919b96a48,200,all_yaw,546,0.00644886620248,0.00615331683376,-0.000295549368722,-0.0458296636095,0.480360078015,0.56199654133,0.0816364633151,0.169948476261,1,1,0,0,0,1,1,,0,0,0,
development,yolo11s,3f9796e9-c892-3915-b719-3292df878ece,200,all_yaw,1084,0.0047990448752,0.00573121919219,0.000932174316988,0.194241633748,0.664637240687,0.619214870308,-0.0454223703798,-0.0683415968879,1,1,0,0,1,1,0,0,0,0,0,
development,yolo11s,3fbdfb6c-927f-4aaa-81b1-21b02efd4c01,200,all_yaw,1573,0.00651262689955,0.0058600252006,-0.000652601698955,-0.100205601982,0.63080702669,0.663893902521,0.0330868758314,0.0524516602249,1,1,0,0,1,1,0,0,0,0,0,
development,yolo11s,40bfcbec-ec59-3731-8e75-67f0bddc3b01,200,all_yaw,2000,0.00501820456243,0.00544388775304,0.000425683190604,0.0848277875699,0.509567271279,0.498062694365,-0.0115045769146,-0.0225771503842,1,1,0,0,1,0,-1,-1,0,0,0,
development,yolo11s,41b6f7d7-e431-3992-b783-74b9edf42215,200,all_yaw,1501,0.00562986306971,0.00671262183851,0.00108275876879,0.192324174742,0.566383562634,0.572601079651,0.00621751701651,0.0109775731972,1,1,0,0,1,1,0,0,0,0,0,
development,yolo11s,41d69427-364c-366e-94a5-8e556bcac39f,200,all_yaw,2305,0.00531793311128,0.00536976470938,5.18315980973e-05,0.00974656826491,0.625308231471,0.629289947302,0.00398171583083,0.00636760501531,1,1,0,0,1,1,0,0,0,0,0,
development,yolo11s,4207ef92-0b3b-4708-8868-4ffcaef308e0,200,all_yaw,1008,0.00634930205486,0.00609058888191,-0.000258713172947,-0.0407467105379,0.752716796748,0.726946795697,-0.0257700010509,-0.0342359851171,1,1,0,0,1,1,0,0,1,1,0,0
development,yolo11s,453e5558-6363-38e3-bf9b-42b5ba0a6f1d,200,all_yaw,1384,0.00377569957976,0.00466719853144,0.000891498951683,0.236114906086,0.577481373651,0.544897583962,-0.0325837896886,-0.0564239665127,1,1,0,0,1,1,0,0,0,0,0,
development,yolo11s,46d917cd-531c-330b-8d7b-979b51a8927f,200,all_yaw,1568,0.00785104471943,0.0103859684631,0.00253492374366,0.322877251914,0.401478493358,0.331729208873,-0.0697492844846,-0.173731060663,1,1,0,0,0,0,0,,0,0,0,
development,yolo11s,47167c79-2ba4-369c-8db8-760a30b4c38a,200,all_yaw,487,0.00931858620251,0.00958575126223,0.000267165059719,0.0286701280551,0.486798345784,0.456241236966,-0.0305571088187,-0.0627715954324,1,1,0,0,0,0,0,,0,0,0,
development,yolo11s,47358aac-2ec0-3d45-a837-f2069ca7cee3,200,all_yaw,2399,0.00629312866724,0.00609326643724,-0.000199862230003,-0.031758802429,0.559438529039,0.553757475636,-0.00568105340315,-0.0101549198138,1,1,0,0,1,1,0,0,0,0,0,
development,yolo11s,575d8d24-ba88-3b18-84c0-df5b29dccfde,200,all_yaw,2166,0.00486284623835,0.00548792316755,0.0006250769292,0.12854137239,0.662019875916,0.630164143659,-0.0318557322566,-0.0481189967484,1,1,0,0,1,1,0,0,0,0,0,
development,yolo11s,5b1d8b11-4f90-3577-be0b-193e102fda82,200,all_yaw,976,0.008044865877,0.0082247239967,0.000179858119693,0.0223568823201,0.529571456772,0.513496941073,-0.0160745156987,-0.0303538181546,1,1,0,0,1,1,0,0,0,0,0,
development,yolo11s,62a1e53b-b55c-36c2-bc5b-e216d494875a,200,all_yaw,1966,0.00506217540407,0.00556697575164,0.000504800347565,0.099720042723,0.657974817856,0.623842251633,-0.0341325662228,-0.051875186248,1,1,0,0,1,1,0,0,0,0,0,
development,yolo11s,633addf9-441c-35e7-868a-738aa612d51c,200,all_yaw,2106,0.00662612240339,0.0070742902333,0.000448167829909,0.0676365153894,0.576170657511,0.558990188332,-0.0171804691789,-0.0298183688373,1,1,0,0,1,1,0,0,0,0,0,
development,yolo11s,639d4834-f922-3e27-9913-20aa649f815d,200,all_yaw,2040,0.00480566022697,0.00531919319722,0.000513532970251,0.106860024637,0.639608779985,0.619188626487,-0.0204201534985,-0.0319260056108,1,1,0,0,1,1,0,0,0,0,0,
development,yolo11s,6937b4e5-b5b4-3970-b5dd-9ad194e6c338,200,all_yaw,1304,0.00892064876434,0.0113476236603,0.00242697489594,0.272062599936,0.498617254529,0.454953024735,-0.0436642297937,-0.0875706353864,1,1,0,0,0,0,0,,0,0,0,
development,yolo11s,69c0ec7c-e289-3c4d-ade3-d2287ec34026,200,all_yaw,474,0.00956130897814,0.00882672829045,-0.000734580687687,-0.07682846453,0.509575933172,0.495628565753,-0.0139473674192,-0.0273705379537,1,1,0,0,1,0,-1,-1,0,0,0,
development,yolo11s,6aa2ac89-6b25-3af6-ad59-221351189f4b,200,all_yaw,968,0.00406898280302,0.00492001654887,0.000851033745849,0.209151472751,0.533347063182,0.510825778974,-0.0225212842073,-0.0422263208368,1,1,0,0,1,1,0,0,0,0,0,
development,yolo11s,6cc0bb26-5afb-3688-b237-b9c64c2800e5,200,all_yaw,943,0.00869771146008,0.00872703419565,2.93227355677e-05,0.00337131620223,0.500259212289,0.50502795297,0.0047687406818,0.00953253946087,1,1,0,0,1,1,0,0,0,0,0,
development,yolo11s,6dc6e668-549e-33b8-b952-ed8e807b1d48,200,all_yaw,974,0.0204349004515,0.0187989994122,-0.00163590103931,-0.0800542700558,0.313349412023,0.337699165686,0.0243497536628,0.0777079921917,1,1,0,0,0,0,0,,0,0,0,
development,yolo11s,74dd5c1d-7a9a-32d1-903a-fc57e07109b9,200,all_yaw,1073,0.00823018399837,0.00981801717964,0.00158783318128,0.192928029506,0.377260683131,0.372790297258,-0.00447038587286,-0.0118495938558,1,1,0,0,0,0,0,,0,0,0,
development,yolo11s,74f15437-b85e-314a-9d86-7294b98bf07f,200,all_yaw,1463,0.00665207908448,0.00723033680323,0.000578257718751,0.0869288701182,0.57969096993,0.566002396285,-0.0136885736454,-0.0236135706014,1,1,0,0,1,1,0,0,0,0,0,
development,yolo11s,768cf7e2-eb6c-3468-969e-e3b0fd87b34e,200,all_yaw,1042,0.00348146340374,0.00374693050111,0.000265467097366,0.0762515834809,0.710812465436,0.704947219221,-0.00586524621522,-0.00825146786308,1,1,0,0,1,1,0,0,1,1,0,0
development,yolo11s,770a58e6-eff6-39b7-a265-fe7f202fe8b2,200,all_yaw,666,0.0096759733307,0.00754162331719,-0.00213435001352,-0.220582461378,0.477142032697,0.57395967702,0.0968176443234,0.202911581225,1,1,0,0,0,1,1,,0,0,0,
development,yolo11s,7ce2a2ce-eed6-36d7-ba62-dda9acddb070,200,all_yaw,1027,0.00354025415932,0.00472305477245,0.00118280061312,0.334100479765,0.567359313205,0.514972227643,-0.0523870855617,-0.09233493545,1,1,0,0,1,1,0,0,0,0,0,
development,yolo11s,7e3d8631-3b7d-38c1-b833-ee7cfa7235ca,200,all_yaw,1806,0.00916695123156,0.00945642641182,0.000289475180264,0.0315781302804,0.503435168477,0.496154009007,-0.00728115947014,-0.0144629535759,1,1,0,0,1,0,-1,-1,0,0,0,
development,yolo11s,7ef4a6cc-7266-3a31-8dd4-01c3d3c58dcb,200,all_yaw,1060,0.00620025059486,0.00417974763442,-0.00202050296044,-0.325874402902,0.621484469712,0.639569024647,0.0180845549348,0.0290989651651,1,1,0,0,1,1,0,0,0,0,0,
development,yolo11s,80da8956-f418-319c-9f49-3d47d9002546,200,all_yaw,1049,0.00312926016689,0.00401729680084,0.000888036633946,0.283784852197,0.714586002653,0.66573697504,-0.0488490276131,-0.0683598999026,1,1,0,0,1,1,0,0,1,0,-1,-1
development,yolo11s,85026edc-5fdf-308e-a8ef-a1aad1151c50,200,all_yaw,1480,0.0056788970753,0.00634719316748,0.000668296092186,0.117680613564,0.634853639958,0.607173808114,-0.0276798318438,-0.0436003357335,1,1,0,0,1,1,0,0,0,0,0,
development,yolo11s,8a0ff1a2-9045-3be3-b67f-3914d88178ec,200,all_yaw,2400,0.00558208046174,0.00618009935938,0.00059801889764,0.107131902118,0.560262047803,0.545418203775,-0.0148438440277,-0.0264944664481,1,1,0,0,1,1,0,0,0,0,0,
development,yolo11s,8c019de9-7043-37bc-9498-b5858e7240af,200,all_yaw,581,0.00372786066795,0.00456714476838,0.000839284100436,0.225138269693,0.679793218952,0.648908866653,-0.0308843522986,-0.0454319805458,1,1,0,0,1,1,0,0,0,0,0,
development,yolo11s,8ee606e6-4cbd-3c07-8419-fbda836ccaac,200,all_yaw,1363,0.00576447326632,0.00621105698538,0.000446583719054,0.0774717304464,0.575883458171,0.542756591465,-0.0331268667054,-0.0575235600805,1,1,0,0,1,1,0,0,0,0,0,
development,yolo11s,90f360d8-35f7-3c54-b2da-e99b354bc4cb,200,all_yaw,490,0.00714822325155,0.00816755259403,0.00101932934248,0.14259897972,0.550107430129,0.500227542896,-0.049879887233,-0.0906729931302,1,1,0,0,1,0.5,-0.5,-0.5,0,0,0,
development,yolo11s,91923e20-9a05-32e0-ac53-8c09b0b60341,200,all_yaw,1247,0.0130841563883,0.01370050559,0.000616349201687,0.047106529714,0.331297433976,0.293855273099,-0.037442160877,-0.113016754846,1,0,-1,-1,0,0,0,,0,0,0,
development,yolo11s,919f13de-857f-3b1c-9f8e-7cbe500a60ae,200,all_yaw,1489,0.0055728779459,0.00510544581676,-0.000467432129136,-0.0838762545445,0.651992506176,0.639512219819,-0.0124802863576,-0.0191417635009,1,1,0,0,1,1,0,0,0,0,0,
development,yolo11s,9239d493-31d7-3dd0-a05f-03d50a242392,200,all_yaw,1156,0.00954802070994,0.00878932090767,-0.000758699802271,-0.0794614743013,0.462081499461,0.49267314924,0.0305916497787,0.0662040133925,1,1,0,0,0,0,0,,0,0,0,
development,yolo11s,96284bbc-6b58-330f-a5a6-76cd518543f0,200,all_yaw,2318,0.00468149336668,0.00514431321416,0.000462819847478,0.0988615835221,0.612936294083,0.596610334123,-0.01632595996,-0.0266356554794,1,1,0,0,1,1,0,0,0,0,0,
development,yolo11s,97738d01-b24f-365e-8818-2463149154d2,200,all_yaw,893,0.00476764147819,0.00540242458872,0.000634783110534,0.133144053184,0.581520785665,0.569734102849,-0.0117866828161,-0.0202687214399,1,1,0,0,1,1,0,0,0,0,0,
development,yolo11s,9a25fd14-783b-35c3-ab2d-df4687f82b5e,200,all_yaw,2192,0.00510960092477,0.00602340433656,0.00091380341179,0.17884046626,0.618369236163,0.598083511637,-0.0202857245258,-0.0328051968621,1,1,0,0,1,1,0,0,0,0,0,
development,yolo11s,9afab336-dbae-3f70-a669-46813f4570d7,200,all_yaw,1206,0.00518661628444,0.00565899095,0.000472374665563,0.091075691676,0.587873537025,0.569852969654,-0.0180205673709,-0.0306538162308,1,1,0,0,1,1,0,0,0,0,0,
development,yolo11s,a160c635-aa67-352c-a5e6-03b113493090,200,all_yaw,856,0.00713596885583,0.00750387109411,0.00036790223828,0.0515560319436,0.512835590421,0.508378307284,-0.00445728313634,-0.00869144657586,1,1,0,0,1,1,0,0,0,0,0,
development,yolo11s,a359e053-a350-36cf-ab1d-a7980afaffa2,200,all_yaw,1451,0.00561346598902,0.00621735557223,0.000603889583214,0.107578737343,0.535266811014,0.502861013549,-0.0324057974658,-0.0605413913191,1,1,0,0,1,1,0,0,0,0,0,
development,yolo11s,a50b198c-4de2-3f8c-a2b9-ab280605b350,200,all_yaw,1966,0.00600135794493,0.00604948282054,4.81248756123e-05,0.00801899770917,0.563981238256,0.5560960554,-0.00788518285504,-0.0139812857595,1,1,0,0,1,1,0,0,0,0,0,
development,yolo11s,aa539866-29e4-353e-95a9-b6d321b53b33,200,all_yaw,1708,0.00547767066166,0.00628714449554,0.000809473833881,0.147777017619,0.497518917825,0.464261050519,-0.0332578673055,-0.0668474426077,1,1,0,0,0,0,0,,0,0,0,
development,yolo11s,aa82b61f-7156-3c68-95a4-b79cebd120eb,200,all_yaw,1534,0.00576359983035,0.00569227979256,-7.13200377923e-05,-0.0123742174841,0.590432276313,0.595851909919,0.00541963360574,0.00917909440789,1,1,0,0,1,1,0,0,0,0,0,
development,yolo11s,ab83611b-436e-3de7-aad1-f0c9ad254196,200,all_yaw,1643,0.0050350390647,0.00577342920068,0.000738390135979,0.146650329122,0.532677430238,0.501260802004,-0.031416628234,-0.0589787110372,1,1,0,0,1,1,0,0,0,0,0,
development,yolo11s,ac1b1697-42b9-4225-a666-d17f72204fa8,200,all_yaw,1535,0.00603872580777,0.00577343434354,-0.000265291464237,-0.0439316956394,0.541815672542,0.52924692798,-0.0125687445618,-0.023197454778,1,1,0,0,1,1,0,0,0,0,0,
development,yolo11s,b21b7285-2199-3264-b10a-524e9b23502a,200,all_yaw,1194,0.0162651865142,0.0165042007278,0.000239014213544,0.0146948338609,0.445064299347,0.424965353993,-0.0200989453537,-0.0451596440856,1,1,0,0,0,0,0,,0,0,0,
development,yolo11s,b5ea60b0-2540-4efe-b60e-f421ade3c128,200,all_yaw,737,0.00435404281338,0.00536254251645,0.00100849970308,0.231623745173,0.508356809791,0.476305030026,-0.0320517797649,-0.063049769665,1,1,0,0,1,0,-1,-1,0,0,0,
development,yolo11s,bb9be2e6-8f0e-3bb3-8bb9-5d9aa9df384d,200,all_yaw,1228,0.0152870086856,0.0138203366583,-0.00146667202733,-0.0959423820247,0.340851107168,0.355747620721,0.0148965135536,0.0437038731586,1,1,0,0,0,0,0,,0,0,0,
development,yolo11s,c453a8e7-d3da-317a-946b-f8e9678a8582,200,all_yaw,1023,0.00610195607359,0.0068079300527,0.000705973979113,0.115696339108,0.502067325767,0.505096223467,0.00302889770014,0.0060328516609,1,1,0,0,1,1,0,0,0,0,0,
development,yolo11s,c7f5e5c1-dc52-3619-8998-420b2e280d8a,200,all_yaw,1126,0.0100223452549,0.00681053546045,-0.00321180979445,-0.320464892474,0.593685766849,0.613551090227,0.0198653233784,0.0334610066263,1,1,0,0,1,1,0,0,0,0,0,
development,yolo11s,cf6a99cb-b8bc-34d7-bdca-30e50e66cd74,200,all_yaw,2132,0.00493977097458,0.00549601598452,0.000556245009944,0.11260542499,0.570045246701,0.557585959296,-0.0124592874046,-0.0218566639695,1,1,0,0,1,1,0,0,0,0,0,
development,yolo11s,d20c3612-a64d-3aa8-bd4a-58890413afbb,200,all_yaw,1445,0.0104409015588,0.00760361116759,-0.0028372903912,-0.271747643172,0.598818372233,0.651230512803,0.0524121405708,0.0875259394186,1,1,0,0,1,1,0,0,0,0,0,
development,yolo11s,d37be0e2-8223-3eeb-a0e2-c4b75d5ff87b,200,all_yaw,764,0.00760729360358,0.00706302897796,-0.00054426462561,-0.0715451057856,0.631500212308,0.625509524523,-0.00599068778544,-0.00948643827615,1,1,0,0,1,1,0,0,0,0,0,
development,yolo11s,d3efe9ba-f10a-35e7-b17e-6850c66693fe,200,all_yaw,241,0.00607764585508,0.00607755024495,-9.56101305662e-08,-1.57314415559e-05,0.617688492893,0.634736130254,0.0170476373615,0.0275990852308,1,1,0,0,1,1,0,0,0,0,0,
development,yolo11s,dc9c2d63-083f-32c3-90ff-943ca823a245,200,all_yaw,1566,0.00561926544857,0.005920721713,0.000301456264427,0.0536469165206,0.603141628336,0.604205996038,0.0010643677015,0.00176470608477,1,1,0,0,1,1,0,0,0,0,0,
development,yolo11s,dd251cc5-736d-3b76-8ad3-3f6cb138178e,200,all_yaw,2086,0.00890530590625,0.00826645226884,-0.000638853637412,-0.0717385392638,0.547317184916,0.564649417936,0.0173322330198,0.0316676207096,1,1,0,0,1,1,0,0,0,0,0,
development,yolo11s,e66d1403-755b-3f63-938b-a2a69446a48a,200,all_yaw,953,0.00687700151552,0.00711753978797,0.000240538272455,0.034977202188,0.614037603465,0.603698273984,-0.010339329481,-0.0168382675958,1,1,0,0,1,1,0,0,0,0,0,
development,yolo11s,ec3133b4-2b17-3d49-b78a-4bc480ac5137,200,all_yaw,1129,0.00730475663682,0.00785448467794,0.000549728041123,0.0752561746345,0.592596449142,0.583944685058,-0.00865176408455,-0.0145997568785,1,1,0,0,1,1,0,0,0,0,0,
development,yolo11s,ef4a46c4-138e-3478-b94e-3e60a567ec7d,200,all_yaw,947,0.00478511122132,0.00570772681492,0.000922615593599,0.192809644526,0.622533097313,0.586221470212,-0.0363116271005,-0.0583288298362,1,1,0,0,1,1,0,0,0,0,0,
development,yolo11s,f3cc42c7-84a8-35c5-8683-13878bb9beeb,200,all_yaw,2085,0.00681162158347,0.00660115545042,-0.000210466133043,-0.0308980953307,0.538840724287,0.553968206071,0.0151274817839,0.0280741248797,1,1,0,0,1,1,0,0,0,0,0,
development,yolo11s,f7cdc2d1-f59a-30a2-aae8-8bb81c769e6e,200,all_yaw,1866,0.00387804165526,0.00467555346955,0.000797511814297,0.205648078384,0.630112558104,0.606161622241,-0.0239509358638,-0.038010567407,1,1,0,0,1,1,0,0,0,0,0,
development,yolo11s,fa9ec72a-cbcf-35dc-be20-4d0d9e7215ef,200,all_yaw,667,0.00828434111396,0.00879582497703,0.000511483863065,0.0617410432561,0.550272336125,0.523415121619,-0.0268572145067,-0.04880713193,1,1,0,0,1,1,0,0,0,0,0,
development,yolo11s,fb149ce0-7706-3bb5-9860-8c63d1c77592,200,all_yaw,1320,0.00712083943041,0.00688261536458,-0.000238224065832,-0.0334544920105,0.427257085715,0.434664441942,0.00740735622701,0.0173370003089,1,1,0,0,0,0,0,,0,0,0,
development,yolo11s,ff52c01e-3d7b-32b1-b6a1-bcff3459ccdd,200,all_yaw,1279,0.00717209738217,0.0102724951408,0.00310039775861,0.432286065485,0.412685989296,0.323468577442,-0.089217411854,-0.216187159652,1,1,0,0,0,0,0,,0,0,0,
development,yolo11s,ff8e7fdb-1073-3592-ba5e-8111bc3ce48b,200,all_yaw,1982,0.00533469478058,0.00569407247776,0.000359377697179,0.0673661215796,0.527593813766,0.519622996424,-0.00797081734258,-0.0151078673301,1,1,0,0,1,1,0,0,0,0,0,
development,yolo11s,01bb304d-7bd8-35f8-bbef-7086b688e35e,200,high_yaw,279,0.0054469459368,0.00594158386881,0.000494637932007,0.0908101416364,0.577074967047,0.560866083116,-0.0162088839313,-0.0280880039108,1,1,0,0,1,1,0,0,0,0,0,
development,yolo11s,16af3863-0d31-3cd1-8fa2-58053ffb953a,200,high_yaw,386,0.00583537685591,0.00671673962146,0.000881362765547,0.151037848507,0.551593645501,0.543549539258,-0.00804410624359,-0.0145833917943,1,1,0,0,1,1,0,0,0,0,0,
development,yolo11s,1d43ed4e-e705-308a-bdfa-49d99285c42a,200,high_yaw,199,0.00512972654733,0.00638626972043,0.0012565431731,0.244953246827,0.53161115938,0.503541685157,-0.0280694742228,-0.0528007618491,1,1,0,0,1,1,0,0,0,0,0,
development,yolo11s,1e6f21fd-5c8a-3526-ac50-72adae89d6a8,200,high_yaw,339,0.00532535416526,0.00552639178544,0.000201037620183,0.0377510328787,0.574524789622,0.558245643324,-0.0162791462977,-0.0283349763001,1,1,0,0,1,1,0,0,0,0,0,
development,yolo11s,2772dd5f-bc0a-47ea-ae19-a5e0dbef8f41,200,high_yaw,92,0.00622996195009,0.00783805645551,0.00160809450542,0.258122684906,0.46319323775,0.378701357147,-0.084491880603,-0.182411731686,1,1,0,0,0,0,0,,0,0,0,
development,yolo11s,286790ed-9dec-305b-bcad-4f8153301e7c,200,high_yaw,231,0.00458414107301,0.00636407412669,0.00177993305368,0.388280601606,0.798069975202,0.730282920831,-0.0677870543709,-0.0849387352954,1,1,0,0,1,1,0,0,1,1,0,0
development,yolo11s,2a9b2658-097e-3f8b-a817-22f2553c5de8,200,high_yaw,530,0.0113680944605,0.0109253151117,-0.000442779348859,-0.0389493024004,0.577121734324,0.568307626512,-0.00881410781123,-0.0152725279383,1,1,0,0,1,1,0,0,0,0,0,
development,yolo11s,3153b5b3-d381-3664-8f82-1d3c5ca841d2,200,high_yaw,266,0.0118737635757,0.0137453227826,0.00187155920685,0.15762139737,0.463677189663,0.433337132396,-0.0303400572664,-0.0654335773741,1,1,0,0,0,0,0,,0,0,0,
development,yolo11s,3576c0f5-c1b5-35bb-a0c4-ee95cba5c754,200,high_yaw,405,0.016154038451,0.0113956081032,-0.00475843034777,-0.294565991174,0.377909925374,0.416118744868,0.0382088194941,0.101105625782,1,1,0,0,0,0,0,,0,0,0,
development,yolo11s,366ceb72-9f11-385a-8bc9-a26a18dbdd22,200,high_yaw,664,0.00492214981631,0.00583613608738,0.000913986271074,0.18568842989,0.580692483933,0.551446163502,-0.0292463204314,-0.0503645582482,1,1,0,0,1,1,0,0,0,0,0,
development,yolo11s,3dd173a6-8b21-3189-bd53-132919b96a48,200,high_yaw,37,0.00594889993717,0.00495626414978,-0.000992635787389,-0.166860394001,0.561312037269,0.626488886364,0.0651768490942,0.116115181515,1,1,0,0,1,1,0,0,0,0,0,
development,yolo11s,3f9796e9-c892-3915-b719-3292df878ece,200,high_yaw,652,0.00560756924454,0.00722390158669,0.00161633234214,0.288241173966,0.655824186306,0.59691230319,-0.0589118831156,-0.0898287747627,1,1,0,0,1,1,0,0,0,0,0,
development,yolo11s,3fbdfb6c-927f-4aaa-81b1-21b02efd4c01,200,high_yaw,83,0.00604424026409,0.0050540894675,-0.000990150796588,-0.163817246391,0.599801442898,0.632433228179,0.0326317852813,0.0544043127399,1,1,0,0,1,1,0,0,0,0,0,
development,yolo11s,41b6f7d7-e431-3992-b783-74b9edf42215,200,high_yaw,148,0.00440794043904,0.00652453887214,0.00211659843309,0.480178546503,0.576140099448,0.550126031949,-0.0260140674993,-0.0451523293106,1,1,0,0,1,1,0,0,0,0,0,
development,yolo11s,453e5558-6363-38e3-bf9b-42b5ba0a6f1d,200,high_yaw,99,0.00378078196867,0.00443657070372,0.000655788735046,0.173453201078,0.511168088751,0.519448436111,0.00828034735998,0.0161988737994,1,1,0,0,1,1,0,0,0,0,0,
development,yolo11s,46d917cd-531c-330b-8d7b-979b51a8927f,200,high_yaw,1168,0.00777874539998,0.0101713263977,0.00239258099775,0.307579291354,0.410279635909,0.355806229038,-0.054473406871,-0.132771412723,1,1,0,0,0,0,0,,0,0,0,
development,yolo11s,47167c79-2ba4-369c-8db8-760a30b4c38a,200,high_yaw,111,0.00916125118878,0.00903672817931,-0.000124523009466,-0.0135923583908,0.55094795671,0.547554039527,-0.00339391718238,-0.00616014115497,1,1,0,0,1,1,0,0,0,0,0,
development,yolo11s,575d8d24-ba88-3b18-84c0-df5b29dccfde,200,high_yaw,438,0.00492929561305,0.00587968149022,0.000950385877167,0.192803587322,0.635715997709,0.611336828115,-0.0243791695943,-0.0383491522663,1,1,0,0,1,1,0,0,0,0,0,
development,yolo11s,5b1d8b11-4f90-3577-be0b-193e102fda82,200,high_yaw,674,0.00774197713698,0.00772799807218,-1.39790647967e-05,-0.00180561948833,0.548756211495,0.535581243737,-0.0131749677577,-0.0240087810976,1,1,0,0,1,1,0,0,0,0,0,
development,yolo11s,62a1e53b-b55c-36c2-bc5b-e216d494875a,200,high_yaw,430,0.00479818644117,0.00577064437681,0.000972457935641,0.202671977749,0.668094444859,0.641929110366,-0.0261653344931,-0.0391641252138,1,1,0,0,1,1,0,0,0,0,0,
development,yolo11s,633addf9-441c-35e7-868a-738aa612d51c,200,high_yaw,422,0.00643818238208,0.00694836957855,0.000510187196465,0.0792439800844,0.609242286925,0.571489087019,-0.0377531999065,-0.0619674646962,1,1,0,0,1,1,0,0,0,0,0,
development,yolo11s,639d4834-f922-3e27-9913-20aa649f815d,200,high_yaw,891,0.00502528497749,0.00571763235275,0.000692347375265,0.137772758832,0.626527381096,0.602593341688,-0.0239340394081,-0.0382011068155,1,1,0,0,1,1,0,0,0,0,0,
development,yolo11s,6937b4e5-b5b4-3970-b5dd-9ad194e6c338,200,high_yaw,361,0.00770116393595,0.0110528177528,0.00335165381686,0.435213929314,0.491487564455,0.439869354854,-0.0516182096006,-0.105024446871,1,1,0,0,0,0,0,,0,0,0,
development,yolo11s,69c0ec7c-e289-3c4d-ade3-d2287ec34026,200,high_yaw,164,0.00911839716714,0.00890070570124,-0.000217691465905,-0.0238738740937,0.494025781729,0.473106432314,-0.0209193494152,-0.0423446512082,1,1,0,0,0,0,0,,0,0,0,
development,yolo11s,6aa2ac89-6b25-3af6-ad59-221351189f4b,200,high_yaw,186,0.00447964216066,0.00506892799836,0.000589285837707,0.131547524685,0.536093757869,0.500159873394,-0.0359338844751,-0.0670291044199,1,1,0,0,1,0.5,-0.5,-0.5,0,0,0,
development,yolo11s,6cc0bb26-5afb-3688-b237-b9c64c2800e5,200,high_yaw,557,0.00855717114534,0.00851720872015,-3.99624251893e-05,-0.00467005094447,0.43257514989,0.446048852821,0.0134737029307,0.0311476582373,1,1,0,0,0,0,0,,0,0,0,
development,yolo11s,6dc6e668-549e-33b8-b952-ed8e807b1d48,200,high_yaw,414,0.0127465522821,0.0112101531647,-0.00153639911739,-0.1205344852,0.363261499978,0.369116038884,0.00585453890577,0.0161165961879,1,1,0,0,0,0,0,,0,0,0,
development,yolo11s,74dd5c1d-7a9a-32d1-903a-fc57e07109b9,200,high_yaw,466,0.00983064685682,0.0106595882666,0.000828941409742,0.0843221633139,0.387022837468,0.380113038484,-0.00690979898359,-0.0178537241595,1,1,0,0,0,0,0,,0,0,0,
development,yolo11s,74f15437-b85e-314a-9d86-7294b98bf07f,200,high_yaw,529,0.00585807898831,0.00651160795623,0.00065352896792,0.111560286098,0.575575951272,0.556343765059,-0.0192321862133,-0.0334138112803,1,1,0,0,1,1,0,0,0,0,0,
development,yolo11s,768cf7e2-eb6c-3468-969e-e3b0fd87b34e,200,high_yaw,34,0.00411524293237,0.00341810631621,-0.00069713661616,-0.169403514596,0.705725398561,0.706757577156,0.00103217859502,0.00146257821686,1,1,0,0,1,1,0,0,1,1,0,0
development,yolo11s,770a58e6-eff6-39b7-a265-fe7f202fe8b2,200,high_yaw,224,0.0120977146379,0.00756625590284,-0.00453145873506,-0.374571468306,0.45962632752,0.568627354735,0.109001027216,0.237151400365,1,1,0,0,0,1,1,,0,0,0,
development,yolo11s,7ce2a2ce-eed6-36d7-ba62-dda9acddb070,200,high_yaw,172,0.00229444021588,0.00364212831445,0.00134768809857,0.587371198097,0.737082340851,0.690453039782,-0.0466293010696,-0.0632619973174,1,1,0,0,1,1,0,0,1,0,-1,-1
development,yolo11s,7e3d8631-3b7d-38c1-b833-ee7cfa7235ca,200,high_yaw,1047,0.00864662104347,0.00887478914096,0.000228168097487,0.0263881227523,0.487444472517,0.490580588728,0.00313611621175,0.00643379172106,1,1,0,0,0,0,0,,0,0,0,
development,yolo11s,7ef4a6cc-7266-3a31-8dd4-01c3d3c58dcb,200,high_yaw,76,0.00837087530146,0.00394122704915,-0.00442964825231,-0.529173842972,0.67400909168,0.705434627069,0.0314255353882,0.0466247944962,1,1,0,0,1,1,0,0,0,0.5,0.5,
development,yolo11s,80da8956-f418-319c-9f49-3d47d9002546,200,high_yaw,23,0.00422434673301,0.00419994026256,-2.44064704464e-05,-0.00577757272047,0.710186257294,0.609264906679,-0.100921350615,-0.142105468218,1,1,0,0,1,1,0,0,1,0,-1,-1
development,yolo11s,85026edc-5fdf-308e-a8ef-a1aad1151c50,200,high_yaw,21,0.00763926964456,0.0092166531499,0.00157738350534,0.206483548655,0.512113536289,0.497496081543,-0.0146174547461,-0.0285433867889,1,1,0,0,1,0,-1,-1,0,0,0,
development,yolo11s,8a0ff1a2-9045-3be3-b67f-3914d88178ec,200,high_yaw,26,0.00599308983327,0.00584606165175,-0.000147028181528,-0.0245329513854,0.62326546719,0.58068759587,-0.0425778713199,-0.0683141832194,1,1,0,0,1,1,0,0,0,0,0,
development,yolo11s,8c019de9-7043-37bc-9498-b5858e7240af,200,high_yaw,224,0.00347631991472,0.00435292124399,0.000876601329262,0.252163595631,0.680204375726,0.653290498943,-0.0269138767833,-0.0395673384996,1,1,0,0,1,1,0,0,0,0,0,
development,yolo11s,8ee606e6-4cbd-3c07-8419-fbda836ccaac,200,high_yaw,240,0.00658794582828,0.00785079165088,0.0012628458226,0.191690377474,0.423810840248,0.40134067429,-0.0224701659576,-0.0530193280203,1,1,0,0,0,0,0,,0,0,0,
development,yolo11s,90f360d8-35f7-3c54-b2da-e99b354bc4cb,200,high_yaw,22,0.00629853061518,0.00856542167833,0.00226689106315,0.359907921648,0.449706098939,0.46556521659,0.0158591176509,0.0352655160522,1,1,0,0,0,0,0,,0,0,0,
development,yolo11s,96284bbc-6b58-330f-a5a6-76cd518543f0,200,high_yaw,319,0.00666019080937,0.00614085185509,-0.000519338954281,-0.0779765879306,0.618056930425,0.593396233883,-0.024660696542,-0.0399003640734,1,1,0,0,1,1,0,0,0,0,0,
development,yolo11s,97738d01-b24f-365e-8818-2463149154d2,200,high_yaw,468,0.00469805888047,0.00523445581586,0.000536396935383,0.114174161931,0.578837579452,0.553385261312,-0.0254523181404,-0.0439714335142,1,1,0,0,1,1,0,0,0,0,0,
development,yolo11s,9a25fd14-783b-35c3-ab2d-df4687f82b5e,200,high_yaw,1027,0.00541716077524,0.0064729664207,0.00105580564547,0.194900186513,0.600150364907,0.588286756063,-0.011863608844,-0.0197677274524,1,1,0,0,1,1,0,0,0,0,0,
development,yolo11s,9afab336-dbae-3f70-a669-46813f4570d7,200,high_yaw,79,0.00575009706731,0.00550627038641,-0.000243826680897,-0.0424039243239,0.618120811759,0.63478342173,0.0166626099711,0.0269568823021,1,1,0,0,1,1,0,0,0,0,0,
development,yolo11s,a160c635-aa67-352c-a5e6-03b113493090,200,high_yaw,493,0.00716801607875,0.00822696255819,0.00105894647944,0.147732157378,0.468952007816,0.425307580955,-0.0436444268613,-0.0930680029809,1,1,0,0,0,0,0,,0,0,0,
development,yolo11s,a359e053-a350-36cf-ab1d-a7980afaffa2,200,high_yaw,554,0.00508474146891,0.00613831857542,0.00105357710652,0.207203672588,0.562977215268,0.509077513521,-0.0538997017468,-0.0957404674382,1,1,0,0,1,1,0,0,0,0,0,
development,yolo11s,a50b198c-4de2-3f8c-a2b9-ab280605b350,200,high_yaw,574,0.00639189185167,0.00610990341094,-0.00028198844072,-0.0441165850838,0.627558532599,0.625772593157,-0.00178593944203,-0.00284585317426,1,1,0,0,1,1,0,0,0,0,0,
development,yolo11s,aa539866-29e4-353e-95a9-b6d321b53b33,200,high_yaw,11,0.00452380196945,0.00452380196945,0,0,0.486025491023,0.486025491023,0,0,1,1,0,0,0,0,0,,0,0,0,
development,yolo11s,aa82b61f-7156-3c68-95a4-b79cebd120eb,200,high_yaw,815,0.00533561133648,0.00500845804842,-0.000327153288061,-0.0613150522836,0.600399508102,0.616774291056,0.0163747829536,0.0272731451852,1,1,0,0,1,1,0,0,0,0,0,
development,yolo11s,ab83611b-436e-3de7-aad1-f0c9ad254196,200,high_yaw,7,0.004116281458,0.00624864167099,0.00213236021298,0.518030711635,0.534819548026,0.54624311491,0.0114235668843,0.0213596659406,1,1,0,0,1,1,0,0,0,0,0,
development,yolo11s,b21b7285-2199-3264-b10a-524e9b23502a,200,high_yaw,225,0.0464664003155,0.0453713738399,-0.00109502647558,-0.0235659846285,0.158547437686,0.141398030842,-0.0171494068438,-0.108165777348,0,0,0,,0,0,0,,0,0,0,
development,yolo11s,b5ea60b0-2540-4efe-b60e-f421ade3c128,200,high_yaw,274,0.0057343903608,0.00717699088802,0.00144260052722,0.251569990262,0.47105329362,0.429149753321,-0.0419035402988,-0.0889571113637,1,1,0,0,0,0,0,,0,0,0,
development,yolo11s,bb9be2e6-8f0e-3bb3-8bb9-5d9aa9df384d,200,high_yaw,732,0.0171886315279,0.0155262981862,-0.00166233334174,-0.0967112093268,0.312755462523,0.339353496283,0.0265980337597,0.0850441861035,1,1,0,0,0,0,0,,0,0,0,
development,yolo11s,c453a8e7-d3da-317a-946b-f8e9678a8582,200,high_yaw,420,0.00624697084685,0.00748544949156,0.00123847864471,0.198252669185,0.526978806275,0.50586523997,-0.0211135663047,-0.040065304436,1,1,0,0,1,1,0,0,0,0,0,
development,yolo11s,c7f5e5c1-dc52-3619-8998-420b2e280d8a,200,high_yaw,715,0.0104260173237,0.00691055964397,-0.00351545767973,-0.337181262086,0.596500052119,0.621240770408,0.0247407182882,0.0414764729697,1,1,0,0,1,1,0,0,0,0,0,
development,yolo11s,cf6a99cb-b8bc-34d7-bdca-30e50e66cd74,200,high_yaw,589,0.00433093089973,0.00559410671387,0.00126317581415,0.291663811636,0.59619395533,0.567040468046,-0.029153487284,-0.0488993338884,1,1,0,0,1,1,0,0,0,0,0,
development,yolo11s,d20c3612-a64d-3aa8-bd4a-58890413afbb,200,high_yaw,223,0.0118534622808,0.00957618800438,-0.00227727427646,-0.192118911969,0.52905679674,0.606271065167,0.0772142684268,0.145947030456,1,1,0,0,1,1,0,0,0,0,0,
development,yolo11s,d37be0e2-8223-3eeb-a0e2-c4b75d5ff87b,200,high_yaw,2,0.0527004816688,0.0525949166488,-0.00010556502001,-0.00200311300138,0,0,0,,0,0,0,,0,0,0,,0,0,0,
development,yolo11s,d3efe9ba-f10a-35e7-b17e-6850c66693fe,200,high_yaw,34,0.00427220546465,0.00469508872868,0.000422883264036,0.0989847673608,0.577897410619,0.548359749047,-0.0295376615718,-0.0511122926476,1,1,0,0,1,1,0,0,0,0,0,
development,yolo11s,dc9c2d63-083f-32c3-90ff-943ca823a245,200,high_yaw,82,0.00987939586793,0.00973578899165,-0.000143606876279,-0.0145359977674,0.538024947558,0.563524665531,0.0254997179729,0.0473950475506,1,1,0,0,1,1,0,0,0,0,0,
development,yolo11s,e66d1403-755b-3f63-938b-a2a69446a48a,200,high_yaw,551,0.00700337448144,0.00722339040459,0.000220015923148,0.0314157016351,0.592470263105,0.579542359353,-0.0129279037522,-0.021820341977,1,1,0,0,1,1,0,0,0,0,0,
development,yolo11s,ec3133b4-2b17-3d49-b78a-4bc480ac5137,200,high_yaw,489,0.00631892807327,0.00660629242166,0.000287364348394,0.045476755719,0.589476459592,0.573905514271,-0.0155709453211,-0.0264148721594,1,1,0,0,1,1,0,0,0,0,0,
development,yolo11s,ef4a46c4-138e-3478-b94e-3e60a567ec7d,200,high_yaw,493,0.00482132351397,0.00629809327216,0.00147676975819,0.306299661059,0.646004671539,0.582066239707,-0.0639384318319,-0.098975184931,1,1,0,0,1,1,0,0,0,0,0,
development,yolo11s,f7cdc2d1-f59a-30a2-aae8-8bb81c769e6e,200,high_yaw,10,0.00416666245732,0.00553537396617,0.00136871150885,0.32849109398,0.596066057775,0.55604084658,-0.0400252111951,-0.0671489521555,1,1,0,0,1,1,0,0,0,0,0,
development,yolo11s,fa9ec72a-cbcf-35dc-be20-4d0d9e7215ef,200,high_yaw,148,0.00869532695433,0.00923360491064,0.000538277956311,0.0619042802114,0.460047408701,0.440592974078,-0.0194544346234,-0.0422878908901,1,1,0,0,0,0,0,,0,0,0,
development,yolo11s,fb149ce0-7706-3bb5-9860-8c63d1c77592,200,high_yaw,65,0.00476311748586,0.00489465714418,0.000131539658323,0.0276162951498,0.420366471485,0.446288806448,0.0259223349638,0.061666038379,1,1,0,0,0,0,0,,0,0,0,
development,yolo11s,ff52c01e-3d7b-32b1-b6a1-bcff3459ccdd,200,high_yaw,1140,0.007219035464,0.0104351903914,0.00321615492745,0.445510337702,0.414213995265,0.327914182195,-0.0862998130701,-0.208345961403,1,1,0,0,0,0,0,,0,0,0,
development,yolo11s,ff8e7fdb-1073-3592-ba5e-8111bc3ce48b,200,high_yaw,386,0.00515124307511,0.00510507889896,-4.61641761516e-05,-0.00896175456652,0.448485535522,0.463965126558,0.015479591036,0.0345152514629,1,1,0,0,0,0,0,,0,0,0,
development,yolo11s,01bb304d-7bd8-35f8-bbef-7086b688e35e,300,all_yaw,804,0.00723443370967,0.00843548356473,0.00120104985506,0.166018503073,0.474375993791,0.43690545847,-0.0374705353218,-0.0789891052925,1,1,0,0,0,0,0,,0,0,0,
development,yolo11s,16af3863-0d31-3cd1-8fa2-58053ffb953a,300,all_yaw,1968,0.00650004047939,0.00827035938199,0.0017703189026,0.272355058128,0.522518280939,0.505911596913,-0.0166066840258,-0.0317820153507,1,1,0,0,1,1,0,0,0,0,0,
development,yolo11s,1d43ed4e-e705-308a-bdfa-49d99285c42a,300,all_yaw,2277,0.00581160690164,0.00691849779318,0.00110689089154,0.190462106311,0.50439595704,0.483404116865,-0.0209918401748,-0.0416177804001,1,1,0,0,1,0,-1,-1,0,0,0,
development,yolo11s,1e6f21fd-5c8a-3526-ac50-72adae89d6a8,300,all_yaw,1978,0.0060130005365,0.00652363327032,0.00051063273382,0.0849214515648,0.506814282556,0.489995908746,-0.0168183738098,-0.0331844906284,1,1,0,0,1,0,-1,-1,0,0,0,
development,yolo11s,2772dd5f-bc0a-47ea-ae19-a5e0dbef8f41,300,all_yaw,1362,0.00857881414688,0.00963627861567,0.00105746446878,0.123264643653,0.473870931164,0.43945569141,-0.0344152397539,-0.0726257668293,1,1,0,0,0,0,0,,0,0,0,
development,yolo11s,286790ed-9dec-305b-bcad-4f8153301e7c,300,all_yaw,1026,0.00676248231261,0.00818860642704,0.00142612411443,0.210887666467,0.613509704328,0.537321740259,-0.0761879640687,-0.124183796167,1,1,0,0,1,1,0,0,0,0,0,
development,yolo11s,2a9b2658-097e-3f8b-a817-22f2553c5de8,300,all_yaw,1162,0.0139847426174,0.0133866494198,-0.000598093197618,-0.0427675513223,0.568925258185,0.547233862542,-0.0216913956425,-0.0381269689303,1,1,0,0,1,1,0,0,0,0,0,
development,yolo11s,3153b5b3-d381-3664-8f82-1d3c5ca841d2,300,all_yaw,768,0.0100910839692,0.0109879328636,0.000896848894448,0.0888753772327,0.514367177402,0.473845076315,-0.0405221010869,-0.0787804954654,1,1,0,0,1,0,-1,-1,0,0,0,
development,yolo11s,349c4c1c-9561-360f-9ae7-59772335d54b,300,all_yaw,1949,0.00927233222325,0.0108985646505,0.00162623242729,0.175385478878,0.535467401019,0.510003992201,-0.0254634088175,-0.0475536116093,1,1,0,0,1,1,0,0,0,0,0,
development,yolo11s,3576c0f5-c1b5-35bb-a0c4-ee95cba5c754,300,all_yaw,662,0.0183117072454,0.0113903150575,-0.0069213921879,-0.377976345687,0.325395622011,0.436526727685,0.111131105674,0.341526124375,1,1,0,0,0,0,0,,0,0,0,
development,yolo11s,366ceb72-9f11-385a-8bc9-a26a18dbdd22,300,all_yaw,1842,0.00649820405135,0.00734019499043,0.000841990939083,0.129572868508,0.557544152596,0.539098268147,-0.018445884449,-0.0330841680666,1,1,0,0,1,1,0,0,0,0,0,
development,yolo11s,380e5bf0-1c68-36a4-ac64-09a03b60bebf,300,all_yaw,1280,0.00566376371915,0.00677939433376,0.0011156306146,0.196976899095,0.642864621395,0.607907752768,-0.0349568686274,-0.0543767186185,1,1,0,0,1,1,0,0,0,0,0,
development,yolo11s,3dd173a6-8b21-3189-bd53-132919b96a48,300,all_yaw,532,0.00721254170445,0.00714597333541,-6.65683690354e-05,-0.00922952986107,0.417988945942,0.532962713822,0.11497376788,0.275064135059,1,1,0,0,0,1,1,,0,0,0,
development,yolo11s,3f9796e9-c892-3915-b719-3292df878ece,300,all_yaw,1061,0.0054857136377,0.00694937034004,0.00146365670234,0.266812451215,0.651803438942,0.586270558344,-0.0655328805981,-0.100540863522,1,1,0,0,1,1,0,0,0,0,0,
development,yolo11s,3fbdfb6c-927f-4aaa-81b1-21b02efd4c01,300,all_yaw,1557,0.00790380379966,0.00674083809496,-0.0011629657047,-0.147140001722,0.584117622486,0.633157936336,0.0490403138507,0.0839562306681,1,1,0,0,1,1,0,0,0,0,0,
development,yolo11s,40bfcbec-ec59-3731-8e75-67f0bddc3b01,300,all_yaw,1982,0.00502012945021,0.00580668520408,0.000786555753875,0.156680372822,0.500820433691,0.482516733089,-0.0183037006019,-0.0365474317151,1,1,0,0,1,0,-1,-1,0,0,0,
development,yolo11s,41b6f7d7-e431-3992-b783-74b9edf42215,300,all_yaw,1482,0.00600560289232,0.00761960231283,0.00161399942052,0.268748941523,0.552134665196,0.532564448588,-0.0195702166081,-0.0354446439279,1,1,0,0,1,1,0,0,0,0,0,
development,yolo11s,41d69427-364c-366e-94a5-8e556bcac39f,300,all_yaw,2284,0.00582973050548,0.00619044712675,0.000360716621272,0.0618753510018,0.586877610732,0.600688005082,0.0138103943493,0.0235319836654,1,1,0,0,1,1,0,0,0,0,0,
development,yolo11s,4207ef92-0b3b-4708-8868-4ffcaef308e0,300,all_yaw,998,0.00690384392041,0.00690569278514,1.84886473701e-06,0.000267802221245,0.740468934293,0.708231758627,-0.0322371756664,-0.0435361622526,1,1,0,0,1,1,0,0,1,1,0,0
development,yolo11s,453e5558-6363-38e3-bf9b-42b5ba0a6f1d,300,all_yaw,1351,0.00407734139718,0.00580753848342,0.00173019708624,0.424344423904,0.562993713793,0.496644395592,-0.0663493182006,-0.117850904149,1,1,0,0,1,0,-1,-1,0,0,0,
development,yolo11s,46d917cd-531c-330b-8d7b-979b51a8927f,300,all_yaw,1543,0.00889748250077,0.0118665407993,0.00296905829855,0.333696447089,0.385930401719,0.266015045177,-0.119915356542,-0.31071756982,1,0,-1,-1,0,0,0,,0,0,0,
development,yolo11s,47167c79-2ba4-369c-8db8-760a30b4c38a,300,all_yaw,481,0.010952042517,0.0110250150199,7.29725029254e-05,0.00666291267699,0.486929417949,0.431897490958,-0.0550319269911,-0.113018283477,1,1,0,0,0,0,0,,0,0,0,
development,yolo11s,47358aac-2ec0-3d45-a837-f2069ca7cee3,300,all_yaw,2362,0.00661471672191,0.00684554998033,0.000230833258417,0.0348969227439,0.524973600326,0.532446356158,0.00747275583243,0.0142345364182,1,1,0,0,1,1,0,0,0,0,0,
development,yolo11s,575d8d24-ba88-3b18-84c0-df5b29dccfde,300,all_yaw,2134,0.00495852419619,0.0062753042529,0.00131678005671,0.265558864816,0.655463865155,0.605159376902,-0.0503044882529,-0.0767463943128,1,1,0,0,1,1,0,0,0,0,0,
development,yolo11s,5b1d8b11-4f90-3577-be0b-193e102fda82,300,all_yaw,944,0.00965922029044,0.00997738365381,0.000318163363366,0.0329388246462,0.480568242916,0.465293642325,-0.0152746005913,-0.0317844568727,1,1,0,0,0,0,0,,0,0,0,
development,yolo11s,62a1e53b-b55c-36c2-bc5b-e216d494875a,300,all_yaw,1940,0.00572845821103,0.00633440327905,0.000605945068013,0.105778037596,0.644652630278,0.60612160424,-0.0385310260385,-0.0597702145756,1,1,0,0,1,1,0,0,0,0,0,
development,yolo11s,633addf9-441c-35e7-868a-738aa612d51c,300,all_yaw,2081,0.00708877896202,0.00787704334045,0.000788264378431,0.111198893724,0.574001581822,0.540932194131,-0.0330693876919,-0.0576120149128,1,1,0,0,1,1,0,0,0,0,0,
development,yolo11s,639d4834-f922-3e27-9913-20aa649f815d,300,all_yaw,1997,0.00515232670363,0.00633967885027,0.00118735214663,0.230449700675,0.621756608874,0.593597853663,-0.0281587552107,-0.0452890324105,1,1,0,0,1,1,0,0,0,0,0,
development,yolo11s,6937b4e5-b5b4-3970-b5dd-9ad194e6c338,300,all_yaw,1272,0.0100730349682,0.0143099615101,0.00423692654191,0.420620652591,0.461890694636,0.394611583502,-0.0672791111334,-0.145660243678,1,1,0,0,0,0,0,,0,0,0,
development,yolo11s,69c0ec7c-e289-3c4d-ade3-d2287ec34026,300,all_yaw,465,0.0113505926609,0.0112406030543,-0.000109989606564,-0.00969020824286,0.462411786786,0.436243852584,-0.0261679342024,-0.0565901106982,1,1,0,0,0,0,0,,0,0,0,
development,yolo11s,6aa2ac89-6b25-3af6-ad59-221351189f4b,300,all_yaw,949,0.00418901667277,0.00570176664112,0.00151274996835,0.361122928487,0.512771183645,0.484424510774,-0.0283466728712,-0.0552813297145,1,1,0,0,1,0,-1,-1,0,0,0,
development,yolo11s,6cc0bb26-5afb-3688-b237-b9c64c2800e5,300,all_yaw,927,0.0106214059802,0.0104306479645,-0.000190758015709,-0.0179597706805,0.444474734535,0.468353181717,0.0238784471826,0.0537228448038,1,1,0,0,0,0,0,,0,0,0,
development,yolo11s,6dc6e668-549e-33b8-b952-ed8e807b1d48,300,all_yaw,947,0.0226685454867,0.0212404757782,-0.00142806970851,-0.0629978535386,0.226449306381,0.247829480399,0.0213801740181,0.0944148355315,0,0,0,,0,0,0,,0,0,0,
development,yolo11s,74dd5c1d-7a9a-32d1-903a-fc57e07109b9,300,all_yaw,1050,0.00984321079748,0.0114405207163,0.00159730991885,0.162275293267,0.35663616284,0.328909983014,-0.0277261798256,-0.0777436017842,1,1,0,0,0,0,0,,0,0,0,
development,yolo11s,74f15437-b85e-314a-9d86-7294b98bf07f,300,all_yaw,1427,0.00675105331897,0.00794087909204,0.00118982577307,0.176242982665,0.5748388543,0.545426943524,-0.0294119107755,-0.0511654884764,1,1,0,0,1,1,0,0,0,0,0,
development,yolo11s,768cf7e2-eb6c-3468-969e-e3b0fd87b34e,300,all_yaw,1028,0.0039553965524,0.00442381285565,0.000468416303247,0.118424612309,0.696851729968,0.683337280367,-0.0135144496008,-0.0193935797526,1,1,0,0,1,1,0,0,0,0,0,
development,yolo11s,770a58e6-eff6-39b7-a265-fe7f202fe8b2,300,all_yaw,641,0.0122372295222,0.00942961137458,-0.00280761814763,-0.229432498797,0.400450144204,0.540214734082,0.139764589878,0.349018702829,1,1,0,0,0,1,1,,0,0,0,
development,yolo11s,7ce2a2ce-eed6-36d7-ba62-dda9acddb070,300,all_yaw,1009,0.00350895581659,0.00529004840002,0.00178109258343,0.507584784914,0.57158533905,0.476709527606,-0.0948758114443,-0.165987132563,1,1,0,0,1,0,-1,-1,0,0,0,
development,yolo11s,7e3d8631-3b7d-38c1-b833-ee7cfa7235ca,300,all_yaw,1769,0.00952290243303,0.0103793947236,0.000856492290521,0.0899402568224,0.489334805264,0.48105360568,-0.00828119958389,-0.0169233814861,1,1,0,0,0,0,0,,0,0,0,
development,yolo11s,7ef4a6cc-7266-3a31-8dd4-01c3d3c58dcb,300,all_yaw,1038,0.00890159498669,0.00523752193695,-0.00366407304975,-0.411619833886,0.558827913941,0.594930584993,0.0361026710512,0.0646042728907,1,1,0,0,1,1,0,0,0,0,0,
development,yolo11s,80da8956-f418-319c-9f49-3d47d9002546,300,all_yaw,1030,0.00328947891638,0.00481609317889,0.0015266142625,0.464089997628,0.708997578497,0.615610141642,-0.093387436855,-0.131717568137,1,1,0,0,1,1,0,0,1,0,-1,-1
development,yolo11s,85026edc-5fdf-308e-a8ef-a1aad1151c50,300,all_yaw,1443,0.00618350296955,0.00759987709189,0.00141637412234,0.229056916333,0.599812001208,0.567756719759,-0.0320552814485,-0.0534422142005,1,1,0,0,1,1,0,0,0,0,0,
development,yolo11s,8a0ff1a2-9045-3be3-b67f-3914d88178ec,300,all_yaw,2368,0.00567345120816,0.00700832483097,0.00133487362281,0.235284234205,0.55224682445,0.520496920131,-0.0317499043182,-0.0574922351973,1,1,0,0,1,1,0,0,0,0,0,
development,yolo11s,8c019de9-7043-37bc-9498-b5858e7240af,300,all_yaw,570,0.00406969118684,0.00529565266725,0.00122596148041,0.301241893827,0.669361020033,0.618279791156,-0.0510812288773,-0.0763134203344,1,1,0,0,1,1,0,0,0,0,0,
development,yolo11s,8ee606e6-4cbd-3c07-8419-fbda836ccaac,300,all_yaw,1345,0.00600336194186,0.00705622669618,0.00105286475433,0.175379189948,0.555068836985,0.515320611221,-0.0397482257644,-0.0716095430259,1,1,0,0,1,1,0,0,0,0,0,
development,yolo11s,90f360d8-35f7-3c54-b2da-e99b354bc4cb,300,all_yaw,483,0.0079337693988,0.00954479232228,0.00161102292348,0.203058955019,0.520282508687,0.463891706768,-0.0563908019189,-0.108384965816,1,1,0,0,1,0,-1,-1,0,0,0,
development,yolo11s,91923e20-9a05-32e0-ac53-8c09b0b60341,300,all_yaw,1228,0.0135527365236,0.0144273385227,0.000874601999131,0.0645332400293,0.290310369242,0.252312285493,-0.0379980837492,-0.130887793807,0,0,0,,0,0,0,,0,0,0,
development,yolo11s,919f13de-857f-3b1c-9f8e-7cbe500a60ae,300,all_yaw,1470,0.00612042728363,0.00604684052028,-7.35867633487e-05,-0.0120231415126,0.615913017357,0.612256963451,-0.00365605390616,-0.00593599064013,1,1,0,0,1,1,0,0,0,0,0,
development,yolo11s,9239d493-31d7-3dd0-a05f-03d50a242392,300,all_yaw,1132,0.0110573947542,0.0107533949389,-0.000303999815299,-0.0274928970212,0.403912183231,0.445935791032,0.0420236078015,0.104041446498,1,1,0,0,0,0,0,,0,0,0,
development,yolo11s,96284bbc-6b58-330f-a5a6-76cd518543f0,300,all_yaw,2277,0.00533031306286,0.0061560923459,0.000825779283047,0.154921347641,0.586831228573,0.558316645358,-0.028514583215,-0.0485907733375,1,1,0,0,1,1,0,0,0,0,0,
development,yolo11s,97738d01-b24f-365e-8818-2463149154d2,300,all_yaw,875,0.00521592431576,0.00641092557098,0.00119500125522,0.22910632572,0.561060388854,0.529501978203,-0.0315584106511,-0.0562477966331,1,1,0,0,1,1,0,0,0,0,0,
development,yolo11s,9a25fd14-783b-35c3-ab2d-df4687f82b5e,300,all_yaw,2162,0.00516717375064,0.00723502255599,0.00206784880535,0.40018952432,0.6069641901,0.578958960766,-0.0280052293334,-0.0461398378854,1,1,0,0,1,1,0,0,0,0,0,
development,yolo11s,9afab336-dbae-3f70-a669-46813f4570d7,300,all_yaw,1187,0.00551466804621,0.00649958279097,0.000984914744758,0.178599099076,0.582544380513,0.537398066126,-0.0451463143864,-0.0774984977912,1,1,0,0,1,1,0,0,0,0,0,
development,yolo11s,a160c635-aa67-352c-a5e6-03b113493090,300,all_yaw,834,0.00791840471692,0.00891748721755,0.000999082500627,0.12617219457,0.464911983431,0.459928516854,-0.00498346657679,-0.0107191613776,1,1,0,0,0,0,0,,0,0,0,
development,yolo11s,a359e053-a350-36cf-ab1d-a7980afaffa2,300,all_yaw,1430,0.00640577737021,0.0073338468511,0.000928069480883,0.144880071106,0.496676225976,0.459675129823,-0.0370010961531,-0.0744974174683,1,1,0,0,0,0,0,,0,0,0,
development,yolo11s,a50b198c-4de2-3f8c-a2b9-ab280605b350,300,all_yaw,1937,0.00642532394953,0.00666216566923,0.000236841719702,0.0368606659466,0.550960529035,0.538456200436,-0.0125043285982,-0.0226955070994,1,1,0,0,1,1,0,0,0,0,0,
development,yolo11s,aa539866-29e4-353e-95a9-b6d321b53b33,300,all_yaw,1672,0.00580687630641,0.00751634147726,0.00170946517086,0.29438635863,0.480679803349,0.423217288515,-0.0574625148335,-0.119544267167,1,1,0,0,0,0,0,,0,0,0,
development,yolo11s,aa82b61f-7156-3c68-95a4-b79cebd120eb,300,all_yaw,1519,0.00678065580292,0.00644918204605,-0.000331473756868,-0.0488852061663,0.569046317294,0.57407557005,0.00502925275609,0.00883803761355,1,1,0,0,1,1,0,0,0,0,0,
development,yolo11s,ab83611b-436e-3de7-aad1-f0c9ad254196,300,all_yaw,1627,0.00519318567959,0.00658511983678,0.00139193415719,0.268030885677,0.518754260348,0.479690747462,-0.0390635128864,-0.0753025389329,1,1,0,0,1,0,-1,-1,0,0,0,
development,yolo11s,ac1b1697-42b9-4225-a666-d17f72204fa8,300,all_yaw,1518,0.00633335693577,0.00626506545126,-6.82914845077e-05,-0.0107828257905,0.52753698141,0.514838516544,-0.0126984648659,-0.0240712316167,1,1,0,0,1,1,0,0,0,0,0,
development,yolo11s,b21b7285-2199-3264-b10a-524e9b23502a,300,all_yaw,1181,0.0170308339132,0.0179058869475,0.00087505303434,0.0513805159983,0.432847795734,0.392249821098,-0.0405979746361,-0.0937927258409,1,1,0,0,0,0,0,,0,0,0,
development,yolo11s,b5ea60b0-2540-4efe-b60e-f421ade3c128,300,all_yaw,723,0.00444304334343,0.00583083699496,0.00138779365153,0.312352039866,0.507753054961,0.441086219511,-0.0666668354499,-0.131297753501,1,1,0,0,1,0,-1,-1,0,0,0,
development,yolo11s,bb9be2e6-8f0e-3bb3-8bb9-5d9aa9df384d,300,all_yaw,1207,0.0165826095267,0.0150529813033,-0.00152962822341,-0.0922429139364,0.313026007638,0.334883082168,0.0218570745301,0.0698251071694,1,1,0,0,0,0,0,,0,0,0,
development,yolo11s,c453a8e7-d3da-317a-946b-f8e9678a8582,300,all_yaw,1004,0.00699481394805,0.0079122504582,0.000917436510154,0.131159530041,0.441879787762,0.4345015168,-0.00737827096172,-0.0166974619932,1,1,0,0,0,0,0,,0,0,0,
development,yolo11s,c7f5e5c1-dc52-3619-8998-420b2e280d8a,300,all_yaw,1113,0.0119072332428,0.00819185179962,-0.00371538144322,-0.312027266742,0.529855542341,0.565872869132,0.0360173267911,0.0679757479405,1,1,0,0,1,1,0,0,0,0,0,
development,yolo11s,cf6a99cb-b8bc-34d7-bdca-30e50e66cd74,300,all_yaw,2119,0.0050100092239,0.00597464090638,0.000964631682479,0.192540899501,0.567469173734,0.546632796564,-0.02083637717,-0.0367180776232,1,1,0,0,1,1,0,0,0,0,0,
development,yolo11s,d20c3612-a64d-3aa8-bd4a-58890413afbb,300,all_yaw,1422,0.0128121271615,0.00896513137395,-0.00384699578756,-0.300262067263,0.543399948038,0.611840472128,0.06844052409,0.125948712982,1,1,0,0,1,1,0,0,0,0,0,
development,yolo11s,d37be0e2-8223-3eeb-a0e2-c4b75d5ff87b,300,all_yaw,749,0.00798894573426,0.00795126865052,-3.76770837423e-05,-0.0047161521677,0.622166458239,0.587913438319,-0.0342530199206,-0.0550544303168,1,1,0,0,1,1,0,0,0,0,0,
development,yolo11s,d3efe9ba-f10a-35e7-b17e-6850c66693fe,300,all_yaw,234,0.00773490432093,0.00744995999714,-0.000284944323794,-0.0368387651575,0.56905835064,0.59930153719,0.03024318655,0.0531460201155,1,1,0,0,1,1,0,0,0,0,0,
development,yolo11s,dc9c2d63-083f-32c3-90ff-943ca823a245,300,all_yaw,1548,0.00633127441136,0.0068363416604,0.000505067249042,0.0797733941425,0.583732746083,0.569666344136,-0.0140664019473,-0.0240973322838,1,1,0,0,1,1,0,0,0,0,0,
development,yolo11s,dd251cc5-736d-3b76-8ad3-3f6cb138178e,300,all_yaw,2049,0.0104751239682,0.00969231653395,-0.000782807434301,-0.074730135574,0.505391821204,0.541552511198,0.0361606899942,0.071549812397,1,1,0,0,1,1,0,0,0,0,0,
development,yolo11s,e66d1403-755b-3f63-938b-a2a69446a48a,300,all_yaw,933,0.00712404389719,0.00760054354792,0.000476499650724,0.0668861194007,0.602821648586,0.581672832733,-0.0211488158521,-0.0350830397378,1,1,0,0,1,1,0,0,0,0,0,
development,yolo11s,ec3133b4-2b17-3d49-b78a-4bc480ac5137,300,all_yaw,1115,0.00841594954664,0.00892980743528,0.000513857888639,0.0610576246675,0.56736343907,0.555087215104,-0.0122762239658,-0.0216373194331,1,1,0,0,1,1,0,0,0,0,0,
development,yolo11s,ef4a46c4-138e-3478-b94e-3e60a567ec7d,300,all_yaw,922,0.00501123085768,0.00664403426627,0.00163280340859,0.32582881431,0.597781175653,0.543996387982,-0.0537847876716,-0.0899740404384,1,1,0,0,1,1,0,0,0,0,0,
development,yolo11s,f3cc42c7-84a8-35c5-8683-13878bb9beeb,300,all_yaw,2048,0.00734820865619,0.00762130159742,0.000273092941229,0.0371645599637,0.500936189565,0.52092310328,0.0199869137145,0.0398991211472,1,1,0,0,1,1,0,0,0,0,0,
development,yolo11s,f7cdc2d1-f59a-30a2-aae8-8bb81c769e6e,300,all_yaw,1837,0.00391249496753,0.00556242407494,0.0016499291074,0.421707662526,0.624549618304,0.581145419355,-0.0434041989493,-0.0694967984564,1,1,0,0,1,1,0,0,0,0,0,
development,yolo11s,fa9ec72a-cbcf-35dc-be20-4d0d9e7215ef,300,all_yaw,658,0.00868630665784,0.00962691037551,0.000940603717667,0.108285806007,0.531721814962,0.493696354517,-0.0380254604449,-0.0715138242873,1,1,0,0,1,0,-1,-1,0,0,0,
development,yolo11s,fb149ce0-7706-3bb5-9860-8c63d1c77592,300,all_yaw,1302,0.00767240615525,0.00753544811913,-0.00013695803612,-0.0178507280961,0.387743289535,0.406499517584,0.0187562280488,0.0483727985886,1,1,0,0,0,0,0,,0,0,0,
development,yolo11s,ff52c01e-3d7b-32b1-b6a1-bcff3459ccdd,300,all_yaw,1245,0.00755833581081,0.0130056780724,0.0054473422616,0.720706567948,0.393859941871,0.262528573588,-0.131331368283,-0.333446878753,1,0,-1,-1,0,0,0,,0,0,0,
development,yolo11s,ff8e7fdb-1073-3592-ba5e-8111bc3ce48b,300,all_yaw,1939,0.00568643217946,0.00651944033944,0.000833008159978,0.146490476575,0.510547721835,0.485793995943,-0.0247537258918,-0.0484846466512,1,1,0,0,1,0,-1,-1,0,0,0,
development,yolo11s,01bb304d-7bd8-35f8-bbef-7086b688e35e,300,high_yaw,279,0.00565087712789,0.00686652647392,0.00121564934603,0.215125779329,0.571115597571,0.534411702843,-0.0367038947275,-0.0642670150905,1,1,0,0,1,1,0,0,0,0,0,
development,yolo11s,16af3863-0d31-3cd1-8fa2-58053ffb953a,300,high_yaw,398,0.0058344986883,0.00788757460003,0.00205307591173,0.351885572593,0.535780873676,0.513176406436,-0.0226044672398,-0.0421897614312,1,1,0,0,1,1,0,0,0,0,0,
development,yolo11s,1d43ed4e-e705-308a-bdfa-49d99285c42a,300,high_yaw,184,0.00584336015627,0.00761626367095,0.00177290351469,0.303404799169,0.508464776615,0.470629572378,-0.0378352042374,-0.0744106690915,1,1,0,0,1,0,-1,-1,0,0,0,
development,yolo11s,1e6f21fd-5c8a-3526-ac50-72adae89d6a8,300,high_yaw,327,0.005659168196,0.00625530460137,0.000596136405371,0.105339934196,0.567044160598,0.539182349066,-0.0278618115328,-0.0491351705366,1,1,0,0,1,1,0,0,0,0,0,
development,yolo11s,2772dd5f-bc0a-47ea-ae19-a5e0dbef8f41,300,high_yaw,76,0.00652010446924,0.00860653223886,0.00208642776962,0.319999131834,0.418285299866,0.35906256548,-0.0592227343859,-0.141584546253,1,1,0,0,0,0,0,,0,0,0,
development,yolo11s,286790ed-9dec-305b-bcad-4f8153301e7c,300,high_yaw,226,0.00473198642282,0.00818011617112,0.0034481297483,0.728685469527,0.80219120345,0.702468188012,-0.0997230154375,-0.124313274701,1,1,0,0,1,1,0,0,1,1,0,0
development,yolo11s,2a9b2658-097e-3f8b-a817-22f2553c5de8,300,high_yaw,514,0.0121623305036,0.0122390207497,7.66902460793e-05,0.00630555517764,0.558104235645,0.535120812916,-0.0229834227289,-0.0411812368748,1,1,0,0,1,1,0,0,0,0,0,
development,yolo11s,3153b5b3-d381-3664-8f82-1d3c5ca841d2,300,high_yaw,258,0.0158340742362,0.019515313917,0.00368123968082,0.232488469228,0.374231899226,0.364801449216,-0.0094304500098,-0.0251994820038,1,1,0,0,0,0,0,,0,0,0,
development,yolo11s,3576c0f5-c1b5-35bb-a0c4-ee95cba5c754,300,high_yaw,390,0.0201071921174,0.0134519695562,-0.00665522256121,-0.330987167295,0.245187446472,0.328980931473,0.0837934850015,0.341752753688,0,1,1,,0,0,0,,0,0,0,
development,yolo11s,366ceb72-9f11-385a-8bc9-a26a18dbdd22,300,high_yaw,643,0.00530380108565,0.00666473899667,0.00136093791102,0.256596710368,0.571603558768,0.521651330468,-0.0499522282999,-0.0873896383843,1,1,0,0,1,1,0,0,0,0,0,
development,yolo11s,3dd173a6-8b21-3189-bd53-132919b96a48,300,high_yaw,28,0.00644376069613,0.00640645499706,-3.730569907e-05,-0.00578942962491,0.453396172372,0.566892499335,0.113496326963,0.250324845862,1,1,0,0,0,1,1,,0,0,0,
development,yolo11s,3f9796e9-c892-3915-b719-3292df878ece,300,high_yaw,631,0.00604097114315,0.00847341202211,0.00243244087896,0.402657258464,0.64510326429,0.557633849104,-0.0874694151867,-0.135589788532,1,1,0,0,1,1,0,0,0,0,0,
development,yolo11s,3fbdfb6c-927f-4aaa-81b1-21b02efd4c01,300,high_yaw,64,0.00834263168697,0.00607029582769,-0.00227233585928,-0.272376384879,0.573540927187,0.648660325323,0.0751193981358,0.1309747824,1,1,0,0,1,1,0,0,0,0,0,
development,yolo11s,41b6f7d7-e431-3992-b783-74b9edf42215,300,high_yaw,141,0.00399395756155,0.00694445253795,0.0029504949764,0.738739691381,0.590591695725,0.54163259217,-0.0489591035546,-0.0828983947946,1,1,0,0,1,1,0,0,0,0,0,
development,yolo11s,453e5558-6363-38e3-bf9b-42b5ba0a6f1d,300,high_yaw,70,0.00426970617265,0.00580160022701,0.00153189405436,0.358782078303,0.464351668775,0.476348105919,0.0119964371437,0.0258348100167,1,1,0,0,0,0,0,,0,0,0,
development,yolo11s,46d917cd-531c-330b-8d7b-979b51a8927f,300,high_yaw,1157,0.0088155120778,0.011623010731,0.00280749865318,0.318472554788,0.393115953763,0.288082085277,-0.105033868486,-0.267182920155,1,0,-1,-1,0,0,0,,0,0,0,
development,yolo11s,47167c79-2ba4-369c-8db8-760a30b4c38a,300,high_yaw,98,0.0105086515241,0.00909393985833,-0.00141471166578,-0.134623520681,0.520292865114,0.467542475384,-0.0527503897302,-0.101385956386,1,1,0,0,1,0,-1,-1,0,0,0,
development,yolo11s,575d8d24-ba88-3b18-84c0-df5b29dccfde,300,high_yaw,418,0.00514150732619,0.00661349600173,0.00147198867554,0.286295162518,0.628195267435,0.581404051229,-0.0467912162058,-0.074485145991,1,1,0,0,1,1,0,0,0,0,0,
development,yolo11s,5b1d8b11-4f90-3577-be0b-193e102fda82,300,high_yaw,645,0.00930094683785,0.00905912062045,-0.000241826217399,-0.0260001719841,0.505219860318,0.485361598236,-0.019858262082,-0.0393061786397,1,1,0,0,1,0,-1,-1,0,0,0,
development,yolo11s,62a1e53b-b55c-36c2-bc5b-e216d494875a,300,high_yaw,434,0.00563719325314,0.00640167311867,0.000764479865523,0.135613563558,0.66792765073,0.632017867827,-0.0359097829034,-0.0537629829579,1,1,0,0,1,1,0,0,0,0,0,
development,yolo11s,633addf9-441c-35e7-868a-738aa612d51c,300,high_yaw,392,0.00721961064477,0.00773142227408,0.000511811629308,0.0708918603082,0.609041340089,0.557671123301,-0.0513702167885,-0.084346026135,1,1,0,0,1,1,0,0,0,0,0,
development,yolo11s,639d4834-f922-3e27-9913-20aa649f815d,300,high_yaw,896,0.00544116906376,0.00671925434612,0.00127808528236,0.234891668937,0.610043334371,0.577265223276,-0.032778111095,-0.0537307913196,1,1,0,0,1,1,0,0,0,0,0,
development,yolo11s,6937b4e5-b5b4-3970-b5dd-9ad194e6c338,300,high_yaw,336,0.00876444035765,0.0136919269588,0.00492748660113,0.562213489972,0.458446971383,0.381743056604,-0.0767039147785,-0.167312512824,1,1,0,0,0,0,0,,0,0,0,
development,yolo11s,69c0ec7c-e289-3c4d-ade3-d2287ec34026,300,high_yaw,161,0.0109102889776,0.0117345514952,0.000824262517571,0.0755491004192,0.476733905946,0.423093422648,-0.0536404832982,-0.11251661069,1,1,0,0,0,0,0,,0,0,0,
development,yolo11s,6aa2ac89-6b25-3af6-ad59-221351189f4b,300,high_yaw,184,0.00457557721659,0.00560944334693,0.00103386613034,0.225953159875,0.532059762884,0.50216732894,-0.0298924339443,-0.0561824742811,1,1,0,0,1,1,0,0,0,0,0,
development,yolo11s,6cc0bb26-5afb-3688-b237-b9c64c2800e5,300,high_yaw,544,0.0105651773674,0.0103770150798,-0.000188162287515,-0.0178096666977,0.361597147811,0.369384074561,0.00778692675052,0.0215348124222,1,1,0,0,0,0,0,,0,0,0,
development,yolo11s,6dc6e668-549e-33b8-b952-ed8e807b1d48,300,high_yaw,381,0.0155293577296,0.0149504749063,-0.000578882823217,-0.03727667514,0.273037189485,0.285270800349,0.0122336108644,0.0448056577474,0,0,0,,0,0,0,,0,0,0,
development,yolo11s,74dd5c1d-7a9a-32d1-903a-fc57e07109b9,300,high_yaw,483,0.0113615221963,0.0133713441459,0.00200982194952,0.17689724271,0.367390109281,0.323383722479,-0.0440063868015,-0.119781087432,1,1,0,0,0,0,0,,0,0,0,
development,yolo11s,74f15437-b85e-314a-9d86-7294b98bf07f,300,high_yaw,516,0.0060370379852,0.00761941222253,0.00158237423733,0.262111028821,0.574727574664,0.532393908172,-0.0423336664918,-0.0736586660499,1,1,0,0,1,1,0,0,0,0,0,
development,yolo11s,768cf7e2-eb6c-3468-969e-e3b0fd87b34e,300,high_yaw,20,0.0058305550426,0.00472807014576,-0.00110248489684,-0.189087469166,0.703417549713,0.676337779453,-0.0270797702597,-0.0384974333818,1,1,0,0,1,1,0,0,1,0,-1,-1
development,yolo11s,770a58e6-eff6-39b7-a265-fe7f202fe8b2,300,high_yaw,215,0.0170528244037,0.00942682435913,-0.00762600004462,-0.447198649565,0.351148251892,0.539152563418,0.188004311526,0.535398682788,1,1,0,0,0,1,1,,0,0,0,
development,yolo11s,7ce2a2ce-eed6-36d7-ba62-dda9acddb070,300,high_yaw,162,0.00229920062394,0.00416068423483,0.00186148361089,0.809622088439,0.735721215347,0.651813553936,-0.0839076614109,-0.114048174309,1,1,0,0,1,1,0,0,1,0,-1,-1
development,yolo11s,7e3d8631-3b7d-38c1-b833-ee7cfa7235ca,300,high_yaw,1015,0.00888090976622,0.00988271236008,0.00100180259386,0.112804050512,0.47488770091,0.463567254499,-0.0113204464104,-0.0238381545546,1,1,0,0,0,0,0,,0,0,0,
development,yolo11s,7ef4a6cc-7266-3a31-8dd4-01c3d3c58dcb,300,high_yaw,77,0.0132495942556,0.00511183970321,-0.00813775455243,-0.614188962728,0.568544167293,0.644036493736,0.075492326443,0.132781815004,1,1,0,0,1,1,0,0,0,0,0,
development,yolo11s,80da8956-f418-319c-9f49-3d47d9002546,300,high_yaw,11,0.0073427877229,0.00681949464214,-0.000523293080757,-0.0712662684126,0.605526420473,0.571231175099,-0.0342952453739,-0.0566370751372,1,1,0,0,1,1,0,0,0,0,0,
development,yolo11s,8a0ff1a2-9045-3be3-b67f-3914d88178ec,300,high_yaw,13,0.00609805363386,0.0100422179274,0.00394416429353,0.64679068607,0.628916225632,0.520960856945,-0.107955368688,-0.171653018777,1,1,0,0,1,1,0,0,0,0,0,
development,yolo11s,8c019de9-7043-37bc-9498-b5858e7240af,300,high_yaw,209,0.00359749998024,0.0052039955522,0.00160649557196,0.446558882777,0.671157091089,0.621002658657,-0.0501544324322,-0.0747283059333,1,1,0,0,1,1,0,0,0,0,0,
development,yolo11s,8ee606e6-4cbd-3c07-8419-fbda836ccaac,300,high_yaw,223,0.00752331284599,0.00855625173447,0.00103293888848,0.137298409574,0.403679464602,0.370467525437,-0.0332119391646,-0.0822730460104,1,1,0,0,0,0,0,,0,0,0,
development,yolo11s,90f360d8-35f7-3c54-b2da-e99b354bc4cb,300,high_yaw,18,0.00712771111445,0.00891347623106,0.00178576511661,0.2505383689,0.432276170426,0.394808724288,-0.0374674461375,-0.0866747896389,1,1,0,0,0,0,0,,0,0,0,
development,yolo11s,96284bbc-6b58-330f-a5a6-76cd518543f0,300,high_yaw,303,0.00786332545505,0.00717424074125,-0.000689084713804,-0.0876327347434,0.577082026585,0.560451160939,-0.0166308656459,-0.0288188938136,1,1,0,0,1,1,0,0,0,0,0,
development,yolo11s,97738d01-b24f-365e-8818-2463149154d2,300,high_yaw,451,0.00497055476174,0.00588606625244,0.000915511490698,0.184186984066,0.556694285541,0.519046072867,-0.0376482126737,-0.0676281644192,1,1,0,0,1,1,0,0,0,0,0,
development,yolo11s,9a25fd14-783b-35c3-ab2d-df4687f82b5e,300,high_yaw,1030,0.0057557961769,0.00771081389979,0.00195501772288,0.339660693811,0.594699545571,0.572573206647,-0.0221263389245,-0.037205911942,1,1,0,0,1,1,0,0,0,0,0,
development,yolo11s,9afab336-dbae-3f70-a669-46813f4570d7,300,high_yaw,65,0.00577637649691,0.00594139905013,0.000165022553217,0.0285685244557,0.588114282327,0.617625643424,0.0295113610972,0.0501796368225,1,1,0,0,1,1,0,0,0,0,0,
development,yolo11s,a160c635-aa67-352c-a5e6-03b113493090,300,high_yaw,461,0.00825791042764,0.00958854437086,0.00133063394323,0.161134460695,0.415159660819,0.361045773203,-0.0541138876168,-0.130344763049,1,1,0,0,0,0,0,,0,0,0,
development,yolo11s,a359e053-a350-36cf-ab1d-a7980afaffa2,300,high_yaw,560,0.00608722458108,0.00731296484506,0.00122574026398,0.20136274712,0.52539420515,0.459262872035,-0.0661313331145,-0.125869932455,1,1,0,0,1,0,-1,-1,0,0,0,
development,yolo11s,a50b198c-4de2-3f8c-a2b9-ab280605b350,300,high_yaw,570,0.00719588297045,0.00679815005434,-0.000397732916111,-0.0552722880215,0.618113153772,0.602146947248,-0.015966206524,-0.0258305561474,1,1,0,0,1,1,0,0,0,0,0,
development,yolo11s,aa82b61f-7156-3c68-95a4-b79cebd120eb,300,high_yaw,800,0.00663264366346,0.00594006102738,-0.000692582636087,-0.104420299239,0.570483558367,0.593263933009,0.0227803746413,0.0399316935733,1,1,0,0,1,1,0,0,0,0,0,
development,yolo11s,b21b7285-2199-3264-b10a-524e9b23502a,300,high_yaw,232,0.0460305555296,0.0396802351869,-0.00635032034273,-0.13795880301,0.144327672055,0.19949452587,0.055166853815,0.382233379292,0,0,0,,0,0,0,,0,0,0,
development,yolo11s,b5ea60b0-2540-4efe-b60e-f421ade3c128,300,high_yaw,270,0.00566886066666,0.00822302837658,0.00255416770992,0.450561031592,0.473498310299,0.384621717074,-0.0888765932253,-0.187702028269,1,1,0,0,0,0,0,,0,0,0,
development,yolo11s,bb9be2e6-8f0e-3bb3-8bb9-5d9aa9df384d,300,high_yaw,735,0.0175588458592,0.0168252986652,-0.000733547193985,-0.0417765039836,0.298784834819,0.324567834433,0.0257829996146,0.0862928656677,0,1,1,,0,0,0,,0,0,0,
development,yolo11s,c453a8e7-d3da-317a-946b-f8e9678a8582,300,high_yaw,402,0.00696335843906,0.00879747747923,0.00183411904017,0.263395753101,0.487712946876,0.452020743791,-0.0356922030854,-0.0731828082768,1,1,0,0,0,0,0,,0,0,0,
development,yolo11s,c7f5e5c1-dc52-3619-8998-420b2e280d8a,300,high_yaw,712,0.0127067445894,0.00833495803958,-0.00437178654986,-0.344052445462,0.527480503893,0.575315053134,0.0478345492405,0.0906849616005,1,1,0,0,1,1,0,0,0,0,0,
development,yolo11s,cf6a99cb-b8bc-34d7-bdca-30e50e66cd74,300,high_yaw,597,0.00436997198946,0.00644156938886,0.0020715973994,0.474052786701,0.596363808091,0.545823068247,-0.0505407398439,-0.0847481674075,1,1,0,0,1,1,0,0,0,0,0,
development,yolo11s,d20c3612-a64d-3aa8-bd4a-58890413afbb,300,high_yaw,207,0.0152602971511,0.0105679002279,-0.00469239692321,-0.30749053421,0.454648643455,0.552387653656,0.0977390102009,0.214977019305,1,1,0,0,0,1,1,,0,0,0,
development,yolo11s,d37be0e2-8223-3eeb-a0e2-c4b75d5ff87b,300,high_yaw,2,0.0529113579139,0.0529196995313,8.3416174477e-06,0.000157652681326,0,0,0,,0,0,0,,0,0,0,,0,0,0,
development,yolo11s,d3efe9ba-f10a-35e7-b17e-6850c66693fe,300,high_yaw,33,0.00620723567756,0.0058968964518,-0.000310339225767,-0.0499963658362,0.517486128189,0.469042099826,-0.0484440283632,-0.0936141583789,1,1,0,0,1,0,-1,-1,0,0,0,
development,yolo11s,dc9c2d63-083f-32c3-90ff-943ca823a245,300,high_yaw,75,0.00979778064187,0.00982504452052,2.72638786555e-05,0.00278265860933,0.506397404706,0.536266267308,0.0298688626016,0.0589830483411,1,1,0,0,1,1,0,0,0,0,0,
development,yolo11s,e66d1403-755b-3f63-938b-a2a69446a48a,300,high_yaw,535,0.0073873708767,0.00797468906332,0.000587318186615,0.0795030053882,0.564473227583,0.549703481383,-0.0147697462,-0.0261655389101,1,1,0,0,1,1,0,0,0,0,0,
development,yolo11s,ec3133b4-2b17-3d49-b78a-4bc480ac5137,300,high_yaw,481,0.00742560787659,0.00738872027256,-3.68876040357e-05,-0.00496762078591,0.551463136074,0.530119836102,-0.0213432999719,-0.0387030402862,1,1,0,0,1,1,0,0,0,0,0,
development,yolo11s,ef4a46c4-138e-3478-b94e-3e60a567ec7d,300,high_yaw,487,0.00535335926523,0.00734398213305,0.00199062286782,0.37184555887,0.609136640637,0.537533508011,-0.0716031326253,-0.117548556184,1,1,0,0,1,1,0,0,0,0,0,
development,yolo11s,f7cdc2d1-f59a-30a2-aae8-8bb81c769e6e,300,high_yaw,8,0.00363333700197,0.00557113879863,0.00193780179666,0.533339405514,0.606733440115,0.539789507807,-0.0669439323087,-0.110334997023,1,1,0,0,1,1,0,0,0,0,0,
development,yolo11s,fa9ec72a-cbcf-35dc-be20-4d0d9e7215ef,300,high_yaw,130,0.00902104467907,0.0109557392071,0.00193469452805,0.214464576651,0.427949390947,0.396690523783,-0.0312588671639,-0.0730433734109,1,1,0,0,0,0,0,,0,0,0,
development,yolo11s,fb149ce0-7706-3bb5-9860-8c63d1c77592,300,high_yaw,66,0.00484219516674,0.00538316993944,0.000540974772705,0.111720976556,0.409260341189,0.431651787553,0.0223914463643,0.0547119867497,1,1,0,0,0,0,0,,0,0,0,
development,yolo11s,ff52c01e-3d7b-32b1-b6a1-bcff3459ccdd,300,high_yaw,1110,0.00759978550773,0.0133317612106,0.00573197570284,0.754228615663,0.393738284881,0.262713743223,-0.131024541658,-0.332770641539,1,0,-1,-1,0,0,0,,0,0,0,
development,yolo11s,ff8e7fdb-1073-3592-ba5e-8111bc3ce48b,300,high_yaw,383,0.00558093594144,0.00563010896859,4.91730271488e-05,0.00881089259306,0.432296516092,0.424741792576,-0.00755472351652,-0.0174757908873,1,1,0,0,0,0,0,,0,0,0,
development,yolo11s,01bb304d-7bd8-35f8-bbef-7086b688e35e,400,all_yaw,780,0.00772128936464,0.0095999285601,0.00187863919545,0.243306409945,0.453227078363,0.411367789588,-0.0418592887748,-0.0923583139075,1,1,0,0,0,0,0,,0,0,0,
development,yolo11s,16af3863-0d31-3cd1-8fa2-58053ffb953a,400,all_yaw,1927,0.00664471895088,0.00960376019475,0.00295904124387,0.445322257532,0.512367639329,0.475223474384,-0.0371441649453,-0.0724951423432,1,1,0,0,1,0,-1,-1,0,0,0,
development,yolo11s,1d43ed4e-e705-308a-bdfa-49d99285c42a,400,all_yaw,2252,0.00624101164046,0.00790706345631,0.00166605181585,0.266952204518,0.483286404912,0.452626778663,-0.0306596262491,-0.0634398690662,1,1,0,0,0,0,0,,0,0,0,
development,yolo11s,1e6f21fd-5c8a-3526-ac50-72adae89d6a8,400,all_yaw,1943,0.00611389787061,0.0069340685489,0.000820170678288,0.134148573569,0.503092473478,0.475185063758,-0.0279074097203,-0.0554717297347,1,1,0,0,1,0,-1,-1,0,0,0,
development,yolo11s,2772dd5f-bc0a-47ea-ae19-a5e0dbef8f41,400,all_yaw,1334,0.00934236695183,0.0118556825649,0.00251331561309,0.269023431219,0.442048477162,0.384396605806,-0.0576518713559,-0.13041979406,1,1,0,0,0,0,0,,0,0,0,
development,yolo11s,286790ed-9dec-305b-bcad-4f8153301e7c,400,all_yaw,1006,0.0073772101777,0.00957370704981,0.0021964968721,0.297740855851,0.590710073878,0.492057990763,-0.0986520831144,-0.167005926388,1,1,0,0,1,0,-1,-1,0,0,0,
development,yolo11s,2a9b2658-097e-3f8b-a817-22f2553c5de8,400,all_yaw,1142,0.0148660610117,0.0149891963225,0.000123135310883,0.00828298167121,0.552424253597,0.508780425317,-0.0436438282803,-0.0790041856348,1,1,0,0,1,1,0,0,0,0,0,
development,yolo11s,3153b5b3-d381-3664-8f82-1d3c5ca841d2,400,all_yaw,755,0.0104308056241,0.0121332697051,0.00170246408106,0.16321501353,0.505398785045,0.450896002251,-0.0545027827946,-0.107841143286,1,1,0,0,1,0,-1,-1,0,0,0,
development,yolo11s,349c4c1c-9561-360f-9ae7-59772335d54b,400,all_yaw,1933,0.00958862927918,0.011854512769,0.00226588348984,0.236309426913,0.532822685229,0.496856710068,-0.0359659751608,-0.0675008331249,1,1,0,0,1,0,-1,-1,0,0,0,
development,yolo11s,3576c0f5-c1b5-35bb-a0c4-ee95cba5c754,400,all_yaw,637,0.0214830580879,0.0132567426435,-0.00822631544444,-0.382921063229,0.257018742532,0.399090769969,0.142072027438,0.55276913286,0,1,1,,0,0,0,,0,0,0,
development,yolo11s,366ceb72-9f11-385a-8bc9-a26a18dbdd22,400,all_yaw,1809,0.00682429839445,0.00852837420227,0.00170407580782,0.249707106771,0.541607992416,0.519382773577,-0.0222252188387,-0.0410356182883,1,1,0,0,1,1,0,0,0,0,0,
development,yolo11s,380e5bf0-1c68-36a4-ac64-09a03b60bebf,400,all_yaw,1268,0.00602046028602,0.00762037569422,0.00159991540821,0.265746360278,0.630867676113,0.58562675471,-0.0452409214036,-0.0717122197199,1,1,0,0,1,1,0,0,0,0,0,
development,yolo11s,3dd173a6-8b21-3189-bd53-132919b96a48,400,all_yaw,520,0.0080842099825,0.0080193185188,-6.48914637022e-05,-0.00802693940937,0.344678658033,0.50286512984,0.158186471807,0.458938980178,1,1,0,0,0,1,1,,0,0,0,
development,yolo11s,3f9796e9-c892-3915-b719-3292df878ece,400,all_yaw,1039,0.00614289617668,0.0082197613964,0.00207686521973,0.338092189741,0.631870687157,0.553093027108,-0.0787776600492,-0.124673705634,1,1,0,0,1,1,0,0,0,0,0,
development,yolo11s,3fbdfb6c-927f-4aaa-81b1-21b02efd4c01,400,all_yaw,1539,0.00903351923357,0.0077233248207,-0.00131019441287,-0.145036987136,0.561007678335,0.604177079137,0.0431694008023,0.0769497503678,1,1,0,0,1,1,0,0,0,0,0,
development,yolo11s,40bfcbec-ec59-3731-8e75-67f0bddc3b01,400,all_yaw,1963,0.00501108407575,0.00629488010306,0.00128379602731,0.256191276758,0.496530345952,0.466110227449,-0.0304201185027,-0.0612653763273,1,1,0,0,0,0,0,,0,0,0,
development,yolo11s,41b6f7d7-e431-3992-b783-74b9edf42215,400,all_yaw,1460,0.00641466051339,0.00878163504896,0.00236697453557,0.368994513525,0.543854614086,0.491016517646,-0.0528380964401,-0.0971548187173,1,1,0,0,1,0,-1,-1,0,0,0,
development,yolo11s,41d69427-364c-366e-94a5-8e556bcac39f,400,all_yaw,2254,0.00633102643549,0.00688283200431,0.000551805568815,0.0871589424619,0.558044894175,0.574059837452,0.0160149432766,0.0286983062542,1,1,0,0,1,1,0,0,0,0,0,
development,yolo11s,4207ef92-0b3b-4708-8868-4ffcaef308e0,400,all_yaw,987,0.00732601466763,0.00758750803892,0.000261493371286,0.0356938094106,0.73217173424,0.688319849112,-0.0438518851286,-0.0598928954477,1,1,0,0,1,1,0,0,1,0,-1,-1
development,yolo11s,453e5558-6363-38e3-bf9b-42b5ba0a6f1d,400,all_yaw,1317,0.00446491042979,0.007063723149,0.00259881271921,0.582052598833,0.546223933252,0.453142262919,-0.0930816703324,-0.170409358994,1,1,0,0,1,0,-1,-1,0,0,0,
development,yolo11s,46d917cd-531c-330b-8d7b-979b51a8927f,400,all_yaw,1516,0.00947079919435,0.0135373233001,0.00406652410571,0.429374968497,0.36181438322,0.190631176824,-0.171183206396,-0.473124381824,1,0,-1,-1,0,0,0,,0,0,0,
development,yolo11s,47167c79-2ba4-369c-8db8-760a30b4c38a,400,all_yaw,474,0.0116189428831,0.0126716828784,0.00105273999534,0.0906054884628,0.467387899841,0.398633382933,-0.0687545169077,-0.14710375885,1,1,0,0,0,0,0,,0,0,0,
development,yolo11s,47358aac-2ec0-3d45-a837-f2069ca7cee3,400,all_yaw,2327,0.00687147829219,0.00763157737929,0.000760099087103,0.110616530357,0.492627479626,0.50781077489,0.0151832952644,0.0308210481395,1,1,0,0,0,1,1,,0,0,0,
development,yolo11s,575d8d24-ba88-3b18-84c0-df5b29dccfde,400,all_yaw,2100,0.00503552185286,0.00709852791919,0.00206300606632,0.409690619285,0.651259248274,0.576854510859,-0.0744047374149,-0.114247494546,1,1,0,0,1,1,0,0,0,0,0,
development,yolo11s,5b1d8b11-4f90-3577-be0b-193e102fda82,400,all_yaw,915,0.0108903433926,0.0113786260912,0.000488282698681,0.0448362995619,0.436653193672,0.395204834903,-0.0414483587687,-0.0949228343441,1,1,0,0,0,0,0,,0,0,0,
development,yolo11s,62a1e53b-b55c-36c2-bc5b-e216d494875a,400,all_yaw,1911,0.0063944052315,0.00732288683809,0.000928481606592,0.14520218425,0.62827102108,0.580619334564,-0.0476516865165,-0.0758457495534,1,1,0,0,1,1,0,0,0,0,0,
development,yolo11s,633addf9-441c-35e7-868a-738aa612d51c,400,all_yaw,2054,0.00755053023702,0.00859557132029,0.00104504108327,0.138406317234,0.566893379049,0.522057616626,-0.0448357624222,-0.0790902911892,1,1,0,0,1,1,0,0,0,0,0,
development,yolo11s,639d4834-f922-3e27-9913-20aa649f815d,400,all_yaw,1957,0.00551634868005,0.00744776246852,0.00193141378847,0.35012540006,0.604572871797,0.564139764524,-0.0404331072728,-0.0668787985022,1,1,0,0,1,1,0,0,0,0,0,
development,yolo11s,6937b4e5-b5b4-3970-b5dd-9ad194e6c338,400,all_yaw,1236,0.0111895694087,0.017617206846,0.00642763743731,0.574431169114,0.415319215641,0.316864741315,-0.0984544743253,-0.237057354,1,1,0,0,0,0,0,,0,0,0,
development,yolo11s,69c0ec7c-e289-3c4d-ade3-d2287ec34026,400,all_yaw,458,0.0129332516603,0.0134999280582,0.00056667639792,0.0438154620976,0.403973702226,0.382743745278,-0.0212299569479,-0.0525528192329,1,1,0,0,0,0,0,,0,0,0,
development,yolo11s,6aa2ac89-6b25-3af6-ad59-221351189f4b,400,all_yaw,933,0.00447004137543,0.00660045448893,0.0021304131135,0.476598074732,0.494082819538,0.456906795273,-0.0371760242651,-0.0752424953773,1,1,0,0,0,0,0,,0,0,0,
development,yolo11s,6cc0bb26-5afb-3688-b237-b9c64c2800e5,400,all_yaw,910,0.0122110398689,0.011831348036,-0.000379691832986,-0.0310941440747,0.390478278497,0.419030465465,0.0285521869681,0.0731210634249,1,1,0,0,0,0,0,,0,0,0,
development,yolo11s,6dc6e668-549e-33b8-b952-ed8e807b1d48,400,all_yaw,921,0.0240462958463,0.0230331907705,-0.00101310507584,-0.0421314402148,0.145513642977,0.198869091773,0.0533554487964,0.366669734224,0,0,0,,0,0,0,,0,0,0,
development,yolo11s,74dd5c1d-7a9a-32d1-903a-fc57e07109b9,400,all_yaw,1028,0.0107960209319,0.0128742668569,0.00207824592504,0.192501101855,0.331903744558,0.29479867223,-0.0371050723281,-0.111794678236,1,0,-1,-1,0,0,0,,0,0,0,
development,yolo11s,74f15437-b85e-314a-9d86-7294b98bf07f,400,all_yaw,1389,0.00674629380617,0.0088678203791,0.00212152657293,0.314472899326,0.566723355252,0.525271508542,-0.0414518467095,-0.0731430005935,1,1,0,0,1,1,0,0,0,0,0,
development,yolo11s,768cf7e2-eb6c-3468-969e-e3b0fd87b34e,400,all_yaw,1012,0.00429689596748,0.00519509658454,0.00089820061706,0.209034759942,0.686786053494,0.656707894382,-0.0300781591123,-0.0437955298586,1,1,0,0,1,1,0,0,0,0,0,
development,yolo11s,770a58e6-eff6-39b7-a265-fe7f202fe8b2,400,all_yaw,616,0.0148010070303,0.0111689464255,-0.00363206060479,-0.245392803163,0.334808485442,0.500683834457,0.165875349015,0.495433527605,1,1,0,0,0,1,1,,0,0,0,
development,yolo11s,7ce2a2ce-eed6-36d7-ba62-dda9acddb070,400,all_yaw,992,0.00349734230283,0.00586387106829,0.00236652876545,0.676664895951,0.571293672289,0.44377195713,-0.127521715159,-0.223215696837,1,1,0,0,1,0,-1,-1,0,0,0,
development,yolo11s,7e3d8631-3b7d-38c1-b833-ee7cfa7235ca,400,all_yaw,1734,0.0099091364197,0.0114691443627,0.001560007943,0.157431271195,0.476841490024,0.463120720767,-0.0137207692567,-0.0287742772886,1,1,0,0,0,0,0,,0,0,0,
development,yolo11s,7ef4a6cc-7266-3a31-8dd4-01c3d3c58dcb,400,all_yaw,1017,0.0116934453821,0.00630230100339,-0.00539114437871,-0.461039856308,0.476287803729,0.558306193174,0.0820183894455,0.172203421552,1,1,0,0,0,1,1,,0,0,0,
development,yolo11s,80da8956-f418-319c-9f49-3d47d9002546,400,all_yaw,1010,0.00357486182313,0.00573931901117,0.00216445718803,0.605465971868,0.699766104954,0.579911814147,-0.119854290807,-0.171277645429,1,1,0,0,1,1,0,0,0,0,0,
development,yolo11s,85026edc-5fdf-308e-a8ef-a1aad1151c50,400,all_yaw,1410,0.00661990003328,0.00904723002386,0.00242732999058,0.366671698723,0.576604833818,0.528251503287,-0.0483533305304,-0.0838586978369,1,1,0,0,1,1,0,0,0,0,0,
development,yolo11s,8a0ff1a2-9045-3be3-b67f-3914d88178ec,400,all_yaw,2333,0.00570302567245,0.00793416128024,0.00223113560779,0.391219632514,0.54769162645,0.49666829696,-0.0510233294896,-0.0931606893835,1,1,0,0,1,0,-1,-1,0,0,0,
development,yolo11s,8c019de9-7043-37bc-9498-b5858e7240af,400,all_yaw,559,0.00451361171352,0.00630819300199,0.00179458128847,0.397593191966,0.656607781862,0.579332028074,-0.0772757537884,-0.117689366351,1,1,0,0,1,1,0,0,0,0,0,
development,yolo11s,8ee606e6-4cbd-3c07-8419-fbda836ccaac,400,all_yaw,1325,0.00617889540836,0.00805642337871,0.00187752797035,0.303861426074,0.539830570802,0.49220986058,-0.0476207102216,-0.0882141782946,1,1,0,0,1,0,-1,-1,0,0,0,
development,yolo11s,90f360d8-35f7-3c54-b2da-e99b354bc4cb,400,all_yaw,473,0.0089774559589,0.0118769603278,0.00289950436893,0.322976173005,0.462988790619,0.430782436837,-0.0322063537818,-0.0695618434709,1,1,0,0,0,0,0,,0,0,0,
development,yolo11s,91923e20-9a05-32e0-ac53-8c09b0b60341,400,all_yaw,1210,0.014692073954,0.0153052236717,0.000613149717663,0.041733367228,0.261854197981,0.225923278448,-0.0359309195337,-0.13721727515,0,0,0,,0,0,0,,0,0,0,
development,yolo11s,919f13de-857f-3b1c-9f8e-7cbe500a60ae,400,all_yaw,1444,0.00666063870203,0.0069028104541,0.000242171752069,0.0363586380981,0.588764535536,0.585551683749,-0.00321285178676,-0.00545693837322,1,1,0,0,1,1,0,0,0,0,0,
development,yolo11s,9239d493-31d7-3dd0-a05f-03d50a242392,400,all_yaw,1111,0.0128024285184,0.0121214949617,-0.000680933556765,-0.0531878428991,0.35783853023,0.40298041424,0.04514188401,0.126151546568,1,1,0,0,0,0,0,,0,0,0,
development,yolo11s,96284bbc-6b58-330f-a5a6-76cd518543f0,400,all_yaw,2231,0.0059599852531,0.00717871081805,0.00121872556494,0.20448466115,0.562505844238,0.521908296529,-0.0405975477088,-0.0721726682925,1,1,0,0,1,1,0,0,0,0,0,
development,yolo11s,97738d01-b24f-365e-8818-2463149154d2,400,all_yaw,856,0.00568402673218,0.00743520990377,0.00175118317158,0.308088482707,0.544632172123,0.50214059717,-0.0424915749525,-0.0780188485504,1,1,0,0,1,1,0,0,0,0,0,
development,yolo11s,9a25fd14-783b-35c3-ab2d-df4687f82b5e,400,all_yaw,2128,0.00553206812148,0.00846370192337,0.0029316338019,0.529934508673,0.601842822478,0.555522977056,-0.0463198454211,-0.0769633593542,1,1,0,0,1,1,0,0,0,0,0,
development,yolo11s,9afab336-dbae-3f70-a669-46813f4570d7,400,all_yaw,1170,0.00570145365799,0.00781106122543,0.00210960756744,0.370012227405,0.565445434029,0.503180307915,-0.0622651261146,-0.110116949165,1,1,0,0,1,1,0,0,0,0,0,
development,yolo11s,a160c635-aa67-352c-a5e6-03b113493090,400,all_yaw,814,0.00855181689854,0.0102282172119,0.00167640031337,0.196028555483,0.416543955107,0.401501195636,-0.0150427594709,-0.0361132583643,1,1,0,0,0,0,0,,0,0,0,
development,yolo11s,a359e053-a350-36cf-ab1d-a7980afaffa2,400,all_yaw,1408,0.00697788878271,0.00849340438911,0.0015155156064,0.217188271925,0.459047918919,0.418492372489,-0.0405555464299,-0.088347087,1,1,0,0,0,0,0,,0,0,0,
development,yolo11s,a50b198c-4de2-3f8c-a2b9-ab280605b350,400,all_yaw,1907,0.00672492538573,0.00763173871614,0.000906813330407,0.134843627014,0.544633215083,0.515535608794,-0.0290976062891,-0.0534260590123,1,1,0,0,1,1,0,0,0,0,0,
development,yolo11s,aa539866-29e4-353e-95a9-b6d321b53b33,400,all_yaw,1628,0.00618083122922,0.00904383124807,0.00286300001884,0.463206308774,0.466098504161,0.386884912802,-0.0792135913584,-0.169950323057,1,1,0,0,0,0,0,,0,0,0,
development,yolo11s,aa82b61f-7156-3c68-95a4-b79cebd120eb,400,all_yaw,1504,0.00771835175913,0.00764229611852,-7.60556406144e-05,-0.009853870747,0.527335416228,0.543184504895,0.0158490886671,0.030055043108,1,1,0,0,1,1,0,0,0,0,0,
development,yolo11s,ab83611b-436e-3de7-aad1-f0c9ad254196,400,all_yaw,1607,0.00529283834141,0.00757478944434,0.00228195110292,0.431139391707,0.506888637873,0.457746660391,-0.0491419774821,-0.0969482718893,1,1,0,0,1,0,-1,-1,0,0,0,
development,yolo11s,ac1b1697-42b9-4225-a666-d17f72204fa8,400,all_yaw,1504,0.00653043059671,0.00680820792265,0.000277777325939,0.0425358361636,0.504701023311,0.495678355559,-0.00902266775231,-0.0178772527409,1,1,0,0,1,0,-1,-1,0,0,0,
development,yolo11s,b21b7285-2199-3264-b10a-524e9b23502a,400,all_yaw,1164,0.0179058803063,0.0197772781545,0.00187139784819,0.104513032377,0.432128980538,0.380970071638,-0.0511589089001,-0.118388053577,1,1,0,0,0,0,0,,0,0,0,
development,yolo11s,b5ea60b0-2540-4efe-b60e-f421ade3c128,400,all_yaw,706,0.00455873666972,0.00633663572093,0.00177789905121,0.389998190293,0.511593873356,0.401369509257,-0.110224364099,-0.215452861811,1,1,0,0,1,0,-1,-1,0,0,0,
development,yolo11s,bb9be2e6-8f0e-3bb3-8bb9-5d9aa9df384d,400,all_yaw,1184,0.016768221721,0.0166997818477,-6.84398733491e-05,-0.00408152244691,0.297888478195,0.307187545872,0.00929906767678,0.0312166074134,0,1,1,,0,0,0,,0,0,0,
development,yolo11s,c453a8e7-d3da-317a-946b-f8e9678a8582,400,all_yaw,983,0.00746119887331,0.00891166195863,0.00145046308532,0.194400807423,0.384467431413,0.394738754727,0.0102713233142,0.0267157175746,1,1,0,0,0,0,0,,0,0,0,
development,yolo11s,c7f5e5c1-dc52-3619-8998-420b2e280d8a,400,all_yaw,1104,0.0139136393155,0.00974860272372,-0.00416503659182,-0.299349185167,0.462342902669,0.517853099473,0.0555101968039,0.120062828873,1,1,0,0,0,1,1,,0,0,0,
development,yolo11s,cf6a99cb-b8bc-34d7-bdca-30e50e66cd74,400,all_yaw,2104,0.0050411185575,0.00652222057408,0.00148110201658,0.293804241993,0.565112701811,0.531080879368,-0.0340318224425,-0.0602213015801,1,1,0,0,1,1,0,0,0,0,0,
development,yolo11s,d20c3612-a64d-3aa8-bd4a-58890413afbb,400,all_yaw,1399,0.0159527779526,0.010203043337,-0.00574973461565,-0.360422155484,0.515133922701,0.573794892671,0.05866096997,0.113875183491,1,1,0,0,1,1,0,0,0,0,0,
development,yolo11s,d37be0e2-8223-3eeb-a0e2-c4b75d5ff87b,400,all_yaw,735,0.00851104313345,0.00949350959505,0.000982466461597,0.115434318237,0.60815615108,0.5485278434,-0.0596283076801,-0.0980476931364,1,1,0,0,1,1,0,0,0,0,0,
development,yolo11s,d3efe9ba-f10a-35e7-b17e-6850c66693fe,400,all_yaw,227,0.00953709737634,0.0090598850291,-0.000477212347245,-0.0500374829378,0.507231136951,0.562119497355,0.0548883604036,0.108211733084,1,1,0,0,1,1,0,0,0,0,0,
development,yolo11s,dc9c2d63-083f-32c3-90ff-943ca823a245,400,all_yaw,1529,0.00674809915151,0.00775113512204,0.00100303597053,0.14863977959,0.568955444979,0.544697344537,-0.0242581004413,-0.0426362040391,1,1,0,0,1,1,0,0,0,0,0,
development,yolo11s,dd251cc5-736d-3b76-8ad3-3f6cb138178e,400,all_yaw,2008,0.0121548820341,0.0110242709695,-0.00113061106462,-0.093017033111,0.465396007033,0.514941482408,0.0495454753752,0.106458746157,1,1,0,0,0,1,1,,0,0,0,
development,yolo11s,e66d1403-755b-3f63-938b-a2a69446a48a,400,all_yaw,911,0.00729719224054,0.00827063919814,0.000973446957608,0.133400207302,0.594854190954,0.549561881209,-0.0452923097451,-0.076140187686,1,1,0,0,1,1,0,0,0,0,0,
development,yolo11s,ec3133b4-2b17-3d49-b78a-4bc480ac5137,400,all_yaw,1098,0.00992717663212,0.00993653241271,9.35578059182e-06,0.000942441233648,0.549758880909,0.518604325949,-0.0311545549599,-0.056669489192,1,1,0,0,1,1,0,0,0,0,0,
development,yolo11s,ef4a46c4-138e-3478-b94e-3e60a567ec7d,400,all_yaw,899,0.00552612510514,0.00731849500437,0.00179236989924,0.324344792261,0.581734025616,0.518276686518,-0.0634573390982,-0.109083079731,1,1,0,0,1,1,0,0,0,0,0,
development,yolo11s,f3cc42c7-84a8-35c5-8683-13878bb9beeb,400,all_yaw,2005,0.00795331220327,0.0087868999596,0.000833587756326,0.104810138848,0.473517980065,0.476489526439,0.00297154637378,0.00627546682255,1,1,0,0,0,0,0,,0,0,0,
development,yolo11s,f7cdc2d1-f59a-30a2-aae8-8bb81c769e6e,400,all_yaw,1812,0.003981750174,0.00652037979865,0.00253862962465,0.637566274555,0.620835914153,0.555155005337,-0.065680908815,-0.105794312664,1,1,0,0,1,1,0,0,0,0,0,
development,yolo11s,fa9ec72a-cbcf-35dc-be20-4d0d9e7215ef,400,all_yaw,649,0.00888745486683,0.0109069258194,0.00201947095257,0.227227140147,0.507525235963,0.458387401247,-0.0491378347162,-0.0968185052374,1,1,0,0,1,0,-1,-1,0,0,0,
development,yolo11s,fb149ce0-7706-3bb5-9860-8c63d1c77592,400,all_yaw,1281,0.00822450140218,0.00837800334194,0.000153501939762,0.0186639812258,0.35978406834,0.372085555094,0.0123014867541,0.0341913048315,1,1,0,0,0,0,0,,0,0,0,
development,yolo11s,ff52c01e-3d7b-32b1-b6a1-bcff3459ccdd,400,all_yaw,1205,0.00782607874972,0.0157731026075,0.00794702385777,1.01545411335,0.390955484208,0.205071198266,-0.185884285943,-0.475461512758,1,0,-1,-1,0,0,0,,0,0,0,
development,yolo11s,ff8e7fdb-1073-3592-ba5e-8111bc3ce48b,400,all_yaw,1895,0.00606253528349,0.00740660239428,0.00134406711079,0.221700501183,0.488463375638,0.449550582443,-0.0389127931943,-0.0796636864402,1,1,0,0,0,0,0,,0,0,0,
development,yolo11s,01bb304d-7bd8-35f8-bbef-7086b688e35e,400,high_yaw,266,0.00567009290709,0.00835725498774,0.00268716208065,0.473918527383,0.562948702309,0.508933734947,-0.0540149673614,-0.0959500699439,1,1,0,0,1,1,0,0,0,0,0,
development,yolo11s,16af3863-0d31-3cd1-8fa2-58053ffb953a,400,high_yaw,382,0.00585891211342,0.00899421139859,0.00313529928517,0.535133353168,0.531957791813,0.500074936807,-0.0318828550067,-0.0599349337436,1,1,0,0,1,0.5,-0.5,-0.5,0,0,0,
development,yolo11s,1d43ed4e-e705-308a-bdfa-49d99285c42a,400,high_yaw,178,0.00595834855092,0.00867917354704,0.00272082499612,0.45664079113,0.499808260446,0.416460533703,-0.0833477267434,-0.166759402234,1,1,0,0,0,0,0,,0,0,0,
development,yolo11s,1e6f21fd-5c8a-3526-ac50-72adae89d6a8,400,high_yaw,312,0.00586608569894,0.00690423610377,0.00103815040483,0.176974980951,0.561829032037,0.521237913244,-0.0405911187933,-0.0722481688889,1,1,0,0,1,1,0,0,0,0,0,
development,yolo11s,2772dd5f-bc0a-47ea-ae19-a5e0dbef8f41,400,high_yaw,48,0.0066883563929,0.00796073303449,0.00127237664159,0.19023756613,0.404711046883,0.332739470706,-0.0719715761764,-0.177834474079,1,1,0,0,0,0,0,,0,0,0,
development,yolo11s,286790ed-9dec-305b-bcad-4f8153301e7c,400,high_yaw,207,0.00476511427623,0.00979339413668,0.00502827986045,1.05522754943,0.800252299411,0.656771363486,-0.143480935925,-0.179294624995,1,1,0,0,1,1,0,0,1,0,-1,-1
development,yolo11s,2a9b2658-097e-3f8b-a817-22f2553c5de8,400,high_yaw,506,0.0131112567488,0.0143620680679,0.00125081131913,0.0953998036264,0.529585762291,0.486705897234,-0.0428798650572,-0.0809686893237,1,1,0,0,1,0,-1,-1,0,0,0,
development,yolo11s,3153b5b3-d381-3664-8f82-1d3c5ca841d2,400,high_yaw,260,0.0171054855222,0.0210591841925,0.00395369867031,0.231136302163,0.309180043142,0.302389243569,-0.00679079957279,-0.0219639000751,1,1,0,0,0,0,0,,0,0,0,
development,yolo11s,3576c0f5-c1b5-35bb-a0c4-ee95cba5c754,400,high_yaw,369,0.0243270625648,0.0155345783896,-0.00879248417519,-0.361428107145,0.148885916759,0.27828555083,0.129399634071,0.869119369299,0,0,0,,0,0,0,,0,0,0,
development,yolo11s,366ceb72-9f11-385a-8bc9-a26a18dbdd22,400,high_yaw,632,0.00539026120736,0.00803078223854,0.00264052103118,0.489868844868,0.559083944253,0.505257042261,-0.0538269019921,-0.0962769590244,1,1,0,0,1,1,0,0,0,0,0,
development,yolo11s,3dd173a6-8b21-3189-bd53-132919b96a48,400,high_yaw,32,0.00786700063294,0.00716210383099,-0.000704896801948,-0.089601721779,0.406837682032,0.530109300503,0.123271618471,0.302999510407,1,1,0,0,0,1,1,,0,0,0,
development,yolo11s,3f9796e9-c892-3915-b719-3292df878ece,400,high_yaw,626,0.00616420532293,0.00940577948613,0.00324157416321,0.525870569423,0.630529248705,0.521038834613,-0.109490414092,-0.173648429977,1,1,0,0,1,1,0,0,0,0,0,
development,yolo11s,3fbdfb6c-927f-4aaa-81b1-21b02efd4c01,400,high_yaw,62,0.00943203014864,0.00858306954562,-0.000848960603022,-0.0900082579936,0.538919638656,0.592120029153,0.0532003904966,0.0987167411997,1,1,0,0,1,1,0,0,0,0,0,
development,yolo11s,41b6f7d7-e431-3992-b783-74b9edf42215,400,high_yaw,119,0.00373821858686,0.00742835830961,0.00369013972275,0.987138562663,0.590173420372,0.508156723695,-0.0820166966775,-0.138970502307,1,1,0,0,1,1,0,0,0,0,0,
development,yolo11s,453e5558-6363-38e3-bf9b-42b5ba0a6f1d,400,high_yaw,65,0.00468491497046,0.00698771966648,0.00230280469602,0.491536070673,0.452247576334,0.392525755088,-0.0597218212459,-0.132055591608,1,1,0,0,0,0,0,,0,0,0,
development,yolo11s,46d917cd-531c-330b-8d7b-979b51a8927f,400,high_yaw,1148,0.00947079919435,0.0130605015422,0.0035897023478,0.37902845094,0.368719893754,0.207003908409,-0.161715985345,-0.438587632738,1,0,-1,-1,0,0,0,,0,0,0,
development,yolo11s,47167c79-2ba4-369c-8db8-760a30b4c38a,400,high_yaw,93,0.0119134064075,0.0121002641202,0.000186857712676,0.0156846586346,0.478360837132,0.438561142524,-0.0397996946074,-0.0832001525168,1,1,0,0,0,0,0,,0,0,0,
development,yolo11s,575d8d24-ba88-3b18-84c0-df5b29dccfde,400,high_yaw,426,0.00509998318031,0.00737014883049,0.00227016565018,0.445131987678,0.628887629482,0.568776826958,-0.0601108025235,-0.0955827395953,1,1,0,0,1,1,0,0,0,0,0,
development,yolo11s,5b1d8b11-4f90-3577-be0b-193e102fda82,400,high_yaw,633,0.0102032225721,0.0106231158268,0.000419893254696,0.0411530035465,0.47761661027,0.417779388025,-0.0598372222447,-0.125282959089,1,1,0,0,0,0,0,,0,0,0,
development,yolo11s,62a1e53b-b55c-36c2-bc5b-e216d494875a,400,high_yaw,448,0.00638317434336,0.00775554870245,0.00137237435909,0.214998727165,0.661043759463,0.591560295588,-0.0694834638751,-0.105111746205,1,1,0,0,1,1,0,0,0,0,0,
development,yolo11s,633addf9-441c-35e7-868a-738aa612d51c,400,high_yaw,381,0.00788118159594,0.00869420934753,0.000813027751589,0.103160641801,0.59518713512,0.538331420814,-0.0568557143064,-0.095525778283,1,1,0,0,1,1,0,0,0,0,0,
development,yolo11s,639d4834-f922-3e27-9913-20aa649f815d,400,high_yaw,846,0.00582218148731,0.00803444764804,0.00221226616072,0.379972037207,0.593954333921,0.545544440792,-0.0484098931291,-0.0815044025515,1,1,0,0,1,1,0,0,0,0,0,
development,yolo11s,6937b4e5-b5b4-3970-b5dd-9ad194e6c338,400,high_yaw,332,0.0101616035593,0.0166643542759,0.0065027507167,0.639933518246,0.400105477271,0.300580901572,-0.0995245756999,-0.248745846667,1,0.5,-0.5,-0.5,0,0,0,,0,0,0,
development,yolo11s,69c0ec7c-e289-3c4d-ade3-d2287ec34026,400,high_yaw,159,0.0128287441476,0.0136257578053,0.000797013657689,0.0621271769488,0.436515600522,0.38862445925,-0.0478911412727,-0.109712324635,1,1,0,0,0,0,0,,0,0,0,
development,yolo11s,6aa2ac89-6b25-3af6-ad59-221351189f4b,400,high_yaw,152,0.00482231182196,0.0063493157273,0.00152700390534,0.316653912422,0.504552650312,0.488106257206,-0.0164463931056,-0.0325959899238,1,1,0,0,1,0,-1,-1,0,0,0,
development,yolo11s,6cc0bb26-5afb-3688-b237-b9c64c2800e5,400,high_yaw,525,0.0121920250673,0.0118312529329,-0.000360772134421,-0.0295908294504,0.288803419998,0.316719379459,0.027915959461,0.0966607648248,0,1,1,,0,0,0,,0,0,0,
development,yolo11s,6dc6e668-549e-33b8-b952-ed8e807b1d48,400,high_yaw,380,0.0182858775284,0.0180646272465,-0.000221250281911,-0.0120995167755,0.180221702355,0.215306393017,0.0350846906619,0.194675170656,0,0,0,,0,0,0,,0,0,0,
development,yolo11s,74dd5c1d-7a9a-32d1-903a-fc57e07109b9,400,high_yaw,416,0.0118934357207,0.0152816982512,0.00338826253048,0.284885092083,0.326469872104,0.278709754046,-0.0477601180583,-0.146292574413,1,0,-1,-1,0,0,0,,0,0,0,
development,yolo11s,74f15437-b85e-314a-9d86-7294b98bf07f,400,high_yaw,492,0.00607045106637,0.0088764864716,0.00280603540522,0.462244959154,0.574677743018,0.505154349407,-0.069523393611,-0.120978051535,1,1,0,0,1,1,0,0,0,0,0,
development,yolo11s,768cf7e2-eb6c-3468-969e-e3b0fd87b34e,400,high_yaw,27,0.0071841730808,0.0048741022586,-0.0023100708222,-0.321549995555,0.700665660666,0.661389794132,-0.0392758665341,-0.056055075536,1,1,0,0,1,1,0,0,1,0,-1,-1
development,yolo11s,770a58e6-eff6-39b7-a265-fe7f202fe8b2,400,high_yaw,208,0.0227299099094,0.011330931153,-0.0113989787564,-0.501496873585,0.262931320861,0.496761297429,0.233829976567,0.889319597988,0,1,1,,0,0.5,0.5,,0,0,0,
development,yolo11s,7ce2a2ce-eed6-36d7-ba62-dda9acddb070,400,high_yaw,160,0.00219387587854,0.00511932736657,0.00292545148803,1.33346262505,0.721604887396,0.601934505488,-0.119670381908,-0.165839206466,1,1,0,0,1,1,0,0,1,0,-1,-1
development,yolo11s,7e3d8631-3b7d-38c1-b833-ee7cfa7235ca,400,high_yaw,992,0.00944902484522,0.0109483325566,0.00149930771143,0.158673274331,0.462170520251,0.440133442371,-0.0220370778795,-0.0476817038601,1,1,0,0,0,0,0,,0,0,0,
development,yolo11s,7ef4a6cc-7266-3a31-8dd4-01c3d3c58dcb,400,high_yaw,76,0.0187748035798,0.00650096361828,-0.0122738399615,-0.653739993036,0.46973878155,0.609835982071,0.140097200521,0.298244909775,1,1,0,0,0,1,1,,0,0,0,
development,yolo11s,80da8956-f418-319c-9f49-3d47d9002546,400,high_yaw,17,0.0088396040211,0.00730771900704,-0.00153188501406,-0.173297922668,0.556948606444,0.532912088852,-0.0240365175923,-0.0431575145609,1,1,0,0,1,1,0,0,0,0,0,
development,yolo11s,8a0ff1a2-9045-3be3-b67f-3914d88178ec,400,high_yaw,12,0.00563246544846,0.00949157012644,0.00385910467798,0.685153724118,0.589858816308,0.485931890309,-0.103926925999,-0.17618949336,1,1,0,0,1,0.5,-0.5,-0.5,0,0,0,
development,yolo11s,8c019de9-7043-37bc-9498-b5858e7240af,400,high_yaw,199,0.00404316224807,0.00596358903343,0.00192042678536,0.474981380299,0.652174209591,0.576700711052,-0.0754734985386,-0.115725978471,1,1,0,0,1,1,0,0,0,0,0,
development,yolo11s,8ee606e6-4cbd-3c07-8419-fbda836ccaac,400,high_yaw,229,0.00855054529276,0.00938315049643,0.000832605203674,0.0973745153282,0.369174425799,0.347298904485,-0.0218755213143,-0.05925524572,1,1,0,0,0,0,0,,0,0,0,
development,yolo11s,90f360d8-35f7-3c54-b2da-e99b354bc4cb,400,high_yaw,8,0.0095109068749,0.00644991371918,-0.00306099315572,-0.321840303557,0.343540516681,0.499954807683,0.156414291002,0.455300855088,1,1,0,0,0,0.5,0.5,,0,0,0,
development,yolo11s,96284bbc-6b58-330f-a5a6-76cd518543f0,400,high_yaw,296,0.00876792102789,0.00856407222525,-0.000203848802636,-0.0232493885366,0.528057798835,0.525752091469,-0.0023057073656,-0.00436639203263,1,1,0,0,1,1,0,0,0,0,0,
development,yolo11s,97738d01-b24f-365e-8818-2463149154d2,400,high_yaw,441,0.00518986779419,0.00673309454086,0.00154322674668,0.297353768511,0.538333470693,0.496292674305,-0.042040796388,-0.0780943386891,1,1,0,0,1,0,-1,-1,0,0,0,
development,yolo11s,9a25fd14-783b-35c3-ab2d-df4687f82b5e,400,high_yaw,977,0.00623211433572,0.00888203547844,0.00264992114272,0.425204192345,0.58291388683,0.546543172984,-0.0363707138467,-0.0623946601178,1,1,0,0,1,1,0,0,0,0,0,
development,yolo11s,9afab336-dbae-3f70-a669-46813f4570d7,400,high_yaw,75,0.00740481961627,0.00695689390886,-0.000447925707407,-0.060491103176,0.528943419223,0.545661281702,0.0167178624786,0.0316061451395,1,1,0,0,1,1,0,0,0,0,0,
development,yolo11s,a160c635-aa67-352c-a5e6-03b113493090,400,high_yaw,463,0.00883098551346,0.011108965049,0.00227797953555,0.2579530373,0.368030690343,0.310095623409,-0.0579350669342,-0.157419118716,1,1,0,0,0,0,0,,0,0,0,
development,yolo11s,a359e053-a350-36cf-ab1d-a7980afaffa2,400,high_yaw,540,0.00714026318954,0.00866996402096,0.00152970083142,0.214235916914,0.485831029632,0.412639145104,-0.0731918845282,-0.150652963817,1,1,0,0,0,0,0,,0,0,0,
development,yolo11s,a50b198c-4de2-3f8c-a2b9-ab280605b350,400,high_yaw,553,0.00807554761986,0.00779851859862,-0.000277029021239,-0.0343046731046,0.599175617403,0.580012282782,-0.0191633346206,-0.0319828345214,1,1,0,0,1,1,0,0,0,0,0,
development,yolo11s,aa82b61f-7156-3c68-95a4-b79cebd120eb,400,high_yaw,821,0.00795611599887,0.00719966846977,-0.000756447529105,-0.0950774887159,0.520606126388,0.548072707816,0.0274665814283,0.0527588517232,1,1,0,0,1,1,0,0,0,0,0,
development,yolo11s,b21b7285-2199-3264-b10a-524e9b23502a,400,high_yaw,237,0.046976271118,0.0442576273517,-0.00271864376628,-0.0578727025703,0.0824524340697,0.174160724663,0.0917082905929,1.11225692277,0,0,0,,0,0,0,,0,0,0,
development,yolo11s,b5ea60b0-2540-4efe-b60e-f421ade3c128,400,high_yaw,263,0.00546282432993,0.0092531720068,0.00379034767688,0.693843962017,0.476196515418,0.350030631867,-0.126165883551,-0.264944995325,1,1,0,0,0,0,0,,0,0,0,
development,yolo11s,bb9be2e6-8f0e-3bb3-8bb9-5d9aa9df384d,400,high_yaw,721,0.0174113578752,0.0189319440389,0.00152058616375,0.0873330026669,0.279109876904,0.292316679982,0.0132068030778,0.0473175769496,0,0,0,,0,0,0,,0,0,0,
development,yolo11s,c453a8e7-d3da-317a-946b-f8e9678a8582,400,high_yaw,392,0.00836228242743,0.0105563965891,0.00219411416166,0.262382212118,0.4566614804,0.415341843817,-0.0413196365829,-0.0904819836057,1,1,0,0,0,0,0,,0,0,0,
development,yolo11s,c7f5e5c1-dc52-3619-8998-420b2e280d8a,400,high_yaw,727,0.0144486340951,0.0101405762907,-0.00430805780443,-0.298163672502,0.456558699861,0.527022696276,0.0704639964147,0.154337211044,1,1,0,0,0,1,1,,0,0,0,
development,yolo11s,cf6a99cb-b8bc-34d7-bdca-30e50e66cd74,400,high_yaw,589,0.0044586175941,0.00730982951307,0.00285121191897,0.639483395648,0.595641119018,0.524091142681,-0.0715499763369,-0.120122627623,1,1,0,0,1,1,0,0,0,0,0,
development,yolo11s,d20c3612-a64d-3aa8-bd4a-58890413afbb,400,high_yaw,196,0.0181443631119,0.0128998321624,-0.00524453094949,-0.289044642523,0.388232024628,0.513590601062,0.125358576434,0.322896022176,1,1,0,0,0,1,1,,0,0,0,
development,yolo11s,d37be0e2-8223-3eeb-a0e2-c4b75d5ff87b,400,high_yaw,1,0.0533334960404,0.0533898582326,5.6362192178e-05,0.00105678787933,0,0,0,,0,0,0,,0,0,0,,0,0,0,
development,yolo11s,d3efe9ba-f10a-35e7-b17e-6850c66693fe,400,high_yaw,34,0.00824764769412,0.00720102006196,-0.00104662763216,-0.126900138194,0.462307513106,0.39642636955,-0.0658811435565,-0.142505024662,1,1,0,0,0,0,0,,0,0,0,
development,yolo11s,dc9c2d63-083f-32c3-90ff-943ca823a245,400,high_yaw,74,0.0100063088875,0.0110142558864,0.00100794699893,0.100731149744,0.514400858278,0.504874793,-0.00952606527723,-0.0185187585206,1,1,0,0,1,0.5,-0.5,-0.5,0,0,0,
development,yolo11s,e66d1403-755b-3f63-938b-a2a69446a48a,400,high_yaw,523,0.00771666963221,0.00900261620977,0.00128594657756,0.166645280782,0.53967418941,0.516655730788,-0.0230184586219,-0.042652509743,1,1,0,0,1,1,0,0,0,0,0,
development,yolo11s,ec3133b4-2b17-3d49-b78a-4bc480ac5137,400,high_yaw,445,0.00834781411882,0.00849041635876,0.000142602239947,0.0170825844846,0.539341930375,0.487146530494,-0.0521953998811,-0.0967760838561,1,1,0,0,1,0,-1,-1,0,0,0,
development,yolo11s,ef4a46c4-138e-3478-b94e-3e60a567ec7d,400,high_yaw,467,0.00625261563714,0.0082970594418,0.00204444380467,0.326974169422,0.59955838474,0.509328911522,-0.0902294732186,-0.150493222203,1,1,0,0,1,1,0,0,0,0,0,
development,yolo11s,fa9ec72a-cbcf-35dc-be20-4d0d9e7215ef,400,high_yaw,140,0.00938702607516,0.0123392448247,0.00295221874954,0.31449989868,0.391197848262,0.372981905629,-0.018215942633,-0.0465645266556,1,1,0,0,0,0,0,,0,0,0,
development,yolo11s,fb149ce0-7706-3bb5-9860-8c63d1c77592,400,high_yaw,65,0.00487287903891,0.00610953681551,0.00123665777661,0.253783803524,0.388453565424,0.418543439108,0.0300898736841,0.0774606706242,1,1,0,0,0,0,0,,0,0,0,
development,yolo11s,ff52c01e-3d7b-32b1-b6a1-bcff3459ccdd,400,high_yaw,1089,0.00790749492091,0.0164478580306,0.00854036310972,1.08003396716,0.392124645228,0.201800792083,-0.190323853145,-0.485365700578,1,0,-1,-1,0,0,0,,0,0,0,
development,yolo11s,ff8e7fdb-1073-3592-ba5e-8111bc3ce48b,400,high_yaw,371,0.00629724226762,0.00670859284035,0.000411350572728,0.0653223355949,0.409306435524,0.380465342767,-0.0288410927568,-0.0704633258941,1,1,0,0,0,0,0,,0,0,0,
development,yolo11s,01bb304d-7bd8-35f8-bbef-7086b688e35e,500,all_yaw,755,0.00836620232764,0.010963346173,0.00259714384533,0.310432827658,0.435444053838,0.383192698403,-0.0522513554356,-0.119995565389,1,1,0,0,0,0,0,,0,0,0,
development,yolo11s,16af3863-0d31-3cd1-8fa2-58053ffb953a,500,all_yaw,1882,0.00684805498724,0.0109502901067,0.00410223511944,0.599036533305,0.503540604992,0.441124509895,-0.0624160950973,-0.123954442757,1,1,0,0,1,0,-1,-1,0,0,0,
development,yolo11s,1d43ed4e-e705-308a-bdfa-49d99285c42a,500,all_yaw,2226,0.00671702563279,0.00922869461386,0.00251166898106,0.373925769882,0.459470921159,0.417192771725,-0.0422781494341,-0.092014853361,1,1,0,0,0,0,0,,0,0,0,
development,yolo11s,1e6f21fd-5c8a-3526-ac50-72adae89d6a8,500,all_yaw,1911,0.00626647819537,0.00741063426538,0.00114415607001,0.182583587518,0.495185697483,0.459132268434,-0.0360534290492,-0.0728078965779,1,1,0,0,0,0,0,,0,0,0,
development,yolo11s,2772dd5f-bc0a-47ea-ae19-a5e0dbef8f41,500,all_yaw,1305,0.0100073957446,0.0139277323973,0.00392033665265,0.39174394145,0.416925016369,0.335815943355,-0.0811090730147,-0.194541152078,1,1,0,0,0,0,0,,0,0,0,
development,yolo11s,286790ed-9dec-305b-bcad-4f8153301e7c,500,all_yaw,987,0.00796304438285,0.0111916727427,0.00322862835982,0.405451508819,0.572118146977,0.442197952434,-0.129920194543,-0.227086302418,1,1,0,0,1,0,-1,-1,0,0,0,
development,yolo11s,2a9b2658-097e-3f8b-a817-22f2553c5de8,500,all_yaw,1123,0.0159888951154,0.0168052378578,0.000816342742449,0.0510568576852,0.535141498197,0.465626943712,-0.0695145544852,-0.129899390571,1,1,0,0,1,0,-1,-1,0,0,0,
development,yolo11s,3153b5b3-d381-3664-8f82-1d3c5ca841d2,500,all_yaw,741,0.0107013673754,0.0140441668176,0.00334279944214,0.312371244241,0.500395566811,0.423069577837,-0.077325988974,-0.154529724288,1,1,0,0,1,0,-1,-1,0,0,0,
development,yolo11s,349c4c1c-9561-360f-9ae7-59772335d54b,500,all_yaw,1916,0.0100511542745,0.0124399358893,0.00238878161475,0.237662416625,0.528961887501,0.48269905334,-0.0462628341605,-0.0874596738511,1,1,0,0,1,0,-1,-1,0,0,0,
development,yolo11s,3576c0f5-c1b5-35bb-a0c4-ee95cba5c754,500,all_yaw,612,0.0241079814512,0.0149615820132,-0.00914639943801,-0.379393001299,0.216186844068,0.355452058851,0.139265214783,0.644189129007,0,1,1,,0,0,0,,0,0,0,
development,yolo11s,366ceb72-9f11-385a-8bc9-a26a18dbdd22,500,all_yaw,1778,0.00699029342767,0.00997662253416,0.00298632910648,0.427210837053,0.527719852464,0.492145311361,-0.0355745411031,-0.0674117923306,1,1,0,0,1,0,-1,-1,0,0,0,
development,yolo11s,380e5bf0-1c68-36a4-ac64-09a03b60bebf,500,all_yaw,1256,0.00637707805677,0.00848664085677,0.0021095628,0.330803979694,0.617889805637,0.561972887412,-0.0559169182244,-0.0904965864695,1,1,0,0,1,1,0,0,0,0,0,
development,yolo11s,3dd173a6-8b21-3189-bd53-132919b96a48,500,all_yaw,508,0.00922455501117,0.00889274237451,-0.000331812636661,-0.0359705846254,0.317287441978,0.466229252062,0.148941810084,0.469422329343,1,1,0,0,0,0,0,,0,0,0,
development,yolo11s,3f9796e9-c892-3915-b719-3292df878ece,500,all_yaw,1013,0.00731411971449,0.00960550791792,0.00229138820342,0.31328284098,0.606021079929,0.517472803266,-0.0885482766631,-0.146114185786,1,1,0,0,1,1,0,0,0,0,0,
development,yolo11s,3fbdfb6c-927f-4aaa-81b1-21b02efd4c01,500,all_yaw,1521,0.0100321397897,0.00859212724291,-0.00144001254684,-0.143539920398,0.530755133493,0.581279732719,0.0505245992264,0.0951938022604,1,1,0,0,1,1,0,0,0,0,0,
development,yolo11s,40bfcbec-ec59-3731-8e75-67f0bddc3b01,500,all_yaw,1943,0.00502173788908,0.00677935402069,0.0017576161316,0.350001567271,0.495650830508,0.45459038717,-0.0410604433373,-0.0828414698614,1,1,0,0,0,0,0,,0,0,0,
development,yolo11s,41b6f7d7-e431-3992-b783-74b9edf42215,500,all_yaw,1438,0.0065862459106,0.0100091253816,0.00342287947098,0.519701134371,0.539937980346,0.457948466387,-0.0819895139593,-0.1518498734,1,1,0,0,1,0,-1,-1,0,0,0,
development,yolo11s,41d69427-364c-366e-94a5-8e556bcac39f,500,all_yaw,2225,0.00674567863865,0.00763068612298,0.000885007484329,0.131196211936,0.538112520338,0.542765311784,0.00465279144627,0.00864650286031,1,1,0,0,1,1,0,0,0,0,0,
development,yolo11s,4207ef92-0b3b-4708-8868-4ffcaef308e0,500,all_yaw,973,0.00779826974263,0.00860970818621,0.000811438443584,0.10405365169,0.724675572757,0.662182136484,-0.0624934362734,-0.0862364327193,1,1,0,0,1,1,0,0,1,0,-1,-1
development,yolo11s,453e5558-6363-38e3-bf9b-42b5ba0a6f1d,500,all_yaw,1283,0.00482437994708,0.00837006459599,0.00354568464892,0.734951369463,0.533666594774,0.406168789696,-0.127497805078,-0.238909098539,1,1,0,0,1,0,-1,-1,0,0,0,
development,yolo11s,46d917cd-531c-330b-8d7b-979b51a8927f,500,all_yaw,1489,0.0103792100681,0.0160101990233,0.00563098895517,0.542525772022,0.328189247275,0.11657000589,-0.211619241385,-0.644808576582,1,0,-1,-1,0,0,0,,0,0,0,
development,yolo11s,47167c79-2ba4-369c-8db8-760a30b4c38a,500,all_yaw,466,0.0127038586412,0.0142660226224,0.00156216398117,0.122967676616,0.448494672466,0.362313140364,-0.0861815321014,-0.192157315108,1,1,0,0,0,0,0,,0,0,0,
development,yolo11s,47358aac-2ec0-3d45-a837-f2069ca7cee3,500,all_yaw,2286,0.0072013974042,0.00858976883514,0.00138837143093,0.192791947591,0.469702541783,0.478769487526,0.00906694574311,0.0193035909678,1,1,0,0,0,0,0,,0,0,0,
development,yolo11s,575d8d24-ba88-3b18-84c0-df5b29dccfde,500,all_yaw,2066,0.00514643047375,0.0080248296607,0.00287839918695,0.55930012105,0.648838999065,0.550646032,-0.0981929670659,-0.151336413513,1,1,0,0,1,1,0,0,0,0,0,
development,yolo11s,5b1d8b11-4f90-3577-be0b-193e102fda82,500,all_yaw,887,0.0121598126106,0.0132665597582,0.00110674714754,0.0910167930195,0.396756746395,0.338894741454,-0.0578620049409,-0.145837482202,1,1,0,0,0,0,0,,0,0,0,
development,yolo11s,62a1e53b-b55c-36c2-bc5b-e216d494875a,500,all_yaw,1879,0.00721511407257,0.00843081132752,0.00121569725494,0.168493144075,0.608699677812,0.558902114415,-0.0497975633971,-0.0818097416712,1,1,0,0,1,1,0,0,0,0,0,
development,yolo11s,633addf9-441c-35e7-868a-738aa612d51c,500,all_yaw,2023,0.0079838031753,0.00949903534794,0.00151523217264,0.189788267492,0.556497441832,0.502119084655,-0.0543783571772,-0.0977153767287,1,1,0,0,1,1,0,0,0,0,0,
development,yolo11s,639d4834-f922-3e27-9913-20aa649f815d,500,all_yaw,1914,0.00582264134604,0.00862548620309,0.00280284485705,0.481369998678,0.594647464711,0.528632609607,-0.0660148551038,-0.11101511235,1,1,0,0,1,1,0,0,0,0,0,
development,yolo11s,6937b4e5-b5b4-3970-b5dd-9ad194e6c338,500,all_yaw,1196,0.0122893301181,0.0219058367906,0.00961650667246,0.782508613572,0.370103416812,0.255259653625,-0.114843763186,-0.310301818274,1,0,-1,-1,0,0,0,,0,0,0,
development,yolo11s,69c0ec7c-e289-3c4d-ade3-d2287ec34026,500,all_yaw,451,0.0146799557553,0.0156326077666,0.000952652011239,0.0648947467634,0.348199125035,0.319093522523,-0.0291056025119,-0.0835889593604,1,1,0,0,0,0,0,,0,0,0,
development,yolo11s,6aa2ac89-6b25-3af6-ad59-221351189f4b,500,all_yaw,916,0.0047612758345,0.00770458483608,0.00294330900158,0.618176535847,0.490845582241,0.41317597951,-0.0776696027306,-0.15823632837,1,1,0,0,0,0,0,,0,0,0,
development,yolo11s,6cc0bb26-5afb-3688-b237-b9c64c2800e5,500,all_yaw,888,0.0137119167617,0.0138555724685,0.000143655706726,0.0104767049875,0.330284672508,0.370254760559,0.0399700880507,0.121017084284,1,1,0,0,0,0,0,,0,0,0,
development,yolo11s,6dc6e668-549e-33b8-b952-ed8e807b1d48,500,all_yaw,896,0.0258000737128,0.0245312968209,-0.00126877689193,-0.0491772584084,0.0792180336833,0.147210329103,0.0679922954197,0.85829314688,0,0,0,,0,0,0,,0,0,0,
development,yolo11s,74dd5c1d-7a9a-32d1-903a-fc57e07109b9,500,all_yaw,1004,0.0111424556937,0.0150228080931,0.00388035239942,0.348249300342,0.321512435453,0.260966793985,-0.0605456414679,-0.188315084555,1,0,-1,-1,0,0,0,,0,0,0,
development,yolo11s,74f15437-b85e-314a-9d86-7294b98bf07f,500,all_yaw,1352,0.00689080048464,0.00998706927204,0.0030962687874,0.449333686892,0.561599406499,0.504669515562,-0.0569298909367,-0.101370995549,1,1,0,0,1,1,0,0,0,0,0,
development,yolo11s,768cf7e2-eb6c-3468-969e-e3b0fd87b34e,500,all_yaw,996,0.00440652753904,0.00623583489098,0.00182930735193,0.415135803811,0.677051099421,0.625515222377,-0.0515358770437,-0.0761181498527,1,1,0,0,1,1,0,0,0,0,0,
development,yolo11s,770a58e6-eff6-39b7-a265-fe7f202fe8b2,500,all_yaw,591,0.0177208805449,0.013347508111,-0.00437337243393,-0.2467920498,0.279648013729,0.448735471565,0.169087457836,0.604643872063,0,1,1,,0,0,0,,0,0,0,
development,yolo11s,7ce2a2ce-eed6-36d7-ba62-dda9acddb070,500,all_yaw,976,0.00347837337434,0.00647171468066,0.00299334130632,0.860557790718,0.568720234925,0.406876335406,-0.16184389952,-0.284575595487,1,1,0,0,1,0,-1,-1,0,0,0,
development,yolo11s,7e3d8631-3b7d-38c1-b833-ee7cfa7235ca,500,all_yaw,1702,0.0103540129007,0.0127511435439,0.00239713064327,0.231517061671,0.465272993884,0.442253424387,-0.0230195694967,-0.049475404331,1,1,0,0,0,0,0,,0,0,0,
development,yolo11s,7ef4a6cc-7266-3a31-8dd4-01c3d3c58dcb,500,all_yaw,997,0.0148775477813,0.00731063879313,-0.00756690898815,-0.508612649033,0.403700426568,0.515410711566,0.111710284998,0.276715796284,1,1,0,0,0,1,1,,0,0,0,
development,yolo11s,80da8956-f418-319c-9f49-3d47d9002546,500,all_yaw,989,0.00375589961247,0.00690431848966,0.00314841887719,0.838259592118,0.683955756824,0.532446987742,-0.151508769082,-0.22151837684,1,1,0,0,1,1,0,0,0,0,0,
development,yolo11s,85026edc-5fdf-308e-a8ef-a1aad1151c50,500,all_yaw,1375,0.00706703957175,0.0104023905524,0.00333535098063,0.471958724268,0.549719155614,0.489446064032,-0.0602730915818,-0.109643426041,1,1,0,0,1,0,-1,-1,0,0,0,
development,yolo11s,8a0ff1a2-9045-3be3-b67f-3914d88178ec,500,all_yaw,2294,0.00578937282988,0.00893779090898,0.0031484180791,0.543827141837,0.542651195911,0.472489100337,-0.0701620955747,-0.129295016953,1,1,0,0,1,0,-1,-1,0,0,0,
development,yolo11s,8c019de9-7043-37bc-9498-b5858e7240af,500,all_yaw,548,0.00516243004085,0.00739932995209,0.00223689991123,0.433303675504,0.640753780032,0.559838362493,-0.0809154175391,-0.126281607789,1,1,0,0,1,1,0,0,0,0,0,
development,yolo11s,8ee606e6-4cbd-3c07-8419-fbda836ccaac,500,all_yaw,1304,0.0062993478156,0.0090056164263,0.0027062686107,0.429610920038,0.52890660068,0.460769315814,-0.0681372848657,-0.128826686561,1,1,0,0,1,0,-1,-1,0,0,0,
development,yolo11s,90f360d8-35f7-3c54-b2da-e99b354bc4cb,500,all_yaw,465,0.00986163011404,0.0142147340188,0.00435310390474,0.441418290323,0.402713342905,0.403558148657,0.000844805751987,0.0020977843592,1,1,0,0,0,0,0,,0,0,0,
development,yolo11s,91923e20-9a05-32e0-ac53-8c09b0b60341,500,all_yaw,1195,0.0163179410054,0.0169505211844,0.000632580178949,0.0387659312371,0.234444071498,0.202802710374,-0.0316413611233,-0.134963366406,0,0,0,,0,0,0,,0,0,0,
development,yolo11s,919f13de-857f-3b1c-9f8e-7cbe500a60ae,500,all_yaw,1417,0.00731782222771,0.00777572405106,0.00045790182335,0.0625735101375,0.535923266074,0.554738053525,0.018814787451,0.0351072413572,1,1,0,0,1,1,0,0,0,0,0,
development,yolo11s,9239d493-31d7-3dd0-a05f-03d50a242392,500,all_yaw,1086,0.0147391942509,0.0140296423292,-0.00070955192171,-0.0481404824194,0.313951585052,0.35805678307,0.0441051980183,0.140484074992,1,1,0,0,0,0,0,,0,0,0,
development,yolo11s,96284bbc-6b58-330f-a5a6-76cd518543f0,500,all_yaw,2185,0.00681933290956,0.00826801267674,0.00144867976717,0.212437167445,0.536661409953,0.484782297051,-0.0518791129018,-0.0966701013705,1,1,0,0,1,0,-1,-1,0,0,0,
development,yolo11s,97738d01-b24f-365e-8818-2463149154d2,500,all_yaw,838,0.0060646162449,0.00840977156501,0.00234515532011,0.386694759472,0.523372975272,0.468598923098,-0.0547740521742,-0.104655866394,1,1,0,0,1,0,-1,-1,0,0,0,
development,yolo11s,9a25fd14-783b-35c3-ab2d-df4687f82b5e,500,all_yaw,2095,0.00570751987108,0.00959861469928,0.0038910948282,0.681748800896,0.59393925981,0.527239654679,-0.0666996051306,-0.112300380938,1,1,0,0,1,1,0,0,0,0,0,
development,yolo11s,9afab336-dbae-3f70-a669-46813f4570d7,500,all_yaw,1153,0.00579572864599,0.00893029861041,0.00313456996443,0.540841394739,0.558925334786,0.467922254565,-0.0910030802206,-0.162817955381,1,1,0,0,1,0,-1,-1,0,0,0,
development,yolo11s,a160c635-aa67-352c-a5e6-03b113493090,500,all_yaw,792,0.00915329724384,0.0117276776653,0.00257438042145,0.281251701203,0.368597786701,0.356210668825,-0.012387117876,-0.0336060560397,1,1,0,0,0,0,0,,0,0,0,
development,yolo11s,a359e053-a350-36cf-ab1d-a7980afaffa2,500,all_yaw,1387,0.00759737448082,0.00975698663367,0.00215961215285,0.284257694326,0.420691509058,0.381334925265,-0.0393565837934,-0.0935521229832,1,1,0,0,0,0,0,,0,0,0,
development,yolo11s,a50b198c-4de2-3f8c-a2b9-ab280605b350,500,all_yaw,1877,0.00698709920164,0.00852792754271,0.00154082834108,0.220524755211,0.532897042365,0.492272871676,-0.0406241706895,-0.0762326818501,1,1,0,0,1,0,-1,-1,0,0,0,
development,yolo11s,aa539866-29e4-353e-95a9-b6d321b53b33,500,all_yaw,1587,0.006541118496,0.0106319216863,0.0040908031903,0.625398116973,0.452841567721,0.349213570675,-0.103627997046,-0.228839409703,1,1,0,0,0,0,0,,0,0,0,
development,yolo11s,aa82b61f-7156-3c68-95a4-b79cebd120eb,500,all_yaw,1490,0.00875383449798,0.0086394596389,-0.000114374859078,-0.0130656867118,0.492409167743,0.507862456572,0.0154532888299,0.0313830242047,1,1,0,0,0,1,1,,0,0,0,
development,yolo11s,ab83611b-436e-3de7-aad1-f0c9ad254196,500,all_yaw,1590,0.00544073792984,0.00862094915094,0.0031802112211,0.584518361683,0.494595255418,0.439197838424,-0.0553974169941,-0.112005556841,1,1,0,0,0,0,0,,0,0,0,
development,yolo11s,ac1b1697-42b9-4225-a666-d17f72204fa8,500,all_yaw,1488,0.00665012904026,0.00733266507365,0.000682536033386,0.102635005915,0.492917999218,0.473910797172,-0.0190072020456,-0.0385605761522,1,1,0,0,0,0,0,,0,0,0,
development,yolo11s,b21b7285-2199-3264-b10a-524e9b23502a,500,all_yaw,1147,0.0184973619711,0.0216841863067,0.00318682433553,0.172285342121,0.428121963417,0.358662608827,-0.0694593545902,-0.162241978982,1,1,0,0,0,0,0,,0,0,0,
development,yolo11s,b5ea60b0-2540-4efe-b60e-f421ade3c128,500,all_yaw,689,0.00439082099479,0.00677884101212,0.00238802001734,0.543866402245,0.521439550657,0.367640562474,-0.153798988183,-0.294950753139,1,1,0,0,1,0,-1,-1,0,0,0,
development,yolo11s,bb9be2e6-8f0e-3bb3-8bb9-5d9aa9df384d,500,all_yaw,1159,0.0172116940278,0.018585137786,0.00137344375819,0.0797971283928,0.268516894859,0.271444626676,0.00292773181687,0.0109033430407,0,0,0,,0,0,0,,0,0,0,
development,yolo11s,c453a8e7-d3da-317a-946b-f8e9678a8582,500,all_yaw,960,0.00786766321861,0.010049362242,0.00218169902343,0.27729949323,0.367517993379,0.365684616508,-0.00183337687126,-0.00498853635547,1,1,0,0,0,0,0,,0,0,0,
development,yolo11s,c7f5e5c1-dc52-3619-8998-420b2e280d8a,500,all_yaw,1094,0.0158525682395,0.0113992284405,-0.00445333979895,-0.280922291687,0.394502983446,0.467085381738,0.0725823982923,0.183984409087,1,1,0,0,0,0,0,,0,0,0,
development,yolo11s,cf6a99cb-b8bc-34d7-bdca-30e50e66cd74,500,all_yaw,2088,0.00506163256595,0.00704616567752,0.00198453311157,0.392073720427,0.564057874038,0.513495143117,-0.0505627309215,-0.0896410337463,1,1,0,0,1,1,0,0,0,0,0,
development,yolo11s,d20c3612-a64d-3aa8-bd4a-58890413afbb,500,all_yaw,1376,0.0183816201833,0.0112777487469,-0.00710387143637,-0.386466011458,0.460817883596,0.537901655613,0.0770837720165,0.167275999393,1,1,0,0,0,1,1,,0,0,0,
development,yolo11s,d37be0e2-8223-3eeb-a0e2-c4b75d5ff87b,500,all_yaw,721,0.00913020493912,0.0110323586707,0.00190215373153,0.208336367498,0.587341879457,0.519249399765,-0.0680924796922,-0.115933295537,1,1,0,0,1,1,0,0,0,0,0,
development,yolo11s,d3efe9ba-f10a-35e7-b17e-6850c66693fe,500,all_yaw,220,0.0115074193671,0.0106927535362,-0.000814665830911,-0.0707948328746,0.450043410332,0.511489073178,0.0614456628462,0.136532746476,1,1,0,0,0,1,1,,0,0,0,
development,yolo11s,dc9c2d63-083f-32c3-90ff-943ca823a245,500,all_yaw,1512,0.00736172247196,0.00865747171916,0.0012957492472,0.176011694564,0.554524316544,0.51447648904,-0.0400478275041,-0.0722201467263,1,1,0,0,1,1,0,0,0,0,0,
development,yolo11s,dd251cc5-736d-3b76-8ad3-3f6cb138178e,500,all_yaw,1963,0.0133097079773,0.0126164714323,-0.000693236545047,-0.0520850304326,0.436071990344,0.485022378953,0.0489503886093,0.112252998801,1,1,0,0,0,0,0,,0,0,0,
development,yolo11s,e66d1403-755b-3f63-938b-a2a69446a48a,500,all_yaw,891,0.00751462323303,0.00932891629481,0.00181429306178,0.241435000202,0.581988043132,0.52057338993,-0.0614146532019,-0.105525627075,1,1,0,0,1,1,0,0,0,0,0,
development,yolo11s,ec3133b4-2b17-3d49-b78a-4bc480ac5137,500,all_yaw,1082,0.0111907008143,0.0111582789546,-3.2421859767e-05,-0.0028972144198,0.53742638006,0.485304634517,-0.0521217455432,-0.0969839730186,1,1,0,0,1,0,-1,-1,0,0,0,
development,yolo11s,ef4a46c4-138e-3478-b94e-3e60a567ec7d,500,all_yaw,876,0.00592941598502,0.0082103778147,0.00228096182968,0.384685749059,0.573917771604,0.488381218507,-0.0855365530967,-0.14903973588,1,1,0,0,1,0,-1,-1,0,0,0,
development,yolo11s,f3cc42c7-84a8-35c5-8683-13878bb9beeb,500,all_yaw,1965,0.00865883794843,0.0100127374196,0.00135389947116,0.156360412243,0.447158269556,0.433047908098,-0.0141103614575,-0.0315556312343,1,1,0,0,0,0,0,,0,0,0,
development,yolo11s,f7cdc2d1-f59a-30a2-aae8-8bb81c769e6e,500,all_yaw,1786,0.00410126798319,0.00760061648534,0.00349934850214,0.8532357594,0.61629293217,0.528792937594,-0.0874999945756,-0.141977929663,1,1,0,0,1,1,0,0,0,0,0,
development,yolo11s,fa9ec72a-cbcf-35dc-be20-4d0d9e7215ef,500,all_yaw,638,0.00928016047732,0.0119252496606,0.00264508918327,0.285026233085,0.492753887176,0.433299636176,-0.0594542509993,-0.120657091799,1,1,0,0,0,0,0,,0,0,0,
development,yolo11s,fb149ce0-7706-3bb5-9860-8c63d1c77592,500,all_yaw,1253,0.0088100399911,0.00913636724375,0.000326327252648,0.0370403826745,0.335348741048,0.343147490126,0.0077987490781,0.0232556384548,1,1,0,0,0,0,0,,0,0,0,
development,yolo11s,ff52c01e-3d7b-32b1-b6a1-bcff3459ccdd,500,all_yaw,1169,0.00817938851118,0.0189987073187,0.0108193188076,1.32275399228,0.370143523015,0.161680012808,-0.208463510208,-0.563196428535,1,0,-1,-1,0,0,0,,0,0,0,
development,yolo11s,ff8e7fdb-1073-3592-ba5e-8111bc3ce48b,500,all_yaw,1851,0.00630530241895,0.00853365743524,0.00222835501629,0.353409696828,0.475577114828,0.416436227136,-0.0591408876926,-0.124356042056,1,1,0,0,0,0,0,,0,0,0,
development,yolo11s,01bb304d-7bd8-35f8-bbef-7086b688e35e,500,high_yaw,266,0.00596546965304,0.00953202386147,0.00356655420843,0.59786645744,0.55793128674,0.48267078377,-0.0752605029701,-0.134892064236,1,1,0,0,1,0,-1,-1,0,0,0,
development,yolo11s,16af3863-0d31-3cd1-8fa2-58053ffb953a,500,high_yaw,366,0.00599156488186,0.0103519318343,0.00436036695245,0.727750936261,0.533192501486,0.469544760682,-0.0636477408038,-0.119371035088,1,1,0,0,1,0,-1,-1,0,0,0,
development,yolo11s,1d43ed4e-e705-308a-bdfa-49d99285c42a,500,high_yaw,161,0.0059073199793,0.00981441014918,0.00390709016987,0.661398093139,0.48469261468,0.405284462464,-0.0794081522167,-0.163831983017,1,1,0,0,0,0,0,,0,0,0,
development,yolo11s,1e6f21fd-5c8a-3526-ac50-72adae89d6a8,500,high_yaw,308,0.00614232486634,0.00742803955407,0.00128571468773,0.20932052858,0.554485775921,0.500810608738,-0.0536751671834,-0.0968017026122,1,1,0,0,1,1,0,0,0,0,0,
development,yolo11s,2772dd5f-bc0a-47ea-ae19-a5e0dbef8f41,500,high_yaw,22,0.0674675318063,0.0610500808063,-0.00641745099994,-0.0951191014127,0,0,0,,0,0,0,,0,0,0,,0,0,0,
development,yolo11s,286790ed-9dec-305b-bcad-4f8153301e7c,500,high_yaw,220,0.00519345076583,0.011715636704,0.0065221859382,1.25584822737,0.789131621027,0.605624445464,-0.183507175563,-0.232543178696,1,1,0,0,1,1,0,0,1,0,-1,-1
development,yolo11s,2a9b2658-097e-3f8b-a817-22f2553c5de8,500,high_yaw,496,0.0137990803474,0.0166230641341,0.00282398378668,0.204650144472,0.533348717237,0.447587526683,-0.0857611905545,-0.160797594112,1,1,0,0,1,0,-1,-1,0,0,0,
development,yolo11s,3153b5b3-d381-3664-8f82-1d3c5ca841d2,500,high_yaw,253,0.0214290100324,0.0257159734663,0.00428696343399,0.200054198842,0.217733482542,0.235296299894,0.0175628173525,0.0806619962511,0,0,0,,0,0,0,,0,0,0,
development,yolo11s,3576c0f5-c1b5-35bb-a0c4-ee95cba5c754,500,high_yaw,348,0.0268764951958,0.0183224005467,-0.00855409464909,-0.318274186674,0.104095807256,0.206699028287,0.102603221031,0.985661418422,0,0,0,,0,0,0,,0,0,0,
development,yolo11s,366ceb72-9f11-385a-8bc9-a26a18dbdd22,500,high_yaw,611,0.00569087863094,0.0101202287207,0.00442935008981,0.778324469218,0.548022958933,0.47161244402,-0.0764105149132,-0.139429404677,1,1,0,0,1,0,-1,-1,0,0,0,
development,yolo11s,3dd173a6-8b21-3189-bd53-132919b96a48,500,high_yaw,29,0.0105377151752,0.0084731320452,-0.00206458312998,-0.19592322393,0.328160454495,0.477142472947,0.148982018452,0.453991382602,1,1,0,0,0,0,0,,0,0,0,
development,yolo11s,3f9796e9-c892-3915-b719-3292df878ece,500,high_yaw,587,0.00703322736292,0.0110518370764,0.00401860971347,0.571374918812,0.612455166396,0.492877729524,-0.119577436872,-0.195242759687,1,1,0,0,1,0,-1,-1,0,0,0,
development,yolo11s,3fbdfb6c-927f-4aaa-81b1-21b02efd4c01,500,high_yaw,60,0.00918185845667,0.00911960193398,-6.2256522686e-05,-0.00678038362057,0.490893357127,0.564395935344,0.0735025782164,0.149732273108,1,1,0,0,0,1,1,,0,0,0,
development,yolo11s,41b6f7d7-e431-3992-b783-74b9edf42215,500,high_yaw,134,0.00386180574118,0.00884459072366,0.00498278498248,1.29027333751,0.578911823924,0.453903420293,-0.125008403631,-0.215936863725,1,1,0,0,1,0,-1,-1,0,0,0,
development,yolo11s,453e5558-6363-38e3-bf9b-42b5ba0a6f1d,500,high_yaw,44,0.00516341762209,0.00862551557472,0.00346209795263,0.670505120063,0.473698873407,0.378928716021,-0.0947701573857,-0.200064139279,1,1,0,0,0,0,0,,0,0,0,
development,yolo11s,46d917cd-531c-330b-8d7b-979b51a8927f,500,high_yaw,1135,0.0102852538204,0.0150004341871,0.00471518036672,0.458440836664,0.333325251765,0.148816321879,-0.184508929885,-0.553540210076,1,0,-1,-1,0,0,0,,0,0,0,
development,yolo11s,47167c79-2ba4-369c-8db8-760a30b4c38a,500,high_yaw,88,0.0134526804792,0.0137686345224,0.000315954043135,0.0234863262844,0.462303059982,0.369309575859,-0.0929934841228,-0.201152646765,1,1,0,0,0,0,0,,0,0,0,
development,yolo11s,575d8d24-ba88-3b18-84c0-df5b29dccfde,500,high_yaw,439,0.00524737496342,0.008373277873,0.00312590290958,0.595707936134,0.625022305808,0.545874898765,-0.0791474070431,-0.126631331886,1,1,0,0,1,1,0,0,0,0,0,
development,yolo11s,5b1d8b11-4f90-3577-be0b-193e102fda82,500,high_yaw,612,0.0121119529565,0.0125254048147,0.000413451858128,0.0341358540288,0.442235432144,0.354775133458,-0.0874602986865,-0.197768637087,1,1,0,0,0,0,0,,0,0,0,
development,yolo11s,62a1e53b-b55c-36c2-bc5b-e216d494875a,500,high_yaw,423,0.00691899088603,0.00897512883372,0.00205613794769,0.297173096707,0.654465187572,0.579354682183,-0.0751105053885,-0.114766234805,1,1,0,0,1,1,0,0,0,0,0,
development,yolo11s,633addf9-441c-35e7-868a-738aa612d51c,500,high_yaw,382,0.00840106462952,0.00990632835525,0.00150526372573,0.179175353614,0.588401274774,0.513964066559,-0.0744372082142,-0.126507557692,1,1,0,0,1,1,0,0,0,0,0,
development,yolo11s,639d4834-f922-3e27-9913-20aa649f815d,500,high_yaw,823,0.00612791410568,0.00901628040797,0.00288836630229,0.471345755256,0.580881942063,0.514469098961,-0.0664128431019,-0.114331051273,1,1,0,0,1,1,0,0,0,0,0,
development,yolo11s,6937b4e5-b5b4-3970-b5dd-9ad194e6c338,500,high_yaw,318,0.0116066077669,0.0191009685388,0.00749436077193,0.645697771686,0.361725149922,0.244501366739,-0.117223783182,-0.324068656016,1,0,-1,-1,0,0,0,,0,0,0,
development,yolo11s,69c0ec7c-e289-3c4d-ade3-d2287ec34026,500,high_yaw,157,0.0146447435021,0.0161255300768,0.00148078657473,0.101113862085,0.387118995598,0.336367418952,-0.0507515766457,-0.131100713793,1,1,0,0,0,0,0,,0,0,0,
development,yolo11s,6aa2ac89-6b25-3af6-ad59-221351189f4b,500,high_yaw,156,0.00501336376858,0.00785536755737,0.00284200378879,0.566885612131,0.494178734811,0.454102669117,-0.0400760656938,-0.0810962974949,1,1,0,0,0,0,0,,0,0,0,
development,yolo11s,6cc0bb26-5afb-3688-b237-b9c64c2800e5,500,high_yaw,517,0.0135162369634,0.0137285221191,0.00021228515575,0.0157059362251,0.228157515409,0.250305811695,0.0221482962868,0.0970745857184,0,0,0,,0,0,0,,0,0,0,
development,yolo11s,6dc6e668-549e-33b8-b952-ed8e807b1d48,500,high_yaw,371,0.0203063698666,0.020023291677,-0.000283078189557,-0.0139403641033,0.100757056146,0.166147057102,0.0653900009564,0.648986814994,0,0,0,,0,0,0,,0,0,0,
development,yolo11s,74dd5c1d-7a9a-32d1-903a-fc57e07109b9,500,high_yaw,429,0.0125265194505,0.0178520786871,0.00532555923658,0.425142774705,0.304359969539,0.24177906976,-0.0625808997788,-0.205614752405,1,0,-1,-1,0,0,0,,0,0,0,
development,yolo11s,74f15437-b85e-314a-9d86-7294b98bf07f,500,high_yaw,460,0.00635467215381,0.0101485496184,0.00379387746461,0.597021746013,0.570514591205,0.476398678316,-0.0941159128893,-0.164966706093,1,1,0,0,1,0,-1,-1,0,0,0,
development,yolo11s,768cf7e2-eb6c-3468-969e-e3b0fd87b34e,500,high_yaw,34,0.00773423529383,0.00535744349901,-0.00237679179482,-0.307307924381,0.669301841422,0.648320700459,-0.0209811409626,-0.0313478010431,1,1,0,0,1,1,0,0,0,0,0,
development,yolo11s,770a58e6-eff6-39b7-a265-fe7f202fe8b2,500,high_yaw,202,0.0282416375639,0.0135497482627,-0.0146918893011,-0.520220871325,0.175680640361,0.44651063579,0.270829995429,1.54160409976,0,1,1,,0,0,0,,0,0,0,
development,yolo11s,7ce2a2ce-eed6-36d7-ba62-dda9acddb070,500,high_yaw,150,0.00216475156635,0.00638699187288,0.00422224030654,1.95045028361,0.717084650037,0.540049778907,-0.17703487113,-0.246881412286,1,1,0,0,1,1,0,0,1,0,-1,-1
development,yolo11s,7e3d8631-3b7d-38c1-b833-ee7cfa7235ca,500,high_yaw,977,0.00990984195941,0.0123709366905,0.00246109473106,0.248348534835,0.449479437362,0.418370856967,-0.0311085803954,-0.0692102414694,1,1,0,0,0,0,0,,0,0,0,
development,yolo11s,7ef4a6cc-7266-3a31-8dd4-01c3d3c58dcb,500,high_yaw,80,0.0246818419198,0.00797601916875,-0.016705822751,-0.676846679649,0.388120957534,0.567897437771,0.179776480237,0.463197043982,1,1,0,0,0,1,1,,0,0,0,
development,yolo11s,80da8956-f418-319c-9f49-3d47d9002546,500,high_yaw,12,0.0104466338207,0.00743487509464,-0.00301175872609,-0.288299444374,0.4939479597,0.527263880852,0.0333159211526,0.0674482412536,1,1,0,0,0.5,0.5,0,0,0,0,0,
development,yolo11s,8c019de9-7043-37bc-9498-b5858e7240af,500,high_yaw,195,0.00419799470423,0.00708489160975,0.00288689690552,0.6876847421,0.633305192172,0.552858135287,-0.0804470568847,-0.127027313022,1,1,0,0,1,1,0,0,0,0,0,
development,yolo11s,8ee606e6-4cbd-3c07-8419-fbda836ccaac,500,high_yaw,235,0.0100529448721,0.0102678301244,0.000214885252381,0.0213753537014,0.317945393814,0.321569253395,0.0036238595808,0.0113977420378,1,1,0,0,0,0,0,,0,0,0,
development,yolo11s,90f360d8-35f7-3c54-b2da-e99b354bc4cb,500,high_yaw,5,0.0101131209842,0.00535005826432,-0.00476306271988,-0.470978516654,0.320387224649,0.571732555904,0.251345331255,0.784504848874,1,1,0,0,0,1,1,,0,0,0,
development,yolo11s,96284bbc-6b58-330f-a5a6-76cd518543f0,500,high_yaw,292,0.00960194074495,0.0100198523291,0.000417911584117,0.0435236578956,0.491652875676,0.511429360715,0.0197764850384,0.0402244876758,1,1,0,0,0,1,1,,0,0,0,
development,yolo11s,97738d01-b24f-365e-8818-2463149154d2,500,high_yaw,418,0.00563754033285,0.00750212258214,0.00186458224929,0.330743930721,0.522331909663,0.464641173308,-0.0576907363547,-0.110448424244,1,1,0,0,1,0,-1,-1,0,0,0,
development,yolo11s,9a25fd14-783b-35c3-ab2d-df4687f82b5e,500,high_yaw,956,0.00652790777724,0.00982375113066,0.00329584335342,0.504885097322,0.575734843129,0.517995910877,-0.0577389322521,-0.100287368293,1,1,0,0,1,1,0,0,0,0,0,
development,yolo11s,9afab336-dbae-3f70-a669-46813f4570d7,500,high_yaw,70,0.00795058477074,0.00784282238581,-0.000107762384933,-0.0135540199923,0.492395901655,0.521399946379,0.029004044724,0.0589039117233,1,1,0,0,0,1,1,,0,0,0,
development,yolo11s,a160c635-aa67-352c-a5e6-03b113493090,500,high_yaw,436,0.0086875716651,0.0127212936,0.00403372193493,0.464309486059,0.315521344426,0.283790561993,-0.0317307824334,-0.100566199384,1,0,-1,-1,0,0,0,,0,0,0,
development,yolo11s,a359e053-a350-36cf-ab1d-a7980afaffa2,500,high_yaw,552,0.00755433157486,0.00985645184598,0.00230212027113,0.304741756211,0.438846139166,0.372529129032,-0.066317010134,-0.151116767849,1,1,0,0,0,0,0,,0,0,0,
development,yolo11s,a50b198c-4de2-3f8c-a2b9-ab280605b350,500,high_yaw,548,0.00860151700995,0.00884897740215,0.000247460392204,0.0287693893901,0.566617467933,0.559222723988,-0.00739474394496,-0.0130506812152,1,1,0,0,1,1,0,0,0,0,0,
development,yolo11s,aa82b61f-7156-3c68-95a4-b79cebd120eb,500,high_yaw,849,0.00924612750024,0.00832621076427,-0.000919916735968,-0.0994921101774,0.479024537732,0.50598580513,0.0269612673975,0.0562836875228,1,1,0,0,0,1,1,,0,0,0,
development,yolo11s,b21b7285-2199-3264-b10a-524e9b23502a,500,high_yaw,226,0.0480550902123,0.0448555280614,-0.0031995621509,-0.0665811287995,0.0608045939446,0.163642582102,0.102837988158,1.69128648818,0,0,0,,0,0,0,,0,0,0,
development,yolo11s,b5ea60b0-2540-4efe-b60e-f421ade3c128,500,high_yaw,246,0.00541643239761,0.00945088460048,0.00403445220286,0.744854159841,0.474416143524,0.326839405125,-0.1475767384,-0.311070228983,1,1,0,0,0,0,0,,0,0,0,
development,yolo11s,bb9be2e6-8f0e-3bb3-8bb9-5d9aa9df384d,500,high_yaw,709,0.0173811485184,0.0207395353215,0.00335838680305,0.193220074006,0.27455526886,0.265856436928,-0.00869883193228,-0.0316833545697,0,0,0,,0,0,0,,0,0,0,
development,yolo11s,c453a8e7-d3da-317a-946b-f8e9678a8582,500,high_yaw,371,0.00945358032324,0.0118649715903,0.00241139126702,0.255077037966,0.454628610934,0.397265759539,-0.0573628513954,-0.126175190069,1,1,0,0,0,0,0,,0,0,0,
development,yolo11s,c7f5e5c1-dc52-3619-8998-420b2e280d8a,500,high_yaw,742,0.0162621457561,0.0116722914951,-0.00458985426105,-0.282241613737,0.392473827264,0.475160131825,0.0826863045614,0.210679792683,1,1,0,0,0,0,0,,0,0,0,
development,yolo11s,cf6a99cb-b8bc-34d7-bdca-30e50e66cd74,500,high_yaw,573,0.00455166733453,0.00815526877136,0.00360360143682,0.79171019584,0.593282938799,0.500817238016,-0.0924657007823,-0.155854306159,1,1,0,0,1,1,0,0,0,0,0,
development,yolo11s,d20c3612-a64d-3aa8-bd4a-58890413afbb,500,high_yaw,194,0.0203637004711,0.014342723726,-0.00602097674507,-0.295672034345,0.342228691234,0.476945984567,0.134717293333,0.393646987478,1,1,0,0,0,0,0,,0,0,0,
development,yolo11s,d37be0e2-8223-3eeb-a0e2-c4b75d5ff87b,500,high_yaw,1,0.0531997213204,0.0534165678964,0.000216846576009,0.00407608481073,0,0,0,,0,0,0,,0,0,0,,0,0,0,
development,yolo11s,d3efe9ba-f10a-35e7-b17e-6850c66693fe,500,high_yaw,36,0.00993999274556,0.00918100906096,-0.000758983684606,-0.0763565632324,0.444296492425,0.329812718244,-0.114483774181,-0.257674269621,1,1,0,0,0,0,0,,0,0,0,
development,yolo11s,dc9c2d63-083f-32c3-90ff-943ca823a245,500,high_yaw,65,0.0100040197946,0.0115424564796,0.0015384366849,0.153781851344,0.518687027422,0.463017505603,-0.0556695218188,-0.107327769687,1,1,0,0,1,0,-1,-1,0,0,0,
development,yolo11s,e66d1403-755b-3f63-938b-a2a69446a48a,500,high_yaw,507,0.00810403547168,0.00990974431596,0.00180570884428,0.222816009455,0.515736161849,0.482715947595,-0.033020214254,-0.0640254003822,1,1,0,0,1,0,-1,-1,0,0,0,
development,yolo11s,ec3133b4-2b17-3d49-b78a-4bc480ac5137,500,high_yaw,465,0.00949033360921,0.00972516430169,0.000234830692484,0.0247441978495,0.528234941957,0.451041886035,-0.0771930559229,-0.146133944939,1,1,0,0,1,0,-1,-1,0,0,0,
development,yolo11s,ef4a46c4-138e-3478-b94e-3e60a567ec7d,500,high_yaw,449,0.00651785437623,0.00946617937843,0.00294832500219,0.452345945768,0.6125096214,0.485091089567,-0.127418531832,-0.20802698828,1,1,0,0,1,0,-1,-1,0,0,0,
development,yolo11s,fa9ec72a-cbcf-35dc-be20-4d0d9e7215ef,500,high_yaw,135,0.0106911769693,0.0161599215271,0.00546874455781,0.511519412084,0.384020762376,0.34357761953,-0.040443142846,-0.105314990252,1,1,0,0,0,0,0,,0,0,0,
development,yolo11s,fb149ce0-7706-3bb5-9860-8c63d1c77592,500,high_yaw,58,0.00500454302745,0.00657800035117,0.00157345732372,0.314405793913,0.374335959292,0.414981743887,0.0406457845945,0.108581031519,1,1,0,0,0,0,0,,0,0,0,
development,yolo11s,ff52c01e-3d7b-32b1-b6a1-bcff3459ccdd,500,high_yaw,1049,0.00827638252343,0.0197060241998,0.0114296416764,1.38099485421,0.370143523015,0.150307106161,-0.219836416854,-0.593922095579,1,0,-1,-1,0,0,0,,0,0,0,
development,yolo11s,ff8e7fdb-1073-3592-ba5e-8111bc3ce48b,500,high_yaw,362,0.00682537608511,0.00793907180396,0.00111369571884,0.163169868584,0.376337786421,0.332670376123,-0.0436674102981,-0.116032489624,1,1,0,0,0,0,0,,0,0,0,
heldout,yolo11n,0b86f508-5df9-4a46-bc59-5b9536dbde9f,100,all_yaw,1334,0.00577038836666,0.00550954547109,-0.00026084289557,-0.0452036984333,0.618684747492,0.635830439764,0.0171456922715,0.0277131323198,1,1,0,0,1,1,0,0,0,0,0,
heldout,yolo11n,0c3bad78-9f1e-395d-a376-2eb7499229fd,100,all_yaw,812,0.00316091492842,0.00372516086578,0.00056424593736,0.17850715699,0.724900022125,0.69890972438,-0.0259902977444,-0.0358536307783,1,1,0,0,1,1,0,0,1,0,-1,-1
heldout,yolo11n,0fb7276f-ecb5-3e5b-87a8-cc74c709c715,100,all_yaw,1096,0.00411524337032,0.00475584789539,0.000640604525074,0.155666255292,0.607117504328,0.590030539984,-0.0170869643434,-0.0281444106316,1,1,0,0,1,1,0,0,0,0,0,
heldout,yolo11n,15ec0778-826e-3ed7-9775-54fbf66997f4,100,all_yaw,411,0.00512335482974,0.00609864491084,0.000975290081097,0.190361611387,0.619507446509,0.6000008053,-0.0195066412087,-0.0314873393672,1,1,0,0,1,1,0,0,0,0,0,
heldout,yolo11n,182ba3f7-b89a-36cc-ae40-32a341b0d3e9,100,all_yaw,504,0.00345338146249,0.00370790624558,0.000254524783096,0.0737030605686,0.695001845383,0.686951359358,-0.00805048602482,-0.0115834023727,1,1,0,0,1,1,0,0,0,0,0,
heldout,yolo11n,19350c96-623d-4d77-af96-f8c23f00c358,100,all_yaw,844,0.00637639300485,0.00676271951192,0.000386326507065,0.0605869975032,0.534571585988,0.523123258347,-0.0114483276416,-0.0214158925422,1,1,0,0,1,1,0,0,0,0,0,
heldout,yolo11n,1da4a0aa-22ae-3958-856d-05303de1f576,100,all_yaw,1337,0.00638435226077,0.00648864740133,0.000104295140554,0.0163360567046,0.624581126063,0.616523107081,-0.00805801898229,-0.0129014769195,1,1,0,0,1,1,0,0,0,0,0,
heldout,yolo11n,20dd185d-b4eb-3024-a17a-b4e5d8b15b65,100,all_yaw,1044,0.00569968848303,0.00591623071455,0.00021654223152,0.0379919415183,0.574905374466,0.589842866021,0.0149374915541,0.0259825220245,1,1,0,0,1,1,0,0,0,0,0,
heldout,yolo11n,24642607-2a51-384a-90a7-228067956d05,100,all_yaw,958,0.015877466382,0.0154297950177,-0.000447671364235,-0.028195390465,0.353681951794,0.330306614797,-0.0233753369967,-0.0660914046594,1,1,0,0,0,0,0,,0,0,0,
heldout,yolo11n,27c03d98-6ac3-38a3-ba5e-102b184d01ef,100,all_yaw,403,0.00542977155447,0.00571356435639,0.000283792801922,0.0522660666431,0.601248033064,0.607151905752,0.00590387268832,0.00981936299772,1,1,0,0,1,1,0,0,0,0,0,
heldout,yolo11n,29a00842-ead2-3050-b587-c5ef507e4125,100,all_yaw,1778,0.00531289167459,0.00587773257584,0.000564840901259,0.106315154883,0.619133609645,0.59556438836,-0.0235692212848,-0.038068069505,1,1,0,0,1,1,0,0,0,0,0,
heldout,yolo11n,2c652f9e-8db8-3572-aa49-fae1344a875b,100,all_yaw,714,0.0175766486218,0.0155429611443,-0.00203368747752,-0.115703938861,0.471250589098,0.481600384322,0.0103497952244,0.0219624027298,1,1,0,0,0,0,0,,0,0,0,
heldout,yolo11n,36aec72e-5086-376c-b109-295b128e77e1,100,all_yaw,1058,0.00525757548416,0.00521419000753,-4.33854766352e-05,-0.00825199310327,0.722651872284,0.718997834759,-0.00365403752479,-0.00505642850304,1,1,0,0,1,1,0,0,1,1,0,0
heldout,yolo11n,3de5b5d6-68c4-3c95-84ed-be7c83d829f8,100,all_yaw,1112,0.00537904842031,0.00554305695748,0.000164008537169,0.0304902511287,0.688260532339,0.66681827654,-0.0214422557998,-0.0311542719542,1,1,0,0,1,1,0,0,0,0,0,
heldout,yolo11n,44adf4c4-6064-362f-94d3-323ed42cfda9,100,all_yaw,779,0.00615525520101,0.00645167694002,0.000296421739007,0.0481575059566,0.590021280522,0.59346168123,0.00344040070824,0.00583097732543,1,1,0,0,1,1,0,0,0,0,0,
heldout,yolo11n,47286726-5dd4-4e26-bd2d-5324f429e445,100,all_yaw,1690,0.00768777960904,0.00793276879539,0.000244989186348,0.0318673529688,0.635806539227,0.627080847625,-0.00872569160194,-0.0137238154432,1,1,0,0,1,1,0,0,0,0,0,
heldout,yolo11n,4e3fedbb-847c-3d5b-8a62-c9ff84550985,100,all_yaw,730,0.00706166077048,0.00588404699551,-0.00117761377498,-0.166761589554,0.596568092231,0.639072456295,0.0425043640647,0.0712481351555,1,1,0,0,1,1,0,0,0,0,0,
heldout,yolo11n,52071780-5758-3ed4-8835-0d64ecdc5575,100,all_yaw,1706,0.00509149985533,0.00540603785659,0.00031453800126,0.0617770814489,0.638876144181,0.635893277724,-0.00298286645711,-0.00466892759149,1,1,0,0,1,1,0,0,0,0,0,
heldout,yolo11n,58e82365-03bc-3b2f-b55a-a4ad0e3e792d,100,all_yaw,764,0.00574921930887,0.00632513290233,0.00057591359346,0.100172486475,0.529747120678,0.523205055504,-0.00654206517431,-0.0123494114813,1,1,0,0,1,1,0,0,0,0,0,
heldout,yolo11n,58fed0d4-97d5-469b-89a4-4394838e10c7,100,all_yaw,669,0.00804349045174,0.00781803477946,-0.000225455672283,-0.0280295816394,0.543440568279,0.52340066696,-0.0200399013191,-0.0368759759372,1,1,0,0,1,1,0,0,0,0,0,
heldout,yolo11n,6c932547-4c11-31d7-b8ef-0c16a13dbfc3,100,all_yaw,1860,0.00503256298864,0.00543356382076,0.000401000832123,0.0796812345973,0.633910209247,0.627757196092,-0.00615301315537,-0.00970644275106,1,1,0,0,1,1,0,0,0,0,0,
heldout,yolo11n,7039e410-b5ab-35aa-96bc-2c4b89d3c5e3,100,all_yaw,929,0.00372814448988,0.00384972293752,0.000121578447643,0.0326109806026,0.632950987371,0.636328942568,0.00337795519738,0.0053368353392,1,1,0,0,1,1,0,0,0,0,0,
heldout,yolo11n,78683234-e6f1-3e4e-af52-6f839254e4c0,100,all_yaw,780,0.00548682979678,0.00585168773564,0.000364857938863,0.0664970397072,0.604153780798,0.618347845072,0.0141940642739,0.0234941247163,1,1,0,0,1,1,0,0,0,0,0,
heldout,yolo11n,78da7b7e-8ddf-3c7d-8716-eaa890106dd3,100,all_yaw,1059,0.00535959005173,0.00537817213033,1.85820786055e-05,0.00346707088156,0.624372742836,0.627811123167,0.00343838033121,0.00550693535338,1,1,0,0,1,1,0,0,0,0,0,
heldout,yolo11n,7a2c222d-addc-30b2-aac6-596cb65a22e3,100,all_yaw,130,0.0219879843165,0.0203409937297,-0.00164699058684,-0.0749041186827,0.542345712716,0.587949975762,0.0456042630457,0.0840870720953,1,1,0,0,1,1,0,0,0,0,0,
heldout,yolo11n,858d739b-a0ba-35aa-bafc-4f7988bcad17,100,all_yaw,681,0.00700523415755,0.00702237528827,1.71411307125e-05,0.00244690331929,0.571441696761,0.568142336661,-0.00329936009979,-0.00577374755551,1,1,0,0,1,1,0,0,0,0,0,
heldout,yolo11n,95bf6003-7068-3a78-a0c0-9e470a06e60f,100,all_yaw,1613,0.0056444378893,0.0058160555236,0.000171617634299,0.0304047343003,0.671630760551,0.655534485461,-0.0160962750902,-0.0239659587315,1,1,0,0,1,1,0,0,0,0,0,
heldout,yolo11n,a7636fca-4d9e-3052-bef2-af0ce5d1df74,100,all_yaw,953,0.00762663110069,0.00791119914114,0.000284568040453,0.0373124170681,0.620912598966,0.613692251694,-0.00722034727204,-0.0116286048698,1,1,0,0,1,1,0,0,0,0,0,
heldout,yolo11n,a91d4c7b-bf55-3a0e-9eba-1a43577bcca8,100,all_yaw,1310,0.00857482188901,0.00687616630416,-0.00169865558485,-0.198098060442,0.627524100135,0.637077191517,0.0095530913823,0.0152234653302,1,1,0,0,1,1,0,0,0,0,0,
heldout,yolo11n,b19f3c1a-a84a-3a2d-8d1b-8a4ae201020b,100,all_yaw,1597,0.00818752621614,0.00847086739653,0.000283341180388,0.0346064455744,0.542152180688,0.532487492943,-0.00966468774452,-0.0178265219412,1,1,0,0,1,1,0,0,0,0,0,
heldout,yolo11n,b2053fdc-0b94-30bc-aee7-5bc6fb7e9f52,100,all_yaw,1554,0.00577123463046,0.00593159518791,0.000160360557451,0.0277861788196,0.629366880224,0.623376428984,-0.00599045124041,-0.00951821811513,1,1,0,0,1,1,0,0,0,0,0,
heldout,yolo11n,b50c4763-5d1e-37f4-a009-2244aeebabcd,100,all_yaw,513,0.00806334872687,0.00801446122739,-4.88874994789e-05,-0.00606292759186,0.30475101672,0.301329616201,-0.00342140051899,-0.0112268715485,1,1,0,0,0,0,0,,0,0,0,
heldout,yolo11n,b87683ae-14c5-321f-8af3-623e7bafc3a7,100,all_yaw,714,0.0101229750206,0.0118164177461,0.00169344272555,0.167287059595,0.432118079463,0.412869733457,-0.0192483460056,-0.0445441811403,1,1,0,0,0,0,0,,0,0,0,
heldout,yolo11n,c8ec7be0-92aa-3222-946e-fbcf398c841e,100,all_yaw,868,0.00856233090385,0.00780620172628,-0.000756129177571,-0.088308801197,0.665115706287,0.645546234163,-0.0195694721241,-0.029422658252,1,1,0,0,1,1,0,0,0,0,0,
heldout,yolo11n,cae56e40-8470-3c9c-af75-6e444189488f,100,all_yaw,1795,0.00469182243017,0.00507650579467,0.000384683364494,0.0819901797689,0.535849001938,0.528336861669,-0.00751214026947,-0.0140191364401,1,1,0,0,1,1,0,0,0,0,0,
heldout,yolo11n,d1395998-7e8a-417d-91e9-5ca6ec045ee1,100,all_yaw,901,0.00738443486716,0.00640730221655,-0.000977132650609,-0.132323281089,0.644363141984,0.648105726857,0.00374258487301,0.00580819204135,1,1,0,0,1,1,0,0,0,0,0,
heldout,yolo11n,d3ca0450-2167-38fb-b34b-449741cb38f3,100,all_yaw,458,0.0120913248345,0.0100681233112,-0.00202320152332,-0.167326703319,0.488043525974,0.497366585408,0.00932305943313,0.0191029261468,1,1,0,0,0,0,0,,0,0,0,
heldout,yolo11n,d5d6f11c-3026-3e0e-9d67-c111233e22de,100,all_yaw,1332,0.00457629639194,0.0049562831805,0.000379986788555,0.083033692753,0.620594061704,0.59890900086,-0.0216850608436,-0.0349424240123,1,1,0,0,1,1,0,0,0,0,0,
heldout,yolo11n,da036982-92bf-36a8-b880-4ccf4e20b74e,100,all_yaw,720,0.00917503441115,0.00824686612656,-0.000928168284592,-0.101162376401,0.489376098023,0.508729388125,0.0193532901021,0.0395468642222,1,1,0,0,0,1,1,,0,0,0,
heldout,yolo11n,dafe14f5-825c-4e7a-9009-6dfdfdd5b030,100,all_yaw,909,0.00556796609805,0.00525707767665,-0.0003108884214,-0.0558351857618,0.539763224279,0.53146401191,-0.00829921236942,-0.0153756536128,1,1,0,0,1,1,0,0,0,0,0,
heldout,yolo11n,e1d68dde-22a9-3918-a526-0850b21ff2eb,100,all_yaw,508,0.0190833071594,0.0159672423188,-0.00311606484068,-0.163287464518,0.36523123278,0.400542295317,0.0353110625371,0.0966813880299,1,1,0,0,0,0,0,,0,0,0,
heldout,yolo11n,e2e921fe-e489-3656-a0a2-5e17bd399ddf,100,all_yaw,813,0.00504681400695,0.00475415060942,-0.000292663397534,-0.0579897331525,0.709589077596,0.71467723649,0.00508815889348,0.00717057104474,1,1,0,0,1,1,0,0,1,1,0,0
heldout,yolo11n,e50e7698-de3d-355f-aca2-eddd09c09533,100,all_yaw,1507,0.00610738022079,0.0067738728997,0.000666492678918,0.109129062679,0.515352960366,0.500869433322,-0.0144835270434,-0.0281040920636,1,1,0,0,1,1,0,0,0,0,0,
heldout,yolo11n,e72ef05c-8b94-3885-a34f-fff3b2b954b4,100,all_yaw,1003,0.00403353128281,0.00419701617798,0.000163484895172,0.0405314558657,0.65109036094,0.642577314849,-0.00851304609093,-0.0130750608543,1,1,0,0,1,1,0,0,0,0,0,
heldout,yolo11n,e8c9fd64-fdd2-422d-a2a2-6f47500d1d12,100,all_yaw,992,0.00909476046622,0.0080947924629,-0.000999968003311,-0.109949899948,0.604190555264,0.615318352853,0.0111277975886,0.0184176953639,1,1,0,0,1,1,0,0,0,0,0,
heldout,yolo11n,eec284b2-840a-3c75-aa42-04d2e309bbe1,100,all_yaw,595,0.00263163596891,0.00278697883079,0.000155342861876,0.0590290084612,0.708839261334,0.709419781245,0.000580519910808,0.000818972568922,1,1,0,0,1,1,0,0,1,1,0,0
heldout,yolo11n,f1275002-842e-3571-8f7d-05816bc7cf56,100,all_yaw,1333,0.00516157017111,0.00547331698911,0.000311746818001,0.0603976711865,0.684034759661,0.665983405981,-0.0180513536794,-0.0263895268837,1,1,0,0,1,1,0,0,0,0,0,
heldout,yolo11n,f2576c8a-da9b-450e-88cf-a70af1b0eadf,100,all_yaw,443,0.0100143985992,0.00972361812222,-0.000290780476989,-0.0290362395813,0.477834261111,0.455267962233,-0.0225662988781,-0.0472262052235,1,1,0,0,0,0,0,,0,0,0,
heldout,yolo11n,f292cc5c-7a90-360d-b62a-074c643bdf59,100,all_yaw,980,0.00488476993387,0.00509647792108,0.000211707987206,0.0433404213651,0.634390508934,0.613970148675,-0.0204203602593,-0.0321889435162,1,1,0,0,1,1,0,0,0,0,0,
heldout,yolo11n,f6cc0ebf-fc6a-3bf2-8bcb-76d8c43f194e,100,all_yaw,1560,0.00549085860664,0.00554764378392,5.67851772743e-05,0.0103417664417,0.650471959247,0.644703017941,-0.00576894130593,-0.00886885471989,1,1,0,0,1,1,0,0,0,0,0,
heldout,yolo11n,0b86f508-5df9-4a46-bc59-5b9536dbde9f,100,high_yaw,107,0.00339992344317,0.00358726220828,0.000187338765109,0.0551008774874,0.621029505844,0.658778052032,0.0377485461882,0.0607838207895,1,1,0,0,1,1,0,0,0,0,0,
heldout,yolo11n,0c3bad78-9f1e-395d-a376-2eb7499229fd,100,high_yaw,300,0.00286439056894,0.00332605828084,0.000461667711905,0.161174847073,0.755596624704,0.742548660827,-0.0130479638775,-0.0172684253091,1,1,0,0,1,1,0,0,1,1,0,0
heldout,yolo11n,0fb7276f-ecb5-3e5b-87a8-cc74c709c715,100,high_yaw,794,0.00393494712841,0.00465762932723,0.000722682198813,0.183657410183,0.616961602671,0.598312042031,-0.0186495606404,-0.0302280734484,1,1,0,0,1,1,0,0,0,0,0,
heldout,yolo11n,15ec0778-826e-3ed7-9775-54fbf66997f4,100,high_yaw,283,0.00437950965396,0.00557408253335,0.00119457287938,0.272764070357,0.610433137811,0.592146915129,-0.0182862226824,-0.0299561435147,1,1,0,0,1,1,0,0,0,0,0,
heldout,yolo11n,19350c96-623d-4d77-af96-f8c23f00c358,100,high_yaw,345,0.00716594901316,0.00751279491507,0.00034684590191,0.0484019494519,0.484600753421,0.495067910236,0.0104671568152,0.021599547135,1,1,0,0,0,0,0,,0,0,0,
heldout,yolo11n,1da4a0aa-22ae-3958-856d-05303de1f576,100,high_yaw,50,0.00585104103148,0.00657245931089,0.000721418279408,0.123297422719,0.592398175493,0.586299065401,-0.00609911009186,-0.0102956260572,1,1,0,0,1,1,0,0,0,0,0,
heldout,yolo11n,20dd185d-b4eb-3024-a17a-b4e5d8b15b65,100,high_yaw,754,0.00598914813519,0.00639520623696,0.000406058101775,0.0677989745135,0.566604392657,0.571581235093,0.00497684243584,0.00878362840164,1,1,0,0,1,1,0,0,0,0,0,
heldout,yolo11n,24642607-2a51-384a-90a7-228067956d05,100,high_yaw,166,0.0538491253799,0.0527770864058,-0.00107203897411,-0.0199081965871,0,0,0,,0,0,0,,0,0,0,,0,0,0,
heldout,yolo11n,27c03d98-6ac3-38a3-ba5e-102b184d01ef,100,high_yaw,179,0.00444160390968,0.00487320024436,0.000431596334674,0.097171279441,0.661529771484,0.664773128078,0.00324335659422,0.00490281274409,1,1,0,0,1,1,0,0,0,0,0,
heldout,yolo11n,29a00842-ead2-3050-b587-c5ef507e4125,100,high_yaw,846,0.00555210663028,0.00619551946264,0.000643412832363,0.11588625277,0.642647588886,0.613624242952,-0.0290233459335,-0.0451621486417,1,1,0,0,1,1,0,0,0,0,0,
heldout,yolo11n,2c652f9e-8db8-3572-aa49-fae1344a875b,100,high_yaw,150,0.0110572299498,0.0135028580214,0.00244562807165,0.221179091216,0.588727709618,0.624506424559,0.0357787149407,0.0607729419835,1,1,0,0,1,1,0,0,0,0,0,
heldout,yolo11n,36aec72e-5086-376c-b109-295b128e77e1,100,high_yaw,120,0.00515933906149,0.00592705408884,0.00076771502735,0.1488010418,0.693564154122,0.634886605232,-0.0586775488902,-0.0846029145848,1,1,0,0,1,1,0,0,0,0,0,
heldout,yolo11n,3de5b5d6-68c4-3c95-84ed-be7c83d829f8,100,high_yaw,419,0.0072411891988,0.00716624054426,-7.49486545385e-05,-0.0103503240256,0.640392674361,0.614303246641,-0.0260894277196,-0.0407397347974,1,1,0,0,1,1,0,0,0,0,0,
heldout,yolo11n,44adf4c4-6064-362f-94d3-323ed42cfda9,100,high_yaw,256,0.00507261093585,0.00494657703838,-0.000126033897476,-0.0248459617876,0.607882218053,0.63221751617,0.0243352981172,0.0400329165659,1,1,0,0,1,1,0,0,0,0,0,
heldout,yolo11n,47286726-5dd4-4e26-bd2d-5324f429e445,100,high_yaw,188,0.00757295282616,0.00801100011328,0.000438047287127,0.0578436571813,0.674136479873,0.655616159609,-0.0185203202642,-0.0274726569724,1,1,0,0,1,1,0,0,0,0,0,
heldout,yolo11n,4e3fedbb-847c-3d5b-8a62-c9ff84550985,100,high_yaw,42,0.00701316309922,0.00550210482623,-0.00151105827299,-0.215460306799,0.616170537854,0.647125938031,0.0309554001771,0.0502383646658,1,1,0,0,1,1,0,0,0,0,0,
heldout,yolo11n,52071780-5758-3ed4-8835-0d64ecdc5575,100,high_yaw,152,0.0041859125631,0.0043627272823,0.000176814719198,0.0422404234519,0.637244716748,0.632111286521,-0.00513343022739,-0.0080556654178,1,1,0,0,1,1,0,0,0,0,0,
heldout,yolo11n,58e82365-03bc-3b2f-b55a-a4ad0e3e792d,100,high_yaw,38,0.00416802141507,0.00554575057686,0.00137772916179,0.330547524735,0.467270943003,0.470276930651,0.00300598764855,0.00643307206143,1,1,0,0,0,0,0,,0,0,0,
heldout,yolo11n,58fed0d4-97d5-469b-89a4-4394838e10c7,100,high_yaw,1,0.0135706128631,0.0129020839848,-0.000668528878357,-0.0492629835586,0.548901165574,0.512542065121,-0.0363591004527,-0.0662397945806,1,1,0,0,1,1,0,0,0,0,0,
heldout,yolo11n,6c932547-4c11-31d7-b8ef-0c16a13dbfc3,100,high_yaw,687,0.0051237923354,0.00574104072264,0.000617248387235,0.120467096797,0.633075723559,0.624402808853,-0.00867291470676,-0.0136996482159,1,1,0,0,1,1,0,0,0,0,0,
heldout,yolo11n,7039e410-b5ab-35aa-96bc-2c4b89d3c5e3,100,high_yaw,111,0.00483018907017,0.0043083798846,-0.000521809185568,-0.108030799206,0.661486350621,0.663049636224,0.00156328560224,0.00236329230493,1,1,0,0,1,1,0,0,0,0,0,
heldout,yolo11n,78683234-e6f1-3e4e-af52-6f839254e4c0,100,high_yaw,132,0.00514289917166,0.00520951510509,6.66159334274e-05,0.0129529923111,0.558567793899,0.534939369989,-0.0236284239098,-0.0423018014427,1,1,0,0,1,1,0,0,0,0,0,
heldout,yolo11n,78da7b7e-8ddf-3c7d-8716-eaa890106dd3,100,high_yaw,90,0.00275657121476,0.00366108388166,0.000904512666899,0.328129620615,0.650382061693,0.642959173199,-0.00742288849379,-0.0114131199659,1,1,0,0,1,1,0,0,0,0,0,
heldout,yolo11n,7a2c222d-addc-30b2-aac6-596cb65a22e3,100,high_yaw,49,0.0174692212372,0.0155501578165,-0.00191906342063,-0.109853976578,0.534413358702,0.654907403564,0.120494044862,0.225469747153,1,1,0,0,1,1,0,0,0,0,0,
heldout,yolo11n,858d739b-a0ba-35aa-bafc-4f7988bcad17,100,high_yaw,337,0.00814717306237,0.00857323928114,0.000426066218772,0.0522962032977,0.570417789894,0.559924237475,-0.0104935524186,-0.0183962572777,1,1,0,0,1,1,0,0,0,0,0,
heldout,yolo11n,95bf6003-7068-3a78-a0c0-9e470a06e60f,100,high_yaw,596,0.00628802177371,0.00696081742907,0.000672795655359,0.106996394028,0.686133177636,0.668596161237,-0.017537016399,-0.025559201873,1,1,0,0,1,1,0,0,0,0,0,
heldout,yolo11n,a7636fca-4d9e-3052-bef2-af0ce5d1df74,100,high_yaw,726,0.00785165392848,0.00859348116787,0.000741827239389,0.0944803790571,0.608184249659,0.606859424279,-0.00132482538031,-0.00217832898673,1,1,0,0,1,1,0,0,0,0,0,
heldout,yolo11n,a91d4c7b-bf55-3a0e-9eba-1a43577bcca8,100,high_yaw,278,0.00846506864754,0.00686073485983,-0.00160433378771,-0.189524013863,0.661051134887,0.669824806424,0.00877367153783,0.013272303873,1,1,0,0,1,1,0,0,0,0,0,
heldout,yolo11n,b2053fdc-0b94-30bc-aee7-5bc6fb7e9f52,100,high_yaw,458,0.0050611796592,0.00563140242329,0.000570222764093,0.112665979572,0.639188534713,0.631079332841,-0.00810920187218,-0.0126867135936,1,1,0,0,1,1,0,0,0,0,0,
heldout,yolo11n,b50c4763-5d1e-37f4-a009-2244aeebabcd,100,high_yaw,106,0.00802501897876,0.00828975123857,0.000264732259805,0.0329883655734,0.243914305363,0.245640609567,0.0017263042038,0.007077502901,0,0,0,,0,0,0,,0,0,0,
heldout,yolo11n,b87683ae-14c5-321f-8af3-623e7bafc3a7,100,high_yaw,486,0.00804512861129,0.00967633816423,0.00163120955295,0.202757423997,0.463979005791,0.448558709523,-0.0154202962686,-0.0332349008815,1,1,0,0,0,0,0,,0,0,0,
heldout,yolo11n,c8ec7be0-92aa-3222-946e-fbcf398c841e,100,high_yaw,378,0.00546713559026,0.00586751399815,0.000400378407889,0.0732336707731,0.658992486136,0.628567224126,-0.0304252620108,-0.0461693610335,1,1,0,0,1,1,0,0,0,0,0,
heldout,yolo11n,cae56e40-8470-3c9c-af75-6e444189488f,100,high_yaw,166,0.00463965966791,0.00496477135308,0.000325111685174,0.0700723131532,0.554169295314,0.556414276943,0.00224498162875,0.00405107545246,1,1,0,0,1,1,0,0,0,0,0,
heldout,yolo11n,d3ca0450-2167-38fb-b34b-449741cb38f3,100,high_yaw,301,0.0187959095539,0.0195377121507,0.00074180259679,0.0394661718638,0.20923718287,0.212758743798,0.00352156092759,0.0168304738158,0,0,0,,0,0,0,,0,0,0,
heldout,yolo11n,da036982-92bf-36a8-b880-4ccf4e20b74e,100,high_yaw,343,0.00901908346023,0.00846207913351,-0.000557004326715,-0.0617584180445,0.479661412772,0.480287236458,0.000625823686118,0.00130471968237,1,1,0,0,0,0,0,,0,0,0,
heldout,yolo11n,dafe14f5-825c-4e7a-9009-6dfdfdd5b030,100,high_yaw,231,0.00601746711014,0.00532826856204,-0.000689198548105,-0.114532997936,0.588044842738,0.608767416048,0.0207225733097,0.0352397841179,1,1,0,0,1,1,0,0,0,0,0,
heldout,yolo11n,e1d68dde-22a9-3918-a526-0850b21ff2eb,100,high_yaw,104,0.00989327941288,0.00830093710578,-0.00159234230711,-0.16095191904,0.46345301712,0.457971208582,-0.0054818085376,-0.0118281861054,1,1,0,0,0,0,0,,0,0,0,
heldout,yolo11n,e50e7698-de3d-355f-aca2-eddd09c09533,100,high_yaw,673,0.00583544538886,0.0065430602095,0.000707614820641,0.12126149308,0.537226965519,0.522655193533,-0.0145717719869,-0.0271240516991,1,1,0,0,1,1,0,0,0,0,0,
heldout,yolo11n,eec284b2-840a-3c75-aa42-04d2e309bbe1,100,high_yaw,42,0.00388240242398,0.00375919294723,-0.000123209476751,-0.0317353698291,0.793553753452,0.744449118807,-0.0491046346452,-0.0618794056881,1,1,0,0,1,1,0,0,1,1,0,0
heldout,yolo11n,f1275002-842e-3571-8f7d-05816bc7cf56,100,high_yaw,29,0.00705673065977,0.00621820820519,-0.000838522454573,-0.118825911743,0.663829016404,0.669526879421,0.00569786301658,0.00858332925463,1,1,0,0,1,1,0,0,0,0,0,
heldout,yolo11n,f2576c8a-da9b-450e-88cf-a70af1b0eadf,100,high_yaw,162,0.00951416009199,0.00946589398567,-4.82661063173e-05,-0.00507308116015,0.624856204145,0.613190453859,-0.0116657502866,-0.0186694958123,1,1,0,0,1,1,0,0,0,0,0,
heldout,yolo11n,f292cc5c-7a90-360d-b62a-074c643bdf59,100,high_yaw,538,0.00445116444545,0.00469176269018,0.000240598244722,0.0540528771001,0.66428447324,0.640834330023,-0.0234501432169,-0.0353013568155,1,1,0,0,1,1,0,0,0,0,0,
heldout,yolo11n,0b86f508-5df9-4a46-bc59-5b9536dbde9f,200,all_yaw,1317,0.00641299387604,0.00649397530268,8.09814266419e-05,0.01262770996,0.554740584907,0.602649938175,0.0479093532685,0.0863635266142,1,1,0,0,1,1,0,0,0,0,0,
heldout,yolo11n,0c3bad78-9f1e-395d-a376-2eb7499229fd,200,all_yaw,799,0.00323596079155,0.00458363475867,0.00134767396712,0.416467953084,0.725184175723,0.669606929501,-0.0555772462224,-0.0766388016768,1,1,0,0,1,1,0,0,1,0,-1,-1
heldout,yolo11n,0fb7276f-ecb5-3e5b-87a8-cc74c709c715,200,all_yaw,1083,0.00443493061741,0.00605634161045,0.00162141099304,0.365600081019,0.584392052077,0.546107402858,-0.0382846492189,-0.0655119265959,1,1,0,0,1,1,0,0,0,0,0,
heldout,yolo11n,15ec0778-826e-3ed7-9775-54fbf66997f4,200,all_yaw,404,0.00516247994427,0.00675531120878,0.00159283126451,0.308539942374,0.618573748755,0.579443139957,-0.0391306087977,-0.0632594074296,1,1,0,0,1,1,0,0,0,0,0,
heldout,yolo11n,182ba3f7-b89a-36cc-ae40-32a341b0d3e9,200,all_yaw,501,0.00354987821055,0.00444189970682,0.000892021496277,0.251282281636,0.665163052063,0.654354408117,-0.0108086439454,-0.0162496156573,1,1,0,0,1,1,0,0,0,0,0,
heldout,yolo11n,19350c96-623d-4d77-af96-f8c23f00c358,200,all_yaw,831,0.00694821727442,0.00796440843572,0.00101619116131,0.146252070304,0.50511203803,0.504922369971,-0.000189668059726,-0.000375497009467,1,1,0,0,1,1,0,0,0,0,0,
heldout,yolo11n,1da4a0aa-22ae-3958-856d-05303de1f576,200,all_yaw,1322,0.00747546800697,0.00805890582285,0.000583437815881,0.0780469952299,0.59756468535,0.569382354385,-0.0281823309649,-0.0471619753574,1,1,0,0,1,1,0,0,0,0,0,
heldout,yolo11n,20dd185d-b4eb-3024-a17a-b4e5d8b15b65,200,all_yaw,1017,0.00636542358574,0.00719138349488,0.00082595990914,0.129757257787,0.517517831476,0.525023545792,0.00750571431598,0.0145032960402,1,1,0,0,1,1,0,0,0,0,0,
heldout,yolo11n,24642607-2a51-384a-90a7-228067956d05,200,all_yaw,938,0.0164883631643,0.0182739184456,0.00178555528123,0.108291845797,0.343760754827,0.306228076437,-0.0375326783899,-0.109182557528,1,1,0,0,0,0,0,,0,0,0,
heldout,yolo11n,27c03d98-6ac3-38a3-ba5e-102b184d01ef,200,all_yaw,395,0.00561231522233,0.00741532431823,0.0018030090959,0.321259413356,0.572959875739,0.56865073297,-0.00430914276891,-0.0075208456148,1,1,0,0,1,1,0,0,0,0,0,
heldout,yolo11n,29a00842-ead2-3050-b587-c5ef507e4125,200,all_yaw,1763,0.00563969072309,0.00720898372853,0.00156929300544,0.278258699368,0.609136594087,0.56018051486,-0.0489560792266,-0.0803696243204,1,1,0,0,1,1,0,0,0,0,0,
heldout,yolo11n,2c652f9e-8db8-3572-aa49-fae1344a875b,200,all_yaw,705,0.0218778374915,0.0167468968378,-0.00513094065372,-0.234526865633,0.431842058197,0.451261224593,0.0194191663953,0.0449682147135,1,1,0,0,0,0,0,,0,0,0,
heldout,yolo11n,36aec72e-5086-376c-b109-295b128e77e1,200,all_yaw,1046,0.00652807645176,0.00647065487092,-5.74215808358e-05,-0.00879609503047,0.692938458871,0.69445979948,0.00152134060967,0.00219549166336,1,1,0,0,1,1,0,0,0,0,0,
heldout,yolo11n,3de5b5d6-68c4-3c95-84ed-be7c83d829f8,200,all_yaw,1086,0.00542003592417,0.00710552692405,0.00168549099988,0.310974138079,0.670196196612,0.614855545853,-0.0553406507587,-0.0825738060564,1,1,0,0,1,1,0,0,0,0,0,
heldout,yolo11n,44adf4c4-6064-362f-94d3-323ed42cfda9,200,all_yaw,765,0.00686630033247,0.00800265479802,0.00113635446555,0.165497343624,0.569173979161,0.569798245928,0.000624266767347,0.00109679428471,1,1,0,0,1,1,0,0,0,0,0,
heldout,yolo11n,47286726-5dd4-4e26-bd2d-5324f429e445,200,all_yaw,1684,0.00777961217538,0.00841239712712,0.000632784951736,0.0813388813569,0.635552739661,0.617412029439,-0.018140710222,-0.0285432019877,1,1,0,0,1,1,0,0,0,0,0,
heldout,yolo11n,4e3fedbb-847c-3d5b-8a62-c9ff84550985,200,all_yaw,721,0.00968403795382,0.00694984292756,-0.00273419502626,-0.282340387274,0.528107056497,0.614565130872,0.0864580743747,0.163713158745,1,1,0,0,1,1,0,0,0,0,0,
heldout,yolo11n,52071780-5758-3ed4-8835-0d64ecdc5575,200,all_yaw,1672,0.00542723580273,0.00646586975576,0.00103863395303,0.191374392192,0.619028205782,0.608482686978,-0.0105455188038,-0.0170356030715,1,1,0,0,1,1,0,0,0,0,0,
heldout,yolo11n,58e82365-03bc-3b2f-b55a-a4ad0e3e792d,200,all_yaw,752,0.00622437515653,0.0074575735992,0.00123319844267,0.198124054488,0.523189093538,0.504048392411,-0.0191407011267,-0.0365846715138,1,1,0,0,1,1,0,0,0,0,0,
heldout,yolo11n,58fed0d4-97d5-469b-89a4-4394838e10c7,200,all_yaw,660,0.00832950621704,0.00955075482352,0.00122124860648,0.146617167291,0.535069203076,0.491991493349,-0.0430777097267,-0.0805086696805,1,1,0,0,1,0,-1,-1,0,0,0,
heldout,yolo11n,6c932547-4c11-31d7-b8ef-0c16a13dbfc3,200,all_yaw,1835,0.00555430995858,0.00675541655194,0.00120110659336,0.216247671146,0.615258725697,0.595197717635,-0.020061008062,-0.0326058082952,1,1,0,0,1,1,0,0,0,0,0,
heldout,yolo11n,7039e410-b5ab-35aa-96bc-2c4b89d3c5e3,200,all_yaw,913,0.0042363887325,0.00483912840169,0.000602739669191,0.142276761471,0.603762602482,0.603405593666,-0.000357008815272,-0.000591306605949,1,1,0,0,1,1,0,0,0,0,0,
heldout,yolo11n,78683234-e6f1-3e4e-af52-6f839254e4c0,200,all_yaw,770,0.00565815744911,0.006439924698,0.000781767248887,0.13816640062,0.584762551511,0.590055279156,0.00529272764571,0.0090510714683,1,1,0,0,1,1,0,0,0,0,0,
heldout,yolo11n,78da7b7e-8ddf-3c7d-8716-eaa890106dd3,200,all_yaw,1042,0.00570303434631,0.00641207285826,0.000709038511954,0.124326537225,0.611481569236,0.596882221585,-0.0145993476517,-0.0238753682632,1,1,0,0,1,1,0,0,0,0,0,
heldout,yolo11n,7a2c222d-addc-30b2-aac6-596cb65a22e3,200,all_yaw,126,0.0248062192265,0.0223173174997,-0.00248890172679,-0.100333779366,0.505966274872,0.556863888208,0.050897613336,0.100594873342,1,1,0,0,1,1,0,0,0,0,0,
heldout,yolo11n,858d739b-a0ba-35aa-bafc-4f7988bcad17,200,all_yaw,672,0.00796115924718,0.00831884007584,0.00035768082866,0.0449282343883,0.546021125656,0.540268091477,-0.00575303417929,-0.0105362849695,1,1,0,0,1,1,0,0,0,0,0,
heldout,yolo11n,95bf6003-7068-3a78-a0c0-9e470a06e60f,200,all_yaw,1589,0.00577940690442,0.0065056101145,0.000726203210071,0.125653587311,0.667147811059,0.634720213663,-0.0324275973954,-0.0486063161085,1,1,0,0,1,1,0,0,0,0,0,
heldout,yolo11n,a7636fca-4d9e-3052-bef2-af0ce5d1df74,200,all_yaw,929,0.00821183342161,0.0095505803247,0.00133874690309,0.163026553798,0.594058280843,0.569545697839,-0.024512583004,-0.0412629262052,1,1,0,0,1,1,0,0,0,0,0,
heldout,yolo11n,a91d4c7b-bf55-3a0e-9eba-1a43577bcca8,200,all_yaw,1287,0.0125063853914,0.0087315793606,-0.00377480603085,-0.3018302981,0.553782300784,0.582634614044,0.0288523132598,0.0521004611721,1,1,0,0,1,1,0,0,0,0,0,
heldout,yolo11n,b19f3c1a-a84a-3a2d-8d1b-8a4ae201020b,200,all_yaw,1582,0.00850541989109,0.00933891194159,0.000833492050501,0.0979954030694,0.52875879191,0.503204011313,-0.0255547805971,-0.0483297507069,1,1,0,0,1,1,0,0,0,0,0,
heldout,yolo11n,b2053fdc-0b94-30bc-aee7-5bc6fb7e9f52,200,all_yaw,1526,0.00617316823661,0.00717100075459,0.000997832517982,0.161640259869,0.612557547477,0.603455136769,-0.0091024107079,-0.0148596825643,1,1,0,0,1,1,0,0,0,0,0,
heldout,yolo11n,b50c4763-5d1e-37f4-a009-2244aeebabcd,200,all_yaw,500,0.00847088629703,0.00845536794324,-1.55183537963e-05,-0.00183196341589,0.295123647563,0.289702561964,-0.0054210855984,-0.018368862147,0,0,0,,0,0,0,,0,0,0,
heldout,yolo11n,b87683ae-14c5-321f-8af3-623e7bafc3a7,200,all_yaw,700,0.0134943810305,0.0146800758529,0.00118569482238,0.0878658176096,0.388481341323,0.329986782022,-0.0584945593007,-0.150572377817,1,1,0,0,0,0,0,,0,0,0,
heldout,yolo11n,c8ec7be0-92aa-3222-946e-fbcf398c841e,200,all_yaw,850,0.0103358512457,0.00976329250083,-0.000572558744894,-0.0553954126547,0.658073312862,0.61639249422,-0.0416808186425,-0.0633376522461,1,1,0,0,1,1,0,0,0,0,0,
heldout,yolo11n,cae56e40-8470-3c9c-af75-6e444189488f,200,all_yaw,1771,0.00491283190248,0.00571544324056,0.000802611338077,0.163370405096,0.531254897827,0.500932412039,-0.0303224857879,-0.0570770940878,1,1,0,0,1,1,0,0,0,0,0,
heldout,yolo11n,d1395998-7e8a-417d-91e9-5ca6ec045ee1,200,all_yaw,885,0.00821104013776,0.00758460694733,-0.000626433190432,-0.0762915757227,0.5982063658,0.607805798779,0.00959943297881,0.0160470257884,1,1,0,0,1,1,0,0,0,0,0,
heldout,yolo11n,d3ca0450-2167-38fb-b34b-449741cb38f3,200,all_yaw,452,0.017541523459,0.0128093291081,-0.0047321943509,-0.269771001473,0.385242616184,0.44268872515,0.0574461089658,0.149116703481,1,1,0,0,0,0,0,,0,0,0,
heldout,yolo11n,d5d6f11c-3026-3e0e-9d67-c111233e22de,200,all_yaw,1301,0.004915663093,0.00642510186835,0.00150943877535,0.307067174212,0.608201432679,0.556023650883,-0.0521777817959,-0.085790297412,1,1,0,0,1,1,0,0,0,0,0,
heldout,yolo11n,da036982-92bf-36a8-b880-4ccf4e20b74e,200,all_yaw,697,0.010788283894,0.00977066786189,-0.00101761603211,-0.0943260338816,0.435505807828,0.484259141267,0.0487533334386,0.111946459869,1,1,0,0,0,0,0,,0,0,0,
heldout,yolo11n,dafe14f5-825c-4e7a-9009-6dfdfdd5b030,200,all_yaw,890,0.00595698708884,0.00644288441652,0.000485897327679,0.0815676314944,0.505657229361,0.503556587478,-0.00210064188252,-0.0041542803317,1,1,0,0,1,1,0,0,0,0,0,
heldout,yolo11n,e1d68dde-22a9-3918-a526-0850b21ff2eb,200,all_yaw,499,0.0281221062428,0.02075095315,-0.00737115309277,-0.262112411821,0.266024892748,0.333152983089,0.0671280903404,0.252337627682,0,1,1,,0,0,0,,0,0,0,
heldout,yolo11n,e2e921fe-e489-3656-a0a2-5e17bd399ddf,200,all_yaw,794,0.0066573496969,0.0058228489117,-0.0008345007852,-0.125350300524,0.660776588142,0.680230215489,0.0194536273465,0.0294405517623,1,1,0,0,1,1,0,0,0,0,0,
heldout,yolo11n,e50e7698-de3d-355f-aca2-eddd09c09533,200,all_yaw,1476,0.0063976099064,0.00825748818838,0.00185987828199,0.290714549527,0.512505222425,0.474776628966,-0.0377285934591,-0.0736160175707,1,1,0,0,1,0,-1,-1,0,0,0,
heldout,yolo11n,e72ef05c-8b94-3885-a34f-fff3b2b954b4,200,all_yaw,994,0.00412729990847,0.00482280644745,0.000695506538983,0.168513690405,0.64375317351,0.616953873881,-0.0267992996286,-0.0416297747823,1,1,0,0,1,1,0,0,0,0,0,
heldout,yolo11n,e8c9fd64-fdd2-422d-a2a2-6f47500d1d12,200,all_yaw,980,0.0103130497935,0.00920621014127,-0.00110683965228,-0.107324183868,0.54310802355,0.584051443681,0.040943420131,0.0753872495997,1,1,0,0,1,1,0,0,0,0,0,
heldout,yolo11n,eec284b2-840a-3c75-aa42-04d2e309bbe1,200,all_yaw,584,0.00326021430131,0.00368327506286,0.000423060761546,0.129764709447,0.672737779194,0.665302636327,-0.00743514286663,-0.0110520667882,1,1,0,0,1,1,0,0,0,0,0,
heldout,yolo11n,f1275002-842e-3571-8f7d-05816bc7cf56,200,all_yaw,1320,0.00572289251449,0.00653617365931,0.00081328114482,0.142110155443,0.670623011573,0.636478238551,-0.0341447730219,-0.0509150035603,1,1,0,0,1,1,0,0,0,0,0,
heldout,yolo11n,f2576c8a-da9b-450e-88cf-a70af1b0eadf,200,all_yaw,438,0.0133268533104,0.0121656009523,-0.00116125235817,-0.0871362752424,0.474899377148,0.428617817113,-0.0462815600346,-0.0974555079701,1,1,0,0,0,0,0,,0,0,0,
heldout,yolo11n,f292cc5c-7a90-360d-b62a-074c643bdf59,200,all_yaw,959,0.00551491876279,0.00614152089593,0.00062660213314,0.113619467501,0.614870841347,0.572224151531,-0.0426466898162,-0.0693587774023,1,1,0,0,1,1,0,0,0,0,0,
heldout,yolo11n,f6cc0ebf-fc6a-3bf2-8bcb-76d8c43f194e,200,all_yaw,1545,0.00621178883231,0.00642727707844,0.000215488246128,0.0346902079168,0.593026937088,0.609023635683,0.0159966985952,0.0269746576332,1,1,0,0,1,1,0,0,0,0,0,
heldout,yolo11n,0b86f508-5df9-4a46-bc59-5b9536dbde9f,200,high_yaw,123,0.00418463447066,0.00483849130957,0.000653856838907,0.15625184075,0.598057282705,0.611548194995,0.0134909122897,0.0225578931648,1,1,0,0,1,1,0,0,0,0,0,
heldout,yolo11n,0c3bad78-9f1e-395d-a376-2eb7499229fd,200,high_yaw,301,0.00297871361521,0.00412367143389,0.00114495781868,0.384379959469,0.751742863739,0.701698916556,-0.0500439471826,-0.0665705650116,1,1,0,0,1,1,0,0,1,1,0,0
heldout,yolo11n,0fb7276f-ecb5-3e5b-87a8-cc74c709c715,200,high_yaw,773,0.00419509783644,0.00614745125513,0.00195235341869,0.465389245928,0.597839400142,0.538310903804,-0.0595284963381,-0.0995727219115,1,1,0,0,1,1,0,0,0,0,0,
heldout,yolo11n,15ec0778-826e-3ed7-9775-54fbf66997f4,200,high_yaw,279,0.00446948485022,0.00619688660328,0.00172740175307,0.386487886402,0.609373645249,0.560786567653,-0.0485870775961,-0.0797328174182,1,1,0,0,1,1,0,0,0,0,0,
heldout,yolo11n,19350c96-623d-4d77-af96-f8c23f00c358,200,high_yaw,323,0.00883906794416,0.00920301591644,0.000363947972278,0.0411749264263,0.451646042166,0.455718088611,0.00407204644444,0.0090160126831,1,1,0,0,0,0,0,,0,0,0,
heldout,yolo11n,1da4a0aa-22ae-3958-856d-05303de1f576,200,high_yaw,26,0.00829519159332,0.0072287401623,-0.00106645143102,-0.128562603892,0.547085764501,0.590514035367,0.0434282708658,0.0793811019839,1,1,0,0,1,1,0,0,0,0,0,
heldout,yolo11n,20dd185d-b4eb-3024-a17a-b4e5d8b15b65,200,high_yaw,747,0.00662502515847,0.00803875218335,0.00141372702489,0.213391948117,0.505685662078,0.492907885131,-0.0127777769475,-0.0252682207659,1,1,0,0,1,0,-1,-1,0,0,0,
heldout,yolo11n,24642607-2a51-384a-90a7-228067956d05,200,high_yaw,167,0.0454430451497,0.0510016390192,0.00555859386956,0.122320012914,0,0,0,,0,0,0,,0,0,0,,0,0,0,
heldout,yolo11n,27c03d98-6ac3-38a3-ba5e-102b184d01ef,200,high_yaw,176,0.00440191133225,0.00604841885539,0.00164650752314,0.374043773004,0.622339044845,0.58697728639,-0.035361758455,-0.0568207293884,1,1,0,0,1,1,0,0,0,0,0,
heldout,yolo11n,29a00842-ead2-3050-b587-c5ef507e4125,200,high_yaw,828,0.00575745881472,0.00761822432885,0.00186076551413,0.323192153694,0.635619606558,0.579220270991,-0.0563993355664,-0.0887312710062,1,1,0,0,1,1,0,0,0,0,0,
heldout,yolo11n,2c652f9e-8db8-3572-aa49-fae1344a875b,200,high_yaw,134,0.0121455599216,0.0137728101468,0.00162725022522,0.133979020788,0.498801848259,0.572115491299,0.0733136430403,0.146979493553,1,1,0,0,0.5,1,0.5,1,0,0,0,
heldout,yolo11n,36aec72e-5086-376c-b109-295b128e77e1,200,high_yaw,108,0.00756369050082,0.00924044951125,0.00167675901044,0.221685301674,0.678562455847,0.578443100334,-0.100119355513,-0.147546264386,1,1,0,0,1,1,0,0,0,0,0,
heldout,yolo11n,3de5b5d6-68c4-3c95-84ed-be7c83d829f8,200,high_yaw,403,0.00688577163534,0.00927482922422,0.00238905758888,0.346955681281,0.623317125445,0.570694109382,-0.0526230160632,-0.0844241460967,1,1,0,0,1,1,0,0,0,0,0,
heldout,yolo11n,44adf4c4-6064-362f-94d3-323ed42cfda9,200,high_yaw,249,0.00599098596572,0.00595089758204,-4.00883836783e-05,-0.00669145010649,0.589020694252,0.593504992981,0.00448429872874,0.00761314292094,1,1,0,0,1,1,0,0,0,0,0,
heldout,yolo11n,47286726-5dd4-4e26-bd2d-5324f429e445,200,high_yaw,195,0.00771760223369,0.00816232417314,0.000444721939448,0.0576243664782,0.675966851796,0.642892201359,-0.0330746504365,-0.0489293969795,1,1,0,0,1,1,0,0,0,0,0,
heldout,yolo11n,4e3fedbb-847c-3d5b-8a62-c9ff84550985,200,high_yaw,47,0.00873106790323,0.00521465351955,-0.00351641438367,-0.402747341179,0.555231595668,0.608328259005,0.0530966633374,0.0956297583777,1,1,0,0,1,1,0,0,0,0,0,
heldout,yolo11n,52071780-5758-3ed4-8835-0d64ecdc5575,200,high_yaw,134,0.00416417927703,0.00497419720051,0.000810017923481,0.194520425177,0.626481897107,0.609086169575,-0.017395727532,-0.0277673267373,1,1,0,0,1,1,0,0,0,0,0,
heldout,yolo11n,58e82365-03bc-3b2f-b55a-a4ad0e3e792d,200,high_yaw,43,0.00428311759417,0.00518667538958,0.00090355779541,0.210957970577,0.516164015432,0.540064764242,0.0239007488096,0.0463045623001,1,1,0,0,1,1,0,0,0,0,0,
heldout,yolo11n,58fed0d4-97d5-469b-89a4-4394838e10c7,200,high_yaw,1,0.0192149095484,0.0113423737352,-0.00787253581324,-0.409709751348,0.431343243575,0.618012736637,0.186669493062,0.432763224748,1,1,0,0,0,1,1,,0,0,0,
heldout,yolo11n,6c932547-4c11-31d7-b8ef-0c16a13dbfc3,200,high_yaw,664,0.00581251235838,0.00729446553809,0.00148195317972,0.254959144746,0.621902600888,0.592018880788,-0.0298837200997,-0.0480520905637,1,1,0,0,1,1,0,0,0,0,0,
heldout,yolo11n,7039e410-b5ab-35aa-96bc-2c4b89d3c5e3,200,high_yaw,110,0.00418590503899,0.00552811683765,0.00134221179866,0.320650322011,0.611361258392,0.640436238317,0.029074979925,0.047557772963,1,1,0,0,1,1,0,0,0,0,0,
heldout,yolo11n,78683234-e6f1-3e4e-af52-6f839254e4c0,200,high_yaw,137,0.00526912635855,0.00621392623764,0.000944799879089,0.179308639573,0.531572309719,0.498131597907,-0.0334407118123,-0.0629090552702,1,1,0,0,1,0,-1,-1,0,0,0,
heldout,yolo11n,78da7b7e-8ddf-3c7d-8716-eaa890106dd3,200,high_yaw,97,0.00296179145798,0.00461726133387,0.00165546987589,0.558942079269,0.649928809139,0.615515545601,-0.0344132635378,-0.0529492816042,1,1,0,0,1,1,0,0,0,0,0,
heldout,yolo11n,7a2c222d-addc-30b2-aac6-596cb65a22e3,200,high_yaw,45,0.0209876655855,0.0173582736405,-0.00362939194505,-0.172929758684,0.464385431132,0.600057393141,0.135671962009,0.292153786303,1,1,0,0,0,1,1,,0,0,0,
heldout,yolo11n,858d739b-a0ba-35aa-bafc-4f7988bcad17,200,high_yaw,325,0.00995761295283,0.00979534217811,-0.000162270774718,-0.0162961520483,0.566362520282,0.530570602878,-0.0357919174047,-0.063196126373,1,1,0,0,1,1,0,0,0,0,0,
heldout,yolo11n,95bf6003-7068-3a78-a0c0-9e470a06e60f,200,high_yaw,575,0.00646176889219,0.00810494755468,0.0016431786625,0.254292391126,0.67711171642,0.620304342533,-0.0568073738876,-0.0838966045189,1,1,0,0,1,1,0,0,0,0,0,
heldout,yolo11n,a7636fca-4d9e-3052-bef2-af0ce5d1df74,200,high_yaw,717,0.00829058670779,0.0106011347156,0.00231054800779,0.278695355254,0.58333281002,0.552790119207,-0.030542690813,-0.0523589455082,1,1,0,0,1,1,0,0,0,0,0,
heldout,yolo11n,a91d4c7b-bf55-3a0e-9eba-1a43577bcca8,200,high_yaw,288,0.0114715719786,0.00870654808988,-0.00276502388877,-0.241032693158,0.562911801191,0.574590942059,0.0116791408679,0.0207477278735,1,1,0,0,1,1,0,0,0,0,0,
heldout,yolo11n,b2053fdc-0b94-30bc-aee7-5bc6fb7e9f52,200,high_yaw,457,0.00541263888419,0.00694315670263,0.00153051781843,0.282767398893,0.632940899269,0.609310971167,-0.0236299281023,-0.0373335458801,1,1,0,0,1,1,0,0,0,0,0,
heldout,yolo11n,b50c4763-5d1e-37f4-a009-2244aeebabcd,200,high_yaw,107,0.00876593723695,0.00911387045583,0.000347933218889,0.0396915024012,0.232868403514,0.241504750004,0.00863634648944,0.0370868110877,0,0,0,,0,0,0,,0,0,0,
heldout,yolo11n,b87683ae-14c5-321f-8af3-623e7bafc3a7,200,high_yaw,464,0.0104866893454,0.0120185171982,0.00153182785282,0.146073541645,0.395724561233,0.381760535808,-0.0139640254245,-0.035287234588,1,1,0,0,0,0,0,,0,0,0,
heldout,yolo11n,c8ec7be0-92aa-3222-946e-fbcf398c841e,200,high_yaw,360,0.0062208412561,0.00701295666548,0.000792115409377,0.127332522527,0.647039881175,0.587769710885,-0.0592701702901,-0.0916020356929,1,1,0,0,1,1,0,0,0,0,0,
heldout,yolo11n,cae56e40-8470-3c9c-af75-6e444189488f,200,high_yaw,155,0.00484947995569,0.00556773941771,0.000718259462022,0.148110615692,0.545465531124,0.503884020609,-0.0415815105157,-0.0762312339517,1,1,0,0,1,1,0,0,0,0,0,
heldout,yolo11n,d3ca0450-2167-38fb-b34b-449741cb38f3,200,high_yaw,301,0.0201883262547,0.0179297801642,-0.00225854609049,-0.111873865223,0.19933052687,0.253433335064,0.0541028081947,0.271422591634,0,0,0,,0,0,0,,0,0,0,
heldout,yolo11n,da036982-92bf-36a8-b880-4ccf4e20b74e,200,high_yaw,321,0.0115718257028,0.0109858388528,-0.000585986849987,-0.0506391009543,0.447418428329,0.425040125845,-0.0223783024836,-0.050016497012,1,1,0,0,0,0,0,,0,0,0,
heldout,yolo11n,dafe14f5-825c-4e7a-9009-6dfdfdd5b030,200,high_yaw,211,0.00672368800636,0.00727286186223,0.000549173855865,0.0816774745266,0.573446268563,0.576448235233,0.00300196667,0.00523495719576,1,1,0,0,1,1,0,0,0,0,0,
heldout,yolo11n,e1d68dde-22a9-3918-a526-0850b21ff2eb,200,high_yaw,102,0.0162217210489,0.0129330449078,-0.00328867614104,-0.202732874714,0.352081218376,0.424887551168,0.0728063327922,0.206788459572,1,1,0,0,0,0,0,,0,0,0,
heldout,yolo11n,e50e7698-de3d-355f-aca2-eddd09c09533,200,high_yaw,667,0.00621764152201,0.00849380667034,0.00227616514833,0.366081759502,0.530223810674,0.492406105507,-0.0378177051674,-0.0713240416708,1,1,0,0,1,0,-1,-1,0,0,0,
heldout,yolo11n,eec284b2-840a-3c75-aa42-04d2e309bbe1,200,high_yaw,41,0.00466318076362,0.00488266744363,0.000219486680015,0.0470680188354,0.784231930836,0.665313717124,-0.118918213712,-0.151636536382,1,1,0,0,1,1,0,0,1,0,-1,-1
heldout,yolo11n,f1275002-842e-3571-8f7d-05816bc7cf56,200,high_yaw,9,0.0167883850157,0.0142800486208,-0.00250833639494,-0.149409034436,0.596991702939,0.57787553484,-0.0191161680992,-0.0320208270988,1,1,0,0,1,1,0,0,0,0,0,
heldout,yolo11n,f2576c8a-da9b-450e-88cf-a70af1b0eadf,200,high_yaw,148,0.0102368111264,0.0111430119479,0.000906200821476,0.0885237414546,0.603982185156,0.555780649561,-0.048201535595,-0.0798062207456,1,1,0,0,1,1,0,0,0,0,0,
heldout,yolo11n,f292cc5c-7a90-360d-b62a-074c643bdf59,200,high_yaw,531,0.00486083326918,0.0056625903004,0.000801757031216,0.164942302444,0.649057719512,0.591218996719,-0.0578387227929,-0.0891118325137,1,1,0,0,1,1,0,0,0,0,0,
heldout,yolo11n,0b86f508-5df9-4a46-bc59-5b9536dbde9f,300,all_yaw,1292,0.00721141433246,0.00771478532745,0.000503370994985,0.0698019794423,0.514652636625,0.567059490032,0.0524068534064,0.101829563626,1,1,0,0,1,1,0,0,0,0,0,
heldout,yolo11n,0c3bad78-9f1e-395d-a376-2eb7499229fd,300,all_yaw,785,0.00327158161123,0.0055908423444,0.00231926073317,0.708911165539,0.718748981125,0.620087273176,-0.0986617079486,-0.13726865782,1,1,0,0,1,1,0,0,1,0,-1,-1
heldout,yolo11n,0fb7276f-ecb5-3e5b-87a8-cc74c709c715,300,all_yaw,1069,0.00458274657283,0.00731625742074,0.00273351084792,0.596478728308,0.571724751336,0.499335009988,-0.0723897413479,-0.126616420189,1,1,0,0,1,0,-1,-1,0,0,0,
heldout,yolo11n,15ec0778-826e-3ed7-9775-54fbf66997f4,300,all_yaw,394,0.00548312093128,0.00775293919066,0.00226981825938,0.41396465404,0.615218942977,0.541389485961,-0.0738294570156,-0.120005175163,1,1,0,0,1,1,0,0,0,0,0,
heldout,yolo11n,182ba3f7-b89a-36cc-ae40-32a341b0d3e9,300,all_yaw,495,0.00381977813629,0.00519261661347,0.00137283847718,0.359402674237,0.640949841486,0.614662936142,-0.0262869053439,-0.0410124219439,1,1,0,0,1,1,0,0,0,0,0,
heldout,yolo11n,19350c96-623d-4d77-af96-f8c23f00c358,300,all_yaw,813,0.00784248107037,0.00943257428391,0.00159009321354,0.202753847829,0.491155442234,0.466887860569,-0.0242675816646,-0.0494091678069,1,1,0,0,0,0,0,,0,0,0,
heldout,yolo11n,1da4a0aa-22ae-3958-856d-05303de1f576,300,all_yaw,1309,0.00822800397179,0.00958792318725,0.00135991921546,0.165279358167,0.55834413521,0.536578695695,-0.0217654395149,-0.0389821225698,1,1,0,0,1,1,0,0,0,0,0,
heldout,yolo11n,20dd185d-b4eb-3024-a17a-b4e5d8b15b65,300,all_yaw,993,0.0071660814936,0.00876436414121,0.00159828264761,0.223034394604,0.472455371028,0.460344514279,-0.0121108567488,-0.0256338640462,1,1,0,0,0,0,0,,0,0,0,
heldout,yolo11n,24642607-2a51-384a-90a7-228067956d05,300,all_yaw,915,0.018131675889,0.0208498091437,0.00271813325474,0.149910756809,0.335230278749,0.292555208629,-0.0426750701204,-0.127300762567,1,0,-1,-1,0,0,0,,0,0,0,
heldout,yolo11n,27c03d98-6ac3-38a3-ba5e-102b184d01ef,300,all_yaw,386,0.00587624234403,0.00930707379557,0.00343083145154,0.583847848792,0.555635079047,0.517078386663,-0.0385566923841,-0.0693921133458,1,1,0,0,1,1,0,0,0,0,0,
heldout,yolo11n,29a00842-ead2-3050-b587-c5ef507e4125,300,all_yaw,1751,0.00594066706126,0.00852750330138,0.00258683624012,0.435445416052,0.601038292979,0.5212864457,-0.0797518472792,-0.132690126754,1,1,0,0,1,1,0,0,0,0,0,
heldout,yolo11n,2c652f9e-8db8-3572-aa49-fae1344a875b,300,all_yaw,696,0.0254722974559,0.0187901889475,-0.00668210850834,-0.262328457805,0.366780470147,0.415611293747,0.0488308235997,0.133133652346,1,1,0,0,0,0,0,,0,0,0,
heldout,yolo11n,36aec72e-5086-376c-b109-295b128e77e1,300,all_yaw,1033,0.00783293494477,0.00755732800654,-0.000275606938237,-0.0351856539317,0.658777017917,0.659923312331,0.00114629441435,0.00174003400723,1,1,0,0,1,1,0,0,0,0,0,
heldout,yolo11n,3de5b5d6-68c4-3c95-84ed-be7c83d829f8,300,all_yaw,1052,0.00570776782953,0.00853883897343,0.0028310711439,0.496003206237,0.658705906798,0.564748336055,-0.093957570743,-0.142639635949,1,1,0,0,1,1,0,0,0,0,0,
heldout,yolo11n,44adf4c4-6064-362f-94d3-323ed42cfda9,300,all_yaw,749,0.00765424025763,0.00884089028864,0.001186650031,0.155031719813,0.550525776731,0.528317687758,-0.0222080889729,-0.0403397804636,1,1,0,0,1,1,0,0,0,0,0,
heldout,yolo11n,47286726-5dd4-4e26-bd2d-5324f429e445,300,all_yaw,1674,0.00787827267689,0.00909981303528,0.00122154035839,0.155051799866,0.631346957193,0.605000695734,-0.0263462614585,-0.0417302422358,1,1,0,0,1,1,0,0,0,0,0,
heldout,yolo11n,4e3fedbb-847c-3d5b-8a62-c9ff84550985,300,all_yaw,711,0.0115027837093,0.00815714891752,-0.00334563479176,-0.290854359807,0.471336290162,0.573763707866,0.102427417705,0.21731281856,1,1,0,0,0,1,1,,0,0,0,
heldout,yolo11n,52071780-5758-3ed4-8835-0d64ecdc5575,300,all_yaw,1634,0.00579368397146,0.00788127423828,0.00208759026681,0.360321736066,0.602428153108,0.569456100497,-0.0329720526108,-0.0547319251942,1,1,0,0,1,1,0,0,0,0,0,
heldout,yolo11n,58e82365-03bc-3b2f-b55a-a4ad0e3e792d,300,all_yaw,739,0.00727253369154,0.00918337015455,0.001910836463,0.262747007309,0.510654148008,0.493466279883,-0.0171878681248,-0.033658530322,1,1,0,0,1,0,-1,-1,0,0,0,
heldout,yolo11n,58fed0d4-97d5-469b-89a4-4394838e10c7,300,all_yaw,650,0.00863062817169,0.0117662306762,0.00313560250452,0.363311040881,0.523105110419,0.451923527449,-0.0711815829701,-0.136075105275,1,1,0,0,1,0,-1,-1,0,0,0,
heldout,yolo11n,6c932547-4c11-31d7-b8ef-0c16a13dbfc3,300,all_yaw,1801,0.00602156715851,0.00816695532836,0.00214538816985,0.356284022643,0.597049779395,0.5516874397,-0.0453623396948,-0.0759774833864,1,1,0,0,1,1,0,0,0,0,0,
heldout,yolo11n,7039e410-b5ab-35aa-96bc-2c4b89d3c5e3,300,all_yaw,892,0.00467644202849,0.00606116550512,0.00138472347663,0.296106199583,0.575660234623,0.561489222355,-0.0141710122682,-0.0246169726792,1,1,0,0,1,1,0,0,0,0,0,
heldout,yolo11n,78683234-e6f1-3e4e-af52-6f839254e4c0,300,all_yaw,759,0.00590368149286,0.00725942044304,0.00135573895018,0.2296429697,0.573223604499,0.571585600183,-0.00163800431553,-0.00285753116703,1,1,0,0,1,1,0,0,0,0,0,
heldout,yolo11n,78da7b7e-8ddf-3c7d-8716-eaa890106dd3,300,all_yaw,1018,0.00592904383321,0.00777236213544,0.00184331830223,0.310896386346,0.596582322615,0.561950400654,-0.0346319219607,-0.0580505332591,1,1,0,0,1,1,0,0,0,0,0,
heldout,yolo11n,7a2c222d-addc-30b2-aac6-596cb65a22e3,300,all_yaw,122,0.0276542315358,0.0245714218506,-0.00308280968515,-0.11147696081,0.467817684645,0.53811589122,0.070298206575,0.150268382069,1,1,0,0,0,1,1,,0,0,0,
heldout,yolo11n,858d739b-a0ba-35aa-bafc-4f7988bcad17,300,all_yaw,660,0.00900888125301,0.00954431423205,0.000535432979037,0.0594339035003,0.525221227287,0.512381533608,-0.0128396936795,-0.0244462580955,1,1,0,0,1,1,0,0,0,0,0,
heldout,yolo11n,95bf6003-7068-3a78-a0c0-9e470a06e60f,300,all_yaw,1563,0.00592985794216,0.00722570823001,0.00129585028785,0.218529735532,0.661651077704,0.610975557003,-0.0506755207011,-0.0765894931767,1,1,0,0,1,1,0,0,0,0,0,
heldout,yolo11n,a7636fca-4d9e-3052-bef2-af0ce5d1df74,300,all_yaw,905,0.00868232557438,0.0113017235844,0.00261939801006,0.301693133668,0.575540588491,0.517980130931,-0.0575604575599,-0.10001111774,1,1,0,0,1,1,0,0,0,0,0,
heldout,yolo11n,a91d4c7b-bf55-3a0e-9eba-1a43577bcca8,300,all_yaw,1261,0.0162897918003,0.0109712856424,-0.00531850615798,-0.326493194214,0.466310668292,0.516480026089,0.0501693577966,0.107587840485,1,1,0,0,0,1,1,,0,0,0,
heldout,yolo11n,b19f3c1a-a84a-3a2d-8d1b-8a4ae201020b,300,all_yaw,1571,0.00905062091455,0.0105776524078,0.00152703149325,0.168721185835,0.513633441596,0.466200893422,-0.0474325481736,-0.0923470793222,1,1,0,0,1,0,-1,-1,0,0,0,
heldout,yolo11n,b2053fdc-0b94-30bc-aee7-5bc6fb7e9f52,300,all_yaw,1493,0.00667343154915,0.00840518753617,0.00173175598701,0.259500074925,0.600848766908,0.573235811947,-0.0276129549618,-0.0459565808945,1,1,0,0,1,1,0,0,0,0,0,
heldout,yolo11n,b50c4763-5d1e-37f4-a009-2244aeebabcd,300,all_yaw,485,0.00912619856086,0.00910266162164,-2.35369392205e-05,-0.00257905184328,0.263947247029,0.27274257547,0.00879532844128,0.0333222965584,0,0,0,,0,0,0,,0,0,0,
heldout,yolo11n,b87683ae-14c5-321f-8af3-623e7bafc3a7,300,all_yaw,685,0.0164810042612,0.0179481676151,0.0014671633539,0.0890214777361,0.332215850158,0.257921084347,-0.0742947658115,-0.223634019196,1,0,-1,-1,0,0,0,,0,0,0,
heldout,yolo11n,c8ec7be0-92aa-3222-946e-fbcf398c841e,300,all_yaw,830,0.0131825675765,0.0110749814371,-0.00210758613943,-0.159876755966,0.652990141903,0.583519779444,-0.0694703624591,-0.106388072348,1,1,0,0,1,1,0,0,0,0,0,
heldout,yolo11n,cae56e40-8470-3c9c-af75-6e444189488f,300,all_yaw,1735,0.00504613585482,0.00630483814064,0.00125870228582,0.24943884232,0.527016947889,0.474728897727,-0.0522880501624,-0.0992151208265,1,1,0,0,1,0,-1,-1,0,0,0,
heldout,yolo11n,d1395998-7e8a-417d-91e9-5ca6ec045ee1,300,all_yaw,873,0.00869001654765,0.00819042461244,-0.000499591935203,-0.0574903318612,0.560996441911,0.584472550277,0.0234761083658,0.0418471608944,1,1,0,0,1,1,0,0,0,0,0,
heldout,yolo11n,d3ca0450-2167-38fb-b34b-449741cb38f3,300,all_yaw,445,0.0203690313288,0.0151946121564,-0.00517441917234,-0.25403364003,0.247150037989,0.367517682493,0.120367644503,0.487022561205,0,1,1,,0,0,0,,0,0,0,
heldout,yolo11n,d5d6f11c-3026-3e0e-9d67-c111233e22de,300,all_yaw,1268,0.00518085611202,0.00838653500725,0.00320567889524,0.618754666396,0.597359609937,0.506695470376,-0.0906641395612,-0.151774807089,1,1,0,0,1,1,0,0,0,0,0,
heldout,yolo11n,da036982-92bf-36a8-b880-4ccf4e20b74e,300,all_yaw,670,0.0129904694039,0.0114373435021,-0.00155312590185,-0.119558874553,0.377385452483,0.445056831992,0.0676713795096,0.179316343713,1,1,0,0,0,0,0,,0,0,0,
heldout,yolo11n,dafe14f5-825c-4e7a-9009-6dfdfdd5b030,300,all_yaw,868,0.00653655168462,0.00767059483936,0.00113404315474,0.173492570618,0.474458655808,0.476451348992,0.00199269318398,0.00419993008788,1,1,0,0,0,0,0,,0,0,0,
heldout,yolo11n,e1d68dde-22a9-3918-a526-0850b21ff2eb,300,all_yaw,485,0.0369514842806,0.0268097130561,-0.0101417712245,-0.274461809098,0.171890893966,0.255719359925,0.0838284659594,0.487684158394,0,0,0,,0,0,0,,0,0,0,
heldout,yolo11n,e2e921fe-e489-3656-a0a2-5e17bd399ddf,300,all_yaw,775,0.008288813209,0.00692108462377,-0.00136772858523,-0.165008976646,0.616513793719,0.639575066933,0.0230612732143,0.0374059322747,1,1,0,0,1,1,0,0,0,0,0,
heldout,yolo11n,e50e7698-de3d-355f-aca2-eddd09c09533,300,all_yaw,1442,0.0065827340983,0.0101161681177,0.00353343401943,0.536773013564,0.505870847817,0.441427750518,-0.0644430972988,-0.127390415117,1,1,0,0,1,0,-1,-1,0,0,0,
heldout,yolo11n,e72ef05c-8b94-3885-a34f-fff3b2b954b4,300,all_yaw,986,0.00424626865458,0.00558199261395,0.00133572395937,0.314564166337,0.640612440389,0.581617936408,-0.0589945039818,-0.0920907872877,1,1,0,0,1,1,0,0,0,0,0,
heldout,yolo11n,e8c9fd64-fdd2-422d-a2a2-6f47500d1d12,300,all_yaw,958,0.0117526443261,0.0105932325816,-0.00115941174448,-0.0986511386129,0.493524115006,0.55143914062,0.0579150256135,0.117349940667,1,1,0,0,0,1,1,,0,0,0,
heldout,yolo11n,eec284b2-840a-3c75-aa42-04d2e309bbe1,300,all_yaw,575,0.00430474975419,0.0047868222342,0.000482072480012,0.111986179811,0.640277986151,0.62376796668,-0.016510019471,-0.0257857053157,1,1,0,0,1,1,0,0,0,0,0,
heldout,yolo11n,f1275002-842e-3571-8f7d-05816bc7cf56,300,all_yaw,1300,0.00620381913927,0.00767245184869,0.00146863270943,0.236730419837,0.643167460936,0.607521759253,-0.0356457016837,-0.0554221160875,1,1,0,0,1,1,0,0,0,0,0,
heldout,yolo11n,f2576c8a-da9b-450e-88cf-a70af1b0eadf,300,all_yaw,431,0.0157469155079,0.0153398620615,-0.000407053446465,-0.0258497256978,0.467969258608,0.403482225657,-0.0644870329507,-0.137801857204,1,1,0,0,0,0,0,,0,0,0,
heldout,yolo11n,f292cc5c-7a90-360d-b62a-074c643bdf59,300,all_yaw,937,0.00592848631024,0.00710922057038,0.00118073426014,0.199162855129,0.592478923372,0.528864608009,-0.0636143153628,-0.107369752498,1,1,0,0,1,1,0,0,0,0,0,
heldout,yolo11n,f6cc0ebf-fc6a-3bf2-8bcb-76d8c43f194e,300,all_yaw,1530,0.0075765719845,0.00744202330937,-0.000134548675134,-0.0177585160425,0.550853892664,0.578165947467,0.0273120548038,0.0495813048933,1,1,0,0,1,1,0,0,0,0,0,
heldout,yolo11n,0b86f508-5df9-4a46-bc59-5b9536dbde9f,300,high_yaw,116,0.00482029396442,0.00572950093793,0.000909206973506,0.188620648495,0.585642624541,0.555708058428,-0.0299345661134,-0.0511140495227,1,1,0,0,1,1,0,0,0,0,0,
heldout,yolo11n,0c3bad78-9f1e-395d-a376-2eb7499229fd,300,high_yaw,278,0.002959364379,0.00521996750741,0.00226060312841,0.763881306559,0.742660100104,0.643911342982,-0.0987487571223,-0.132966288492,1,1,0,0,1,1,0,0,1,0,-1,-1
heldout,yolo11n,0fb7276f-ecb5-3e5b-87a8-cc74c709c715,300,high_yaw,759,0.00440274347352,0.00775379093681,0.00335104746329,0.761127120725,0.58241319664,0.490292634197,-0.092120562443,-0.158170458661,1,1,0,0,1,0,-1,-1,0,0,0,
heldout,yolo11n,15ec0778-826e-3ed7-9775-54fbf66997f4,300,high_yaw,263,0.00445902090654,0.00731661121483,0.00285759030829,0.640856001392,0.609073032458,0.512741084149,-0.0963319483092,-0.158161572054,1,1,0,0,1,1,0,0,0,0,0,
heldout,yolo11n,19350c96-623d-4d77-af96-f8c23f00c358,300,high_yaw,319,0.00919835599982,0.00958298900512,0.000384633005303,0.0418154075914,0.438264403053,0.440296629153,0.00203222609963,0.00463698645263,1,1,0,0,0,0,0,,0,0,0,
heldout,yolo11n,1da4a0aa-22ae-3958-856d-05303de1f576,300,high_yaw,18,0.00905611110915,0.0102834008373,0.0012272897282,0.135520612922,0.504795129454,0.522852718411,0.0180575889565,0.0357721140773,1,1,0,0,0.5,1,0.5,1,0,0,0,
heldout,yolo11n,20dd185d-b4eb-3024-a17a-b4e5d8b15b65,300,high_yaw,712,0.00799157346808,0.00985702380183,0.00186545033375,0.2334271644,0.46145985874,0.422765907744,-0.0386939509952,-0.0838511741863,1,1,0,0,0,0,0,,0,0,0,
heldout,yolo11n,24642607-2a51-384a-90a7-228067956d05,300,high_yaw,149,0.0430265592354,0.044190481104,0.00116392186856,0.0270512420525,0,0,0,,0,0,0,,0,0,0,,0,0,0,
heldout,yolo11n,27c03d98-6ac3-38a3-ba5e-102b184d01ef,300,high_yaw,166,0.00469148654718,0.0077694895322,0.00307800298502,0.656082662514,0.633434592746,0.506767929771,-0.126666662975,-0.199968022627,1,1,0,0,1,1,0,0,0,0,0,
heldout,yolo11n,29a00842-ead2-3050-b587-c5ef507e4125,300,high_yaw,822,0.00597339631988,0.00902687131735,0.00305347499747,0.51117904019,0.629093633854,0.544011595264,-0.0850820385904,-0.135245429316,1,1,0,0,1,1,0,0,0,0,0,
heldout,yolo11n,2c652f9e-8db8-3572-aa49-fae1344a875b,300,high_yaw,137,0.0139947289884,0.014311854276,0.00031712528758,0.0226603378917,0.436283855146,0.500170367507,0.0638865123611,0.146433363526,1,1,0,0,0,1,1,,0,0,0,
heldout,yolo11n,36aec72e-5086-376c-b109-295b128e77e1,300,high_yaw,80,0.0115930856151,0.0124008520608,0.00080776644569,0.069676570372,0.623141857049,0.531183839908,-0.0919580171403,-0.147571561917,1,1,0,0,1,0.5,-0.5,-0.5,0,0,0,
heldout,yolo11n,3de5b5d6-68c4-3c95-84ed-be7c83d829f8,300,high_yaw,380,0.00688823685958,0.0113576358882,0.0044693990286,0.648845142772,0.603747791178,0.502770970465,-0.100976820713,-0.16725000437,1,1,0,0,1,1,0,0,0,0,0,
heldout,yolo11n,44adf4c4-6064-362f-94d3-323ed42cfda9,300,high_yaw,237,0.00666988390222,0.00696357531706,0.000293691414845,0.044032462806,0.559142227558,0.548802134703,-0.0103400928543,-0.018492777588,1,1,0,0,1,1,0,0,0,0,0,
heldout,yolo11n,47286726-5dd4-4e26-bd2d-5324f429e445,300,high_yaw,174,0.00767035457995,0.00871787750874,0.00104752292878,0.136567732021,0.667753804612,0.595873307686,-0.071880496926,-0.107645207604,1,1,0,0,1,1,0,0,0,0,0,
heldout,yolo11n,4e3fedbb-847c-3d5b-8a62-c9ff84550985,300,high_yaw,42,0.0109931001147,0.00530115233393,-0.00569194778075,-0.517774578724,0.497225406537,0.594589600479,0.0973641939418,0.195815001932,1,1,0,0,0,1,1,,0,0,0,
heldout,yolo11n,52071780-5758-3ed4-8835-0d64ecdc5575,300,high_yaw,130,0.00410169167289,0.00702932409789,0.002927632425,0.713762188501,0.610133832853,0.577663191612,-0.0324706412414,-0.0532188832892,1,1,0,0,1,1,0,0,0,0,0,
heldout,yolo11n,58e82365-03bc-3b2f-b55a-a4ad0e3e792d,300,high_yaw,27,0.00508666651256,0.0053880162455,0.000301349732939,0.0592430685588,0.468971454504,0.563772518135,0.0948010636312,0.202146767614,1,1,0,0,0,1,1,,0,0,0,
heldout,yolo11n,6c932547-4c11-31d7-b8ef-0c16a13dbfc3,300,high_yaw,625,0.00602949524519,0.00890210228429,0.0028726070391,0.476425790598,0.612592962741,0.545238189981,-0.0673547727601,-0.109950288131,1,1,0,0,1,1,0,0,0,0,0,
heldout,yolo11n,7039e410-b5ab-35aa-96bc-2c4b89d3c5e3,300,high_yaw,109,0.00385058671812,0.00650507111376,0.00265448439563,0.689371410113,0.582136056951,0.621304915795,0.039168858844,0.0672847152762,1,1,0,0,1,1,0,0,0,0,0,
heldout,yolo11n,78683234-e6f1-3e4e-af52-6f839254e4c0,300,high_yaw,134,0.00544594959617,0.00736243351242,0.00191648391625,0.351909962148,0.505239613912,0.461295621035,-0.0439439928774,-0.0869765387895,1,1,0,0,1,0,-1,-1,0,0,0,
heldout,yolo11n,78da7b7e-8ddf-3c7d-8716-eaa890106dd3,300,high_yaw,90,0.00318093635037,0.00554347175987,0.0023625354095,0.7427169705,0.641795423633,0.546743873043,-0.0950515505899,-0.148102568342,1,1,0,0,1,1,0,0,0,0,0,
heldout,yolo11n,7a2c222d-addc-30b2-aac6-596cb65a22e3,300,high_yaw,44,0.0274718672483,0.0196775944201,-0.00779427282824,-0.283718349313,0.379693317037,0.587173667395,0.207480350357,0.546441933654,1,1,0,0,0,1,1,,0,0,0,
heldout,yolo11n,858d739b-a0ba-35aa-bafc-4f7988bcad17,300,high_yaw,323,0.0106878393285,0.0110031616678,0.000315322339275,0.0295029078921,0.54295101618,0.499292021343,-0.0436589948367,-0.0804105592138,1,1,0,0,1,0,-1,-1,0,0,0,
heldout,yolo11n,95bf6003-7068-3a78-a0c0-9e470a06e60f,300,high_yaw,566,0.00667061318167,0.00926558842392,0.00259497524225,0.389015997716,0.670596174962,0.573993306788,-0.0966028681732,-0.144055203087,1,1,0,0,1,1,0,0,0,0,0,
heldout,yolo11n,a7636fca-4d9e-3052-bef2-af0ce5d1df74,300,high_yaw,693,0.00878838197868,0.0125032273187,0.00371484533999,0.422699576441,0.568002599424,0.497661910742,-0.0703406886824,-0.123838673896,1,1,0,0,1,0,-1,-1,0,0,0,
heldout,yolo11n,a91d4c7b-bf55-3a0e-9eba-1a43577bcca8,300,high_yaw,286,0.0158512150364,0.0111553563263,-0.0046958587101,-0.296245978577,0.468900460228,0.505483660487,0.0365832002589,0.0780191178339,1,1,0,0,0,1,1,,0,0,0,
heldout,yolo11n,b2053fdc-0b94-30bc-aee7-5bc6fb7e9f52,300,high_yaw,443,0.00552655386867,0.00767800721649,0.00215145334782,0.389293834629,0.623930902469,0.587012983434,-0.0369179190345,-0.059169883858,1,1,0,0,1,1,0,0,0,0,0,
heldout,yolo11n,b50c4763-5d1e-37f4-a009-2244aeebabcd,300,high_yaw,99,0.00910224125652,0.0107167671257,0.00161452586916,0.177376738724,0.219847406515,0.219957026611,0.000109620095921,0.000498619008787,0,0,0,,0,0,0,,0,0,0,
heldout,yolo11n,b87683ae-14c5-321f-8af3-623e7bafc3a7,300,high_yaw,447,0.0128387007286,0.0139568160135,0.00111811528496,0.0870894421947,0.357379293783,0.312853183353,-0.0445261104303,-0.124590627395,1,1,0,0,0,0,0,,0,0,0,
heldout,yolo11n,c8ec7be0-92aa-3222-946e-fbcf398c841e,300,high_yaw,354,0.00711748540254,0.00840317940054,0.001285693998,0.180638796609,0.638571652722,0.540159198776,-0.0984124539464,-0.154113408459,1,1,0,0,1,1,0,0,0,0,0,
heldout,yolo11n,cae56e40-8470-3c9c-af75-6e444189488f,300,high_yaw,153,0.00490259352357,0.00593004713389,0.00102745361032,0.20957348501,0.550842631548,0.480226656509,-0.0706159750392,-0.128196277839,1,1,0,0,1,0,-1,-1,0,0,0,
heldout,yolo11n,d3ca0450-2167-38fb-b34b-449741cb38f3,300,high_yaw,297,0.0209067689642,0.0198535923513,-0.00105317661289,-0.0503749103794,0.197224069122,0.224969373918,0.0277453047957,0.140679101285,0,0,0,,0,0,0,,0,0,0,
heldout,yolo11n,da036982-92bf-36a8-b880-4ccf4e20b74e,300,high_yaw,319,0.013917232746,0.0126214489937,-0.00129578375231,-0.0931064225166,0.391557716085,0.394540491948,0.00298277586316,0.00761771698177,1,1,0,0,0,0,0,,0,0,0,
heldout,yolo11n,dafe14f5-825c-4e7a-9009-6dfdfdd5b030,300,high_yaw,208,0.00776449476646,0.00927852488579,0.00151403011932,0.194994029214,0.548796127367,0.538992542182,-0.00980358518535,-0.017863801686,1,1,0,0,1,1,0,0,0,0,0,
heldout,yolo11n,e1d68dde-22a9-3918-a526-0850b21ff2eb,300,high_yaw,97,0.0239294891658,0.0193134483401,-0.00461604082574,-0.192901770437,0.228931999329,0.312735526801,0.0838035274723,0.366062969432,0,1,1,,0,0,0,,0,0,0,
heldout,yolo11n,e50e7698-de3d-355f-aca2-eddd09c09533,300,high_yaw,639,0.00635947517921,0.0104817696072,0.004122294428,0.64821299114,0.526962099856,0.45029076751,-0.0766713323459,-0.145496862805,1,1,0,0,1,0,-1,-1,0,0,0,
heldout,yolo11n,eec284b2-840a-3c75-aa42-04d2e309bbe1,300,high_yaw,35,0.00523958293453,0.00591496832406,0.000675385389523,0.128900601052,0.782858564347,0.613960005419,-0.168898558928,-0.215745942652,1,1,0,0,1,1,0,0,1,0,-1,-1
heldout,yolo11n,f2576c8a-da9b-450e-88cf-a70af1b0eadf,300,high_yaw,140,0.0101630408771,0.0134515727144,0.00328853183732,0.323577547024,0.538020787514,0.54948355008,0.0114627625663,0.0213054269135,1,1,0,0,1,1,0,0,0,0,0,
heldout,yolo11n,f292cc5c-7a90-360d-b62a-074c643bdf59,300,high_yaw,515,0.00514626458869,0.00665265223281,0.00150638764412,0.2927147678,0.631760335378,0.543835927118,-0.0879244082594,-0.139173676054,1,1,0,0,1,1,0,0,0,0,0,
heldout,yolo11n,0b86f508-5df9-4a46-bc59-5b9536dbde9f,400,all_yaw,1263,0.00796972045423,0.00935158533551,0.00138186488128,0.173389379115,0.487291001799,0.522303619891,0.0350126180918,0.0718515588479,1,1,0,0,0,1,1,,0,0,0,
heldout,yolo11n,0c3bad78-9f1e-395d-a376-2eb7499229fd,400,all_yaw,771,0.00330844407095,0.00662049665705,0.0033120525861,1.00109069855,0.715741418803,0.567668600982,-0.14807281782,-0.206880325674,1,1,0,0,1,1,0,0,1,0,-1,-1
heldout,yolo11n,0fb7276f-ecb5-3e5b-87a8-cc74c709c715,400,all_yaw,1051,0.00485968984041,0.00866936073952,0.00380967089912,0.783932930747,0.564963077853,0.446501085972,-0.118461991882,-0.209680944694,1,1,0,0,1,0,-1,-1,0,0,0,
heldout,yolo11n,15ec0778-826e-3ed7-9775-54fbf66997f4,400,all_yaw,381,0.00587382495138,0.00884283353361,0.00296900858223,0.505464259968,0.615634593905,0.51132125869,-0.104313335215,-0.169440340501,1,1,0,0,1,1,0,0,0,0,0,
heldout,yolo11n,182ba3f7-b89a-36cc-ae40-32a341b0d3e9,400,all_yaw,491,0.00400470296035,0.00585236474664,0.00184766178629,0.461372991852,0.625478227965,0.580775679449,-0.0447025485154,-0.0714693917657,1,1,0,0,1,1,0,0,0,0,0,
heldout,yolo11n,19350c96-623d-4d77-af96-f8c23f00c358,400,all_yaw,798,0.00849151226531,0.0104308655127,0.00193935324734,0.228387263275,0.473472161839,0.427288221085,-0.0461839407537,-0.0975430964607,1,1,0,0,0,0,0,,0,0,0,
heldout,yolo11n,1da4a0aa-22ae-3958-856d-05303de1f576,400,all_yaw,1284,0.00880484950876,0.0113009876121,0.00249613810338,0.283495828168,0.514986837067,0.503057059081,-0.0119297779864,-0.0231652095311,1,1,0,0,1,1,0,0,0,0,0,
heldout,yolo11n,20dd185d-b4eb-3024-a17a-b4e5d8b15b65,400,all_yaw,969,0.00821871193562,0.0105718522517,0.00235314031605,0.286314976664,0.436847601471,0.402564586641,-0.0342830148304,-0.0784782031879,1,1,0,0,0,0,0,,0,0,0,
heldout,yolo11n,24642607-2a51-384a-90a7-228067956d05,400,all_yaw,896,0.0207411357143,0.0230016822827,0.0022605465684,0.10898856261,0.3034493023,0.241683860363,-0.0617654419364,-0.203544517876,1,0,-1,-1,0,0,0,,0,0,0,
heldout,yolo11n,27c03d98-6ac3-38a3-ba5e-102b184d01ef,400,all_yaw,375,0.00622096869248,0.0114419250232,0.00522095633074,0.839251343131,0.538591078964,0.472799580159,-0.065791498805,-0.122154824643,1,1,0,0,1,0,-1,-1,0,0,0,
heldout,yolo11n,29a00842-ead2-3050-b587-c5ef507e4125,400,all_yaw,1726,0.00610114264152,0.0101273905195,0.00402624787801,0.659917021218,0.591739674379,0.486283765228,-0.10545590915,-0.178213349073,1,1,0,0,1,0,-1,-1,0,0,0,
heldout,yolo11n,2c652f9e-8db8-3572-aa49-fae1344a875b,400,all_yaw,687,0.0297444649639,0.0216300226843,-0.00811444227958,-0.272805118177,0.301853679663,0.357014016861,0.0551603371977,0.182738660861,1,1,0,0,0,0,0,,0,0,0,
heldout,yolo11n,36aec72e-5086-376c-b109-295b128e77e1,400,all_yaw,1020,0.00938461234758,0.00881572258835,-0.000568889759229,-0.0606194201912,0.611476525158,0.619570632655,0.0080941074974,0.0132369881171,1,1,0,0,1,1,0,0,0,0,0,
heldout,yolo11n,3de5b5d6-68c4-3c95-84ed-be7c83d829f8,400,all_yaw,1020,0.00587758576408,0.0101911745923,0.00431358882823,0.733904872064,0.641318108707,0.511459509493,-0.129858599214,-0.202487030151,1,1,0,0,1,1,0,0,0,0,0,
heldout,yolo11n,44adf4c4-6064-362f-94d3-323ed42cfda9,400,all_yaw,734,0.00831869769011,0.0102053740134,0.00188667632327,0.226799481548,0.513673506566,0.492630130372,-0.021043376194,-0.0409664425457,1,1,0,0,1,0,-1,-1,0,0,0,
heldout,yolo11n,47286726-5dd4-4e26-bd2d-5324f429e445,400,all_yaw,1663,0.00804148427305,0.00981352247314,0.00177203820009,0.220362079925,0.626452707924,0.581554181706,-0.0448985262182,-0.0716710545749,1,1,0,0,1,1,0,0,0,0,0,
heldout,yolo11n,4e3fedbb-847c-3d5b-8a62-c9ff84550985,400,all_yaw,701,0.0138470075577,0.00930746801556,-0.0045395395421,-0.327835420267,0.413262858251,0.534448817008,0.121185958756,0.293241834674,1,1,0,0,0,1,1,,0,0,0,
heldout,yolo11n,52071780-5758-3ed4-8835-0d64ecdc5575,400,all_yaw,1596,0.00627743715482,0.00985386854362,0.0035764313888,0.569727947981,0.591308563688,0.528690703753,-0.062617859935,-0.105897096339,1,1,0,0,1,1,0,0,0,0,0,
heldout,yolo11n,58e82365-03bc-3b2f-b55a-a4ad0e3e792d,400,all_yaw,727,0.0082626450133,0.0110556034043,0.00279295839104,0.33802231447,0.503574974715,0.478025669135,-0.0255493055799,-0.050735852381,1,1,0,0,1,0,-1,-1,0,0,0,
heldout,yolo11n,58fed0d4-97d5-469b-89a4-4394838e10c7,400,all_yaw,638,0.00920890060481,0.0141611810634,0.00495228045863,0.537771083776,0.512012301384,0.411381150936,-0.100631150448,-0.19654049361,1,1,0,0,1,0,-1,-1,0,0,0,
heldout,yolo11n,6c932547-4c11-31d7-b8ef-0c16a13dbfc3,400,all_yaw,1767,0.00645140902925,0.00995604746454,0.0035046384353,0.543236123986,0.581622852905,0.514426543699,-0.0671963092062,-0.115532443181,1,1,0,0,1,1,0,0,0,0,0,
heldout,yolo11n,7039e410-b5ab-35aa-96bc-2c4b89d3c5e3,400,all_yaw,873,0.00526453723786,0.00733572220004,0.00207118496218,0.393422036657,0.548581618764,0.52159009304,-0.0269915257237,-0.0492023881233,1,1,0,0,1,1,0,0,0,0,0,
heldout,yolo11n,78683234-e6f1-3e4e-af52-6f839254e4c0,400,all_yaw,745,0.00616539606719,0.00802230678515,0.00185691071796,0.301182713603,0.573012613525,0.549031173669,-0.0239814398562,-0.0418515042954,1,1,0,0,1,1,0,0,0,0,0,
heldout,yolo11n,78da7b7e-8ddf-3c7d-8716-eaa890106dd3,400,all_yaw,998,0.00633883270149,0.00939365566707,0.00305482296557,0.481922005112,0.583858122814,0.521218879896,-0.0626392429172,-0.107285041467,1,1,0,0,1,1,0,0,0,0,0,
heldout,yolo11n,7a2c222d-addc-30b2-aac6-596cb65a22e3,400,all_yaw,118,0.0322371945495,0.0280395517908,-0.00419764275874,-0.130211168106,0.424965721054,0.518597811429,0.093632090375,0.220328571779,1,1,0,0,0,1,1,,0,0,0,
heldout,yolo11n,858d739b-a0ba-35aa-bafc-4f7988bcad17,400,all_yaw,646,0.0104182893534,0.0110963578159,0.000678068462488,0.0650844336807,0.491835001735,0.479029300393,-0.012805701342,-0.0260365799441,1,1,0,0,0,0,0,,0,0,0,
heldout,yolo11n,95bf6003-7068-3a78-a0c0-9e470a06e60f,400,all_yaw,1536,0.006117728427,0.00816974739221,0.00205201896521,0.335421715706,0.659392048279,0.581757285777,-0.0776347625025,-0.117736880063,1,1,0,0,1,1,0,0,0,0,0,
heldout,yolo11n,a7636fca-4d9e-3052-bef2-af0ce5d1df74,400,all_yaw,880,0.00891458942238,0.0133172658603,0.00440267643793,0.493873158855,0.550540183284,0.467945499093,-0.0825946841916,-0.150024805999,1,1,0,0,1,0,-1,-1,0,0,0,
heldout,yolo11n,a91d4c7b-bf55-3a0e-9eba-1a43577bcca8,400,all_yaw,1231,0.0205191215074,0.0133973775296,-0.00712174397773,-0.347078405631,0.396606986009,0.465957171124,0.0693501851151,0.174858707894,1,1,0,0,0,0,0,,0,0,0,
heldout,yolo11n,b19f3c1a-a84a-3a2d-8d1b-8a4ae201020b,400,all_yaw,1558,0.00961230073328,0.0121023898079,0.00249008907466,0.259052348002,0.488129829456,0.420911929037,-0.0672179004198,-0.137704963646,1,1,0,0,0,0,0,,0,0,0,
heldout,yolo11n,b2053fdc-0b94-30bc-aee7-5bc6fb7e9f52,400,all_yaw,1461,0.00709356099336,0.00990775901358,0.00281419802022,0.396725709817,0.591159354225,0.534132380869,-0.0570269733561,-0.0964663300149,1,1,0,0,1,1,0,0,0,0,0,
heldout,yolo11n,b50c4763-5d1e-37f4-a009-2244aeebabcd,400,all_yaw,470,0.00971789222822,0.00969957729172,-1.83149365041e-05,-0.0018846614136,0.235509717948,0.253023147705,0.0175134297575,0.074363936699,0,0,0,,0,0,0,,0,0,0,
heldout,yolo11n,b87683ae-14c5-321f-8af3-623e7bafc3a7,400,all_yaw,669,0.0196424497141,0.0216084986958,0.00196604898175,0.100091842432,0.279756630306,0.143823756092,-0.135932874214,-0.485896881391,0,0,0,,0,0,0,,0,0,0,
heldout,yolo11n,c8ec7be0-92aa-3222-946e-fbcf398c841e,400,all_yaw,811,0.0158598595589,0.0122669120667,-0.00359294749213,-0.226543462053,0.63210056472,0.551454699889,-0.0806458648309,-0.127583915174,1,1,0,0,1,1,0,0,0,0,0,
heldout,yolo11n,cae56e40-8470-3c9c-af75-6e444189488f,400,all_yaw,1692,0.00525690936514,0.00710230907692,0.00184539971178,0.351042710384,0.523467631067,0.447724850338,-0.0757427807284,-0.144694296711,1,1,0,0,1,0,-1,-1,0,0,0,
heldout,yolo11n,d1395998-7e8a-417d-91e9-5ca6ec045ee1,400,all_yaw,860,0.0095630461529,0.0087321408623,-0.000830905290595,-0.0868870940608,0.520910365307,0.543559435645,0.0226490703386,0.0434797843297,1,1,0,0,1,1,0,0,0,0,0,
heldout,yolo11n,d3ca0450-2167-38fb-b34b-449741cb38f3,400,all_yaw,437,0.0228265196214,0.017598339374,-0.00522818024739,-0.229039745616,0.192649020658,0.303740430117,0.111091409459,0.576651825584,0,1,1,,0,0,0,,0,0,0,
heldout,yolo11n,d5d6f11c-3026-3e0e-9d67-c111233e22de,400,all_yaw,1236,0.00530822642544,0.0104009585757,0.00509273215027,0.959403714556,0.587282087573,0.452178203762,-0.135103883811,-0.230049386265,1,1,0,0,1,0,-1,-1,0,0,0,
heldout,yolo11n,da036982-92bf-36a8-b880-4ccf4e20b74e,400,all_yaw,649,0.015929210257,0.0137908012854,-0.00213840897167,-0.134244506611,0.327347248309,0.39159619678,0.0642489484713,0.196271539789,1,1,0,0,0,0,0,,0,0,0,
heldout,yolo11n,dafe14f5-825c-4e7a-9009-6dfdfdd5b030,400,all_yaw,847,0.00693112083806,0.00921679748249,0.00228567664443,0.329770133552,0.439422008201,0.433485225235,-0.00593678296566,-0.0135104361067,1,1,0,0,0,0,0,,0,0,0,
heldout,yolo11n,e1d68dde-22a9-3918-a526-0850b21ff2eb,400,all_yaw,473,0.0457862060327,0.0330094319629,-0.0127767740698,-0.279052910841,0.107497411532,0.173300642652,0.0658032311198,0.612137819712,0,0,0,,0,0,0,,0,0,0,
heldout,yolo11n,e2e921fe-e489-3656-a0a2-5e17bd399ddf,400,all_yaw,757,0.00991513268756,0.00794407140002,-0.00197106128754,-0.1987932335,0.560900960124,0.59123123164,0.0303302715155,0.0540742014575,1,1,0,0,1,1,0,0,0,0,0,
heldout,yolo11n,e50e7698-de3d-355f-aca2-eddd09c09533,400,all_yaw,1407,0.00672422843523,0.0121123651284,0.00538813669316,0.801301851218,0.498970035472,0.40194769364,-0.0970223418324,-0.194445227038,1,1,0,0,0,0,0,,0,0,0,
heldout,yolo11n,e72ef05c-8b94-3885-a34f-fff3b2b954b4,400,all_yaw,978,0.00428449049523,0.00670850801362,0.00242401751838,0.565765642632,0.626253075811,0.547775775834,-0.0784772999766,-0.125312438386,1,1,0,0,1,1,0,0,0,0,0,
heldout,yolo11n,e8c9fd64-fdd2-422d-a2a2-6f47500d1d12,400,all_yaw,937,0.0130424833693,0.0116280417479,-0.00141444162135,-0.108448796237,0.43865989622,0.516722186232,0.0780622900112,0.177956295262,1,1,0,0,0,1,1,,0,0,0,
heldout,yolo11n,eec284b2-840a-3c75-aa42-04d2e309bbe1,400,all_yaw,565,0.00511951159793,0.00589300482784,0.000773493229906,0.15108730884,0.608965764857,0.571109535846,-0.0378562290106,-0.0621647901989,1,1,0,0,1,1,0,0,0,0,0,
heldout,yolo11n,f1275002-842e-3571-8f7d-05816bc7cf56,400,all_yaw,1281,0.00684519299397,0.00909242703784,0.00224723404387,0.328293745093,0.620272805959,0.577770405717,-0.0425024002423,-0.0685221080692,1,1,0,0,1,1,0,0,0,0,0,
heldout,yolo11n,f2576c8a-da9b-450e-88cf-a70af1b0eadf,400,all_yaw,423,0.018877022584,0.0178105731666,-0.00106644941737,-0.0564945776077,0.450845736768,0.366464188854,-0.0843815479144,-0.18716279435,1,1,0,0,0,0,0,,0,0,0,
heldout,yolo11n,f292cc5c-7a90-360d-b62a-074c643bdf59,400,all_yaw,911,0.00635120343121,0.00811485462078,0.00176365118957,0.277687718348,0.565463117337,0.479062516333,-0.0864006010041,-0.152796174242,1,1,0,0,1,0,-1,-1,0,0,0,
heldout,yolo11n,f6cc0ebf-fc6a-3bf2-8bcb-76d8c43f194e,400,all_yaw,1510,0.00894446619836,0.00852850415241,-0.000415962045949,-0.0465049603547,0.521615043059,0.547021472789,0.0254064297304,0.048707241228,1,1,0,0,1,1,0,0,0,0,0,
heldout,yolo11n,0b86f508-5df9-4a46-bc59-5b9536dbde9f,400,high_yaw,133,0.00493776103807,0.007082595415,0.00214483437693,0.434373871152,0.56729617063,0.515994600592,-0.0513015700375,-0.0904317227817,1,1,0,0,1,1,0,0,0,0,0,
heldout,yolo11n,0c3bad78-9f1e-395d-a376-2eb7499229fd,400,high_yaw,270,0.00307122785041,0.00674817697409,0.00367694912369,1.19722446617,0.73521977399,0.582923638333,-0.152296135657,-0.207143688248,1,1,0,0,1,1,0,0,1,0,-1,-1
heldout,yolo11n,0fb7276f-ecb5-3e5b-87a8-cc74c709c715,400,high_yaw,745,0.00455596895255,0.00946596380488,0.00490999485233,1.07770595091,0.571479842253,0.433026473861,-0.138453368392,-0.242271657118,1,1,0,0,1,0,-1,-1,0,0,0,
heldout,yolo11n,15ec0778-826e-3ed7-9775-54fbf66997f4,400,high_yaw,252,0.00473967769458,0.00816835212923,0.00342867443465,0.723398225699,0.609300256291,0.493990134143,-0.115310122148,-0.189250079837,1,1,0,0,1,0,-1,-1,0,0,0,
heldout,yolo11n,19350c96-623d-4d77-af96-f8c23f00c358,400,high_yaw,307,0.0093943864927,0.0105741592127,0.00117977271996,0.125582731866,0.407750858031,0.406021904813,-0.00172895321809,-0.00424021969307,1,1,0,0,0,0,0,,0,0,0,
heldout,yolo11n,20dd185d-b4eb-3024-a17a-b4e5d8b15b65,400,high_yaw,692,0.00915094551371,0.0117868596145,0.00263591410077,0.28804827838,0.424273184541,0.351183950095,-0.0730892344464,-0.172269276281,1,1,0,0,0,0,0,,0,0,0,
heldout,yolo11n,24642607-2a51-384a-90a7-228067956d05,400,high_yaw,139,0.0441612527042,0.0486077279282,0.00444647522401,0.100687253004,0,0,0,,0,0,0,,0,0,0,,0,0,0,
heldout,yolo11n,27c03d98-6ac3-38a3-ba5e-102b184d01ef,400,high_yaw,149,0.00437844817337,0.00923053116411,0.00485208299074,1.10817412897,0.612737371857,0.416468925762,-0.196268446095,-0.32031414291,1,1,0,0,1,0,-1,-1,0,0,0,
heldout,yolo11n,29a00842-ead2-3050-b587-c5ef507e4125,400,high_yaw,808,0.00605649909118,0.0104114867719,0.00435498768067,0.71906023845,0.618600225066,0.515910873435,-0.102689351631,-0.166002771208,1,1,0,0,1,1,0,0,0,0,0,
heldout,yolo11n,2c652f9e-8db8-3572-aa49-fae1344a875b,400,high_yaw,131,0.0155413463577,0.0164659573722,0.000924611014571,0.0594936238658,0.376820201299,0.411323923069,0.0345037217701,0.0915654777826,1,1,0,0,0,0,0,,0,0,0,
heldout,yolo11n,36aec72e-5086-376c-b109-295b128e77e1,400,high_yaw,80,0.013717720197,0.0118154894344,-0.00190223076262,-0.13866959927,0.588180339828,0.548201902455,-0.0399784373733,-0.0679696934192,1,1,0,0,1,1,0,0,0,0,0,
heldout,yolo11n,3de5b5d6-68c4-3c95-84ed-be7c83d829f8,400,high_yaw,362,0.00662724938186,0.013514713346,0.0068874639641,1.0392643414,0.601312445163,0.452300401282,-0.14901204388,-0.247811341806,1,1,0,0,1,0,-1,-1,0,0,0,
heldout,yolo11n,44adf4c4-6064-362f-94d3-323ed42cfda9,400,high_yaw,243,0.00709705275125,0.00844868122904,0.0013516284778,0.19044926467,0.547703405898,0.511604235207,-0.0360991706916,-0.0659100715876,1,1,0,0,1,1,0,0,0,0,0,
heldout,yolo11n,47286726-5dd4-4e26-bd2d-5324f429e445,400,high_yaw,158,0.00728178545727,0.00979747387192,0.00251568841466,0.34547686545,0.665424401469,0.566969928564,-0.0984544729048,-0.147957412874,1,1,0,0,1,1,0,0,0,0,0,
heldout,yolo11n,4e3fedbb-847c-3d5b-8a62-c9ff84550985,400,high_yaw,40,0.0124356269372,0.00559254101555,-0.00684308592161,-0.550280734232,0.445630866875,0.572774568515,0.12714370164,0.285311703231,1,1,0,0,0,1,1,,0,0,0,
heldout,yolo11n,52071780-5758-3ed4-8835-0d64ecdc5575,400,high_yaw,129,0.0041191736462,0.00873493481215,0.00461576116595,1.1205551313,0.60740780656,0.528342014693,-0.0790657918678,-0.13016920595,1,1,0,0,1,1,0,0,0,0,0,
heldout,yolo11n,58e82365-03bc-3b2f-b55a-a4ad0e3e792d,400,high_yaw,11,0.00531157508615,0.00559921680631,0.000287641720161,0.0541537520407,0.464329183396,0.515755782996,0.0514265996005,0.110754614268,1,1,0,0,0,1,1,,0,0,0,
heldout,yolo11n,6c932547-4c11-31d7-b8ef-0c16a13dbfc3,400,high_yaw,642,0.00636502851494,0.0110946063957,0.00472957788077,0.743056825224,0.602066219565,0.501584948666,-0.100481270899,-0.166894051906,1,1,0,0,1,0.5,-0.5,-0.5,0,0,0,
heldout,yolo11n,7039e410-b5ab-35aa-96bc-2c4b89d3c5e3,400,high_yaw,89,0.00362764639536,0.008027270675,0.00439962427965,1.21280406086,0.575768092877,0.596275372493,0.0205072796164,0.0356172560969,1,1,0,0,1,1,0,0,0,0,0,
heldout,yolo11n,78683234-e6f1-3e4e-af52-6f839254e4c0,400,high_yaw,138,0.00539920267468,0.00807492859744,0.00267572592276,0.495577974005,0.495705891501,0.406890430576,-0.0888154609252,-0.179169669855,1,1,0,0,0,0,0,,0,0,0,
heldout,yolo11n,78da7b7e-8ddf-3c7d-8716-eaa890106dd3,400,high_yaw,98,0.00338832635308,0.00705725209185,0.00366892573877,1.0828135653,0.63912717707,0.498210800256,-0.140916376814,-0.220482529722,1,1,0,0,1,0,-1,-1,0,0,0,
heldout,yolo11n,7a2c222d-addc-30b2-aac6-596cb65a22e3,400,high_yaw,41,0.0350434819726,0.0233900993095,-0.0116533826632,-0.332540661121,0.266198326713,0.561040417095,0.294842090381,1.10760309436,0,1,1,,0,1,1,,0,0,0,
heldout,yolo11n,858d739b-a0ba-35aa-bafc-4f7988bcad17,400,high_yaw,305,0.0117290000982,0.0136140037451,0.00188500364691,0.160713072822,0.516628238394,0.463816912319,-0.0528113260745,-0.102223072898,1,1,0,0,1,0,-1,-1,0,0,0,
heldout,yolo11n,95bf6003-7068-3a78-a0c0-9e470a06e60f,400,high_yaw,527,0.00681726164981,0.0109439354031,0.00412667375332,0.605327177582,0.662493601262,0.514871215593,-0.147622385668,-0.2228283947,1,1,0,0,1,1,0,0,0,0,0,
heldout,yolo11n,a7636fca-4d9e-3052-bef2-af0ce5d1df74,400,high_yaw,678,0.00892732472755,0.0149264770578,0.00599915233027,0.671998892541,0.530974051481,0.439070738884,-0.0919033125972,-0.173084376423,1,1,0,0,1,0,-1,-1,0,0,0,
heldout,yolo11n,a91d4c7b-bf55-3a0e-9eba-1a43577bcca8,400,high_yaw,302,0.0218371226121,0.0152842635327,-0.00655285907936,-0.300078870086,0.352725373643,0.424826988718,0.0721016150759,0.204412895878,1,1,0,0,0,0,0,,0,0,0,
heldout,yolo11n,b2053fdc-0b94-30bc-aee7-5bc6fb7e9f52,400,high_yaw,437,0.00592732182339,0.00876583600874,0.00283851418536,0.478886463387,0.619802318011,0.548100778949,-0.0717015390624,-0.115684528726,1,1,0,0,1,1,0,0,0,0,0,
heldout,yolo11n,b50c4763-5d1e-37f4-a009-2244aeebabcd,400,high_yaw,100,0.00909638852216,0.0123238962151,0.00322750769295,0.354811987756,0.207441364577,0.208048988291,0.000607623713813,0.00292913477045,0,0,0,,0,0,0,,0,0,0,
heldout,yolo11n,b87683ae-14c5-321f-8af3-623e7bafc3a7,400,high_yaw,429,0.0165017773088,0.018575959342,0.0020741820332,0.125694462747,0.298487153721,0.234166939849,-0.0643202138715,-0.215487377161,0,0,0,,0,0,0,,0,0,0,
heldout,yolo11n,c8ec7be0-92aa-3222-946e-fbcf398c841e,400,high_yaw,347,0.0086502354616,0.009949732997,0.00129949753541,0.150226839625,0.629814526547,0.511492391826,-0.118322134721,-0.187868221094,1,1,0,0,1,1,0,0,0,0,0,
heldout,yolo11n,cae56e40-8470-3c9c-af75-6e444189488f,400,high_yaw,150,0.00501371748655,0.00628076110351,0.00126704361697,0.252715399375,0.545985264943,0.460746984993,-0.0852382799503,-0.156118279051,1,1,0,0,1,0,-1,-1,0,0,0,
heldout,yolo11n,d3ca0450-2167-38fb-b34b-449741cb38f3,400,high_yaw,294,0.0231485042152,0.0225880752152,-0.000560428999933,-0.0242101603941,0.184895180591,0.189026485014,0.00413130442221,0.0223440351933,0,0,0,,0,0,0,,0,0,0,
heldout,yolo11n,da036982-92bf-36a8-b880-4ccf4e20b74e,400,high_yaw,317,0.0166871273265,0.0167904843763,0.000103357049802,0.00619381921045,0.335142717586,0.362124016183,0.0269812985972,0.0805068920831,1,1,0,0,0,0,0,,0,0,0,
heldout,yolo11n,dafe14f5-825c-4e7a-9009-6dfdfdd5b030,400,high_yaw,201,0.00854619508517,0.0106348949384,0.00208869985321,0.244401143712,0.511437633823,0.488746829063,-0.0226908047598,-0.0443667091728,1,1,0,0,1,0,-1,-1,0,0,0,
heldout,yolo11n,e1d68dde-22a9-3918-a526-0850b21ff2eb,400,high_yaw,98,0.0314050888767,0.0249228115991,-0.0064822772776,-0.206408499688,0.14457151919,0.228552307279,0.0839807880883,0.580894415156,0,0,0,,0,0,0,,0,0,0,
heldout,yolo11n,e50e7698-de3d-355f-aca2-eddd09c09533,400,high_yaw,617,0.00656774587678,0.0122379016916,0.00567015581485,0.863333618752,0.517038428505,0.395231578922,-0.121806849583,-0.235585679648,1,1,0,0,1,0,-1,-1,0,0,0,
heldout,yolo11n,eec284b2-840a-3c75-aa42-04d2e309bbe1,400,high_yaw,34,0.00598351200896,0.00690359480729,0.000920082798337,0.15376969194,0.781807681001,0.546630371626,-0.235177309375,-0.300812226702,1,1,0,0,1,1,0,0,1,0,-1,-1
heldout,yolo11n,f2576c8a-da9b-450e-88cf-a70af1b0eadf,400,high_yaw,141,0.0104062510159,0.0156261954473,0.00521994443142,0.501616232727,0.495613154477,0.479258450594,-0.0163547038836,-0.0329989301854,1,1,0,0,0,0,0,,0,0,0,
heldout,yolo11n,f292cc5c-7a90-360d-b62a-074c643bdf59,400,high_yaw,510,0.00543709779642,0.00772072282578,0.00228362502935,0.420008084249,0.609030999737,0.490362419027,-0.118668580711,-0.194848178109,1,1,0,0,1,0,-1,-1,0,0,0,
heldout,yolo11n,0b86f508-5df9-4a46-bc59-5b9536dbde9f,500,all_yaw,1230,0.008408006799,0.010772652587,0.00236464578798,0.281237378192,0.458761332308,0.480583099487,0.0218217671792,0.0475667098388,1,1,0,0,0,0,0,,0,0,0,
heldout,yolo11n,0c3bad78-9f1e-395d-a376-2eb7499229fd,500,all_yaw,757,0.00337957837757,0.00788701842268,0.00450744004511,1.3337285133,0.709830107152,0.52461365518,-0.185216451972,-0.260930679195,1,1,0,0,1,1,0,0,1,0,-1,-1
heldout,yolo11n,0fb7276f-ecb5-3e5b-87a8-cc74c709c715,500,all_yaw,1035,0.00507221925306,0.0104185980109,0.00534637875786,1.0540511936,0.557520914413,0.396357173418,-0.161163740995,-0.289072099053,1,1,0,0,1,0,-1,-1,0,0,0,
heldout,yolo11n,15ec0778-826e-3ed7-9775-54fbf66997f4,500,all_yaw,369,0.00595021235491,0.00939601142296,0.00344579906805,0.579105225583,0.610720107948,0.478990733064,-0.131729374884,-0.215695165706,1,1,0,0,1,0,-1,-1,0,0,0,
heldout,yolo11n,182ba3f7-b89a-36cc-ae40-32a341b0d3e9,500,all_yaw,488,0.00428362557544,0.00666313786163,0.0023795122862,0.555490260363,0.618651374873,0.543053620507,-0.0755977543664,-0.122197666468,1,1,0,0,1,1,0,0,0,0,0,
heldout,yolo11n,19350c96-623d-4d77-af96-f8c23f00c358,500,all_yaw,783,0.00884273132476,0.0115723911594,0.0027296598346,0.308689672268,0.450797627977,0.396496894479,-0.0543007334982,-0.120454789751,1,1,0,0,0,0,0,,0,0,0,
heldout,yolo11n,1da4a0aa-22ae-3958-856d-05303de1f576,500,all_yaw,1265,0.00948883219236,0.012892255375,0.00340342318262,0.35867671739,0.484374201538,0.465136406,-0.0192377955376,-0.0397168046452,1,1,0,0,0,0,0,,0,0,0,
heldout,yolo11n,20dd185d-b4eb-3024-a17a-b4e5d8b15b65,500,all_yaw,943,0.00968067907083,0.0123417051176,0.00266102604675,0.274880101621,0.423493676338,0.333127364703,-0.0903663116347,-0.21338290672,1,1,0,0,0,0,0,,0,0,0,
heldout,yolo11n,24642607-2a51-384a-90a7-228067956d05,500,all_yaw,876,0.0217413249155,0.0259273032388,0.00418597832331,0.192535567155,0.290473311528,0.178977465,-0.111495846528,-0.383841964487,0,0,0,,0,0,0,,0,0,0,
heldout,yolo11n,27c03d98-6ac3-38a3-ba5e-102b184d01ef,500,all_yaw,363,0.00653431425644,0.0132620386534,0.00672772439695,1.02959914888,0.519981364322,0.425834635484,-0.094146728838,-0.181057890336,1,1,0,0,1,0,-1,-1,0,0,0,
heldout,yolo11n,29a00842-ead2-3050-b587-c5ef507e4125,500,all_yaw,1698,0.00632386997204,0.0117594399374,0.0054355699654,0.859532215153,0.582723457818,0.459246060751,-0.123477397067,-0.21189707641,1,1,0,0,1,0,-1,-1,0,0,0,
heldout,yolo11n,2c652f9e-8db8-3572-aa49-fae1344a875b,500,all_yaw,679,0.0341712128855,0.0241753091612,-0.00999590372431,-0.292524112557,0.243235562777,0.31376343133,0.0705278685532,0.289957059519,0,1,1,,0,0,0,,0,0,0,
heldout,yolo11n,36aec72e-5086-376c-b109-295b128e77e1,500,all_yaw,1006,0.0108199257437,0.0100479685139,-0.000771957229832,-0.0713458898069,0.562429087255,0.589555191407,0.0271261041515,0.048230265408,1,1,0,0,1,1,0,0,0,0,0,
heldout,yolo11n,3de5b5d6-68c4-3c95-84ed-be7c83d829f8,500,all_yaw,990,0.00601976330781,0.0116787944101,0.00565903110228,0.940075350627,0.621134212209,0.471340113676,-0.149794098533,-0.241162208728,1,1,0,0,1,0,-1,-1,0,0,0,
heldout,yolo11n,44adf4c4-6064-362f-94d3-323ed42cfda9,500,all_yaw,718,0.00869058377746,0.0114300774325,0.00273949365503,0.315225504429,0.495514336039,0.445457909337,-0.050056426702,-0.101019129138,1,1,0,0,0,0,0,,0,0,0,
heldout,yolo11n,47286726-5dd4-4e26-bd2d-5324f429e445,500,all_yaw,1650,0.00818295356269,0.0105289596184,0.00234600605568,0.286694289257,0.622100073523,0.566506700166,-0.0555933733563,-0.0893640359846,1,1,0,0,1,1,0,0,0,0,0,
heldout,yolo11n,4e3fedbb-847c-3d5b-8a62-c9ff84550985,500,all_yaw,690,0.0162492441217,0.0102872580177,-0.005961986104,-0.36690851952,0.36355542455,0.497023863338,0.133468438788,0.367119921132,1,1,0,0,0,0,0,,0,0,0,
heldout,yolo11n,52071780-5758-3ed4-8835-0d64ecdc5575,500,all_yaw,1560,0.00672869931437,0.0114921413166,0.00476344200227,0.707929092937,0.578667841383,0.485497508439,-0.0931703329442,-0.161008313027,1,1,0,0,1,0,-1,-1,0,0,0,
heldout,yolo11n,58e82365-03bc-3b2f-b55a-a4ad0e3e792d,500,all_yaw,714,0.00945582978636,0.0122868944225,0.00283106463613,0.299398857646,0.490969588972,0.449709447148,-0.0412601418246,-0.0840380804664,1,1,0,0,0,0,0,,0,0,0,
heldout,yolo11n,58fed0d4-97d5-469b-89a4-4394838e10c7,500,all_yaw,624,0.00971325374564,0.0167543361202,0.00704108237454,0.724894310282,0.499936403346,0.366796672325,-0.133139731021,-0.266313335316,1,1,0,0,0.5,0,-0.5,-1,0,0,0,
heldout,yolo11n,6c932547-4c11-31d7-b8ef-0c16a13dbfc3,500,all_yaw,1732,0.00689073203706,0.011608154022,0.00471742198492,0.684603893977,0.56809110136,0.469405008034,-0.0986860933258,-0.173715259911,1,1,0,0,1,0,-1,-1,0,0,0,
heldout,yolo11n,7039e410-b5ab-35aa-96bc-2c4b89d3c5e3,500,all_yaw,852,0.00566639978708,0.00834197555652,0.00267557576945,0.472182668005,0.525556728276,0.48324922405,-0.0423075042264,-0.0805003569552,1,1,0,0,1,0,-1,-1,0,0,0,
heldout,yolo11n,78683234-e6f1-3e4e-af52-6f839254e4c0,500,all_yaw,732,0.00637614877549,0.00901534051253,0.00263919173703,0.413916272967,0.566621245586,0.526024023735,-0.0405972218506,-0.0716478991335,1,1,0,0,1,1,0,0,0,0,0,
heldout,yolo11n,78da7b7e-8ddf-3c7d-8716-eaa890106dd3,500,all_yaw,980,0.00658731402034,0.0112480710313,0.00466075701098,0.707535271066,0.570707010735,0.472606793288,-0.0981002174474,-0.171892434475,1,1,0,0,1,0,-1,-1,0,0,0,
heldout,yolo11n,7a2c222d-addc-30b2-aac6-596cb65a22e3,500,all_yaw,112,0.0369765734797,0.0317879931497,-0.00518858033004,-0.140320744779,0.381317242267,0.484932738247,0.10361549598,0.271730424158,1,1,0,0,0,0,0,,0,0,0,
heldout,yolo11n,858d739b-a0ba-35aa-bafc-4f7988bcad17,500,all_yaw,629,0.0114736940585,0.012434828662,0.000961134603492,0.0837685403315,0.468820370915,0.451840682735,-0.0169796881807,-0.0362178975874,1,1,0,0,0,0,0,,0,0,0,
heldout,yolo11n,95bf6003-7068-3a78-a0c0-9e470a06e60f,500,all_yaw,1505,0.00631285394453,0.00908187334347,0.00276901939894,0.438631944168,0.65827749566,0.556566229994,-0.101711265666,-0.154511230198,1,1,0,0,1,1,0,0,0,0,0,
heldout,yolo11n,a7636fca-4d9e-3052-bef2-af0ce5d1df74,500,all_yaw,854,0.0090797231348,0.0151929047374,0.00611318160262,0.673278415196,0.522324619678,0.427228286907,-0.0950963327703,-0.182063661539,1,1,0,0,1,0,-1,-1,0,0,0,
heldout,yolo11n,a91d4c7b-bf55-3a0e-9eba-1a43577bcca8,500,all_yaw,1204,0.0227277540285,0.01556624023,-0.00716151379859,-0.315099934186,0.327850259304,0.4304418882,0.102591628896,0.312922213677,1,1,0,0,0,0,0,,0,0,0,
heldout,yolo11n,b19f3c1a-a84a-3a2d-8d1b-8a4ae201020b,500,all_yaw,1542,0.0102206264642,0.013468358576,0.00324773211171,0.31776252885,0.467465961262,0.387158770544,-0.0803071907178,-0.171792595339,1,1,0,0,0,0,0,,0,0,0,
heldout,yolo11n,b2053fdc-0b94-30bc-aee7-5bc6fb7e9f52,500,all_yaw,1428,0.00761519008759,0.0118719432256,0.00425675313805,0.558981862448,0.581303390066,0.494470263609,-0.0868331264567,-0.149376604267,1,1,0,0,1,0,-1,-1,0,0,0,
heldout,yolo11n,b50c4763-5d1e-37f4-a009-2244aeebabcd,500,all_yaw,456,0.0107861558333,0.0103424304226,-0.000443725410726,-0.0411384201735,0.207748927196,0.233503924426,0.0257549972307,0.123971745984,0,0,0,,0,0,0,,0,0,0,
heldout,yolo11n,b87683ae-14c5-321f-8af3-623e7bafc3a7,500,all_yaw,653,0.0230071180129,0.0252515493599,0.00224443134696,0.0975537807779,0.231719456199,0.0736462045972,-0.158073251601,-0.682175136238,0,0,0,,0,0,0,,0,0,0,
heldout,yolo11n,c8ec7be0-92aa-3222-946e-fbcf398c841e,500,all_yaw,795,0.017630438435,0.0142443088104,-0.00338612962466,-0.192061566542,0.596710287591,0.52038314735,-0.0763271402411,-0.127913229968,1,1,0,0,1,1,0,0,0,0,0,
heldout,yolo11n,cae56e40-8470-3c9c-af75-6e444189488f,500,all_yaw,1649,0.00543247986142,0.00804383826318,0.00261135840175,0.480693618451,0.518450847603,0.419087537324,-0.0993633102799,-0.191654253705,1,1,0,0,1,0,-1,-1,0,0,0,
heldout,yolo11n,d1395998-7e8a-417d-91e9-5ca6ec045ee1,500,all_yaw,849,0.0108659271115,0.00945047819938,-0.00141544891214,-0.130264900327,0.493675338873,0.500613786333,0.00693844746006,0.0140546770594,1,1,0,0,0,1,1,,0,0,0,
heldout,yolo11n,d3ca0450-2167-38fb-b34b-449741cb38f3,500,all_yaw,428,0.0274443358669,0.0201165113384,-0.00732782452856,-0.267006808402,0.144982469273,0.249550738461,0.104568269188,0.721247677134,0,0,0,,0,0,0,,0,0,0,
heldout,yolo11n,d5d6f11c-3026-3e0e-9d67-c111233e22de,500,all_yaw,1200,0.00553425784774,0.012399747247,0.00686548939921,1.24054382504,0.573193769734,0.397195464124,-0.175998305609,-0.307048532106,1,1,0,0,1,0,-1,-1,0,0,0,
heldout,yolo11n,da036982-92bf-36a8-b880-4ccf4e20b74e,500,all_yaw,628,0.0183160233609,0.0166934924375,-0.00162253092331,-0.0885853272483,0.275797200039,0.34954392085,0.0737467208109,0.267394740775,0,1,1,,0,0,0,,0,0,0,
heldout,yolo11n,dafe14f5-825c-4e7a-9009-6dfdfdd5b030,500,all_yaw,824,0.00772263377791,0.0106133165064,0.00289068272853,0.374313066198,0.414390351619,0.388051350941,-0.0263390006772,-0.0635608444414,1,1,0,0,0,0,0,,0,0,0,
heldout,yolo11n,e1d68dde-22a9-3918-a526-0850b21ff2eb,500,all_yaw,460,0.0530494248744,0.0386096944542,-0.0144397304202,-0.272193910762,0.0538879144435,0.114635319988,0.0607474055444,1.12729182734,0,0,0,,0,0,0,,0,0,0,
heldout,yolo11n,e2e921fe-e489-3656-a0a2-5e17bd399ddf,500,all_yaw,738,0.0114137890387,0.00928702178907,-0.00212676724965,-0.186333148653,0.505687396944,0.545411488084,0.0397240911398,0.078554639447,1,1,0,0,1,1,0,0,0,0,0,
heldout,yolo11n,e50e7698-de3d-355f-aca2-eddd09c09533,500,all_yaw,1370,0.00691068241437,0.0142781599456,0.00736747753127,1.06609985664,0.493685716342,0.34818612028,-0.145499596062,-0.294721097341,1,1,0,0,0,0,0,,0,0,0,
heldout,yolo11n,e72ef05c-8b94-3885-a34f-fff3b2b954b4,500,all_yaw,969,0.00440379376134,0.00747169128301,0.00306789752166,0.696648773291,0.608336292243,0.510372859421,-0.0979634328216,-0.161034996713,1,1,0,0,1,1,0,0,0,0,0,
heldout,yolo11n,e8c9fd64-fdd2-422d-a2a2-6f47500d1d12,500,all_yaw,915,0.0141334090352,0.0127768844552,-0.00135652458005,-0.0959799986451,0.393181271093,0.477742538389,0.0845612672964,0.215069418391,1,1,0,0,0,0,0,,0,0,0,
heldout,yolo11n,eec284b2-840a-3c75-aa42-04d2e309bbe1,500,all_yaw,554,0.00585368136926,0.00703792485675,0.0011842434875,0.202307473331,0.570151613455,0.5245646452,-0.0455869682558,-0.0799558699474,1,1,0,0,1,1,0,0,0,0,0,
heldout,yolo11n,f1275002-842e-3571-8f7d-05816bc7cf56,500,all_yaw,1264,0.00721849742536,0.0102361166477,0.00301761922233,0.418039800323,0.606918416995,0.552146903769,-0.0547715132255,-0.0902452647535,1,1,0,0,1,1,0,0,0,0,0,
heldout,yolo11n,f2576c8a-da9b-450e-88cf-a70af1b0eadf,500,all_yaw,416,0.0211217750264,0.021311113373,0.000189338346619,0.00896413044746,0.416183985444,0.324188757562,-0.0919952278827,-0.22104461272,1,1,0,0,0,0,0,,0,0,0,
heldout,yolo11n,f292cc5c-7a90-360d-b62a-074c643bdf59,500,all_yaw,883,0.00657638721664,0.009390103405,0.00281371618836,0.427851356022,0.543900830558,0.439818126301,-0.104082704257,-0.191363385399,1,1,0,0,1,0,-1,-1,0,0,0,
heldout,yolo11n,f6cc0ebf-fc6a-3bf2-8bcb-76d8c43f194e,500,all_yaw,1494,0.0103780915729,0.00979102527501,-0.000587066297881,-0.0565678471574,0.494754511632,0.51029212317,0.0155376115379,0.0314046889368,1,1,0,0,0,1,1,,0,0,0,
heldout,yolo11n,0b86f508-5df9-4a46-bc59-5b9536dbde9f,500,high_yaw,136,0.00533077852455,0.0073238014622,0.00199302293765,0.37387089493,0.548080376611,0.482512588536,-0.0655677880743,-0.119631701612,1,1,0,0,1,0,-1,-1,0,0,0,
heldout,yolo11n,0c3bad78-9f1e-395d-a376-2eb7499229fd,500,high_yaw,272,0.00321400234135,0.0082539750924,0.00503997275104,1.5681297696,0.731362633733,0.53920113893,-0.192161494803,-0.262744479879,1,1,0,0,1,1,0,0,1,0,-1,-1
heldout,yolo11n,0fb7276f-ecb5-3e5b-87a8-cc74c709c715,500,high_yaw,735,0.0046240787749,0.0110432606274,0.00641918185249,1.38820771985,0.564289510335,0.385449089676,-0.178840420659,-0.316930258996,1,1,0,0,1,0,-1,-1,0,0,0,
heldout,yolo11n,15ec0778-826e-3ed7-9775-54fbf66997f4,500,high_yaw,240,0.00476450251196,0.00874618507685,0.00398168256489,0.83569744268,0.614212629691,0.470055881541,-0.144156748151,-0.234701699676,1,1,0,0,1,0,-1,-1,0,0,0,
heldout,yolo11n,19350c96-623d-4d77-af96-f8c23f00c358,500,high_yaw,303,0.00961185459055,0.0114155353997,0.00180368080913,0.187651695325,0.403749278552,0.378452841012,-0.0252964375399,-0.0626538272234,1,1,0,0,0,0,0,,0,0,0,
heldout,yolo11n,20dd185d-b4eb-3024-a17a-b4e5d8b15b65,500,high_yaw,634,0.0115829310952,0.0147879288606,0.0032049977654,0.27670006314,0.410532430992,0.292272566533,-0.118259864459,-0.288064609593,1,0,-1,-1,0,0,0,,0,0,0,
heldout,yolo11n,24642607-2a51-384a-90a7-228067956d05,500,high_yaw,133,0.0339835213661,0.0477462550317,0.0137627336656,0.404982565442,0,0,0,,0,0,0,,0,0,0,,0,0,0,
heldout,yolo11n,27c03d98-6ac3-38a3-ba5e-102b184d01ef,500,high_yaw,144,0.00433325028245,0.0116756722783,0.00734242199586,1.69443755086,0.640076287996,0.372554770406,-0.26752151759,-0.417952551293,1,1,0,0,1,0,-1,-1,0,0,0,
heldout,yolo11n,29a00842-ead2-3050-b587-c5ef507e4125,500,high_yaw,786,0.00649402679678,0.0119567701963,0.00546274339954,0.841195081339,0.600285350718,0.485038395996,-0.115246954723,-0.191986951847,1,1,0,0,1,0,-1,-1,0,0,0,
heldout,yolo11n,2c652f9e-8db8-3572-aa49-fae1344a875b,500,high_yaw,133,0.0176518583149,0.0175721803388,-7.96779761688e-05,-0.00451385767704,0.41982907102,0.389399677379,-0.030429393641,-0.0724804348758,1,1,0,0,0,0,0,,0,0,0,
heldout,yolo11n,36aec72e-5086-376c-b109-295b128e77e1,500,high_yaw,80,0.0161548343002,0.0136588217493,-0.0024960125509,-0.154505611417,0.529256927991,0.480303713001,-0.04895321499,-0.092494235599,1,1,0,0,1,0,-1,-1,0,0,0,
heldout,yolo11n,3de5b5d6-68c4-3c95-84ed-be7c83d829f8,500,high_yaw,354,0.00701214348273,0.0150340939387,0.008021950456,1.14400831583,0.586347523371,0.403429315483,-0.182918207888,-0.311962105402,1,1,0,0,1,0,-1,-1,0,0,0,
heldout,yolo11n,44adf4c4-6064-362f-94d3-323ed42cfda9,500,high_yaw,230,0.00745002832664,0.00969188371399,0.00224185538735,0.300919042057,0.551684599359,0.46274083562,-0.0889437637383,-0.161222125544,1,1,0,0,1,0,-1,-1,0,0,0,
heldout,yolo11n,47286726-5dd4-4e26-bd2d-5324f429e445,500,high_yaw,148,0.00732870778865,0.0111795603429,0.00385085255425,0.525447686728,0.664434861651,0.518571104857,-0.145863756794,-0.219530559296,1,1,0,0,1,1,0,0,0,0,0,
heldout,yolo11n,4e3fedbb-847c-3d5b-8a62-c9ff84550985,500,high_yaw,33,0.0152776514302,0.00619594060698,-0.00908171082324,-0.594444169951,0.392281394562,0.482943961408,0.0906625668462,0.231116153106,1,1,0,0,0,0,0,,0,0,0,
heldout,yolo11n,52071780-5758-3ed4-8835-0d64ecdc5575,500,high_yaw,114,0.00436689704374,0.011120315013,0.00675341796929,1.54650267722,0.594486084185,0.47936665421,-0.115119429975,-0.193645289668,1,1,0,0,1,0,-1,-1,0,0,0,
heldout,yolo11n,6c932547-4c11-31d7-b8ef-0c16a13dbfc3,500,high_yaw,618,0.00687485107511,0.0136519668303,0.00677711575517,0.985783645511,0.585771228422,0.449479212249,-0.136292016172,-0.23267106604,1,1,0,0,1,0,-1,-1,0,0,0,
heldout,yolo11n,7039e410-b5ab-35aa-96bc-2c4b89d3c5e3,500,high_yaw,93,0.00340263068991,0.00643917661689,0.00303654592697,0.892411255789,0.575071539821,0.566796543539,-0.00827499628246,-0.014389507582,1,1,0,0,1,1,0,0,0,0,0,
heldout,yolo11n,78683234-e6f1-3e4e-af52-6f839254e4c0,500,high_yaw,134,0.00539078152452,0.00924076994913,0.00384998842461,0.714180013993,0.496926342813,0.396557354679,-0.100368988134,-0.201979608418,1,1,0,0,0.5,0,-0.5,-1,0,0,0,
heldout,yolo11n,78da7b7e-8ddf-3c7d-8716-eaa890106dd3,500,high_yaw,92,0.00355974269528,0.00851708660991,0.00495734391463,1.39261298891,0.633077920422,0.438972674143,-0.194105246279,-0.306605616809,1,1,0,0,1,0,-1,-1,0,0,0,
heldout,yolo11n,7a2c222d-addc-30b2-aac6-596cb65a22e3,500,high_yaw,37,0.0473309106265,0.027954435228,-0.0193764753985,-0.40938311015,0.232342133072,0.538440707025,0.306098573953,1.3174475499,0,1,1,,0,1,1,,0,0,0,
heldout,yolo11n,858d739b-a0ba-35aa-bafc-4f7988bcad17,500,high_yaw,298,0.0123046742347,0.0145656533431,0.00226097910844,0.183749611352,0.490754483662,0.434803306289,-0.0559511773737,-0.11401052713,1,1,0,0,0,0,0,,0,0,0,
heldout,yolo11n,95bf6003-7068-3a78-a0c0-9e470a06e60f,500,high_yaw,529,0.00753989585344,0.0129572643788,0.00541736852537,0.718493813532,0.655764655158,0.486081159035,-0.169683496122,-0.258756696915,1,1,0,0,1,0,-1,-1,0,0,0,
heldout,yolo11n,a7636fca-4d9e-3052-bef2-af0ce5d1df74,500,high_yaw,661,0.00909701756533,0.0171893184769,0.00809230091161,0.889555379386,0.511627158715,0.38973957161,-0.121887587105,-0.238235177763,1,1,0,0,1,0,-1,-1,0,0,0,
heldout,yolo11n,a91d4c7b-bf55-3a0e-9eba-1a43577bcca8,500,high_yaw,297,0.0242321950411,0.0185729583222,-0.00565923671892,-0.233542058791,0.258208463496,0.351060794857,0.0928523313608,0.359602199338,0,1,1,,0,0,0,,0,0,0,
heldout,yolo11n,b2053fdc-0b94-30bc-aee7-5bc6fb7e9f52,500,high_yaw,410,0.00609781872017,0.0103361046145,0.00423828589433,0.695049506853,0.614464539438,0.518309670341,-0.096154869097,-0.156485627608,1,1,0,0,1,1,0,0,0,0,0,
heldout,yolo11n,b50c4763-5d1e-37f4-a009-2244aeebabcd,500,high_yaw,97,0.00952385262816,0.012478762394,0.00295490976584,0.310264121171,0.19042229491,0.188627155919,-0.00179513899148,-0.00942714713278,0,0,0,,0,0,0,,0,0,0,
heldout,yolo11n,b87683ae-14c5-321f-8af3-623e7bafc3a7,500,high_yaw,427,0.0177248747785,0.0209024853113,0.00317761053275,0.179274075132,0.261349278681,0.171104738918,-0.0902445397631,-0.34530242524,0,0,0,,0,0,0,,0,0,0,
heldout,yolo11n,c8ec7be0-92aa-3222-946e-fbcf398c841e,500,high_yaw,341,0.0099904378013,0.012005657353,0.00201521955171,0.201714838908,0.593526131295,0.487938964337,-0.105587166957,-0.177898093092,1,1,0,0,1,0,-1,-1,0,0,0,
heldout,yolo11n,cae56e40-8470-3c9c-af75-6e444189488f,500,high_yaw,138,0.00530840256028,0.00673285002208,0.00142444746179,0.268338251596,0.529255119024,0.442160241713,-0.0870948773112,-0.164561237446,1,1,0,0,1,0,-1,-1,0,0,0,
heldout,yolo11n,d3ca0450-2167-38fb-b34b-449741cb38f3,500,high_yaw,289,0.0288357811114,0.0250789500298,-0.0037568310816,-0.130283659287,0.143152464607,0.170847730922,0.0276952663153,0.193466919284,0,0,0,,0,0,0,,0,0,0,
heldout,yolo11n,da036982-92bf-36a8-b880-4ccf4e20b74e,500,high_yaw,304,0.0186205394469,0.0185503154913,-7.02239555976e-05,-0.00377131692654,0.28786884972,0.306623780021,0.0187549303018,0.0651509544017,0,1,1,,0,0,0,,0,0,0,
heldout,yolo11n,dafe14f5-825c-4e7a-9009-6dfdfdd5b030,500,high_yaw,192,0.00930875871538,0.0123797120063,0.00307095329089,0.32989933296,0.485915447393,0.422048081275,-0.0638673661172,-0.131437200566,1,1,0,0,0,0,0,,0,0,0,
heldout,yolo11n,e1d68dde-22a9-3918-a526-0850b21ff2eb,500,high_yaw,96,0.0390020635203,0.0311599926121,-0.00784207090817,-0.201068102566,0.0862847460362,0.156479231287,0.0701944852508,0.813521375161,0,0,0,,0,0,0,,0,0,0,
heldout,yolo11n,e50e7698-de3d-355f-aca2-eddd09c09533,500,high_yaw,601,0.00670529227115,0.0145228935626,0.00781760129147,1.16588524039,0.513917422705,0.334044849013,-0.179872573693,-0.350002871562,1,1,0,0,1,0,-1,-1,0,0,0,
heldout,yolo11n,eec284b2-840a-3c75-aa42-04d2e309bbe1,500,high_yaw,37,0.00667509500665,0.00782670711672,0.00115161211007,0.172523703247,0.773032074421,0.511679964506,-0.261352109915,-0.338087019366,1,1,0,0,1,1,0,0,1,0,-1,-1
heldout,yolo11n,f2576c8a-da9b-450e-88cf-a70af1b0eadf,500,high_yaw,132,0.0108645311186,0.0188442733368,0.00797974221816,0.734476447354,0.456836501642,0.429525853923,-0.0273106477188,-0.0597821050215,1,1,0,0,0,0,0,,0,0,0,
heldout,yolo11n,f292cc5c-7a90-360d-b62a-074c643bdf59,500,high_yaw,489,0.00557277056606,0.00891383952856,0.0033410689625,0.599534634145,0.582784019962,0.444250599213,-0.138533420749,-0.237709710637,1,1,0,0,1,0,-1,-1,0,0,0,
heldout,yolo11s,0b86f508-5df9-4a46-bc59-5b9536dbde9f,100,all_yaw,1534,0.00564835024019,0.00509669095019,-0.000551659290005,-0.097667330556,0.614464216814,0.625547986384,0.0110837695707,0.018038104201,1,1,0,0,1,1,0,0,0,0,0,
heldout,yolo11s,0c3bad78-9f1e-395d-a376-2eb7499229fd,100,all_yaw,859,0.00298195524403,0.00328482441726,0.000302869173237,0.101567310188,0.754159870362,0.732962123701,-0.0211977466602,-0.0281077626817,1,1,0,0,1,1,0,0,1,1,0,0
heldout,yolo11s,0fb7276f-ecb5-3e5b-87a8-cc74c709c715,100,all_yaw,1404,0.00372094359842,0.00450261631875,0.000781672720325,0.210073788986,0.603250132542,0.58538328686,-0.0178668456823,-0.0296176407073,1,1,0,0,1,1,0,0,0,0,0,
heldout,yolo11s,15ec0778-826e-3ed7-9775-54fbf66997f4,100,all_yaw,695,0.00447270581981,0.00521989042857,0.000747184608754,0.167054270693,0.59780679545,0.580486113097,-0.0173206823535,-0.02897371272,1,1,0,0,1,1,0,0,0,0,0,
heldout,yolo11s,182ba3f7-b89a-36cc-ae40-32a341b0d3e9,100,all_yaw,656,0.00316841510893,0.00342912687884,0.000260711769912,0.0822846000124,0.695455338762,0.684894015295,-0.0105613234665,-0.0151861994263,1,1,0,0,1,1,0,0,0,0,0,
heldout,yolo11s,19350c96-623d-4d77-af96-f8c23f00c358,100,all_yaw,910,0.00612531321563,0.00626881958394,0.000143506368307,0.0234284130877,0.534885366115,0.540387237586,0.00550187147126,0.0102860758955,1,1,0,0,1,1,0,0,0,0,0,
heldout,yolo11s,1da4a0aa-22ae-3958-856d-05303de1f576,100,all_yaw,1745,0.00621495974232,0.00600070020456,-0.000214259537767,-0.0344748070221,0.59478392981,0.578812306356,-0.015971623454,-0.0268528160456,1,1,0,0,1,1,0,0,0,0,0,
heldout,yolo11s,20dd185d-b4eb-3024-a17a-b4e5d8b15b65,100,all_yaw,1305,0.00592786284646,0.0066489662953,0.000721103448835,0.1216464462,0.554327477511,0.544802498708,-0.00952497880334,-0.0171829454425,1,1,0,0,1,1,0,0,0,0,0,
heldout,yolo11s,24642607-2a51-384a-90a7-228067956d05,100,all_yaw,1097,0.0161783483999,0.0169524343135,0.000774085913649,0.0478470295308,0.331366184658,0.336894831039,0.00552864638066,0.0166844012353,1,1,0,0,0,0,0,,0,0,0,
heldout,yolo11s,27c03d98-6ac3-38a3-ba5e-102b184d01ef,100,all_yaw,592,0.00513584526764,0.00527030697484,0.0001344617072,0.0261810276971,0.627139944846,0.632952617107,0.00581267226026,0.00926854095011,1,1,0,0,1,1,0,0,0,0,0,
heldout,yolo11s,29a00842-ead2-3050-b587-c5ef507e4125,100,all_yaw,2103,0.00507938391609,0.00551872737254,0.000439343456448,0.0864954222217,0.600552927036,0.589815319166,-0.0107376078703,-0.0178795363188,1,1,0,0,1,1,0,0,0,0,0,
heldout,yolo11s,2c652f9e-8db8-3572-aa49-fae1344a875b,100,all_yaw,1037,0.0143172363024,0.012903426173,-0.00141381012941,-0.0987488157314,0.469323229288,0.474186064633,0.0048628353442,0.0103613779177,1,1,0,0,0,0,0,,0,0,0,
heldout,yolo11s,36aec72e-5086-376c-b109-295b128e77e1,100,all_yaw,1089,0.00438726201924,0.00419335578486,-0.000193906234381,-0.0441975504382,0.741902573446,0.749115116173,0.00721254272637,0.00972168446979,1,1,0,0,1,1,0,0,1,1,0,0
heldout,yolo11s,3de5b5d6-68c4-3c95-84ed-be7c83d829f8,100,all_yaw,1200,0.00402502520204,0.00454522182524,0.000520196623196,0.129240587843,0.655347012853,0.635545656554,-0.0198013562993,-0.0302150706587,1,1,0,0,1,1,0,0,0,0,0,
heldout,yolo11s,44adf4c4-6064-362f-94d3-323ed42cfda9,100,all_yaw,935,0.00601875858605,0.00589918238379,-0.000119576202265,-0.019867253447,0.605461181579,0.607803814126,0.00234263254693,0.00386917050705,1,1,0,0,1,1,0,0,0,0,0,
heldout,yolo11s,47286726-5dd4-4e26-bd2d-5324f429e445,100,all_yaw,1996,0.00720774768883,0.00741889023422,0.000211142545393,0.0292938313753,0.612402339842,0.60616970376,-0.006232636082,-0.0101773551087,1,1,0,0,1,1,0,0,0,0,0,
heldout,yolo11s,4e3fedbb-847c-3d5b-8a62-c9ff84550985,100,all_yaw,867,0.00626619671053,0.0055484895595,-0.000717707151036,-0.11453632629,0.555067232027,0.59943404269,0.044366810663,0.0799305167069,1,1,0,0,1,1,0,0,0,0,0,
heldout,yolo11s,52071780-5758-3ed4-8835-0d64ecdc5575,100,all_yaw,2045,0.00469563703198,0.00479450325917,9.88662271946e-05,0.0210549125755,0.620727698525,0.612098425919,-0.00862927260513,-0.0139018649009,1,1,0,0,1,1,0,0,0,0,0,
heldout,yolo11s,58e82365-03bc-3b2f-b55a-a4ad0e3e792d,100,all_yaw,958,0.00547453653674,0.00575202785876,0.000277491322019,0.0506876372377,0.518486855923,0.514264804298,-0.0042220516252,-0.00814302537657,1,1,0,0,1,1,0,0,0,0,0,
heldout,yolo11s,58fed0d4-97d5-469b-89a4-4394838e10c7,100,all_yaw,798,0.00625529346844,0.00626417797001,8.88450157136e-06,0.00142031730664,0.596666525891,0.580787546713,-0.0158789791779,-0.0266128205436,1,1,0,0,1,1,0,0,0,0,0,
heldout,yolo11s,6c932547-4c11-31d7-b8ef-0c16a13dbfc3,100,all_yaw,2126,0.00457538909628,0.00463654276417,6.1153667887e-05,0.0133657852043,0.631442894867,0.625779300518,-0.00566359434898,-0.00896928985189,1,1,0,0,1,1,0,0,0,0,0,
heldout,yolo11s,7039e410-b5ab-35aa-96bc-2c4b89d3c5e3,100,all_yaw,1216,0.00340712140166,0.00337178826123,-3.53331404219e-05,-0.0103703790551,0.635206280591,0.634473452716,-0.000732827874511,-0.00115368486884,1,1,0,0,1,1,0,0,0,0,0,
heldout,yolo11s,78683234-e6f1-3e4e-af52-6f839254e4c0,100,all_yaw,822,0.00507954205795,0.00525189083082,0.000172348772864,0.0339299824467,0.610170152005,0.633768822118,0.0235986701124,0.0386755563753,1,1,0,0,1,1,0,0,0,0,0,
heldout,yolo11s,78da7b7e-8ddf-3c7d-8716-eaa890106dd3,100,all_yaw,1283,0.0043967806873,0.0045876242385,0.000190843551191,0.0434052923637,0.628274428751,0.62448234531,-0.00379208344126,-0.00603571189232,1,1,0,0,1,1,0,0,0,0,0,
heldout,yolo11s,7a2c222d-addc-30b2-aac6-596cb65a22e3,100,all_yaw,187,0.0145846838856,0.0149566155924,0.000371931706822,0.0255015267893,0.567057369172,0.60582830055,0.0387709313788,0.0683721497799,1,1,0,0,1,1,0,0,0,0,0,
heldout,yolo11s,858d739b-a0ba-35aa-bafc-4f7988bcad17,100,all_yaw,1038,0.00667209494797,0.00659870230525,-7.3392642727e-05,-0.0109999397939,0.542703541282,0.529232299455,-0.0134712418278,-0.0248224689966,1,1,0,0,1,1,0,0,0,0,0,
heldout,yolo11s,95bf6003-7068-3a78-a0c0-9e470a06e60f,100,all_yaw,1725,0.00538714240953,0.00554746006678,0.000160317657255,0.0297593130212,0.682343665113,0.671821394436,-0.0105222706765,-0.0154207787285,1,1,0,0,1,1,0,0,0,0,0,
heldout,yolo11s,a7636fca-4d9e-3052-bef2-af0ce5d1df74,100,all_yaw,1187,0.00886666358364,0.00865798192654,-0.000208681657109,-0.0235355334214,0.533105320497,0.540462833453,0.00735751295598,0.0138012371535,1,1,0,0,1,1,0,0,0,0,0,
heldout,yolo11s,a91d4c7b-bf55-3a0e-9eba-1a43577bcca8,100,all_yaw,1451,0.00794821888066,0.00637478377494,-0.00157343510573,-0.197960716652,0.591890465279,0.602924657955,0.0110341926765,0.0186422882674,1,1,0,0,1,1,0,0,0,0,0,
heldout,yolo11s,b19f3c1a-a84a-3a2d-8d1b-8a4ae201020b,100,all_yaw,1833,0.00672388784967,0.00715596566937,0.000432077819697,0.0642601169676,0.562430294878,0.557300543581,-0.00512975129705,-0.00912068809908,1,1,0,0,1,1,0,0,0,0,0,
heldout,yolo11s,b2053fdc-0b94-30bc-aee7-5bc6fb7e9f52,100,all_yaw,1760,0.00531450139525,0.00550067019652,0.000186168801271,0.0350303419692,0.622845777371,0.619990523591,-0.00285525377973,-0.00458420669044,1,1,0,0,1,1,0,0,0,0,0,
heldout,yolo11s,b50c4763-5d1e-37f4-a009-2244aeebabcd,100,all_yaw,717,0.00730175165004,0.00720398011359,-9.77715364449e-05,-0.0133901481632,0.299680389894,0.299139980808,-0.000540409086263,-0.00180328478101,0,0,0,,0,0,0,,0,0,0,
heldout,yolo11s,b87683ae-14c5-321f-8af3-623e7bafc3a7,100,all_yaw,772,0.0082985047378,0.00855553097018,0.000257026232386,0.0309725957274,0.483104528928,0.473649844015,-0.00945468491307,-0.0195706815957,1,1,0,0,0,0,0,,0,0,0,
heldout,yolo11s,c8ec7be0-92aa-3222-946e-fbcf398c841e,100,all_yaw,1093,0.0113715570682,0.0100878144192,-0.00128374264891,-0.112890665827,0.565677584563,0.563150866547,-0.00252671801657,-0.00446671051765,1,1,0,0,1,1,0,0,0,0,0,
heldout,yolo11s,cae56e40-8470-3c9c-af75-6e444189488f,100,all_yaw,1983,0.00484248940179,0.00494444620775,0.000101956805954,0.0210546265556,0.516993274551,0.508701748364,-0.00829152618693,-0.016037976885,1,1,0,0,1,1,0,0,0,0,0,
heldout,yolo11s,d1395998-7e8a-417d-91e9-5ca6ec045ee1,100,all_yaw,995,0.00612924777145,0.00591024959649,-0.000218998174956,-0.0357300248126,0.650197216781,0.646540892845,-0.00365632393565,-0.00562340754664,1,1,0,0,1,1,0,0,0,0,0,
heldout,yolo11s,d3ca0450-2167-38fb-b34b-449741cb38f3,100,all_yaw,556,0.0116029986564,0.00946031921424,-0.00214267944219,-0.184666007955,0.476737499034,0.486197290557,0.00945979152283,0.0198427678586,1,1,0,0,0,0,0,,0,0,0,
heldout,yolo11s,d5d6f11c-3026-3e0e-9d67-c111233e22de,100,all_yaw,1602,0.00387263914548,0.00426267493218,0.000390035786703,0.100715757924,0.59981302367,0.579191220882,-0.0206218027882,-0.0343803851774,1,1,0,0,1,1,0,0,0,0,0,
heldout,yolo11s,da036982-92bf-36a8-b880-4ccf4e20b74e,100,all_yaw,924,0.00902791572558,0.00849365012475,-0.000534265600834,-0.0591792853493,0.455103035883,0.468138689934,0.0130356540513,0.0286433027766,1,1,0,0,0,0,0,,0,0,0,
heldout,yolo11s,dafe14f5-825c-4e7a-9009-6dfdfdd5b030,100,all_yaw,1228,0.00458460565931,0.00456788008414,-1.67255751663e-05,-0.00364820366444,0.514445941681,0.512480248043,-0.00196569363865,-0.00382099163271,1,1,0,0,1,1,0,0,0,0,0,
heldout,yolo11s,e1d68dde-22a9-3918-a526-0850b21ff2eb,100,all_yaw,677,0.0146357961938,0.0133572133391,-0.00127858285474,-0.0873599794506,0.360043664902,0.38904243793,0.0289987730286,0.0805423782044,1,1,0,0,0,0,0,,0,0,0,
heldout,yolo11s,e2e921fe-e489-3656-a0a2-5e17bd399ddf,100,all_yaw,864,0.0045522413979,0.00409767108278,-0.000454570315117,-0.0998563730225,0.728244185572,0.730725786225,0.00248160065294,0.0034076491129,1,1,0,0,1,1,0,0,1,1,0,0
heldout,yolo11s,e50e7698-de3d-355f-aca2-eddd09c09533,100,all_yaw,1862,0.00522131296654,0.00588372995959,0.000662416993054,0.126867896504,0.499646953918,0.486573245039,-0.0130737088792,-0.0261658932905,1,1,0,0,0,0,0,,0,0,0,
heldout,yolo11s,e72ef05c-8b94-3885-a34f-fff3b2b954b4,100,all_yaw,1537,0.00291405343446,0.003180307073,0.000266253638539,0.0913688250842,0.615322467312,0.608993205965,-0.00632926134666,-0.0102860884868,1,1,0,0,1,1,0,0,0,0,0,
heldout,yolo11s,e8c9fd64-fdd2-422d-a2a2-6f47500d1d12,100,all_yaw,1275,0.00821017803914,0.00761258158432,-0.000597596454812,-0.0727872711119,0.584221753629,0.588612905575,0.00439115194614,0.00751624176755,1,1,0,0,1,1,0,0,0,0,0,
heldout,yolo11s,eec284b2-840a-3c75-aa42-04d2e309bbe1,100,all_yaw,656,0.00251851656987,0.00261702388446,9.85073145925e-05,0.0391132287041,0.696736701448,0.702305681382,0.00556897993478,0.00799294758437,1,1,0,0,1,1,0,0,0,1,1,
heldout,yolo11s,f1275002-842e-3571-8f7d-05816bc7cf56,100,all_yaw,1567,0.00511226710046,0.00519850524933,8.62381488646e-05,0.0168688660373,0.620519319219,0.614717621995,-0.00580169722349,-0.00934974471189,1,1,0,0,1,1,0,0,0,0,0,
heldout,yolo11s,f2576c8a-da9b-450e-88cf-a70af1b0eadf,100,all_yaw,597,0.0082496534352,0.00751012019271,-0.000739533242486,-0.0896441587874,0.580104624803,0.569671053325,-0.0104335714781,-0.0179856719494,1,1,0,0,1,1,0,0,0,0,0,
heldout,yolo11s,f292cc5c-7a90-360d-b62a-074c643bdf59,100,all_yaw,1054,0.0046390488148,0.0048353231877,0.000196274372907,0.0423091846503,0.622270273553,0.611745182471,-0.0105250910816,-0.0169140187616,1,1,0,0,1,1,0,0,0,0,0,
heldout,yolo11s,f6cc0ebf-fc6a-3bf2-8bcb-76d8c43f194e,100,all_yaw,1812,0.00519933762587,0.00524232229908,4.29846732064e-05,0.00826733639925,0.65241605656,0.640422540022,-0.011993516538,-0.0183832332412,1,1,0,0,1,1,0,0,0,0,0,
heldout,yolo11s,0b86f508-5df9-4a46-bc59-5b9536dbde9f,100,high_yaw,116,0.00325394904093,0.00332194867919,6.79996382667e-05,0.0208975731984,0.63355207792,0.679094983578,0.045542905658,0.0718850229449,1,1,0,0,1,1,0,0,0,0,0,
heldout,yolo11s,0c3bad78-9f1e-395d-a376-2eb7499229fd,100,high_yaw,351,0.00287794267635,0.00333661121297,0.00045866853662,0.159373756951,0.762014566603,0.738786921738,-0.0232276448643,-0.030481890875,1,1,0,0,1,1,0,0,1,1,0,0
heldout,yolo11s,0fb7276f-ecb5-3e5b-87a8-cc74c709c715,100,high_yaw,1071,0.00363733838133,0.00454124772482,0.000903909343487,0.248508455558,0.605582678788,0.585046749866,-0.0205359289222,-0.0339110242771,1,1,0,0,1,1,0,0,0,0,0,
heldout,yolo11s,15ec0778-826e-3ed7-9775-54fbf66997f4,100,high_yaw,445,0.00430802104389,0.00509984262614,0.000791821582254,0.183801697853,0.59780679545,0.570883629944,-0.0269231655063,-0.0450365665149,1,1,0,0,1,1,0,0,0,0,0,
heldout,yolo11s,19350c96-623d-4d77-af96-f8c23f00c358,100,high_yaw,354,0.00631101784861,0.00642961847381,0.000118600625199,0.0187926302927,0.525789807217,0.536958057785,0.0111682505686,0.0212409035233,1,1,0,0,1,1,0,0,0,0,0,
heldout,yolo11s,1da4a0aa-22ae-3958-856d-05303de1f576,100,high_yaw,56,0.0060113416866,0.0057665169491,-0.0002448247375,-0.040727137179,0.610753590948,0.627801379268,0.0170477883205,0.0279127107449,1,1,0,0,1,1,0,0,0,0,0,
heldout,yolo11s,20dd185d-b4eb-3024-a17a-b4e5d8b15b65,100,high_yaw,926,0.00603082055567,0.00689374285266,0.000862922296991,0.143085387639,0.556342479294,0.544763900781,-0.0115785785124,-0.020811961954,1,1,0,0,1,1,0,0,0,0,0,
heldout,yolo11s,24642607-2a51-384a-90a7-228067956d05,100,high_yaw,229,0.0537747146936,0.0535729852156,-0.000201729477999,-0.00375138165118,0,0,0,,0,0,0,,0,0,0,,0,0,0,
heldout,yolo11s,27c03d98-6ac3-38a3-ba5e-102b184d01ef,100,high_yaw,239,0.00441731334805,0.00468131088332,0.000263997535271,0.0597642762626,0.64640301254,0.645682670854,-0.000720341685907,-0.00111438479081,1,1,0,0,1,1,0,0,0,0,0,
heldout,yolo11s,29a00842-ead2-3050-b587-c5ef507e4125,100,high_yaw,942,0.00544678701065,0.00576485389259,0.000318066881947,0.0583953221093,0.630600692376,0.617090396505,-0.0135102958701,-0.0214244862612,1,1,0,0,1,1,0,0,0,0,0,
heldout,yolo11s,2c652f9e-8db8-3572-aa49-fae1344a875b,100,high_yaw,213,0.0107886579698,0.0115058673282,0.000717209358437,0.0664780884188,0.531374146276,0.536765082275,0.00539093599849,0.0101452734128,1,1,0,0,1,1,0,0,0,0,0,
heldout,yolo11s,36aec72e-5086-376c-b109-295b128e77e1,100,high_yaw,111,0.00360154425185,0.00316142148906,-0.000440122762782,-0.12220390255,0.759142498259,0.77030921274,0.0111667144813,0.0147096421382,1,1,0,0,1,1,0,0,1,1,0,0
heldout,yolo11s,3de5b5d6-68c4-3c95-84ed-be7c83d829f8,100,high_yaw,490,0.00580189957458,0.00654750237026,0.000745602795679,0.128510117436,0.599440629197,0.578852689859,-0.020587939338,-0.0343452517818,1,1,0,0,1,1,0,0,0,0,0,
heldout,yolo11s,44adf4c4-6064-362f-94d3-323ed42cfda9,100,high_yaw,378,0.00533815642197,0.00544618250642,0.00010802608445,0.0202365902965,0.600666724889,0.602066422282,0.00139969739293,0.00233023960698,1,1,0,0,1,1,0,0,0,0,0,
heldout,yolo11s,47286726-5dd4-4e26-bd2d-5324f429e445,100,high_yaw,274,0.00727635817889,0.00735143691376,7.50787348722e-05,0.0103181747004,0.563425270553,0.545096245187,-0.0183290253664,-0.0325314222211,1,1,0,0,1,1,0,0,0,0,0,
heldout,yolo11s,4e3fedbb-847c-3d5b-8a62-c9ff84550985,100,high_yaw,51,0.006284581053,0.00528415197424,-0.00100042907876,-0.159187871128,0.499713925404,0.590911375668,0.0911974502638,0.182499317365,1,1,0,0,0,1,1,,0,0,0,
heldout,yolo11s,52071780-5758-3ed4-8835-0d64ecdc5575,100,high_yaw,166,0.00386526848744,0.00410122811329,0.00023595962585,0.061046115326,0.601538529851,0.59577292252,-0.00576560733157,-0.00958476813279,1,1,0,0,1,1,0,0,0,0,0,
heldout,yolo11s,58e82365-03bc-3b2f-b55a-a4ad0e3e792d,100,high_yaw,53,0.00445861191499,0.00498088308217,0.000522271167182,0.11713761528,0.467975511303,0.478324339918,0.0103488286154,0.0221140388021,1,1,0,0,0,0,0,,0,0,0,
heldout,yolo11s,58fed0d4-97d5-469b-89a4-4394838e10c7,100,high_yaw,1,0.0140444640857,0.0134914544345,-0.000553009651179,-0.0393756321213,0.543777267731,0.504988867513,-0.0387884002186,-0.0713314118122,1,1,0,0,1,1,0,0,0,0,0,
heldout,yolo11s,6c932547-4c11-31d7-b8ef-0c16a13dbfc3,100,high_yaw,763,0.00508189217291,0.00523974867834,0.000157856505431,0.0310625452213,0.625485976053,0.613037864738,-0.0124481113145,-0.0199015034566,1,1,0,0,1,1,0,0,0,0,0,
heldout,yolo11s,7039e410-b5ab-35aa-96bc-2c4b89d3c5e3,100,high_yaw,162,0.00336548524141,0.00423136045862,0.000865875217212,0.257280943193,0.638603499939,0.652734089738,0.0141305897986,0.022127329086,1,1,0,0,1,1,0,0,0,0,0,
heldout,yolo11s,78683234-e6f1-3e4e-af52-6f839254e4c0,100,high_yaw,160,0.00531602054294,0.00537465309549,5.86325525563e-05,0.011029406693,0.512936526778,0.480793126534,-0.0321434002442,-0.0626654538449,1,1,0,0,1,0,-1,-1,0,0,0,
heldout,yolo11s,78da7b7e-8ddf-3c7d-8716-eaa890106dd3,100,high_yaw,105,0.00197133028518,0.00279688093129,0.000825550646116,0.418778452461,0.661337265114,0.631464522596,-0.0298727425174,-0.0451702090494,1,1,0,0,1,1,0,0,0,0,0,
heldout,yolo11s,7a2c222d-addc-30b2-aac6-596cb65a22e3,100,high_yaw,100,0.0124373923302,0.0118944408569,-0.000542951473304,-0.0436547677269,0.533061588159,0.576437293254,0.0433757050952,0.0813709073375,1,1,0,0,1,1,0,0,0,0,0,
heldout,yolo11s,858d739b-a0ba-35aa-bafc-4f7988bcad17,100,high_yaw,503,0.00740552992173,0.00762370076266,0.000218170840929,0.0294605306082,0.512345083722,0.50680164332,-0.00554344040208,-0.0108197396212,1,1,0,0,1,1,0,0,0,0,0,
heldout,yolo11s,95bf6003-7068-3a78-a0c0-9e470a06e60f,100,high_yaw,657,0.0057143924879,0.0062296291869,0.000515236699003,0.090164737563,0.678238047267,0.665774309316,-0.0124637379513,-0.0183766422445,1,1,0,0,1,1,0,0,0,0,0,
heldout,yolo11s,a7636fca-4d9e-3052-bef2-af0ce5d1df74,100,high_yaw,920,0.00991376672987,0.00964620374067,-0.000267562989194,-0.026989034187,0.53813756184,0.540497119673,0.00235955783373,0.00438467410761,1,1,0,0,1,1,0,0,0,0,0,
heldout,yolo11s,a91d4c7b-bf55-3a0e-9eba-1a43577bcca8,100,high_yaw,351,0.00888307705984,0.00776902291976,-0.00111405414008,-0.125413089696,0.547993986058,0.548532762534,0.000538776475928,0.000983179541447,1,1,0,0,1,1,0,0,0,0,0,
heldout,yolo11s,b2053fdc-0b94-30bc-aee7-5bc6fb7e9f52,100,high_yaw,539,0.00481551023012,0.00516117720905,0.000345666978927,0.0717820048984,0.636067287978,0.632840083294,-0.00322720468376,-0.00507368441163,1,1,0,0,1,1,0,0,0,0,0,
heldout,yolo11s,b50c4763-5d1e-37f4-a009-2244aeebabcd,100,high_yaw,184,0.00803602419326,0.00842867575001,0.000392651556756,0.048861420438,0.27693976444,0.275564714284,-0.00137505015681,-0.0049651596967,0,0,0,,0,0,0,,0,0,0,
heldout,yolo11s,b87683ae-14c5-321f-8af3-623e7bafc3a7,100,high_yaw,538,0.00820023876595,0.00888010494355,0.000679866177603,0.0829080953625,0.467283650236,0.462450471354,-0.00483317888193,-0.0103431371491,1,1,0,0,0,0,0,,0,0,0,
heldout,yolo11s,c8ec7be0-92aa-3222-946e-fbcf398c841e,100,high_yaw,476,0.00640508184097,0.0061954154231,-0.000209666417868,-0.0327343854573,0.571203851696,0.575009302094,0.00380545039818,0.00666215815401,1,1,0,0,1,1,0,0,0,0,0,
heldout,yolo11s,cae56e40-8470-3c9c-af75-6e444189488f,100,high_yaw,168,0.00435458304015,0.00485040728197,0.000495824241823,0.113862621806,0.570339385323,0.555872756274,-0.014466629049,-0.025364948347,1,1,0,0,1,1,0,0,0,0,0,
heldout,yolo11s,d3ca0450-2167-38fb-b34b-449741cb38f3,100,high_yaw,375,0.0181389202878,0.0175626102466,-0.000576310041163,-0.0317720146524,0.249218467355,0.284871358586,0.0356528912309,0.143058785367,0,0,0,,0,0,0,,0,0,0,
heldout,yolo11s,da036982-92bf-36a8-b880-4ccf4e20b74e,100,high_yaw,467,0.00905859559712,0.00883871450897,-0.000219881088148,-0.0242731983993,0.405515314908,0.405255521748,-0.000259793160447,-0.000640649442564,1,1,0,0,0,0,0,,0,0,0,
heldout,yolo11s,dafe14f5-825c-4e7a-9009-6dfdfdd5b030,100,high_yaw,286,0.00507440203504,0.00467872425763,-0.000395677777406,-0.0779752519949,0.52352642515,0.535159332836,0.011632907686,0.0222202875101,1,1,0,0,1,1,0,0,0,0,0,
heldout,yolo11s,e1d68dde-22a9-3918-a526-0850b21ff2eb,100,high_yaw,218,0.0115473143674,0.0108351747599,-0.000712139607525,-0.0616714488639,0.37296544961,0.378622116338,0.00565666672822,0.015166731219,1,1,0,0,0,0,0,,0,0,0,
heldout,yolo11s,e50e7698-de3d-355f-aca2-eddd09c09533,100,high_yaw,786,0.00468666250031,0.0055678365262,0.000881174025886,0.188017384616,0.539053954854,0.513717798436,-0.0253361564182,-0.047001151165,1,1,0,0,1,1,0,0,0,0,0,
heldout,yolo11s,eec284b2-840a-3c75-aa42-04d2e309bbe1,100,high_yaw,46,0.0031150632564,0.00322040036334,0.000105337106935,0.0338153990029,0.781745711275,0.760531330803,-0.0212143804715,-0.0271371881746,1,1,0,0,1,1,0,0,1,1,0,0
heldout,yolo11s,f1275002-842e-3571-8f7d-05816bc7cf56,100,high_yaw,36,0.00490094819885,0.00552479121186,0.000623843013012,0.127290268679,0.518688555706,0.563513668729,0.0448251130224,0.0864200926149,1,1,0,0,0.5,1,0.5,1,0,0,0,
heldout,yolo11s,f2576c8a-da9b-450e-88cf-a70af1b0eadf,100,high_yaw,168,0.0077444170758,0.00499992842267,-0.00274448865314,-0.354382857518,0.719291426393,0.740086604429,0.0207951780353,0.0289106435475,1,1,0,0,1,1,0,0,1,1,0,0
heldout,yolo11s,f292cc5c-7a90-360d-b62a-074c643bdf59,100,high_yaw,573,0.00423654645741,0.00457727105873,0.000340724601317,0.0804250831998,0.648325538327,0.634794973652,-0.0135305646755,-0.0208700164895,1,1,0,0,1,1,0,0,0,0,0,
heldout,yolo11s,0b86f508-5df9-4a46-bc59-5b9536dbde9f,200,all_yaw,1510,0.0062977875354,0.00610908601414,-0.000188701521256,-0.0299631450244,0.550904876481,0.602174099458,0.0512692229764,0.0930636579292,1,1,0,0,1,1,0,0,0,0,0,
heldout,yolo11s,0c3bad78-9f1e-395d-a376-2eb7499229fd,200,all_yaw,845,0.00302368666051,0.00409633873063,0.00107265207011,0.35474974445,0.753553136167,0.695142223034,-0.0584109131328,-0.0775139938106,1,1,0,0,1,1,0,0,1,0,-1,-1
heldout,yolo11s,0fb7276f-ecb5-3e5b-87a8-cc74c709c715,200,all_yaw,1387,0.00405640996092,0.00571798207222,0.0016615721113,0.409616416316,0.587311381781,0.544702466951,-0.0426089148301,-0.0725491045327,1,1,0,0,1,1,0,0,0,0,0,
heldout,yolo11s,15ec0778-826e-3ed7-9775-54fbf66997f4,200,all_yaw,685,0.00467305643879,0.00582746046728,0.00115440402849,0.247034043695,0.59596789266,0.556440332008,-0.0395275606521,-0.0663249835082,1,1,0,0,1,1,0,0,0,0,0,
heldout,yolo11s,182ba3f7-b89a-36cc-ae40-32a341b0d3e9,200,all_yaw,652,0.00323202134735,0.00390254197033,0.00067052062298,0.207461693757,0.67216457618,0.64823222873,-0.0239323474503,-0.0356048924599,1,1,0,0,1,1,0,0,0,0,0,
heldout,yolo11s,19350c96-623d-4d77-af96-f8c23f00c358,200,all_yaw,890,0.00658141202018,0.00691937548486,0.000337963464672,0.0513512090773,0.517966453651,0.519523916969,0.00155746331805,0.00300688067166,1,1,0,0,1,1,0,0,0,0,0,
heldout,yolo11s,1da4a0aa-22ae-3958-856d-05303de1f576,200,all_yaw,1726,0.00694781559004,0.00696952357694,2.17079869016e-05,0.00312443337338,0.56979435633,0.554969795458,-0.0148245608722,-0.026017388041,1,1,0,0,1,1,0,0,0,0,0,
heldout,yolo11s,20dd185d-b4eb-3024-a17a-b4e5d8b15b65,200,all_yaw,1270,0.00655826039248,0.00853771005325,0.00197944966077,0.301825414411,0.516656148327,0.485214174012,-0.031441974315,-0.0608566730829,1,1,0,0,1,0,-1,-1,0,0,0,
heldout,yolo11s,24642607-2a51-384a-90a7-228067956d05,200,all_yaw,1075,0.0173221322653,0.018278620336,0.000956488070716,0.0552176866027,0.327867938584,0.320794872451,-0.00707306613318,-0.0215729118368,1,1,0,0,0,0,0,,0,0,0,
heldout,yolo11s,27c03d98-6ac3-38a3-ba5e-102b184d01ef,200,all_yaw,581,0.00516659442725,0.00600931100981,0.000842716582561,0.163108715892,0.616703154995,0.616305453979,-0.000397701016302,-0.000644882409115,1,1,0,0,1,1,0,0,0,0,0,
heldout,yolo11s,29a00842-ead2-3050-b587-c5ef507e4125,200,all_yaw,2081,0.0055358911451,0.00649173318845,0.000955842043346,0.172662723723,0.588058326236,0.553605417355,-0.0344529088805,-0.058587570898,1,1,0,0,1,1,0,0,0,0,0,
heldout,yolo11s,2c652f9e-8db8-3572-aa49-fae1344a875b,200,all_yaw,1024,0.0168589188709,0.0141100224758,-0.0027488963951,-0.163052946405,0.438938196993,0.447470459061,0.00853226206825,0.0194384132589,1,1,0,0,0,0,0,,0,0,0,
heldout,yolo11s,36aec72e-5086-376c-b109-295b128e77e1,200,all_yaw,1077,0.00573570857833,0.00511975819585,-0.00061595038248,-0.107388716506,0.704315403039,0.716562937099,0.0122475340598,0.0173892747581,1,1,0,0,1,1,0,0,1,1,0,0
heldout,yolo11s,3de5b5d6-68c4-3c95-84ed-be7c83d829f8,200,all_yaw,1174,0.00417875814599,0.00534979788091,0.00117103973492,0.28023630323,0.637275653197,0.595994186809,-0.0412814663886,-0.0647780378577,1,1,0,0,1,1,0,0,0,0,0,
heldout,yolo11s,44adf4c4-6064-362f-94d3-323ed42cfda9,200,all_yaw,919,0.00647916008485,0.00664807289532,0.000168912810468,0.0260701708642,0.591824690632,0.58966993701,-0.00215475362243,-0.00364086469614,1,1,0,0,1,1,0,0,0,0,0,
heldout,yolo11s,47286726-5dd4-4e26-bd2d-5324f429e445,200,all_yaw,1985,0.00726067140739,0.00786545692795,0.000604785520554,0.083296087458,0.61046285617,0.592157314374,-0.0183055417966,-0.0299863318653,1,1,0,0,1,1,0,0,0,0,0,
heldout,yolo11s,4e3fedbb-847c-3d5b-8a62-c9ff84550985,200,all_yaw,856,0.00825561472224,0.00636251630473,-0.00189309841751,-0.229310412513,0.502969463274,0.581291855406,0.0783223921323,0.155719974772,1,1,0,0,1,1,0,0,0,0,0,
heldout,yolo11s,52071780-5758-3ed4-8835-0d64ecdc5575,200,all_yaw,2008,0.0050688355187,0.00554347171368,0.000474636194981,0.0936381133753,0.603882083233,0.591207727785,-0.012674355448,-0.0209881296365,1,1,0,0,1,1,0,0,0,0,0,
heldout,yolo11s,58e82365-03bc-3b2f-b55a-a4ad0e3e792d,200,all_yaw,945,0.00587720937434,0.00651175739294,0.000634548018604,0.107967570693,0.513824518642,0.503832479306,-0.00999203933513,-0.0194464043124,1,1,0,0,1,1,0,0,0,0,0,
heldout,yolo11s,58fed0d4-97d5-469b-89a4-4394838e10c7,200,all_yaw,786,0.00638096332474,0.00699539007603,0.000614426751286,0.0962905943847,0.591578126777,0.550256834821,-0.0413212919566,-0.0698492558907,1,1,0,0,1,1,0,0,0,0,0,
heldout,yolo11s,6c932547-4c11-31d7-b8ef-0c16a13dbfc3,200,all_yaw,2095,0.00497896513727,0.00553643734223,0.000557472204954,0.111965476677,0.616730600882,0.600508521536,-0.0162220793459,-0.02630334756,1,1,0,0,1,1,0,0,0,0,0,
heldout,yolo11s,7039e410-b5ab-35aa-96bc-2c4b89d3c5e3,200,all_yaw,1196,0.00382567490692,0.00429372724055,0.000468052333625,0.122345035847,0.613673922344,0.604227678099,-0.00944624424535,-0.0153929373588,1,1,0,0,1,1,0,0,0,0,0,
heldout,yolo11s,78683234-e6f1-3e4e-af52-6f839254e4c0,200,all_yaw,812,0.00526831433887,0.00555158664375,0.000283272304881,0.053769059069,0.579444159784,0.616047184921,0.0366030251371,0.063169201931,1,1,0,0,1,1,0,0,0,0,0,
heldout,yolo11s,78da7b7e-8ddf-3c7d-8716-eaa890106dd3,200,all_yaw,1262,0.00473999540297,0.00532044888249,0.000580453479526,0.122458658749,0.610432778694,0.594042492284,-0.0163902864102,-0.0268502724333,1,1,0,0,1,1,0,0,0,0,0,
heldout,yolo11s,7a2c222d-addc-30b2-aac6-596cb65a22e3,200,all_yaw,182,0.0173009244106,0.0159239245667,-0.00137699984393,-0.0795911138185,0.545379113846,0.577257840047,0.0318787262004,0.0584524148267,1,1,0,0,1,1,0,0,0,0,0,
heldout,yolo11s,858d739b-a0ba-35aa-bafc-4f7988bcad17,200,all_yaw,1021,0.00755852231906,0.00760014363503,4.16213159694e-05,0.00550654138633,0.518634799448,0.511054438806,-0.00758036064199,-0.014615989228,1,1,0,0,1,1,0,0,0,0,0,
heldout,yolo11s,95bf6003-7068-3a78-a0c0-9e470a06e60f,200,all_yaw,1700,0.00551189519933,0.00591620236756,0.00040430716823,0.0733517517313,0.678802579968,0.650458154927,-0.0283444250412,-0.041756507529,1,1,0,0,1,1,0,0,0,0,0,
heldout,yolo11s,a7636fca-4d9e-3052-bef2-af0ce5d1df74,200,all_yaw,1160,0.00971075571871,0.00988407595737,0.000173320238662,0.017848275014,0.494647005288,0.495158905521,0.000511900232988,0.00103487987902,1,1,0,0,0,0,0,,0,0,0,
heldout,yolo11s,a91d4c7b-bf55-3a0e-9eba-1a43577bcca8,200,all_yaw,1422,0.0116587859564,0.00809508675165,-0.00356369920476,-0.30566640627,0.529958865673,0.55551950047,0.0255606347975,0.0482313561546,1,1,0,0,1,1,0,0,0,0,0,
heldout,yolo11s,b19f3c1a-a84a-3a2d-8d1b-8a4ae201020b,200,all_yaw,1817,0.00712371532427,0.00801476829987,0.0008910529756,0.125082619818,0.546195297637,0.524635433399,-0.0215598642377,-0.039472811888,1,1,0,0,1,1,0,0,0,0,0,
heldout,yolo11s,b2053fdc-0b94-30bc-aee7-5bc6fb7e9f52,200,all_yaw,1727,0.00554346056336,0.00631824503176,0.000774784468401,0.139765487559,0.605687017814,0.590732939062,-0.0149540787521,-0.0246894490262,1,1,0,0,1,1,0,0,0,0,0,
heldout,yolo11s,b50c4763-5d1e-37f4-a009-2244aeebabcd,200,all_yaw,703,0.00752390053385,0.00756232662789,3.84260940427e-05,0.00510720388578,0.293426988546,0.283126203917,-0.010300784629,-0.0351051029082,0,0,0,,0,0,0,,0,0,0,
heldout,yolo11s,b87683ae-14c5-321f-8af3-623e7bafc3a7,200,all_yaw,758,0.00964311014472,0.0103106950621,0.000667584917384,0.0692292120867,0.463424355009,0.428640139231,-0.0347842157778,-0.0750591016674,1,1,0,0,0,0,0,,0,0,0,
heldout,yolo11s,c8ec7be0-92aa-3222-946e-fbcf398c841e,200,all_yaw,1070,0.0135977448648,0.0115452041351,-0.00205254072977,-0.150947142351,0.566551694003,0.534597126217,-0.0319545677864,-0.0564018572791,1,1,0,0,1,1,0,0,0,0,0,
heldout,yolo11s,cae56e40-8470-3c9c-af75-6e444189488f,200,all_yaw,1945,0.00499409536415,0.00553331064222,0.000539215278072,0.107970560984,0.512690344933,0.491588029555,-0.0211023153782,-0.0411599625129,1,1,0,0,1,0,-1,-1,0,0,0,
heldout,yolo11s,d1395998-7e8a-417d-91e9-5ca6ec045ee1,200,all_yaw,979,0.00697105265497,0.00624753425488,-0.00072351840009,-0.103788973617,0.633613021758,0.631759957672,-0.00185306408631,-0.00292459912072,1,1,0,0,1,1,0,0,0,0,0,
heldout,yolo11s,d3ca0450-2167-38fb-b34b-449741cb38f3,200,all_yaw,547,0.0168245793019,0.0121911895027,-0.00463338979918,-0.275394095509,0.374753460841,0.440239700144,0.065486239303,0.17474485534,1,1,0,0,0,0,0,,0,0,0,
heldout,yolo11s,d5d6f11c-3026-3e0e-9d67-c111233e22de,200,all_yaw,1565,0.00416898140432,0.00525773831378,0.00108875690946,0.26115657612,0.58895227682,0.547461625407,-0.0414906514131,-0.070448240114,1,1,0,0,1,1,0,0,0,0,0,
heldout,yolo11s,da036982-92bf-36a8-b880-4ccf4e20b74e,200,all_yaw,900,0.0104493288468,0.0101134240086,-0.00033590483814,-0.032146068237,0.405564612596,0.432893971778,0.0273293591823,0.0673859561054,1,1,0,0,0,0,0,,0,0,0,
heldout,yolo11s,dafe14f5-825c-4e7a-9009-6dfdfdd5b030,200,all_yaw,1206,0.00481586436825,0.00506739532863,0.000251530960379,0.0522296603777,0.489910759166,0.497773990224,0.0078632310583,0.0160503334764,1,1,0,0,0,0,0,,0,0,0,
heldout,yolo11s,e1d68dde-22a9-3918-a526-0850b21ff2eb,200,all_yaw,660,0.0202412386678,0.015492993756,-0.00474824491187,-0.234582724397,0.277941456199,0.344011929788,0.066070473589,0.237713633988,0,1,1,,0,0,0,,0,0,0,
heldout,yolo11s,e2e921fe-e489-3656-a0a2-5e17bd399ddf,200,all_yaw,847,0.00594768329604,0.00492071023754,-0.0010269730585,-0.172667744294,0.669319729265,0.699772457636,0.030452728371,0.0454980288783,1,1,0,0,1,1,0,0,0,0,0,
heldout,yolo11s,e50e7698-de3d-355f-aca2-eddd09c09533,200,all_yaw,1828,0.00539520525211,0.00690821955212,0.00151301430001,0.280436837769,0.49692802591,0.464648205904,-0.0322798200058,-0.0649587431635,1,1,0,0,0,0,0,,0,0,0,
heldout,yolo11s,e72ef05c-8b94-3885-a34f-fff3b2b954b4,200,all_yaw,1525,0.00298156228781,0.00352679448136,0.000545232193554,0.182867953416,0.605716683455,0.573510285931,-0.0322063975248,-0.0531707288315,1,1,0,0,1,1,0,0,0,0,0,
heldout,yolo11s,e8c9fd64-fdd2-422d-a2a2-6f47500d1d12,200,all_yaw,1259,0.00907112627906,0.0083014923027,-0.000769633976365,-0.0848443680188,0.537701441197,0.568886742362,0.0311853011646,0.0579974290103,1,1,0,0,1,1,0,0,0,0,0,
heldout,yolo11s,eec284b2-840a-3c75-aa42-04d2e309bbe1,200,all_yaw,646,0.00319383348908,0.00333809702827,0.000144263539185,0.0451693989927,0.673119425893,0.672694454993,-0.000424970899341,-0.000631345468565,1,1,0,0,1,1,0,0,0,0,0,
heldout,yolo11s,f1275002-842e-3571-8f7d-05816bc7cf56,200,all_yaw,1547,0.00558033962743,0.00589691332158,0.00031657369415,0.0567301840544,0.619162578667,0.594683057948,-0.0244795207193,-0.0395364990758,1,1,0,0,1,1,0,0,0,0,0,
heldout,yolo11s,f2576c8a-da9b-450e-88cf-a70af1b0eadf,200,all_yaw,592,0.00934547263472,0.00889733532291,-0.000448137311814,-0.0479523432714,0.57080370126,0.54603157225,-0.0247721290103,-0.0433986832174,1,1,0,0,1,1,0,0,0,0,0,
heldout,yolo11s,f292cc5c-7a90-360d-b62a-074c643bdf59,200,all_yaw,1028,0.00521737522652,0.00567387873375,0.000456503507227,0.0874967751804,0.60198472841,0.578704238443,-0.0232804899664,-0.0386728913005,1,1,0,0,1,1,0,0,0,0,0,
heldout,yolo11s,f6cc0ebf-fc6a-3bf2-8bcb-76d8c43f194e,200,all_yaw,1792,0.00594987349024,0.00596918215293,1.93086626913e-05,0.00324522239388,0.599763880495,0.601485231497,0.00172135100133,0.00287004779265,1,1,0,0,1,1,0,0,0,0,0,
heldout,yolo11s,0b86f508-5df9-4a46-bc59-5b9536dbde9f,200,high_yaw,133,0.0041071214904,0.00428443343731,0.000177311946901,0.0431718290573,0.620167986811,0.635503675288,0.0153356884775,0.0247282813749,1,1,0,0,1,1,0,0,0,0,0,
heldout,yolo11s,0c3bad78-9f1e-395d-a376-2eb7499229fd,200,high_yaw,352,0.00291425696239,0.00418796401914,0.00127370705675,0.437060654975,0.757976457981,0.697074199194,-0.0609022587869,-0.0803484833145,1,1,0,0,1,1,0,0,1,0,-1,-1
heldout,yolo11s,0fb7276f-ecb5-3e5b-87a8-cc74c709c715,200,high_yaw,1043,0.00381012218936,0.00581213026624,0.00200200807688,0.525444586128,0.592654714894,0.533471815394,-0.0591828995004,-0.0998606743743,1,1,0,0,1,1,0,0,0,0,0,
heldout,yolo11s,15ec0778-826e-3ed7-9775-54fbf66997f4,200,high_yaw,440,0.00440963749853,0.00581545606404,0.0014058185655,0.318805925878,0.595717786342,0.535218137106,-0.0604996492356,-0.101557567396,1,1,0,0,1,1,0,0,0,0,0,
heldout,yolo11s,19350c96-623d-4d77-af96-f8c23f00c358,200,high_yaw,334,0.006782792334,0.00712759903236,0.000344806698358,0.0508355086488,0.483875920393,0.511782475041,0.0279065546483,0.0576729559627,1,1,0,0,0,1,1,,0,0,0,
heldout,yolo11s,1da4a0aa-22ae-3958-856d-05303de1f576,200,high_yaw,32,0.00777344882783,0.00673293214568,-0.00104051668215,-0.133855217317,0.554645692878,0.562852396253,0.00820670337529,0.0147962987555,1,1,0,0,1,1,0,0,0,0,0,
heldout,yolo11s,20dd185d-b4eb-3024-a17a-b4e5d8b15b65,200,high_yaw,916,0.00685859023024,0.00914165148343,0.00228306125319,0.332876170838,0.518152139707,0.477183572839,-0.0409685668687,-0.0790666750731,1,1,0,0,1,0,-1,-1,0,0,0,
heldout,yolo11s,24642607-2a51-384a-90a7-228067956d05,200,high_yaw,230,0.0524224670602,0.0544571892532,0.00203472219295,0.0388139343119,0,0,0,,0,0,0,,0,0,0,,0,0,0,
heldout,yolo11s,27c03d98-6ac3-38a3-ba5e-102b184d01ef,200,high_yaw,224,0.00436652661481,0.00566911464177,0.00130258802695,0.298312169342,0.637110075021,0.622981666745,-0.0141284082758,-0.0221757728055,1,1,0,0,1,1,0,0,0,0,0,
heldout,yolo11s,29a00842-ead2-3050-b587-c5ef507e4125,200,high_yaw,924,0.00570261684426,0.00654841507497,0.00084579823071,0.148317562587,0.623190147185,0.589779246138,-0.0334109010466,-0.0536126914033,1,1,0,0,1,1,0,0,0,0,0,
heldout,yolo11s,2c652f9e-8db8-3572-aa49-fae1344a875b,200,high_yaw,186,0.0111182059139,0.0114834500909,0.000365244176982,0.0328509995057,0.472648510709,0.517918257261,0.0452697465517,0.0957788833054,1,1,0,0,0,1,1,,0,0,0,
heldout,yolo11s,36aec72e-5086-376c-b109-295b128e77e1,200,high_yaw,95,0.00493890920739,0.00403174331647,-0.000907165890922,-0.1836773775,0.756660416886,0.747906147831,-0.00875426905506,-0.0115696141356,1,1,0,0,1,1,0,0,1,1,0,0
heldout,yolo11s,3de5b5d6-68c4-3c95-84ed-be7c83d829f8,200,high_yaw,471,0.00582720453093,0.0080790149633,0.00225181043237,0.386430649622,0.58790272188,0.555418135262,-0.0324845866178,-0.0552550369454,1,1,0,0,1,1,0,0,0,0,0,
heldout,yolo11s,44adf4c4-6064-362f-94d3-323ed42cfda9,200,high_yaw,367,0.00609459283663,0.00594696405061,-0.000147628786022,-0.0242229120106,0.576114073245,0.568443196706,-0.00767087653901,-0.0133148570661,1,1,0,0,1,1,0,0,0,0,0,
heldout,yolo11s,47286726-5dd4-4e26-bd2d-5324f429e445,200,high_yaw,282,0.0071754081167,0.00786111675956,0.000685708642857,0.0955637131303,0.564026665435,0.533707660843,-0.0303190045919,-0.0537545588709,1,1,0,0,1,1,0,0,0,0,0,
heldout,yolo11s,4e3fedbb-847c-3d5b-8a62-c9ff84550985,200,high_yaw,56,0.00876593081897,0.00593270380113,-0.00283322701784,-0.323208918294,0.457075184434,0.50853809178,0.0514629073452,0.112591777234,1,1,0,0,0,0.5,0.5,,0,0,0,
heldout,yolo11s,52071780-5758-3ed4-8835-0d64ecdc5575,200,high_yaw,146,0.00374588396544,0.00450871448142,0.000762830515983,0.203644993551,0.587873067764,0.579298013336,-0.0085750544276,-0.0145865747179,1,1,0,0,1,1,0,0,0,0,0,
heldout,yolo11s,58e82365-03bc-3b2f-b55a-a4ad0e3e792d,200,high_yaw,60,0.0047774036666,0.00617663603826,0.00139923237166,0.292885523038,0.501317400078,0.522097152469,0.02077975239,0.0414502915454,1,1,0,0,0.5,0.5,0,0,0,0,0,
heldout,yolo11s,58fed0d4-97d5-469b-89a4-4394838e10c7,200,high_yaw,1,0.0190511867473,0.010718106428,-0.00833308031935,-0.437404788997,0.437079015425,0.567842189091,0.130763173666,0.299175135505,1,1,0,0,0,1,1,,0,0,0,
heldout,yolo11s,6c932547-4c11-31d7-b8ef-0c16a13dbfc3,200,high_yaw,741,0.00564014614916,0.00636443452071,0.000724288371556,0.128416596379,0.612633846383,0.582555204054,-0.0300786423299,-0.0490972585133,1,1,0,0,1,1,0,0,0,0,0,
heldout,yolo11s,7039e410-b5ab-35aa-96bc-2c4b89d3c5e3,200,high_yaw,161,0.00320663845267,0.00551901008409,0.00231237163142,0.72112015918,0.623649141319,0.6174791569,-0.0061699844196,-0.0098933583177,1,1,0,0,1,1,0,0,0,0,0,
heldout,yolo11s,78683234-e6f1-3e4e-af52-6f839254e4c0,200,high_yaw,161,0.00564008388308,0.00583456454078,0.000194480657696,0.0344818732713,0.485286161521,0.456563705777,-0.028722455744,-0.0591866367134,1,1,0,0,0,0,0,,0,0,0,
heldout,yolo11s,78da7b7e-8ddf-3c7d-8716-eaa890106dd3,200,high_yaw,115,0.00207212887785,0.00400823620978,0.00193610733193,0.934356618754,0.665591971401,0.575324887863,-0.0902670835384,-0.135619249355,1,1,0,0,1,1,0,0,0,0,0,
heldout,yolo11s,7a2c222d-addc-30b2-aac6-596cb65a22e3,200,high_yaw,95,0.0133281729397,0.0138245666068,0.000496393667097,0.0372439395363,0.503097978695,0.549534854775,0.046436876081,0.0923018538088,1,1,0,0,1,1,0,0,0,0,0,
heldout,yolo11s,858d739b-a0ba-35aa-bafc-4f7988bcad17,200,high_yaw,484,0.00832974976298,0.00839127663026,6.15268672835e-05,0.0073864004363,0.500784226851,0.491592311754,-0.00919191509757,-0.0183550411629,1,1,0,0,0.5,0,-0.5,-1,0,0,0,
heldout,yolo11s,95bf6003-7068-3a78-a0c0-9e470a06e60f,200,high_yaw,632,0.00578577327311,0.00685111914919,0.00106534587608,0.184131977834,0.661287997799,0.629627381387,-0.0316606164116,-0.0478771980091,1,1,0,0,1,1,0,0,0,0,0,
heldout,yolo11s,a7636fca-4d9e-3052-bef2-af0ce5d1df74,200,high_yaw,909,0.0105880249877,0.0114310966018,0.000843071614155,0.0796250117598,0.484886534202,0.482549201924,-0.0023373322777,-0.00482036953562,1,1,0,0,0,0,0,,0,0,0,
heldout,yolo11s,a91d4c7b-bf55-3a0e-9eba-1a43577bcca8,200,high_yaw,364,0.0124869539262,0.0099772363163,-0.00250971760993,-0.200987176277,0.484197211955,0.509985296781,0.0257880848264,0.0532594657502,1,1,0,0,0,1,1,,0,0,0,
heldout,yolo11s,b2053fdc-0b94-30bc-aee7-5bc6fb7e9f52,200,high_yaw,540,0.00495138032845,0.00579690491343,0.000845524584979,0.170765428808,0.627614472425,0.599331334281,-0.028283138144,-0.045064509164,1,1,0,0,1,1,0,0,0,0,0,
heldout,yolo11s,b50c4763-5d1e-37f4-a009-2244aeebabcd,200,high_yaw,185,0.00820066212669,0.00922727310966,0.00102661098297,0.125186352896,0.268321557687,0.250831766252,-0.0174897914346,-0.0651822074433,0,0,0,,0,0,0,,0,0,0,
heldout,yolo11s,b87683ae-14c5-321f-8af3-623e7bafc3a7,200,high_yaw,514,0.00995548767715,0.0107726880063,0.00081720032914,0.0820854141596,0.409497772788,0.391756934717,-0.0177408380708,-0.043323405522,1,1,0,0,0,0,0,,0,0,0,
heldout,yolo11s,c8ec7be0-92aa-3222-946e-fbcf398c841e,200,high_yaw,451,0.00705862052255,0.00730000544962,0.000241384927071,0.034197181489,0.567494964278,0.532998014218,-0.0344969500601,-0.0607881166029,1,1,0,0,1,1,0,0,0,0,0,
heldout,yolo11s,cae56e40-8470-3c9c-af75-6e444189488f,200,high_yaw,156,0.00447163379389,0.00550526640229,0.0010336326084,0.231153233035,0.553491133377,0.530120664774,-0.0233704686031,-0.0422237452305,1,1,0,0,1,1,0,0,0,0,0,
heldout,yolo11s,d3ca0450-2167-38fb-b34b-449741cb38f3,200,high_yaw,373,0.0193104006408,0.0182880127751,-0.00102238786572,-0.0529449328752,0.191410181026,0.284789195825,0.0933790147999,0.487847690753,0,0,0,,0,0,0,,0,0,0,
heldout,yolo11s,da036982-92bf-36a8-b880-4ccf4e20b74e,200,high_yaw,439,0.0114595932029,0.0107823121804,-0.000677281022481,-0.0591016636009,0.392763090882,0.364359477374,-0.0284036135082,-0.0723174202659,1,1,0,0,0,0,0,,0,0,0,
heldout,yolo11s,dafe14f5-825c-4e7a-9009-6dfdfdd5b030,200,high_yaw,263,0.0055997269726,0.00518883175404,-0.000410895218553,-0.0733777236933,0.499401704715,0.517754939254,0.0183532345389,0.036750444313,1,1,0,0,0,1,1,,0,0,0,
heldout,yolo11s,e1d68dde-22a9-3918-a526-0850b21ff2eb,200,high_yaw,211,0.0168792706229,0.0124385369023,-0.00444073372059,-0.263088010128,0.289887224693,0.329761301476,0.0398740767826,0.137550307106,0,1,1,,0,0,0,,0,0,0,
heldout,yolo11s,e50e7698-de3d-355f-aca2-eddd09c09533,200,high_yaw,774,0.00485979346877,0.00650965681582,0.00164986334706,0.33949248207,0.530236767081,0.487272195023,-0.0429645720579,-0.0810290321706,1,1,0,0,1,0,-1,-1,0,0,0,
heldout,yolo11s,eec284b2-840a-3c75-aa42-04d2e309bbe1,200,high_yaw,47,0.00319127467292,0.00360392294561,0.000412648272687,0.129305157024,0.778335284375,0.715694978483,-0.0626403058927,-0.0804798486592,1,1,0,0,1,1,0,0,1,1,0,0
heldout,yolo11s,f1275002-842e-3571-8f7d-05816bc7cf56,200,high_yaw,10,0.00924453764187,0.00996107187347,0.000716534231601,0.0775089311504,0.562311082461,0.567084452791,0.00477337032915,0.00848884270297,1,1,0,0,0.5,0.5,0,0,0,0,0,
heldout,yolo11s,f2576c8a-da9b-450e-88cf-a70af1b0eadf,200,high_yaw,156,0.00587036291749,0.00771947676229,0.0018491138448,0.314991401859,0.679525307428,0.719361448106,0.0398361406778,0.0586234835441,1,1,0,0,1,1,0,0,0,1,1,
heldout,yolo11s,f292cc5c-7a90-360d-b62a-074c643bdf59,200,high_yaw,558,0.00456068079785,0.00551694958584,0.000956268787991,0.209676763268,0.640026308956,0.600040833905,-0.0399854750511,-0.0624747365719,1,1,0,0,1,1,0,0,0,0,0,
heldout,yolo11s,0b86f508-5df9-4a46-bc59-5b9536dbde9f,300,all_yaw,1480,0.0069810080287,0.00711447744264,0.000133469413943,0.0191189314486,0.510789297146,0.573791314139,0.0630020169928,0.123342476721,1,1,0,0,1,1,0,0,0,0,0,
heldout,yolo11s,0c3bad78-9f1e-395d-a376-2eb7499229fd,300,all_yaw,828,0.00307652590239,0.00493006976918,0.00185354386679,0.602479525801,0.748447079375,0.655681992553,-0.0927650868225,-0.12394341481,1,1,0,0,1,1,0,0,1,0,-1,-1
heldout,yolo11s,0fb7276f-ecb5-3e5b-87a8-cc74c709c715,300,all_yaw,1368,0.00432946884276,0.00676557030777,0.00243610146501,0.562679061447,0.574634061158,0.502057672036,-0.0725763891222,-0.12630018655,1,1,0,0,1,1,0,0,0,0,0,
heldout,yolo11s,15ec0778-826e-3ed7-9775-54fbf66997f4,300,all_yaw,673,0.00475274564453,0.00649904058352,0.00174629493899,0.367428654846,0.590999429112,0.522205622519,-0.0687938065923,-0.116402492462,1,1,0,0,1,1,0,0,0,0,0,
heldout,yolo11s,182ba3f7-b89a-36cc-ae40-32a341b0d3e9,300,all_yaw,649,0.00331912238879,0.0044898438612,0.00117072147241,0.352720187833,0.647821805199,0.612699053992,-0.0351227512063,-0.0542166857066,1,1,0,0,1,1,0,0,0,0,0,
heldout,yolo11s,19350c96-623d-4d77-af96-f8c23f00c358,300,all_yaw,871,0.00694688844903,0.00797796166338,0.00103107321435,0.148422307615,0.498113528681,0.488379103739,-0.00973442494218,-0.0195425829288,1,1,0,0,0,0,0,,0,0,0,
heldout,yolo11s,1da4a0aa-22ae-3958-856d-05303de1f576,300,all_yaw,1695,0.00735245737049,0.00807205353664,0.000719596166151,0.097871518309,0.544503765113,0.52504423351,-0.0194595316033,-0.0357381029298,1,1,0,0,1,1,0,0,0,0,0,
heldout,yolo11s,20dd185d-b4eb-3024-a17a-b4e5d8b15b65,300,all_yaw,1236,0.00719264837759,0.0106665281189,0.00347387974134,0.482976444693,0.489675823854,0.419265550403,-0.0704102734506,-0.143789564485,1,1,0,0,0,0,0,,0,0,0,
heldout,yolo11s,24642607-2a51-384a-90a7-228067956d05,300,all_yaw,1052,0.0189227595925,0.0202024452812,0.00127968568871,0.0676268005442,0.31503540112,0.296811910975,-0.0182234901442,-0.0578458486868,1,0,-1,-1,0,0,0,,0,0,0,
heldout,yolo11s,27c03d98-6ac3-38a3-ba5e-102b184d01ef,300,all_yaw,568,0.00527675348574,0.00744432548361,0.00216757199787,0.410777574455,0.612389444917,0.580914340671,-0.0314751042463,-0.0513972023971,1,1,0,0,1,1,0,0,0,0,0,
heldout,yolo11s,29a00842-ead2-3050-b587-c5ef507e4125,300,all_yaw,2053,0.00578110479491,0.00763884997741,0.0018577451825,0.321347778393,0.581404861655,0.514581730448,-0.0668231312066,-0.114933905121,1,1,0,0,1,1,0,0,0,0,0,
heldout,yolo11s,2c652f9e-8db8-3572-aa49-fae1344a875b,300,all_yaw,1009,0.0195591606179,0.0157213406299,-0.003837819988,-0.196215986104,0.388146753699,0.41618860341,0.0280418497107,0.0722454830381,1,1,0,0,0,0,0,,0,0,0,
heldout,yolo11s,36aec72e-5086-376c-b109-295b128e77e1,300,all_yaw,1063,0.00713662157245,0.00624948590054,-0.000887135671906,-0.124307512021,0.670611071661,0.680342374513,0.00973130285206,0.0145110978081,1,1,0,0,1,1,0,0,0,0,0,
heldout,yolo11s,3de5b5d6-68c4-3c95-84ed-be7c83d829f8,300,all_yaw,1140,0.00437132773232,0.0064482119973,0.00207688426498,0.475115203473,0.619773953698,0.554831458543,-0.0649424951542,-0.104784163269,1,1,0,0,1,1,0,0,0,0,0,
heldout,yolo11s,44adf4c4-6064-362f-94d3-323ed42cfda9,300,all_yaw,902,0.00705472379809,0.00739435704953,0.000339633251434,0.0481426716558,0.574609416846,0.558342449367,-0.016266967479,-0.0283096082349,1,1,0,0,1,1,0,0,0,0,0,
heldout,yolo11s,47286726-5dd4-4e26-bd2d-5324f429e445,300,all_yaw,1972,0.00735724487507,0.00824227321636,0.000885028341287,0.120293446299,0.608640368736,0.57387422772,-0.0347661410154,-0.0571209909846,1,1,0,0,1,1,0,0,0,0,0,
heldout,yolo11s,4e3fedbb-847c-3d5b-8a62-c9ff84550985,300,all_yaw,846,0.009936462769,0.00717491134036,-0.00276155142864,-0.277920975788,0.447907215259,0.548717205906,0.100809990646,0.225068914302,1,1,0,0,0,1,1,,0,0,0,
heldout,yolo11s,52071780-5758-3ed4-8835-0d64ecdc5575,300,all_yaw,1969,0.00535177806003,0.00644152123563,0.00108974317559,0.203622639685,0.592399744591,0.568498477414,-0.0239012671773,-0.0403465183697,1,1,0,0,1,1,0,0,0,0,0,
heldout,yolo11s,58e82365-03bc-3b2f-b55a-a4ad0e3e792d,300,all_yaw,929,0.00631037880377,0.00764876627578,0.00133838747201,0.212093047602,0.501741968591,0.4889090256,-0.0128329429909,-0.0255767780936,1,1,0,0,1,0,-1,-1,0,0,0,
heldout,yolo11s,58fed0d4-97d5-469b-89a4-4394838e10c7,300,all_yaw,771,0.00674655976973,0.00843765594674,0.00169109617701,0.250660519544,0.580408029213,0.511226415137,-0.0691816140759,-0.119194791584,1,1,0,0,1,1,0,0,0,0,0,
heldout,yolo11s,6c932547-4c11-31d7-b8ef-0c16a13dbfc3,300,all_yaw,2056,0.00535671535966,0.00661021591615,0.00125350055649,0.234005444069,0.601996919171,0.572813311135,-0.0291836080355,-0.0484780023056,1,1,0,0,1,1,0,0,0,0,0,
heldout,yolo11s,7039e410-b5ab-35aa-96bc-2c4b89d3c5e3,300,all_yaw,1173,0.00416408037567,0.00528850369696,0.00112442332129,0.270029206896,0.589742593578,0.568701896876,-0.0210406967017,-0.035677763368,1,1,0,0,1,1,0,0,0,0,0,
heldout,yolo11s,78683234-e6f1-3e4e-af52-6f839254e4c0,300,all_yaw,800,0.00549546898867,0.00600517220582,0.000509703217152,0.0927497213073,0.570041812446,0.597287958341,0.0272461458955,0.0477967498184,1,1,0,0,1,1,0,0,0,0,0,
heldout,yolo11s,78da7b7e-8ddf-3c7d-8716-eaa890106dd3,300,all_yaw,1238,0.00504068365172,0.00650576828597,0.00146508463425,0.290651970146,0.594710536712,0.559951118663,-0.0347594180486,-0.0584476243531,1,1,0,0,1,1,0,0,0,0,0,
heldout,yolo11s,7a2c222d-addc-30b2-aac6-596cb65a22e3,300,all_yaw,176,0.0190700247864,0.0191221200159,5.20952295266e-05,0.00273178614659,0.523127733172,0.551092777571,0.0279650443986,0.0534573921919,1,1,0,0,1,1,0,0,0,0,0,
heldout,yolo11s,858d739b-a0ba-35aa-bafc-4f7988bcad17,300,all_yaw,1003,0.0084320885834,0.00871786484645,0.000285776263045,0.0338915157518,0.488868725577,0.490396351258,0.00152762568111,0.00312481777047,1,1,0,0,0,0,0,,0,0,0,
heldout,yolo11s,95bf6003-7068-3a78-a0c0-9e470a06e60f,300,all_yaw,1673,0.00562190008953,0.00643120973143,0.000809309641898,0.143956603463,0.674009176052,0.624372880666,-0.0496362953862,-0.0736433525682,1,1,0,0,1,1,0,0,0,0,0,
heldout,yolo11s,a7636fca-4d9e-3052-bef2-af0ce5d1df74,300,all_yaw,1131,0.0108967616272,0.0113246587875,0.000427897160249,0.0392682867522,0.462723014584,0.459182054444,-0.00354096014018,-0.00765244007446,1,1,0,0,0,0,0,,0,0,0,
heldout,yolo11s,a91d4c7b-bf55-3a0e-9eba-1a43577bcca8,300,all_yaw,1392,0.0152700468008,0.0105472735607,-0.00472277324007,-0.309283481687,0.460263227402,0.495296205455,0.0350329780534,0.076115092338,1,1,0,0,0,0,0,,0,0,0,
heldout,yolo11s,b19f3c1a-a84a-3a2d-8d1b-8a4ae201020b,300,all_yaw,1801,0.00767204684396,0.00924040136194,0.00156835451798,0.204424523191,0.525765842399,0.494232914387,-0.0315329280118,-0.0599752313081,1,1,0,0,1,0,-1,-1,0,0,0,
heldout,yolo11s,b2053fdc-0b94-30bc-aee7-5bc6fb7e9f52,300,all_yaw,1689,0.00588026006702,0.00743007802867,0.00154981796165,0.263562826131,0.594642336934,0.568734320833,-0.0259080161011,-0.0435690742014,1,1,0,0,1,1,0,0,0,0,0,
heldout,yolo11s,b50c4763-5d1e-37f4-a009-2244aeebabcd,300,all_yaw,687,0.00812175366432,0.00786389867017,-0.000257854994151,-0.0317486844354,0.27594405502,0.273888262595,-0.0020557924248,-0.00745003339409,0,0,0,,0,0,0,,0,0,0,
heldout,yolo11s,b87683ae-14c5-321f-8af3-623e7bafc3a7,300,all_yaw,743,0.0107794537846,0.0120113985847,0.00123194480006,0.114286384512,0.428817920799,0.374116759201,-0.054701161598,-0.127562676243,1,1,0,0,0,0,0,,0,0,0,
heldout,yolo11s,c8ec7be0-92aa-3222-946e-fbcf398c841e,300,all_yaw,1046,0.0151567638062,0.0131720887231,-0.0019846750831,-0.130943195294,0.563397986061,0.490269898678,-0.073128087383,-0.129798276161,1,1,0,0,1,0,-1,-1,0,0,0,
heldout,yolo11s,cae56e40-8470-3c9c-af75-6e444189488f,300,all_yaw,1901,0.00517319420671,0.00611472148653,0.000941527279819,0.182001147105,0.501738230789,0.474077074496,-0.0276611562931,-0.0551306529893,1,1,0,0,1,0,-1,-1,0,0,0,
heldout,yolo11s,d1395998-7e8a-417d-91e9-5ca6ec045ee1,300,all_yaw,964,0.00826250247859,0.00694739459015,-0.00131510788844,-0.159165808646,0.595549090841,0.60755473844,0.0120056475991,0.0201589554644,1,1,0,0,1,1,0,0,0,0,0,
heldout,yolo11s,d3ca0450-2167-38fb-b34b-449741cb38f3,300,all_yaw,535,0.0198111027964,0.0153153436997,-0.00449575909667,-0.22693128913,0.239560599539,0.37063898477,0.131078385231,0.547161701394,0,1,1,,0,0,0,,0,0,0,
heldout,yolo11s,d5d6f11c-3026-3e0e-9d67-c111233e22de,300,all_yaw,1529,0.00422595828533,0.00665211405758,0.00242615577225,0.574107837428,0.578744197881,0.501540491326,-0.0772037065559,-0.133398670498,1,1,0,0,1,1,0,0,0,0,0,
heldout,yolo11s,da036982-92bf-36a8-b880-4ccf4e20b74e,300,all_yaw,871,0.0127389477016,0.0122667050867,-0.000472242614818,-0.0370707711407,0.366600533041,0.400283482239,0.0336829491976,0.0918791604533,1,1,0,0,0,0,0,,0,0,0,
heldout,yolo11s,dafe14f5-825c-4e7a-9009-6dfdfdd5b030,300,all_yaw,1181,0.00498032580744,0.00585626262843,0.000875936820983,0.175879421317,0.460824289783,0.480358951183,0.0195346614005,0.0423906938797,1,1,0,0,0,0,0,,0,0,0,
heldout,yolo11s,e1d68dde-22a9-3918-a526-0850b21ff2eb,300,all_yaw,643,0.0269263835332,0.0188144004651,-0.0081119830681,-0.301265227768,0.190127202501,0.29031608136,0.100188878859,0.526957097884,0,0,0,,0,0,0,,0,0,0,
heldout,yolo11s,e2e921fe-e489-3656-a0a2-5e17bd399ddf,300,all_yaw,828,0.00747586926158,0.00594685875971,-0.00152901050187,-0.204526115743,0.621938110503,0.654041989576,0.032103879073,0.0516190896342,1,1,0,0,1,1,0,0,0,0,0,
heldout,yolo11s,e50e7698-de3d-355f-aca2-eddd09c09533,300,all_yaw,1788,0.00549948444415,0.00807105585804,0.00257157141389,0.467602270722,0.49291922021,0.438140508472,-0.0547787117386,-0.111131214797,1,1,0,0,0,0,0,,0,0,0,
heldout,yolo11s,e72ef05c-8b94-3885-a34f-fff3b2b954b4,300,all_yaw,1512,0.00307593600979,0.00398293070187,0.000906994692085,0.294867867601,0.600895399105,0.541535889806,-0.0593595092991,-0.0987850953551,1,1,0,0,1,1,0,0,0,0,0,
heldout,yolo11s,e8c9fd64-fdd2-422d-a2a2-6f47500d1d12,300,all_yaw,1233,0.00966116781165,0.00914969757666,-0.000511470234986,-0.0529408291997,0.49527482219,0.543102894272,0.0478280720812,0.0965687532221,1,1,0,0,0,1,1,,0,0,0,
heldout,yolo11s,eec284b2-840a-3c75-aa42-04d2e309bbe1,300,all_yaw,637,0.00390470401983,0.00428295161072,0.000378247590893,0.0968697214879,0.647476667233,0.630060392183,-0.0174162750498,-0.0268986913833,1,1,0,0,1,1,0,0,0,0,0,
heldout,yolo11s,f1275002-842e-3571-8f7d-05816bc7cf56,300,all_yaw,1525,0.00590383028243,0.00672950353439,0.000825673251959,0.139853825815,0.599500004255,0.572276891843,-0.0272231124121,-0.0454096951107,1,1,0,0,1,1,0,0,0,0,0,
heldout,yolo11s,f2576c8a-da9b-450e-88cf-a70af1b0eadf,300,all_yaw,584,0.00993630629301,0.0103969903615,0.000460684068466,0.0463637145315,0.543748920182,0.504783421924,-0.0389654982571,-0.0716608287591,1,1,0,0,1,1,0,0,0,0,0,
heldout,yolo11s,f292cc5c-7a90-360d-b62a-074c643bdf59,300,all_yaw,1002,0.00552876582967,0.00638321134879,0.000854445519119,0.154545434812,0.586328724628,0.545558472315,-0.0407702523125,-0.0695348029186,1,1,0,0,1,1,0,0,0,0,0,
heldout,yolo11s,f6cc0ebf-fc6a-3bf2-8bcb-76d8c43f194e,300,all_yaw,1772,0.00713624741929,0.0067620418676,-0.000374205551688,-0.052437300685,0.560218931316,0.569891998564,0.00967306724799,0.0172665840215,1,1,0,0,1,1,0,0,0,0,0,
heldout,yolo11s,0b86f508-5df9-4a46-bc59-5b9536dbde9f,300,high_yaw,123,0.00477365540823,0.00595321748552,0.00117956207729,0.247098287668,0.605732994256,0.599969613624,-0.00576338063252,-0.00951472131644,1,1,0,0,1,1,0,0,0,0,0,
heldout,yolo11s,0c3bad78-9f1e-395d-a376-2eb7499229fd,300,high_yaw,324,0.0029201460424,0.00502306885741,0.00210292281501,0.72014302863,0.756602676396,0.660544191427,-0.0960584849696,-0.126960276465,1,1,0,0,1,1,0,0,1,0,-1,-1
heldout,yolo11s,0fb7276f-ecb5-3e5b-87a8-cc74c709c715,300,high_yaw,1018,0.00400572612117,0.00712974085536,0.00312401473419,0.779887251322,0.583688066025,0.484532776777,-0.099155289248,-0.169877191294,1,1,0,0,1,0,-1,-1,0,0,0,
heldout,yolo11s,15ec0778-826e-3ed7-9775-54fbf66997f4,300,high_yaw,419,0.00418645994669,0.00655377353273,0.00236731358604,0.565469063644,0.594650200952,0.496862769577,-0.0977874313755,-0.164445301152,1,1,0,0,1,0,-1,-1,0,0,0,
heldout,yolo11s,19350c96-623d-4d77-af96-f8c23f00c358,300,high_yaw,330,0.00697662242398,0.00821722593582,0.00124060351184,0.177822940163,0.454034398534,0.481629279783,0.0275948812487,0.0607770718205,1,1,0,0,0,0,0,,0,0,0,
heldout,yolo11s,1da4a0aa-22ae-3958-856d-05303de1f576,300,high_yaw,23,0.00952221102719,0.00768209520688,-0.00184011582031,-0.19324459572,0.487092666712,0.548751945279,0.0616592785664,0.126586341327,1,1,0,0,0,1,1,,0,0,0,
heldout,yolo11s,20dd185d-b4eb-3024-a17a-b4e5d8b15b65,300,high_yaw,869,0.00782026377636,0.0114803018097,0.0036600380333,0.468019767359,0.486772309756,0.407913307151,-0.078859002605,-0.162003879482,1,1,0,0,0,0,0,,0,0,0,
heldout,yolo11s,24642607-2a51-384a-90a7-228067956d05,300,high_yaw,209,0.0507996085791,0.0502358304087,-0.00056377817035,-0.0110980809916,0,0,0,,0,0,0,,0,0,0,,0,0,0,
heldout,yolo11s,27c03d98-6ac3-38a3-ba5e-102b184d01ef,300,high_yaw,217,0.00430527086372,0.00672999310759,0.00242472224387,0.563198535151,0.632189736457,0.581667145972,-0.0505225904855,-0.0799168154305,1,1,0,0,1,1,0,0,0,0,0,
heldout,yolo11s,29a00842-ead2-3050-b587-c5ef507e4125,300,high_yaw,913,0.00581372125355,0.00760806653696,0.00179434528341,0.308639717173,0.609714459777,0.549761605125,-0.0599528546522,-0.0983293961474,1,1,0,0,1,1,0,0,0,0,0,
heldout,yolo11s,2c652f9e-8db8-3572-aa49-fae1344a875b,300,high_yaw,190,0.0120584893224,0.011960328518,-9.81608044285e-05,-0.00814038987837,0.406621659461,0.444634723577,0.0380130641155,0.0934850941435,1,1,0,0,0,0,0,,0,0,0,
heldout,yolo11s,36aec72e-5086-376c-b109-295b128e77e1,300,high_yaw,69,0.005150193142,0.00509897234034,-5.12208016641e-05,-0.00994541374505,0.720231011379,0.699256273137,-0.0209747382414,-0.0291222370463,1,1,0,0,1,1,0,0,1,0,-1,-1
heldout,yolo11s,3de5b5d6-68c4-3c95-84ed-be7c83d829f8,300,high_yaw,442,0.00581223307149,0.00966039785723,0.00384816478573,0.662080260443,0.57273633466,0.52782640541,-0.0449099292494,-0.0784129214992,1,1,0,0,1,1,0,0,0,0,0,
heldout,yolo11s,44adf4c4-6064-362f-94d3-323ed42cfda9,300,high_yaw,350,0.00651395520229,0.00678716158369,0.0002732063814,0.041941704067,0.549823922511,0.530666723215,-0.0191571992955,-0.0348424259317,1,1,0,0,1,1,0,0,0,0,0,
heldout,yolo11s,47286726-5dd4-4e26-bd2d-5324f429e445,300,high_yaw,258,0.00694941310306,0.00819839179255,0.00124897868948,0.179724340884,0.546191327621,0.487009877389,-0.0591814502319,-0.108352965782,1,1,0,0,1,0,-1,-1,0,0,0,
heldout,yolo11s,4e3fedbb-847c-3d5b-8a62-c9ff84550985,300,high_yaw,51,0.0109597440639,0.00623747273913,-0.00472227132481,-0.430874233674,0.407714243304,0.503640185626,0.0959259423217,0.235277388262,1,1,0,0,0,1,1,,0,0,0,
heldout,yolo11s,52071780-5758-3ed4-8835-0d64ecdc5575,300,high_yaw,145,0.00373978449265,0.00516157069543,0.00142178620278,0.380178645475,0.585290850383,0.535718898204,-0.0495719521782,-0.0846962704881,1,1,0,0,1,1,0,0,0,0,0,
heldout,yolo11s,58e82365-03bc-3b2f-b55a-a4ad0e3e792d,300,high_yaw,42,0.0052434390262,0.00685496416659,0.00161152514039,0.307341256824,0.417301969058,0.406016404333,-0.0112855647258,-0.0270441204753,1,1,0,0,0,0,0,,0,0,0,
heldout,yolo11s,6c932547-4c11-31d7-b8ef-0c16a13dbfc3,300,high_yaw,700,0.00579643576086,0.00755520037003,0.00175876460917,0.30342173738,0.601424429567,0.542602995144,-0.0588214344222,-0.0978035336287,1,1,0,0,1,1,0,0,0,0,0,
heldout,yolo11s,7039e410-b5ab-35aa-96bc-2c4b89d3c5e3,300,high_yaw,163,0.00304557662326,0.00716981452158,0.00412423789832,1.35417308723,0.615317532837,0.561972713959,-0.0533448188779,-0.0866947812001,1,1,0,0,1,1,0,0,0,0,0,
heldout,yolo11s,78683234-e6f1-3e4e-af52-6f839254e4c0,300,high_yaw,152,0.00566300076528,0.00609432092066,0.000431320155378,0.076164594224,0.456041108955,0.451082928395,-0.00495818055983,-0.010872222838,1,1,0,0,0,0,0,,0,0,0,
heldout,yolo11s,78da7b7e-8ddf-3c7d-8716-eaa890106dd3,300,high_yaw,107,0.00238118272179,0.00565351099006,0.00327232826827,1.37424492389,0.648920691756,0.507685250998,-0.141235440757,-0.217646690192,1,1,0,0,1,1,0,0,0,0,0,
heldout,yolo11s,7a2c222d-addc-30b2-aac6-596cb65a22e3,300,high_yaw,92,0.0144475928554,0.0168773383758,0.00242974552038,0.1681764945,0.503926606412,0.547264616659,0.0433380102464,0.0860006391704,1,1,0,0,1,1,0,0,0,0,0,
heldout,yolo11s,858d739b-a0ba-35aa-bafc-4f7988bcad17,300,high_yaw,484,0.00965598118182,0.0103213669582,0.000665385776339,0.0689091832109,0.479722431226,0.460066637135,-0.0196557940908,-0.0409732645618,1,1,0,0,0,0,0,,0,0,0,
heldout,yolo11s,95bf6003-7068-3a78-a0c0-9e470a06e60f,300,high_yaw,621,0.00587171690187,0.00819238439986,0.00232066749799,0.395228097126,0.660576512223,0.599725711986,-0.0608508002366,-0.0921177170406,1,1,0,0,1,1,0,0,0,0,0,
heldout,yolo11s,a7636fca-4d9e-3052-bef2-af0ce5d1df74,300,high_yaw,884,0.0119134354909,0.0131060182179,0.00119258272693,0.100104015155,0.439510303234,0.433241507919,-0.00626879531586,-0.0142631361989,1,1,0,0,0,0,0,,0,0,0,
heldout,yolo11s,a91d4c7b-bf55-3a0e-9eba-1a43577bcca8,300,high_yaw,363,0.0164909406163,0.0122269505965,-0.00426399001978,-0.258565603927,0.412454039613,0.440214162452,0.0277601228387,0.0673047665255,1,1,0,0,0,0,0,,0,0,0,
heldout,yolo11s,b2053fdc-0b94-30bc-aee7-5bc6fb7e9f52,300,high_yaw,530,0.0052514576126,0.00655661677,0.0013051591574,0.248532741513,0.620666581442,0.572449480569,-0.048217100873,-0.0776859948878,1,1,0,0,1,1,0,0,0,0,0,
heldout,yolo11s,b50c4763-5d1e-37f4-a009-2244aeebabcd,300,high_yaw,178,0.00854848656055,0.0106123756915,0.00206388913094,0.241433277846,0.254500865743,0.219204726398,-0.0352961393457,-0.138687698537,0,0,0,,0,0,0,,0,0,0,
heldout,yolo11s,b87683ae-14c5-321f-8af3-623e7bafc3a7,300,high_yaw,486,0.010777883162,0.0117464574914,0.000968574329359,0.08986684257,0.388851687467,0.370407252555,-0.0184444349119,-0.047433084403,1,1,0,0,0,0,0,,0,0,0,
heldout,yolo11s,c8ec7be0-92aa-3222-946e-fbcf398c841e,300,high_yaw,440,0.00733241264488,0.00849978403472,0.00116737138984,0.159206995893,0.575043329399,0.501490422699,-0.0735529067001,-0.127908460006,1,1,0,0,1,1,0,0,0,0,0,
heldout,yolo11s,cae56e40-8470-3c9c-af75-6e444189488f,300,high_yaw,152,0.00438571026063,0.00610860043467,0.00172289017404,0.392841768301,0.55840124205,0.50570761013,-0.0526936319203,-0.0943651767802,1,1,0,0,1,1,0,0,0,0,0,
heldout,yolo11s,d3ca0450-2167-38fb-b34b-449741cb38f3,300,high_yaw,365,0.0195213376811,0.0185526788033,-0.000968658877735,-0.049620517485,0.187420427073,0.204709024096,0.0172885970227,0.0922449985451,0,0,0,,0,0,0,,0,0,0,
heldout,yolo11s,da036982-92bf-36a8-b880-4ccf4e20b74e,300,high_yaw,439,0.0135856253472,0.0137044197617,0.000118794414584,0.00874412561426,0.369105556081,0.334310158518,-0.0347953975632,-0.0942695036419,1,1,0,0,0,0,0,,0,0,0,
heldout,yolo11s,dafe14f5-825c-4e7a-9009-6dfdfdd5b030,300,high_yaw,259,0.00667255507551,0.00685182454925,0.000179269473738,0.0268666907517,0.485978414365,0.49648739698,0.0105089826152,0.0216243814634,1,1,0,0,0,0,0,,0,0,0,
heldout,yolo11s,e1d68dde-22a9-3918-a526-0850b21ff2eb,300,high_yaw,206,0.0233475785305,0.0161807418271,-0.00716683670344,-0.306962741085,0.195518601238,0.273426264595,0.0779076633572,0.398466758988,0,0,0,,0,0,0,,0,0,0,
heldout,yolo11s,e50e7698-de3d-355f-aca2-eddd09c09533,300,high_yaw,748,0.00500959094618,0.00793602710232,0.00292643615613,0.584166688972,0.519224455873,0.44711392548,-0.0721105303932,-0.138881228681,1,1,0,0,1,0,-1,-1,0,0,0,
heldout,yolo11s,eec284b2-840a-3c75-aa42-04d2e309bbe1,300,high_yaw,42,0.00372955831956,0.00396200892079,0.000232450601224,0.0623265763146,0.739454677062,0.648660131798,-0.0907945452645,-0.122785815116,1,1,0,0,1,1,0,0,1,0,-1,-1
heldout,yolo11s,f2576c8a-da9b-450e-88cf-a70af1b0eadf,300,high_yaw,150,0.00537289333511,0.00915574548623,0.00378285215112,0.704062395284,0.651347088844,0.66371109547,0.0123640066255,0.0189822090821,1,1,0,0,1,1,0,0,0,0,0,
heldout,yolo11s,f292cc5c-7a90-360d-b62a-074c643bdf59,300,high_yaw,536,0.00482987199429,0.00638321134879,0.0015533393545,0.321610874231,0.620720746611,0.554120262278,-0.0666004843328,-0.107295405698,1,1,0,0,1,1,0,0,0,0,0,
heldout,yolo11s,0b86f508-5df9-4a46-bc59-5b9536dbde9f,400,all_yaw,1451,0.00770348309786,0.00851227702179,0.000808793923928,0.104990679366,0.474273420132,0.528845648169,0.0545722280371,0.115064909229,1,1,0,0,0,1,1,,0,0,0,
heldout,yolo11s,0c3bad78-9f1e-395d-a376-2eb7499229fd,400,all_yaw,810,0.0031098367776,0.00586235916334,0.00275252238575,0.88510188238,0.744708685197,0.604785705118,-0.139922980079,-0.187889550451,1,1,0,0,1,1,0,0,1,0,-1,-1
heldout,yolo11s,0fb7276f-ecb5-3e5b-87a8-cc74c709c715,400,all_yaw,1348,0.00443289143298,0.0080568161085,0.00362392467551,0.817508105104,0.568437742095,0.464009014815,-0.10442872728,-0.183711811421,1,1,0,0,1,0,-1,-1,0,0,0,
heldout,yolo11s,15ec0778-826e-3ed7-9775-54fbf66997f4,400,all_yaw,659,0.00467621935823,0.00699791799855,0.00232169864032,0.496490532728,0.588844909323,0.488249435361,-0.100595473962,-0.170835261321,1,1,0,0,1,0,-1,-1,0,0,0,
heldout,yolo11s,182ba3f7-b89a-36cc-ae40-32a341b0d3e9,400,all_yaw,646,0.00351947054486,0.00507872935247,0.00155925880761,0.443037890995,0.622918549364,0.568553101102,-0.0543654482615,-0.0872753722249,1,1,0,0,1,1,0,0,0,0,0,
heldout,yolo11s,19350c96-623d-4d77-af96-f8c23f00c358,400,all_yaw,850,0.00743249615566,0.00888099092248,0.00144849476682,0.194886715914,0.485172800558,0.466681032232,-0.0184917683259,-0.0381137778224,1,1,0,0,0,0,0,,0,0,0,
heldout,yolo11s,1da4a0aa-22ae-3958-856d-05303de1f576,400,all_yaw,1670,0.00781381034848,0.00935546391136,0.00154165356289,0.197298564226,0.512177689867,0.498477992016,-0.0136996978509,-0.0267479394786,1,1,0,0,1,0,-1,-1,0,0,0,
heldout,yolo11s,20dd185d-b4eb-3024-a17a-b4e5d8b15b65,400,all_yaw,1202,0.00855807198781,0.0127439791672,0.0041859071794,0.489118014591,0.464156329798,0.356640123278,-0.10751620652,-0.23163791942,1,1,0,0,0,0,0,,0,0,0,
heldout,yolo11s,24642607-2a51-384a-90a7-228067956d05,400,all_yaw,1031,0.020416341095,0.0215228163541,0.00110647525914,0.0541955707927,0.295013884195,0.26963959333,-0.025374290865,-0.0860104972152,0,0,0,,0,0,0,,0,0,0,
heldout,yolo11s,27c03d98-6ac3-38a3-ba5e-102b184d01ef,400,all_yaw,555,0.00552799297165,0.00855851913912,0.00303052616747,0.54821454785,0.594110113353,0.544155196209,-0.0499549171441,-0.0840836000286,1,1,0,0,1,1,0,0,0,0,0,
heldout,yolo11s,29a00842-ead2-3050-b587-c5ef507e4125,400,all_yaw,2020,0.00602554548984,0.00850336294451,0.00247781745466,0.411218778257,0.572927477471,0.480987960793,-0.091939516678,-0.1604732192,1,1,0,0,1,0,-1,-1,0,0,0,
heldout,yolo11s,2c652f9e-8db8-3572-aa49-fae1344a875b,400,all_yaw,994,0.0216754176351,0.0174819460767,-0.00419347155843,-0.193466701727,0.33115471491,0.371493267406,0.0403385524952,0.121811801792,1,1,0,0,0,0,0,,0,0,0,
heldout,yolo11s,36aec72e-5086-376c-b109-295b128e77e1,400,all_yaw,1050,0.0083710571023,0.00720062671021,-0.00117043039209,-0.139818708413,0.625862658176,0.650047086417,0.0241844282406,0.0386417497907,1,1,0,0,1,1,0,0,0,0,0,
heldout,yolo11s,3de5b5d6-68c4-3c95-84ed-be7c83d829f8,400,all_yaw,1108,0.0047661748223,0.00765520543645,0.00288903061415,0.606152883994,0.600870830598,0.523280273846,-0.0775905567522,-0.129130177071,1,1,0,0,1,1,0,0,0,0,0,
heldout,yolo11s,44adf4c4-6064-362f-94d3-323ed42cfda9,400,all_yaw,883,0.00774036108699,0.00863912608753,0.000898765000543,0.116114092152,0.537683295679,0.517787543427,-0.0198957522518,-0.0370027345311,1,1,0,0,1,1,0,0,0,0,0,
heldout,yolo11s,47286726-5dd4-4e26-bd2d-5324f429e445,400,all_yaw,1959,0.00752284564283,0.00874060739896,0.00121776175613,0.161875148574,0.607062240897,0.556016200358,-0.0510460405384,-0.0840869965211,1,1,0,0,1,1,0,0,0,0,0,
heldout,yolo11s,4e3fedbb-847c-3d5b-8a62-c9ff84550985,400,all_yaw,836,0.0118535150534,0.00792883023939,-0.00392468481398,-0.331098817212,0.40277518692,0.514914890794,0.112139703874,0.278417607428,1,1,0,0,0,1,1,,0,0,0,
heldout,yolo11s,52071780-5758-3ed4-8835-0d64ecdc5575,400,all_yaw,1929,0.00549778307743,0.00765243369734,0.00215465061992,0.391912629067,0.580998592742,0.542671613962,-0.0383269787802,-0.0659674210213,1,1,0,0,1,1,0,0,0,0,0,
heldout,yolo11s,58e82365-03bc-3b2f-b55a-a4ad0e3e792d,400,all_yaw,914,0.00706012698085,0.00913989680927,0.00207976982842,0.294579663236,0.493225321842,0.471675691095,-0.0215496307475,-0.0436912498066,1,1,0,0,0,0,0,,0,0,0,
heldout,yolo11s,58fed0d4-97d5-469b-89a4-4394838e10c7,400,all_yaw,755,0.00729589326805,0.010206524269,0.00291063100092,0.398941006122,0.571684619474,0.477176237586,-0.0945083818882,-0.165315593019,1,1,0,0,1,0,-1,-1,0,0,0,
heldout,yolo11s,6c932547-4c11-31d7-b8ef-0c16a13dbfc3,400,all_yaw,2017,0.00569035641054,0.00781440000472,0.00212404359418,0.373270748076,0.592866715229,0.537506743447,-0.0553599717817,-0.0933767579789,1,1,0,0,1,1,0,0,0,0,0,
heldout,yolo11s,7039e410-b5ab-35aa-96bc-2c4b89d3c5e3,400,all_yaw,1149,0.00464935580561,0.00644478893464,0.00179543312903,0.386168149759,0.573180653278,0.526455276939,-0.0467253763385,-0.0815194582569,1,1,0,0,1,1,0,0,0,0,0,
heldout,yolo11s,78683234-e6f1-3e4e-af52-6f839254e4c0,400,all_yaw,788,0.0056440941064,0.00653264775984,0.000888553653442,0.157430694225,0.567210063745,0.574494475211,0.0072844114651,0.0128425285987,1,1,0,0,1,1,0,0,0,0,0,
heldout,yolo11s,78da7b7e-8ddf-3c7d-8716-eaa890106dd3,400,all_yaw,1216,0.00533912223607,0.00773900216148,0.0023998799254,0.449489601341,0.583996113986,0.51641117411,-0.0675849398761,-0.115728406846,1,1,0,0,1,1,0,0,0,0,0,
heldout,yolo11s,7a2c222d-addc-30b2-aac6-596cb65a22e3,400,all_yaw,170,0.0213558939965,0.0219489933027,0.00059309930621,0.027772160056,0.50905641691,0.528222092651,0.0191656757418,0.0376494139061,1,1,0,0,1,1,0,0,0,0,0,
heldout,yolo11s,858d739b-a0ba-35aa-bafc-4f7988bcad17,400,all_yaw,986,0.00923589919153,0.0100406003071,0.000804701115553,0.0871275334285,0.470546052607,0.460611509587,-0.00993454301995,-0.0211127964307,1,1,0,0,0,0,0,,0,0,0,
heldout,yolo11s,95bf6003-7068-3a78-a0c0-9e470a06e60f,400,all_yaw,1645,0.00572133298487,0.00704963878836,0.0013283058035,0.232167190236,0.670674909027,0.603753367555,-0.0669215414727,-0.09978238424,1,1,0,0,1,1,0,0,0,0,0,
heldout,yolo11s,a7636fca-4d9e-3052-bef2-af0ce5d1df74,400,all_yaw,1102,0.0115601753758,0.0129184735146,0.00135829813871,0.117498056435,0.434637996251,0.425101909339,-0.00953608691134,-0.0219402974282,1,1,0,0,0,0,0,,0,0,0,
heldout,yolo11s,a91d4c7b-bf55-3a0e-9eba-1a43577bcca8,400,all_yaw,1358,0.0189853591166,0.0130776203072,-0.00590773880945,-0.311173403313,0.377224784981,0.43589130123,0.0586665162491,0.155521372362,1,1,0,0,0,0,0,,0,0,0,
heldout,yolo11s,b19f3c1a-a84a-3a2d-8d1b-8a4ae201020b,400,all_yaw,1784,0.00824458718548,0.0105007995527,0.00225621236717,0.2736598348,0.500827699247,0.452383722041,-0.0484439772052,-0.0967278313043,1,1,0,0,1,0,-1,-1,0,0,0,
heldout,yolo11s,b2053fdc-0b94-30bc-aee7-5bc6fb7e9f52,400,all_yaw,1653,0.00626395379548,0.00858293480679,0.00231898101131,0.370210427315,0.584480706868,0.539302531417,-0.0451781754506,-0.077296264735,1,1,0,0,1,1,0,0,0,0,0,
heldout,yolo11s,b50c4763-5d1e-37f4-a009-2244aeebabcd,400,all_yaw,672,0.00854259054152,0.00851600687643,-2.65836650922e-05,-0.00311189737621,0.256694485444,0.254160001381,-0.00253448406247,-0.00987354308794,0,0,0,,0,0,0,,0,0,0,
heldout,yolo11s,b87683ae-14c5-321f-8af3-623e7bafc3a7,400,all_yaw,728,0.0125177402502,0.013897194579,0.00137945432885,0.110199948336,0.384587929082,0.315466690709,-0.0691212383728,-0.179728049546,1,1,0,0,0,0,0,,0,0,0,
heldout,yolo11s,c8ec7be0-92aa-3222-946e-fbcf398c841e,400,all_yaw,1024,0.0172462698024,0.0149669013624,-0.00227936844001,-0.132165880862,0.559209652137,0.453001015043,-0.106208637094,-0.189926330292,1,1,0,0,1,0,-1,-1,0,0,0,
heldout,yolo11s,cae56e40-8470-3c9c-af75-6e444189488f,400,all_yaw,1857,0.00538960776221,0.00687261945243,0.00148301169023,0.275161339314,0.493977237189,0.449698710849,-0.0442785263395,-0.0896367747459,1,1,0,0,0,0,0,,0,0,0,
heldout,yolo11s,d1395998-7e8a-417d-91e9-5ca6ec045ee1,400,all_yaw,950,0.00893790278124,0.00771991615757,-0.00121798662367,-0.136272082331,0.551387205937,0.574118909922,0.0227317039844,0.0412263899845,1,1,0,0,1,1,0,0,0,0,0,
heldout,yolo11s,d3ca0450-2167-38fb-b34b-449741cb38f3,400,all_yaw,525,0.0225519720086,0.0160512260461,-0.00650074596248,-0.288256209258,0.173847532061,0.284348346485,0.110500814425,0.63561911472,0,0,0,,0,0,0,,0,0,0,
heldout,yolo11s,d5d6f11c-3026-3e0e-9d67-c111233e22de,400,all_yaw,1490,0.00436943288204,0.00807384454846,0.00370441166642,0.847801480518,0.571091410939,0.45497156662,-0.116119844319,-0.203329698354,1,1,0,0,1,0,-1,-1,0,0,0,
heldout,yolo11s,da036982-92bf-36a8-b880-4ccf4e20b74e,400,all_yaw,840,0.0155936669393,0.0140801024158,-0.0015135645235,-0.0970627710205,0.325081728796,0.356345340464,0.0312636116681,0.096171543642,1,1,0,0,0,0,0,,0,0,0,
heldout,yolo11s,dafe14f5-825c-4e7a-9009-6dfdfdd5b030,400,all_yaw,1157,0.00510966770415,0.0066963478321,0.00158668012795,0.310525110402,0.438394171323,0.443026361767,0.00463219044431,0.0105662683204,1,1,0,0,0,0,0,,0,0,0,
heldout,yolo11s,e1d68dde-22a9-3918-a526-0850b21ff2eb,400,all_yaw,629,0.0330600363635,0.0230792396298,-0.00998079673374,-0.301899145663,0.117804440944,0.236422444159,0.118618003214,1.00690604075,0,0,0,,0,0,0,,0,0,0,
heldout,yolo11s,e2e921fe-e489-3656-a0a2-5e17bd399ddf,400,all_yaw,810,0.00885038014847,0.00710848864915,-0.00174189149932,-0.196815444094,0.570153072923,0.602094400473,0.0319413275508,0.0560223720046,1,1,0,0,1,1,0,0,0,0,0,
heldout,yolo11s,e50e7698-de3d-355f-aca2-eddd09c09533,400,all_yaw,1746,0.00557157275049,0.00949382426228,0.00392225151179,0.703975643402,0.486844397262,0.403341554022,-0.08350284324,-0.171518546192,1,1,0,0,0,0,0,,0,0,0,
heldout,yolo11s,e72ef05c-8b94-3885-a34f-fff3b2b954b4,400,all_yaw,1498,0.00315854813554,0.00444656112104,0.0012880129855,0.407786403826,0.5881531767,0.519624726287,-0.0685284504126,-0.116514631099,1,1,0,0,1,1,0,0,0,0,0,
heldout,yolo11s,e8c9fd64-fdd2-422d-a2a2-6f47500d1d12,400,all_yaw,1202,0.0100001597694,0.0100616532242,6.1493454765e-05,0.00614924723035,0.449702075811,0.513577813356,0.0638757375454,0.14204012163,1,1,0,0,0,1,1,,0,0,0,
heldout,yolo11s,eec284b2-840a-3c75-aa42-04d2e309bbe1,400,all_yaw,627,0.00472342738348,0.00526998174519,0.00054655436171,0.11571139288,0.599149165524,0.583593234179,-0.015555931345,-0.0259633697918,1,1,0,0,1,1,0,0,0,0,0,
heldout,yolo11s,f1275002-842e-3571-8f7d-05816bc7cf56,400,all_yaw,1507,0.00619267419995,0.00788245171118,0.00168977751123,0.27286717445,0.581735707353,0.542107281746,-0.0396284256072,-0.0681210128694,1,1,0,0,1,1,0,0,0,0,0,
heldout,yolo11s,f2576c8a-da9b-450e-88cf-a70af1b0eadf,400,all_yaw,576,0.0109637532788,0.0128692640286,0.00190551074976,0.173800951307,0.50251398183,0.459476075096,-0.0430379067339,-0.0856451925521,1,1,0,0,1,0,-1,-1,0,0,0,
heldout,yolo11s,f292cc5c-7a90-360d-b62a-074c643bdf59,400,all_yaw,974,0.00593427905542,0.00714288730716,0.00120860825174,0.203665557426,0.57189588465,0.507840668266,-0.064055216384,-0.112005031166,1,1,0,0,1,1,0,0,0,0,0,
heldout,yolo11s,f6cc0ebf-fc6a-3bf2-8bcb-76d8c43f194e,400,all_yaw,1751,0.00856215149747,0.00794611771973,-0.000616033777742,-0.0719484790621,0.532507916339,0.536310093356,0.00380217701623,0.00714013238033,1,1,0,0,1,1,0,0,0,0,0,
heldout,yolo11s,0b86f508-5df9-4a46-bc59-5b9536dbde9f,400,high_yaw,139,0.00502877058537,0.00584171517165,0.000812944586275,0.161658714088,0.582266765486,0.567740692585,-0.0145260729014,-0.0249474532335,1,1,0,0,1,1,0,0,0,0,0,
heldout,yolo11s,0c3bad78-9f1e-395d-a376-2eb7499229fd,400,high_yaw,308,0.0029093597073,0.00604561729979,0.00313625759249,1.0779889419,0.752884401892,0.599191566864,-0.153692835029,-0.204138689343,1,1,0,0,1,1,0,0,1,0,-1,-1
heldout,yolo11s,0fb7276f-ecb5-3e5b-87a8-cc74c709c715,400,high_yaw,1006,0.00413660937303,0.00834999645476,0.00421338708174,1.0185605412,0.577984452924,0.438116810354,-0.13986764257,-0.241992049894,1,1,0,0,1,0,-1,-1,0,0,0,
heldout,yolo11s,15ec0778-826e-3ed7-9775-54fbf66997f4,400,high_yaw,407,0.00425345717776,0.00744599725417,0.00319254007642,0.750575342126,0.595040478024,0.454466133441,-0.140574344583,-0.236243330957,1,1,0,0,1,0,-1,-1,0,0,0,
heldout,yolo11s,19350c96-623d-4d77-af96-f8c23f00c358,400,high_yaw,320,0.00735735653073,0.00901599000155,0.00165863347083,0.225438778711,0.439539325304,0.444496061477,0.00495673617278,0.0112771164886,1,1,0,0,0,0,0,,0,0,0,
heldout,yolo11s,20dd185d-b4eb-3024-a17a-b4e5d8b15b65,400,high_yaw,853,0.00912333090574,0.0135715333628,0.00444820245702,0.487563424255,0.459866679937,0.345499994671,-0.114366685266,-0.248695307261,1,1,0,0,0,0,0,,0,0,0,
heldout,yolo11s,24642607-2a51-384a-90a7-228067956d05,400,high_yaw,198,0.0549411392453,0.0500150534471,-0.00492608579819,-0.089661151295,0,0,0,,0,0,0,,0,0,0,,0,0,0,
heldout,yolo11s,27c03d98-6ac3-38a3-ba5e-102b184d01ef,400,high_yaw,199,0.0042895108492,0.00811826517212,0.00382875432292,0.892585298773,0.628114766117,0.51978084008,-0.108333926037,-0.172474732136,1,1,0,0,1,1,0,0,0,0,0,
heldout,yolo11s,29a00842-ead2-3050-b587-c5ef507e4125,400,high_yaw,906,0.0060297902107,0.00868342892022,0.00265363870952,0.440088065553,0.598199705577,0.51731666804,-0.0808830375367,-0.135210761193,1,1,0,0,1,1,0,0,0,0,0,
heldout,yolo11s,2c652f9e-8db8-3572-aa49-fae1344a875b,400,high_yaw,177,0.0141039550086,0.0131194302516,-0.000984524757002,-0.0698048707901,0.340798865769,0.370412688893,0.0296138231245,0.0868953101052,1,1,0,0,0,0,0,,0,0,0,
heldout,yolo11s,36aec72e-5086-376c-b109-295b128e77e1,400,high_yaw,68,0.00628268016268,0.00700353577236,0.000720855609683,0.114736957957,0.673719864304,0.641224064198,-0.0324958001061,-0.0482334005984,1,1,0,0,1,1,0,0,0,0,0,
heldout,yolo11s,3de5b5d6-68c4-3c95-84ed-be7c83d829f8,400,high_yaw,421,0.00575430593004,0.0115171063161,0.00576280038608,1.00147619125,0.56204894511,0.485773599152,-0.0762753459581,-0.13570943709,1,1,0,0,1,0,-1,-1,0,0,0,
heldout,yolo11s,44adf4c4-6064-362f-94d3-323ed42cfda9,400,high_yaw,361,0.0069819040829,0.00793230492327,0.00095040084037,0.136123445565,0.524291461675,0.506203762717,-0.0180876989583,-0.0344993200928,1,1,0,0,1,1,0,0,0,0,0,
heldout,yolo11s,47286726-5dd4-4e26-bd2d-5324f429e445,400,high_yaw,246,0.00694238221679,0.00847686115902,0.00153447894222,0.221030605102,0.526449498338,0.457955613289,-0.0684938850482,-0.130105328744,1,1,0,0,1,0,-1,-1,0,0,0,
heldout,yolo11s,4e3fedbb-847c-3d5b-8a62-c9ff84550985,400,high_yaw,50,0.0120988206178,0.00802093872809,-0.00407788188969,-0.33704788413,0.391823835295,0.458738075523,0.0669142402282,0.170776339265,1,1,0,0,0,0,0,,0,0,0,
heldout,yolo11s,52071780-5758-3ed4-8835-0d64ecdc5575,400,high_yaw,144,0.00385349936994,0.00643876375959,0.00258526438966,0.670887456172,0.580511052166,0.524492796704,-0.0560182554616,-0.0964981721754,1,1,0,0,1,1,0,0,0,0,0,
heldout,yolo11s,58e82365-03bc-3b2f-b55a-a4ad0e3e792d,400,high_yaw,13,0.00628702042843,0.0123734936896,0.00608647326114,0.968101397225,0.522137465446,0.435621522325,-0.0865159431208,-0.165695719703,1,1,0,0,1,0,-1,-1,0,0,0,
heldout,yolo11s,6c932547-4c11-31d7-b8ef-0c16a13dbfc3,400,high_yaw,721,0.00599446033901,0.00897549241424,0.00298103207523,0.497297822762,0.592839082951,0.506756120909,-0.0860829620412,-0.145204600231,1,1,0,0,1,1,0,0,0,0,0,
heldout,yolo11s,7039e410-b5ab-35aa-96bc-2c4b89d3c5e3,400,high_yaw,139,0.00303836044154,0.00798735059512,0.00494899015358,1.62883576482,0.616089417156,0.512460211945,-0.103629205211,-0.168204813011,1,1,0,0,1,1,0,0,0,0,0,
heldout,yolo11s,78683234-e6f1-3e4e-af52-6f839254e4c0,400,high_yaw,153,0.00570682488387,0.00652755399717,0.000820729113304,0.143815366689,0.402815819064,0.450953529,0.0481377099363,0.119503027583,1,1,0,0,0,0,0,,0,0,0,
heldout,yolo11s,78da7b7e-8ddf-3c7d-8716-eaa890106dd3,400,high_yaw,115,0.00256936292983,0.00688221654732,0.00431285361749,1.67856925443,0.636439668339,0.450858044042,-0.185581624297,-0.291593427514,1,1,0,0,1,0,-1,-1,0,0,0,
heldout,yolo11s,7a2c222d-addc-30b2-aac6-596cb65a22e3,400,high_yaw,87,0.0148979168114,0.0201862365211,0.00528831970976,0.354970414771,0.493461306735,0.498737095584,0.00527578884907,0.0106913931793,1,1,0,0,0,0,0,,0,0,0,
heldout,yolo11s,858d739b-a0ba-35aa-bafc-4f7988bcad17,400,high_yaw,463,0.0102576904779,0.011628557335,0.00137086685717,0.133642837062,0.470998653754,0.439775955933,-0.0312226978208,-0.0662904183949,1,1,0,0,0,0,0,,0,0,0,
heldout,yolo11s,95bf6003-7068-3a78-a0c0-9e470a06e60f,400,high_yaw,582,0.00625187916016,0.00957141817484,0.00331953901468,0.530966598944,0.644532883144,0.55215688344,-0.0923759997044,-0.143322400021,1,1,0,0,1,1,0,0,0,0,0,
heldout,yolo11s,a7636fca-4d9e-3052-bef2-af0ce5d1df74,400,high_yaw,866,0.0127881405441,0.014968521547,0.00218038100288,0.170500237728,0.394066400331,0.394204640484,0.000138240153411,0.000350804212933,1,1,0,0,0,0,0,,0,0,0,
heldout,yolo11s,a91d4c7b-bf55-3a0e-9eba-1a43577bcca8,400,high_yaw,374,0.0211646077019,0.0149563742622,-0.00620823343971,-0.293330900679,0.325488001228,0.356539778631,0.0310517774026,0.0954006823154,1,1,0,0,0,0,0,,0,0,0,
heldout,yolo11s,b2053fdc-0b94-30bc-aee7-5bc6fb7e9f52,400,high_yaw,520,0.00560102820121,0.00776270565294,0.00216167745173,0.385942968697,0.611703596833,0.550158994375,-0.061544602458,-0.10061180411,1,1,0,0,1,1,0,0,0,0,0,
heldout,yolo11s,b50c4763-5d1e-37f4-a009-2244aeebabcd,400,high_yaw,175,0.0089251167663,0.011777784675,0.0028526679087,0.319622474797,0.237588887108,0.202595777177,-0.0349931099306,-0.147284287395,0,0,0,,0,0,0,,0,0,0,
heldout,yolo11s,b87683ae-14c5-321f-8af3-623e7bafc3a7,400,high_yaw,472,0.0131570570232,0.0143937520291,0.00123669500586,0.0939948047411,0.334257022852,0.300070716946,-0.0341863059065,-0.102275505283,1,0.5,-0.5,-0.5,0,0,0,,0,0,0,
heldout,yolo11s,c8ec7be0-92aa-3222-946e-fbcf398c841e,400,high_yaw,431,0.00850556408506,0.0102404044478,0.00173484036274,0.203965350845,0.575926895877,0.455529181776,-0.120397714101,-0.20905034122,1,1,0,0,1,0,-1,-1,0,0,0,
heldout,yolo11s,cae56e40-8470-3c9c-af75-6e444189488f,400,high_yaw,149,0.00458213571346,0.00668269985445,0.00210056414098,0.458424689346,0.568350950193,0.481743618982,-0.0866073312106,-0.152383542565,1,1,0,0,1,0,-1,-1,0,0,0,
heldout,yolo11s,d3ca0450-2167-38fb-b34b-449741cb38f3,400,high_yaw,359,0.0220338635327,0.0194266010098,-0.00260726252294,-0.11832979355,0.176807513457,0.189411343982,0.012603830525,0.0712856047718,0,0,0,,0,0,0,,0,0,0,
heldout,yolo11s,da036982-92bf-36a8-b880-4ccf4e20b74e,400,high_yaw,435,0.0163877856588,0.015813762577,-0.000574023081856,-0.0350274950995,0.327931883779,0.294238097009,-0.0336937867694,-0.102746297131,1,0,-1,-1,0,0,0,,0,0,0,
heldout,yolo11s,dafe14f5-825c-4e7a-9009-6dfdfdd5b030,400,high_yaw,252,0.00717142491946,0.00834350723827,0.00117208231881,0.163437856767,0.453174378537,0.44187162652,-0.0113027520167,-0.0249412865157,1,1,0,0,0,0,0,,0,0,0,
heldout,yolo11s,e1d68dde-22a9-3918-a526-0850b21ff2eb,400,high_yaw,202,0.030721037236,0.0207804431776,-0.00994059405835,-0.323576120884,0.133019153579,0.210552826809,0.0775336732293,0.582876008026,0,0,0,,0,0,0,,0,0,0,
heldout,yolo11s,e50e7698-de3d-355f-aca2-eddd09c09533,400,high_yaw,718,0.005100769995,0.00942513371653,0.00432436372154,0.847786456903,0.514744098419,0.404948639181,-0.109795459238,-0.213301054982,1,1,0,0,1,0,-1,-1,0,0,0,
heldout,yolo11s,eec284b2-840a-3c75-aa42-04d2e309bbe1,400,high_yaw,41,0.00416235282757,0.00427998294344,0.00011763011587,0.0282604864948,0.697855613323,0.587329642714,-0.110525970609,-0.158379424768,1,1,0,0,1,1,0,0,0,0,0,
heldout,yolo11s,f2576c8a-da9b-450e-88cf-a70af1b0eadf,400,high_yaw,145,0.00667417223318,0.00942819899619,0.00275402676301,0.412639450524,0.624710468062,0.618182863818,-0.00652760424405,-0.0104490073046,1,1,0,0,1,1,0,0,0,0,0,
heldout,yolo11s,f292cc5c-7a90-360d-b62a-074c643bdf59,400,high_yaw,528,0.00502335192886,0.00699396521645,0.00197061328758,0.392290509502,0.600764383555,0.518229546899,-0.0825348366558,-0.137383038867,1,1,0,0,1,1,0,0,0,0,0,
heldout,yolo11s,0b86f508-5df9-4a46-bc59-5b9536dbde9f,500,all_yaw,1418,0.00817105197428,0.0097519469908,0.00158089501652,0.193475090049,0.447984360279,0.48767353803,0.0396891777503,0.088595007481,1,1,0,0,0,0,0,,0,0,0,
heldout,yolo11s,0c3bad78-9f1e-395d-a376-2eb7499229fd,500,all_yaw,795,0.00315653307885,0.00685854487066,0.00370201179181,1.17280943976,0.739624729306,0.555603931722,-0.184020797584,-0.248802927069,1,1,0,0,1,1,0,0,1,0,-1,-1
heldout,yolo11s,0fb7276f-ecb5-3e5b-87a8-cc74c709c715,500,all_yaw,1331,0.00461677055971,0.00930259763876,0.00468582707905,1.01495775422,0.561350127313,0.426702009028,-0.134648118285,-0.239864768411,1,1,0,0,1,0,-1,-1,0,0,0,
heldout,yolo11s,15ec0778-826e-3ed7-9775-54fbf66997f4,500,all_yaw,646,0.00490486599156,0.00768589206159,0.00278102607003,0.566993282755,0.587485068175,0.453683671643,-0.133801396532,-0.227752846464,1,1,0,0,1,0,-1,-1,0,0,0,
heldout,yolo11s,182ba3f7-b89a-36cc-ae40-32a341b0d3e9,500,all_yaw,643,0.00376521735427,0.00562463186757,0.0018594145133,0.493839887142,0.610187972613,0.537698201672,-0.072489770941,-0.118799081913,1,1,0,0,1,1,0,0,0,0,0,
heldout,yolo11s,19350c96-623d-4d77-af96-f8c23f00c358,500,all_yaw,830,0.00785527353091,0.00965824972077,0.00180297618986,0.229524303994,0.47296186868,0.439892840821,-0.033069027859,-0.0699190147215,1,1,0,0,0,0,0,,0,0,0,
heldout,yolo11s,1da4a0aa-22ae-3958-856d-05303de1f576,500,all_yaw,1643,0.00833603695193,0.010825295536,0.00248925858405,0.298614149434,0.489116070385,0.468894334141,-0.0202217362432,-0.0413434304607,1,1,0,0,0,0,0,,0,0,0,
heldout,yolo11s,20dd185d-b4eb-3024-a17a-b4e5d8b15b65,500,all_yaw,1165,0.0101055291727,0.014603793115,0.00449826394234,0.445128984882,0.454282884848,0.283665507539,-0.17061737731,-0.375575182338,1,0,-1,-1,0,0,0,,0,0,0,
heldout,yolo11s,24642607-2a51-384a-90a7-228067956d05,500,all_yaw,1010,0.020933491856,0.0232039517127,0.00227045985668,0.108460636778,0.282561554379,0.221560338217,-0.0610012161616,-0.215886468687,0,0,0,,0,0,0,,0,0,0,
heldout,yolo11s,27c03d98-6ac3-38a3-ba5e-102b184d01ef,500,all_yaw,537,0.00562773002454,0.00985425283606,0.00422652281152,0.751017336136,0.590137789347,0.513944743853,-0.0761930454939,-0.129110602421,1,1,0,0,1,1,0,0,0,0,0,
heldout,yolo11s,29a00842-ead2-3050-b587-c5ef507e4125,500,all_yaw,1984,0.00621657839785,0.0097269536441,0.00351037524624,0.564679639117,0.564655480199,0.452108522564,-0.112546957635,-0.199319694188,1,1,0,0,1,0,-1,-1,0,0,0,
heldout,yolo11s,2c652f9e-8db8-3572-aa49-fae1344a875b,500,all_yaw,982,0.0241456414269,0.0193980677038,-0.00474757372306,-0.196622389902,0.281431212918,0.332751120244,0.0513199073253,0.18235328908,0,1,1,,0,0,0,,0,0,0,
heldout,yolo11s,36aec72e-5086-376c-b109-295b128e77e1,500,all_yaw,1035,0.00960958773923,0.008245749634,-0.00136383810523,-0.14192472583,0.57845911316,0.616635516942,0.038176403782,0.065996719411,1,1,0,0,1,1,0,0,0,0,0,
heldout,yolo11s,3de5b5d6-68c4-3c95-84ed-be7c83d829f8,500,all_yaw,1074,0.00539095287641,0.00897104133598,0.00358008845957,0.664091959557,0.578547482912,0.493294768355,-0.0852527145567,-0.147356469563,1,1,0,0,1,0,-1,-1,0,0,0,
heldout,yolo11s,44adf4c4-6064-362f-94d3-323ed42cfda9,500,all_yaw,862,0.00823849608844,0.00968588552139,0.00144738943296,0.175686122494,0.522390352982,0.480173214741,-0.0422171382405,-0.0808153098531,1,1,0,0,1,0,-1,-1,0,0,0,
heldout,yolo11s,47286726-5dd4-4e26-bd2d-5324f429e445,500,all_yaw,1944,0.00765991828936,0.00920808501521,0.00154816672585,0.202112694596,0.604931303871,0.539042705666,-0.0658885982051,-0.108919141369,1,1,0,0,1,1,0,0,0,0,0,
heldout,yolo11s,4e3fedbb-847c-3d5b-8a62-c9ff84550985,500,all_yaw,826,0.0138656858109,0.0086437675802,-0.00522191823066,-0.376607280873,0.35232822005,0.474865836322,0.122537616272,0.347793929917,1,1,0,0,0,0,0,,0,0,0,
heldout,yolo11s,52071780-5758-3ed4-8835-0d64ecdc5575,500,all_yaw,1887,0.00567546412345,0.00915578401214,0.00348031988869,0.613222075409,0.57298313956,0.508757520593,-0.0642256189666,-0.112089893284,1,1,0,0,1,1,0,0,0,0,0,
heldout,yolo11s,58e82365-03bc-3b2f-b55a-a4ad0e3e792d,500,all_yaw,900,0.00762993320955,0.0106167352827,0.00298680207316,0.391458482156,0.48134950266,0.447424658469,-0.0339248441916,-0.0704786106646,1,1,0,0,0,0,0,,0,0,0,
heldout,yolo11s,58fed0d4-97d5-469b-89a4-4394838e10c7,500,all_yaw,738,0.0075277950684,0.0119200444018,0.00439224933338,0.583470895989,0.554706660917,0.434217703815,-0.120488957102,-0.217212025005,1,1,0,0,1,0,-1,-1,0,0,0,
heldout,yolo11s,6c932547-4c11-31d7-b8ef-0c16a13dbfc3,500,all_yaw,1982,0.00611708579079,0.00903879948051,0.00292171368971,0.477631635331,0.580188300045,0.502069917269,-0.0781183827762,-0.134643154249,1,1,0,0,1,1,0,0,0,0,0,
heldout,yolo11s,7039e410-b5ab-35aa-96bc-2c4b89d3c5e3,500,all_yaw,1123,0.00516818147772,0.00763636758514,0.00246818610742,0.47757342076,0.55680967742,0.48816978234,-0.0686398950804,-0.12327353109,1,1,0,0,1,0,-1,-1,0,0,0,
heldout,yolo11s,78683234-e6f1-3e4e-af52-6f839254e4c0,500,all_yaw,776,0.00575101637278,0.0071883896665,0.00143737329371,0.249933785707,0.561715050663,0.5527240126,-0.00899103806235,-0.0160064040508,1,1,0,0,1,1,0,0,0,0,0,
heldout,yolo11s,78da7b7e-8ddf-3c7d-8716-eaa890106dd3,500,all_yaw,1194,0.00556752392202,0.00927851178959,0.00371098786757,0.666541881014,0.573960680525,0.469066828988,-0.104893851537,-0.182754420461,1,1,0,0,1,0,-1,-1,0,0,0,
heldout,yolo11s,7a2c222d-addc-30b2-aac6-596cb65a22e3,500,all_yaw,164,0.0243046640511,0.0244504536421,0.000145789590997,0.0059984203316,0.491306633941,0.49174901144,0.00044237749878,0.000900410188301,1,1,0,0,0,0,0,,0,0,0,
heldout,yolo11s,858d739b-a0ba-35aa-bafc-4f7988bcad17,500,all_yaw,963,0.0101846498646,0.0111928607521,0.00100821088756,0.0989931810091,0.455515905158,0.426279589686,-0.0292363154718,-0.0641828641784,1,1,0,0,0,0,0,,0,0,0,
heldout,yolo11s,95bf6003-7068-3a78-a0c0-9e470a06e60f,500,all_yaw,1615,0.00589560923512,0.00764421490716,0.00174860567204,0.296594567637,0.670642950185,0.583786864561,-0.0868560856244,-0.129511665783,1,1,0,0,1,1,0,0,0,0,0,
heldout,yolo11s,a7636fca-4d9e-3052-bef2-af0ce5d1df74,500,all_yaw,1073,0.0126198767716,0.014986969115,0.00236709234337,0.18756857822,0.405367157739,0.377187838973,-0.0281793187661,-0.0695155446812,1,1,0,0,0,0,0,,0,0,0,
heldout,yolo11s,a91d4c7b-bf55-3a0e-9eba-1a43577bcca8,500,all_yaw,1325,0.0217513577623,0.0154560084924,-0.00629534926996,-0.28942327825,0.294975891704,0.388472050959,0.0934961592543,0.316962036165,0,1,1,,0,0,0,,0,0,0,
heldout,yolo11s,b19f3c1a-a84a-3a2d-8d1b-8a4ae201020b,500,all_yaw,1767,0.00888982136633,0.0118304458044,0.00294062443807,0.330785548651,0.479503478863,0.421433340775,-0.0580701380879,-0.121104727385,1,1,0,0,0,0,0,,0,0,0,
heldout,yolo11s,b2053fdc-0b94-30bc-aee7-5bc6fb7e9f52,500,all_yaw,1621,0.006774279986,0.00993510665751,0.00316082667151,0.466592269295,0.577730825425,0.504967060547,-0.0727637648783,-0.125947520326,1,1,0,0,1,1,0,0,0,0,0,
heldout,yolo11s,b50c4763-5d1e-37f4-a009-2244aeebabcd,500,all_yaw,658,0.00904978163328,0.00902551652367,-2.42651096178e-05,-0.00268129227876,0.237162518513,0.233551682622,-0.00361083589066,-0.0152251540981,0,0,0,,0,0,0,,0,0,0,
heldout,yolo11s,b87683ae-14c5-321f-8af3-623e7bafc3a7,500,all_yaw,713,0.0140716561264,0.0158851383535,0.00181348222708,0.12887482545,0.342652668257,0.26494533155,-0.0777073367073,-0.226781647733,1,0,-1,-1,0,0,0,,0,0,0,
heldout,yolo11s,c8ec7be0-92aa-3222-946e-fbcf398c841e,500,all_yaw,1002,0.0198767938421,0.0161513348021,-0.00372545904004,-0.187427563501,0.547865975637,0.409264576196,-0.138601399441,-0.252984134084,1,1,0,0,1,0,-1,-1,0,0,0,
heldout,yolo11s,cae56e40-8470-3c9c-af75-6e444189488f,500,all_yaw,1810,0.00559957267828,0.00773756057889,0.00213798790061,0.381812688832,0.487062452277,0.419468581104,-0.067593871173,-0.138778653244,1,1,0,0,0,0,0,,0,0,0,
heldout,yolo11s,d1395998-7e8a-417d-91e9-5ca6ec045ee1,500,all_yaw,935,0.00909957074335,0.0084387692145,-0.000660801528848,-0.0726189781348,0.505081851798,0.544054423641,0.0389725718426,0.0771609031366,1,1,0,0,1,1,0,0,0,0,0,
heldout,yolo11s,d3ca0450-2167-38fb-b34b-449741cb38f3,500,all_yaw,515,0.0258300962654,0.017312661592,-0.00851743467346,-0.329748468064,0.151915645212,0.217974246658,0.0660586014462,0.434837381983,0,0,0,,0,0,0,,0,0,0,
heldout,yolo11s,d5d6f11c-3026-3e0e-9d67-c111233e22de,500,all_yaw,1452,0.00454207398165,0.00938233974958,0.00484026576794,1.06565101922,0.564096747562,0.400448912518,-0.163647835044,-0.290105971629,1,1,0,0,1,0,-1,-1,0,0,0,
heldout,yolo11s,da036982-92bf-36a8-b880-4ccf4e20b74e,500,all_yaw,814,0.0176991603511,0.0168912854593,-0.000807874891842,-0.0456448145458,0.296588638843,0.316213713295,0.0196250744518,0.0661693398923,0,1,1,,0,0,0,,0,0,0,
heldout,yolo11s,dafe14f5-825c-4e7a-9009-6dfdfdd5b030,500,all_yaw,1130,0.00527289069539,0.00753474265151,0.00226185195612,0.42895862759,0.422313515353,0.403902184543,-0.0184113308101,-0.0435963570683,1,1,0,0,0,0,0,,0,0,0,
heldout,yolo11s,e1d68dde-22a9-3918-a526-0850b21ff2eb,500,all_yaw,615,0.0405927308194,0.0264254056503,-0.0141673251692,-0.349011384136,0.0924842207647,0.179177375421,0.0866931546566,0.937383198342,0,0,0,,0,0,0,,0,0,0,
heldout,yolo11s,e2e921fe-e489-3656-a0a2-5e17bd399ddf,500,all_yaw,793,0.0102343228229,0.00817970697389,-0.00205461584903,-0.200757381273,0.524547555905,0.552941990671,0.0283944347662,0.0541312879006,1,1,0,0,1,1,0,0,0,0,0,
heldout,yolo11s,e50e7698-de3d-355f-aca2-eddd09c09533,500,all_yaw,1706,0.00569620646361,0.0111512953077,0.0054550888441,0.957670491571,0.482539929863,0.373060230418,-0.109479699445,-0.226882155588,1,1,0,0,0,0,0,,0,0,0,
heldout,yolo11s,e72ef05c-8b94-3885-a34f-fff3b2b954b4,500,all_yaw,1485,0.00319039434683,0.00508141481871,0.00189102047188,0.592723113916,0.577887130709,0.494634015882,-0.0832531148269,-0.144064663155,1,1,0,0,1,0,-1,-1,0,0,0,
heldout,yolo11s,e8c9fd64-fdd2-422d-a2a2-6f47500d1d12,500,all_yaw,1174,0.0105480722249,0.011101813596,0.00055374137108,0.0524969263837,0.423635332373,0.486328086088,0.0626927537152,0.147987547129,1,1,0,0,0,0,0,,0,0,0,
heldout,yolo11s,eec284b2-840a-3c75-aa42-04d2e309bbe1,500,all_yaw,617,0.00556167096343,0.00641212310196,0.000850452138531,0.152913062301,0.569319651537,0.536354670452,-0.0329649810847,-0.0579024121084,1,1,0,0,1,1,0,0,0,0,0,
heldout,yolo11s,f1275002-842e-3571-8f7d-05816bc7cf56,500,all_yaw,1485,0.00644640503063,0.00881808115418,0.00237167612355,0.367906780956,0.565116618601,0.522581231703,-0.0425353868988,-0.0752683348864,1,1,0,0,1,1,0,0,0,0,0,
heldout,yolo11s,f2576c8a-da9b-450e-88cf-a70af1b0eadf,500,all_yaw,568,0.0122217655223,0.0144461626827,0.00222439716043,0.182002932095,0.475167260015,0.395597739325,-0.0795695206905,-0.167455814796,1,1,0,0,0,0,0,,0,0,0,
heldout,yolo11s,f292cc5c-7a90-360d-b62a-074c643bdf59,500,all_yaw,950,0.00609026304057,0.00802477772737,0.00193451468681,0.317640580369,0.546835753648,0.470604476117,-0.0762312775313,-0.139404340376,1,1,0,0,1,0,-1,-1,0,0,0,
heldout,yolo11s,f6cc0ebf-fc6a-3bf2-8bcb-76d8c43f194e,500,all_yaw,1729,0.009987058942,0.00914929068568,-0.000837768256324,-0.083885382192,0.501337464145,0.506555843855,0.00521837970986,0.010408916315,1,1,0,0,1,1,0,0,0,0,0,
heldout,yolo11s,0b86f508-5df9-4a46-bc59-5b9536dbde9f,500,high_yaw,140,0.00527198605923,0.00668947640454,0.00141749034531,0.268872172534,0.550286242577,0.529136182893,-0.021150059685,-0.0384346510025,1,1,0,0,1,1,0,0,0,0,0,
heldout,yolo11s,0c3bad78-9f1e-395d-a376-2eb7499229fd,500,high_yaw,309,0.00297813684122,0.0071959303109,0.00421779346968,1.41625240698,0.749805037807,0.5408772061,-0.208927831706,-0.278642875377,1,1,0,0,1,1,0,0,1,0,-1,-1
heldout,yolo11s,0fb7276f-ecb5-3e5b-87a8-cc74c709c715,500,high_yaw,989,0.00437416134329,0.00980505110954,0.00543088976625,1.24158423525,0.571505145192,0.403458103731,-0.168047041461,-0.294042919604,1,1,0,0,1,0,-1,-1,0,0,0,
heldout,yolo11s,15ec0778-826e-3ed7-9775-54fbf66997f4,500,high_yaw,394,0.00420951769473,0.00812321828689,0.00391370059216,0.929726604324,0.595608472955,0.409155805677,-0.186452667278,-0.313045693176,1,1,0,0,1,0,-1,-1,0,0,0,
heldout,yolo11s,19350c96-623d-4d77-af96-f8c23f00c358,500,high_yaw,316,0.00756824204383,0.00956059229911,0.00199235025527,0.263251392296,0.430633954487,0.42762939037,-0.00300456411711,-0.00697707202556,1,1,0,0,0,0,0,,0,0,0,
heldout,yolo11s,20dd185d-b4eb-3024-a17a-b4e5d8b15b65,500,high_yaw,785,0.0107224462697,0.0155437685349,0.00482132226526,0.449647603169,0.453781435392,0.28306825075,-0.170713184642,-0.376201341279,1,0,-1,-1,0,0,0,,0,0,0,
heldout,yolo11s,24642607-2a51-384a-90a7-228067956d05,500,high_yaw,190,0.0493607537204,0.0497910433477,0.000430289627313,0.00871724183448,0,0,0,,0,0,0,,0,0,0,,0,0,0,
heldout,yolo11s,27c03d98-6ac3-38a3-ba5e-102b184d01ef,500,high_yaw,194,0.00442004993158,0.00975021501526,0.00533016508368,1.20590607939,0.631010003607,0.465140559977,-0.16586944363,-0.262863413704,1,1,0,0,1,0,-1,-1,0,0,0,
heldout,yolo11s,29a00842-ead2-3050-b587-c5ef507e4125,500,high_yaw,883,0.00624010002807,0.00977900612856,0.00353890610049,0.567123296834,0.589260139002,0.486891606343,-0.10236853266,-0.173723837545,1,1,0,0,1,0,-1,-1,0,0,0,
heldout,yolo11s,2c652f9e-8db8-3572-aa49-fae1344a875b,500,high_yaw,181,0.0159931033359,0.0150345237279,-0.000958579607977,-0.0599370608597,0.319185125123,0.333834740538,0.0146496154151,0.0458969239543,1,1,0,0,0,0,0,,0,0,0,
heldout,yolo11s,36aec72e-5086-376c-b109-295b128e77e1,500,high_yaw,68,0.00747911749303,0.00843810588202,0.000958988388993,0.128222131807,0.614281871337,0.606991286794,-0.00729058454316,-0.0118684676911,1,1,0,0,1,1,0,0,0,0,0,
heldout,yolo11s,3de5b5d6-68c4-3c95-84ed-be7c83d829f8,500,high_yaw,408,0.00606830598644,0.0130601437406,0.00699183775419,1.15218938693,0.558576033087,0.425888800022,-0.132687233065,-0.237545517897,1,1,0,0,1,0,-1,-1,0,0,0,
heldout,yolo11s,44adf4c4-6064-362f-94d3-323ed42cfda9,500,high_yaw,343,0.00781564843877,0.00900663646539,0.00119098802662,0.152385056204,0.518242996075,0.449718359258,-0.068524636817,-0.132224916373,1,1,0,0,1,0,-1,-1,0,0,0,
heldout,yolo11s,47286726-5dd4-4e26-bd2d-5324f429e445,500,high_yaw,235,0.0070022751801,0.00908791369956,0.00208563851945,0.297851550504,0.510417345906,0.408236209339,-0.102181136568,-0.200191348094,1,1,0,0,1,0,-1,-1,0,0,0,
heldout,yolo11s,4e3fedbb-847c-3d5b-8a62-c9ff84550985,500,high_yaw,40,0.0147245083372,0.00874992914865,-0.00597457918857,-0.405757465834,0.390060923728,0.451812234473,0.0617513107456,0.158311963566,1,1,0,0,0,0,0,,0,0,0,
heldout,yolo11s,52071780-5758-3ed4-8835-0d64ecdc5575,500,high_yaw,129,0.00388422094144,0.00795062994104,0.0040664089996,1.04690465885,0.577189429687,0.469825297213,-0.107364132474,-0.186011951972,1,1,0,0,1,0,-1,-1,0,0,0,
heldout,yolo11s,6c932547-4c11-31d7-b8ef-0c16a13dbfc3,500,high_yaw,694,0.00635142878644,0.0106502257606,0.00429879697414,0.676823612243,0.583356494302,0.472748856216,-0.110607638085,-0.189605565663,1,1,0,0,1,0,-1,-1,0,0,0,
heldout,yolo11s,7039e410-b5ab-35aa-96bc-2c4b89d3c5e3,500,high_yaw,145,0.00315902483817,0.00893969022508,0.00578066538691,1.82988918512,0.609705406376,0.469617886614,-0.140087519762,-0.229762633392,1,1,0,0,1,0,-1,-1,0,0,0,
heldout,yolo11s,78683234-e6f1-3e4e-af52-6f839254e4c0,500,high_yaw,147,0.00574554031325,0.00698876157829,0.00124322126504,0.216380217919,0.400953844975,0.42352705877,0.0225732137954,0.0562987837088,1,1,0,0,0,0,0,,0,0,0,
heldout,yolo11s,78da7b7e-8ddf-3c7d-8716-eaa890106dd3,500,high_yaw,106,0.00269786137834,0.00804798785132,0.00535012647298,1.98309910062,0.633121339083,0.39527810274,-0.237843236342,-0.375667698528,1,1,0,0,1,0,-1,-1,0,0,0,
heldout,yolo11s,7a2c222d-addc-30b2-aac6-596cb65a22e3,500,high_yaw,83,0.015527173857,0.0247839103323,0.0092567364753,0.596163639342,0.437009367314,0.468909383717,0.0319000164032,0.0729961844965,1,1,0,0,0,0,0,,0,0,0,
heldout,yolo11s,858d739b-a0ba-35aa-bafc-4f7988bcad17,500,high_yaw,454,0.0113450960519,0.0133622682757,0.00201717222382,0.177801246864,0.462449632832,0.392828263537,-0.0696213692951,-0.150549085462,1,1,0,0,0,0,0,,0,0,0,
heldout,yolo11s,95bf6003-7068-3a78-a0c0-9e470a06e60f,500,high_yaw,585,0.00667935372229,0.0111428438592,0.00446349013687,0.668251798371,0.64382181508,0.515881589596,-0.127940225484,-0.19871992916,1,1,0,0,1,1,0,0,0,0,0,
heldout,yolo11s,a7636fca-4d9e-3052-bef2-af0ce5d1df74,500,high_yaw,840,0.0137392080177,0.0170020599661,0.00326285194839,0.237484718492,0.365303322718,0.356791561814,-0.00851176090434,-0.0233005296558,1,1,0,0,0,0,0,,0,0,0,
heldout,yolo11s,a91d4c7b-bf55-3a0e-9eba-1a43577bcca8,500,high_yaw,369,0.0236426345132,0.0172942145331,-0.00634841998004,-0.268515760225,0.252753223573,0.276692887149,0.0239396635766,0.0947155618361,0,0,0,,0,0,0,,0,0,0,
heldout,yolo11s,b2053fdc-0b94-30bc-aee7-5bc6fb7e9f52,500,high_yaw,490,0.00586284489989,0.0086136919255,0.00275084702561,0.469200033871,0.599176587491,0.522264296183,-0.0769122913082,-0.128363312109,1,1,0,0,1,1,0,0,0,0,0,
heldout,yolo11s,b50c4763-5d1e-37f4-a009-2244aeebabcd,500,high_yaw,165,0.00952166241751,0.0136482770011,0.00412661458359,0.433392237894,0.207914937146,0.163328657027,-0.0445862801185,-0.214444814455,0,0,0,,0,0,0,,0,0,0,
heldout,yolo11s,b87683ae-14c5-321f-8af3-623e7bafc3a7,500,high_yaw,473,0.0143069151192,0.0162995190738,0.00199260395462,0.139275583732,0.308844221116,0.253498873329,-0.0553453477867,-0.179201500312,1,0,-1,-1,0,0,0,,0,0,0,
heldout,yolo11s,c8ec7be0-92aa-3222-946e-fbcf398c841e,500,high_yaw,419,0.00958139176573,0.0115240656523,0.00194267388655,0.202754874662,0.576804090315,0.424673386348,-0.152130703967,-0.263747616429,1,1,0,0,1,0,-1,-1,0,0,0,
heldout,yolo11s,cae56e40-8470-3c9c-af75-6e444189488f,500,high_yaw,136,0.00476468160093,0.0075043786413,0.00273969704037,0.575001074539,0.55615605693,0.451957594759,-0.104198462171,-0.187354719727,1,1,0,0,1,0,-1,-1,0,0,0,
heldout,yolo11s,d3ca0450-2167-38fb-b34b-449741cb38f3,500,high_yaw,353,0.0269679323909,0.0199054868199,-0.00706244557094,-0.261883093912,0.162872093811,0.185382689128,0.0225105953173,0.138210265433,0,0,0,,0,0,0,,0,0,0,
heldout,yolo11s,da036982-92bf-36a8-b880-4ccf4e20b74e,500,high_yaw,417,0.018511627782,0.017953583539,-0.00055804424303,-0.0301456062969,0.298997709987,0.257605207455,-0.041392502532,-0.138437523597,0,0,0,,0,0,0,,0,0,0,
heldout,yolo11s,dafe14f5-825c-4e7a-9009-6dfdfdd5b030,500,high_yaw,240,0.0076003874173,0.0104230853543,0.00282269793704,0.3713886914,0.430036825977,0.398037591907,-0.03199923407,-0.0744104507731,1,1,0,0,0,0,0,,0,0,0,
heldout,yolo11s,e1d68dde-22a9-3918-a526-0850b21ff2eb,500,high_yaw,198,0.0379653397174,0.0259092073766,-0.0120561323408,-0.31755628767,0.0753164394825,0.155717081114,0.0804006416316,1.06750454727,0,0,0,,0,0,0,,0,0,0,
heldout,yolo11s,e50e7698-de3d-355f-aca2-eddd09c09533,500,high_yaw,701,0.00519452118211,0.0108630509123,0.00566852973014,1.09125163445,0.506986576553,0.37437152224,-0.132615054313,-0.261575079984,1,1,0,0,1,0,-1,-1,0,0,0,
heldout,yolo11s,eec284b2-840a-3c75-aa42-04d2e309bbe1,500,high_yaw,46,0.00429226748046,0.00478896976101,0.000496702280552,0.115720253412,0.687674691185,0.564276821471,-0.123397869714,-0.179442214896,1,1,0,0,1,1,0,0,0,0,0,
heldout,yolo11s,f2576c8a-da9b-450e-88cf-a70af1b0eadf,500,high_yaw,134,0.00823649479201,0.0118395492948,0.0036030545028,0.437449982521,0.592666735508,0.577629989179,-0.0150367463297,-0.0253713350672,1,1,0,0,1,1,0,0,0,0,0,
heldout,yolo11s,f292cc5c-7a90-360d-b62a-074c643bdf59,500,high_yaw,500,0.00509849437316,0.00760997949574,0.00251148512258,0.492593487168,0.578128905169,0.484322096816,-0.0938068083533,-0.162259329216,1,1,0,0,1,0,-1,-1,0,0,0,
model_selection,yolo11n,069cc46d-38bb-309d-88cf-296a3d0c0820,100,all_yaw,1570,0.00524910362942,0.00509567851254,-0.000153425116878,-0.0292288222352,0.557777927913,0.563358054306,0.00558012639239,0.0100042079708,1,1,0,0,1,1,0,0,0,0,0,
model_selection,yolo11n,0b324587-6097-3f92-a07a-a44f48c85d9e,100,all_yaw,492,0.00690724439439,0.00705429238821,0.000147047993821,0.0212889519214,0.601390115593,0.593689448068,-0.00770066752538,-0.012804779004,1,1,0,0,1,1,0,0,0,0,0,
model_selection,yolo11n,12c3c14b-9cf2-3434-9a5d-e0bfa332f6ce,100,all_yaw,1504,0.00507779465049,0.00458326629854,-0.000494528351953,-0.0973903802717,0.641454739403,0.645622992636,0.00416825323294,0.00649812524079,1,1,0,0,1,1,0,0,0,0,0,
model_selection,yolo11n,1842383a-1577-3b7a-90db-41a9a6668ee2,100,all_yaw,1591,0.00580849820847,0.00592563312179,0.000117134913325,0.0201661271332,0.601741023315,0.588035685432,-0.0137053378831,-0.0227761401534,1,1,0,0,1,1,0,0,0,0,0,
model_selection,yolo11n,271f4204-dd77-350b-b9db-5dabc4191985,100,all_yaw,436,0.00569888935212,0.00587270219197,0.000173812839852,0.0304994235038,0.587994047142,0.587686984365,-0.000307062776938,-0.000522220893953,1,1,0,0,1,1,0,0,0,0,0,
model_selection,yolo11n,8858428d-8fd5-3c3f-8ca4-d01f6e25e63c,100,all_yaw,654,0.00357253155828,0.00332201233503,-0.000250519223251,-0.070123725757,0.716040218042,0.714667477766,-0.0013727402752,-0.00191712733532,1,1,0,0,1,1,0,0,1,1,0,0
model_selection,yolo11n,8940f5f1-13e0-3094-99ba-da2d17639774,100,all_yaw,1005,0.00541293217081,0.00517223849066,-0.000240693680151,-0.0444664134993,0.602882516166,0.60460285185,0.0017203356835,0.00285351728964,1,1,0,0,1,1,0,0,0,0,0,
model_selection,yolo11n,8c52d911-fe34-3424-9864-d3fdfac38064,100,all_yaw,556,0.00931783397135,0.00881381870601,-0.000504015265346,-0.0540914623394,0.531568528564,0.563353189747,0.0317846611836,0.0597940989274,1,1,0,0,1,1,0,0,0,0,0,
model_selection,yolo11n,8feb3dbe-4450-3aeb-b22b-e65128aa696b,100,all_yaw,81,0.00337371242113,0.00435435471618,0.000980642295041,0.290671572627,0.700799915127,0.650804234384,-0.0499956807433,-0.0713408772805,1,1,0,0,1,1,0,0,1,0,-1,-1
model_selection,yolo11n,902d5e72-b665-3615-af2d-a2b6164864b2,100,all_yaw,1338,0.00489161002292,0.00505996523359,0.000168355210663,0.0344171366635,0.694968634098,0.703761603136,0.00879296903824,0.0126523250213,1,1,0,0,1,1,0,0,0,1,1,
model_selection,yolo11n,9441ffdd-f06e-36e0-839e-b836b0f19bc9,100,all_yaw,641,0.00444202301669,0.00466802241694,0.000225999400256,0.0508775842464,0.711621745464,0.682228158936,-0.0293935865277,-0.0413050707276,1,1,0,0,1,1,0,0,1,0,-1,-1
model_selection,yolo11n,a059b6b9-ca26-4881-bcf7-d202433de0c2,100,all_yaw,701,0.0224292492019,0.0131861809652,-0.00924306823673,-0.412098869361,0.503811407326,0.526809373869,0.0229979665433,0.0456479670942,1,1,0,0,1,1,0,0,0,0,0,
model_selection,yolo11n,a1c1d559-0480-39d2-94f0-1a89f0226c4f,100,all_yaw,889,0.00591007574735,0.0062598142252,0.000349738477852,0.059176648964,0.657464847367,0.65477475522,-0.002690092147,-0.00409161365474,1,1,0,0,1,1,0,0,0,0,0,
model_selection,yolo11n,a47ba6a9-ffa1-3979-bb40-512339284b8b,100,all_yaw,1858,0.00464537560611,0.00457123042255,-7.41451835599e-05,-0.0159610739468,0.674160811647,0.667370330882,-0.00679048076452,-0.0100724940507,1,1,0,0,1,1,0,0,0,0,0,
model_selection,yolo11n,a88da814-ecc6-39c0-93ba-8a81f403a7e4,100,all_yaw,1269,0.00556077747639,0.00579887919036,0.000238101713963,0.042818061858,0.594191651844,0.583285423975,-0.0109062278687,-0.0183547308934,1,1,0,0,1,1,0,0,0,0,0,
model_selection,yolo11n,b29b43d7-3af9-363e-aaeb-8805d958f982,100,all_yaw,305,0.00459497796309,0.00491325116691,0.000318273203821,0.0692654472725,0.596524140001,0.588472075462,-0.00805206453897,-0.0134983045933,1,1,0,0,1,1,0,0,0,0,0,
model_selection,yolo11n,d0ba7a1b-f5ca-39d6-98d0-29c671baec65,100,all_yaw,1159,0.00408210558787,0.00445600278136,0.000373897193484,0.0915941994725,0.663656208512,0.647213326901,-0.0164428816109,-0.0247762040044,1,1,0,0,1,1,0,0,0,0,0,
model_selection,yolo11n,e0cfd042-ae29-3d21-bb47-81eb8f933ec8,100,all_yaw,688,0.0058947248059,0.00615057400355,0.000255849197648,0.0434030775096,0.661006177944,0.670810034026,0.00980385608189,0.0148317162668,1,1,0,0,1,1,0,0,0,0,0,
model_selection,yolo11n,e2043284-6122-3cc9-a7e7-f091a16361b7,100,all_yaw,1562,0.00539546510222,0.00548191944735,8.64543451269e-05,0.0160235203989,0.640537164853,0.642099632994,0.00156246814107,0.00243930910929,1,1,0,0,1,1,0,0,0,0,0,
model_selection,yolo11n,e424d4f7-4b28-322f-b630-31d42ae528eb,100,all_yaw,935,0.00609059930843,0.00597578835067,-0.00011481095776,-0.0188505189631,0.609519107932,0.623341434113,0.0138223261813,0.0226774288147,1,1,0,0,1,1,0,0,0,0,0,
model_selection,yolo11n,069cc46d-38bb-309d-88cf-296a3d0c0820,100,high_yaw,400,0.00573397526085,0.00543654989651,-0.000297425364338,-0.0518707093783,0.511358903311,0.505668673917,-0.00569022939311,-0.0111276626969,1,1,0,0,1,1,0,0,0,0,0,
model_selection,yolo11n,0b324587-6097-3f92-a07a-a44f48c85d9e,100,high_yaw,303,0.00713965719385,0.00765477003551,0.000515112841656,0.0721481196743,0.569304226405,0.549343425707,-0.0199608006989,-0.0350617469062,1,1,0,0,1,1,0,0,0,0,0,
model_selection,yolo11n,12c3c14b-9cf2-3434-9a5d-e0bfa332f6ce,100,high_yaw,72,0.00586439957838,0.00517346978632,-0.00069092979206,-0.11781765257,0.610803491598,0.616270828649,0.00546733705042,0.00895105729687,1,1,0,0,1,1,0,0,0,0,0,
model_selection,yolo11n,1842383a-1577-3b7a-90db-41a9a6668ee2,100,high_yaw,20,0.006083651121,0.00621832431879,0.000134673197794,0.0221369035002,0.523073068827,0.578966376921,0.0558933080938,0.106855641066,1,1,0,0,1,1,0,0,0,0,0,
model_selection,yolo11n,271f4204-dd77-350b-b9db-5dabc4191985,100,high_yaw,357,0.00511886984437,0.00614392135905,0.00102505151468,0.200249575756,0.588992854593,0.581974633122,-0.00701822147198,-0.0119156309236,1,1,0,0,1,1,0,0,0,0,0,
model_selection,yolo11n,8858428d-8fd5-3c3f-8ca4-d01f6e25e63c,100,high_yaw,299,0.00368884395193,0.00369263167842,3.78772649296e-06,0.00102680583465,0.731374316972,0.721223526711,-0.010150790261,-0.0138790630536,1,1,0,0,1,1,0,0,1,1,0,0
model_selection,yolo11n,8c52d911-fe34-3424-9864-d3fdfac38064,100,high_yaw,146,0.00660108236308,0.00683168945439,0.00023060709131,0.0349347392785,0.70896933732,0.717292563114,0.00832322579349,0.0117398953034,1,1,0,0,1,1,0,0,1,1,0,0
model_selection,yolo11n,8feb3dbe-4450-3aeb-b22b-e65128aa696b,100,high_yaw,2,0.0323280376344,0.0297874803168,-0.00254055731759,-0.0785868089587,0.319969851121,0.313792440563,-0.00617741055745,-0.019306226933,0.5,0.5,0,0,0,0,0,,0,0,0,
model_selection,yolo11n,902d5e72-b665-3615-af2d-a2b6164864b2,100,high_yaw,550,0.00529739222792,0.00543091605776,0.000133523829837,0.0252055774033,0.700472238617,0.707045047946,0.00657280932897,0.00938339732342,1,1,0,0,1,1,0,0,0.5,1,0.5,1
model_selection,yolo11n,9441ffdd-f06e-36e0-839e-b836b0f19bc9,100,high_yaw,282,0.004033820347,0.00452091628899,0.000487095941993,0.120753008338,0.643933783236,0.627419772065,-0.0165140111712,-0.0256455113881,1,1,0,0,1,1,0,0,0,0,0,
model_selection,yolo11n,a47ba6a9-ffa1-3979-bb40-512339284b8b,100,high_yaw,350,0.00476224161978,0.00454671465444,-0.000215526965349,-0.0452574612036,0.67652601816,0.673979569697,-0.0025464484628,-0.00376400669664,1,1,0,0,1,1,0,0,0,0,0,
model_selection,yolo11n,a88da814-ecc6-39c0-93ba-8a81f403a7e4,100,high_yaw,611,0.00644768784969,0.00640989394171,-3.77939079804e-05,-0.0058616218498,0.589859756956,0.565896582483,-0.0239631744724,-0.0406252065679,1,1,0,0,1,1,0,0,0,0,0,
model_selection,yolo11n,d0ba7a1b-f5ca-39d6-98d0-29c671baec65,100,high_yaw,360,0.00368586156643,0.00437215909958,0.000686297533149,0.186197316633,0.646743384561,0.628008752418,-0.0187346321429,-0.0289676440302,1,1,0,0,1,1,0,0,0,0,0,
model_selection,yolo11n,e0cfd042-ae29-3d21-bb47-81eb8f933ec8,100,high_yaw,270,0.00367575710414,0.00330176633864,-0.000373990765496,-0.101745233676,0.755670787362,0.756036504187,0.00036571682522,0.000483963164034,1,1,0,0,1,1,0,0,1,1,0,0
model_selection,yolo11n,e2043284-6122-3cc9-a7e7-f091a16361b7,100,high_yaw,369,0.00588704598928,0.0058553247807,-3.17212085887e-05,-0.00538830657114,0.601771532716,0.606764719251,0.00499318653472,0.00829747879928,1,1,0,0,1,1,0,0,0,0,0,
model_selection,yolo11n,e424d4f7-4b28-322f-b630-31d42ae528eb,100,high_yaw,297,0.00546949426192,0.00539525882877,-7.4235433141e-05,-0.0135726320545,0.598974681291,0.600831357769,0.00185667647729,0.00309975786169,1,1,0,0,1,1,0,0,0,0,0,
model_selection,yolo11n,069cc46d-38bb-309d-88cf-296a3d0c0820,200,all_yaw,1546,0.00548520149887,0.00580924964397,0.0003240481451,0.0590767987587,0.535803147798,0.537159078586,0.00135593078777,0.00253065102985,1,1,0,0,1,1,0,0,0,0,0,
model_selection,yolo11n,0b324587-6097-3f92-a07a-a44f48c85d9e,200,all_yaw,482,0.00769619948956,0.00867301545817,0.00097681596861,0.126921861879,0.559492755773,0.547807378989,-0.0116853767834,-0.0208856623483,1,1,0,0,1,1,0,0,0,0,0,
model_selection,yolo11n,12c3c14b-9cf2-3434-9a5d-e0bfa332f6ce,200,all_yaw,1476,0.00590471690836,0.00585697914458,-4.7737763777e-05,-0.008084682893,0.579655438489,0.600504700435,0.0208492619459,0.0359683711417,1,1,0,0,1,1,0,0,0,0,0,
model_selection,yolo11n,1842383a-1577-3b7a-90db-41a9a6668ee2,200,all_yaw,1552,0.00646674380588,0.00682078308954,0.000354039283653,0.0547476897616,0.57928070097,0.569289488278,-0.00999121269275,-0.0172476187728,1,1,0,0,1,1,0,0,0,0,0,
model_selection,yolo11n,271f4204-dd77-350b-b9db-5dabc4191985,200,all_yaw,429,0.00706085895111,0.0074822657098,0.000421406758694,0.0596820814028,0.517138731676,0.499869341427,-0.0172693902487,-0.0333941149462,1,1,0,0,1,0,-1,-1,0,0,0,
model_selection,yolo11n,8858428d-8fd5-3c3f-8ca4-d01f6e25e63c,200,all_yaw,647,0.0040618662153,0.00381017484038,-0.000251691374911,-0.0619644669643,0.712059109731,0.683803222322,-0.0282558874089,-0.0396819407585,1,1,0,0,1,1,0,0,1,0,-1,-1
model_selection,yolo11n,8940f5f1-13e0-3094-99ba-da2d17639774,200,all_yaw,990,0.00661905891205,0.00648181877913,-0.000137240132924,-0.0207340854263,0.539007137857,0.553512655081,0.0145055172236,0.0269115494115,1,1,0,0,1,1,0,0,0,0,0,
model_selection,yolo11n,8c52d911-fe34-3424-9864-d3fdfac38064,200,all_yaw,545,0.00977339825518,0.00996060075734,0.000187202502161,0.0191542897642,0.503678496889,0.508894218129,0.0052157212397,0.0103552589041,1,1,0,0,1,1,0,0,0,0,0,
model_selection,yolo11n,8feb3dbe-4450-3aeb-b22b-e65128aa696b,200,all_yaw,78,0.00437816440206,0.00675757170314,0.00237940730108,0.543471437473,0.684749884683,0.593294093832,-0.0914557908501,-0.133560870759,1,1,0,0,1,1,0,0,0,0,0,
model_selection,yolo11n,902d5e72-b665-3615-af2d-a2b6164864b2,200,all_yaw,1320,0.00584065897767,0.00600673280185,0.000166073824176,0.0284340901961,0.674769702915,0.666985903916,-0.00778379899921,-0.0115354897613,1,1,0,0,1,1,0,0,0,0,0,
model_selection,yolo11n,9441ffdd-f06e-36e0-839e-b836b0f19bc9,200,all_yaw,630,0.00496958848403,0.0058246957493,0.000855107265274,0.17206802294,0.691371441485,0.619056584869,-0.0723148566165,-0.104596244909,1,1,0,0,1,1,0,0,0,0,0,
model_selection,yolo11n,a059b6b9-ca26-4881-bcf7-d202433de0c2,200,all_yaw,689,0.0329656309087,0.0160650881652,-0.0169005427435,-0.512671600016,0.400228478307,0.483857948126,0.0836294698193,0.208954320725,1,1,0,0,0,0,0,,0,0,0,
model_selection,yolo11n,a1c1d559-0480-39d2-94f0-1a89f0226c4f,200,all_yaw,866,0.00680172937486,0.00812438755382,0.00132265817897,0.194459100925,0.600603510878,0.612345389963,0.0117418790843,0.0195501339429,1,1,0,0,1,1,0,0,0,0,0,
model_selection,yolo11n,a47ba6a9-ffa1-3979-bb40-512339284b8b,200,all_yaw,1840,0.00509623381738,0.00533666340542,0.000240429588043,0.0471778958067,0.650446728907,0.637376955103,-0.0130697738039,-0.0200935345248,1,1,0,0,1,1,0,0,0,0,0,
model_selection,yolo11n,a88da814-ecc6-39c0-93ba-8a81f403a7e4,200,all_yaw,1251,0.00592175931124,0.00696978388393,0.00104802457269,0.176978583155,0.58387736474,0.554356284509,-0.0295210802316,-0.0505604121932,1,1,0,0,1,1,0,0,0,0,0,
model_selection,yolo11n,b29b43d7-3af9-363e-aaeb-8805d958f982,200,all_yaw,304,0.00446856280543,0.00571293046343,0.001244367658,0.278471560585,0.584095732389,0.560956279739,-0.0231394526499,-0.0396158563858,1,1,0,0,1,1,0,0,0,0,0,
model_selection,yolo11n,d0ba7a1b-f5ca-39d6-98d0-29c671baec65,200,all_yaw,1144,0.00452344429065,0.00544272832808,0.000919284037426,0.203226563291,0.660890192541,0.598428156004,-0.0624620365376,-0.0945119737628,1,1,0,0,1,1,0,0,0,0,0,
model_selection,yolo11n,e0cfd042-ae29-3d21-bb47-81eb8f933ec8,200,all_yaw,680,0.00667046717409,0.00733487932081,0.000664412146722,0.0996050395544,0.636218891555,0.643496807951,0.00727791639554,0.0114393277096,1,1,0,0,1,1,0,0,0,0,0,
model_selection,yolo11n,e2043284-6122-3cc9-a7e7-f091a16361b7,200,all_yaw,1537,0.00601331805494,0.00645052811233,0.000437210057394,0.0727069570243,0.621434173295,0.614806245633,-0.00662792766151,-0.0106655345752,1,1,0,0,1,1,0,0,0,0,0,
model_selection,yolo11n,e424d4f7-4b28-322f-b630-31d42ae528eb,200,all_yaw,921,0.00646244515654,0.00626399860655,-0.000198446549984,-0.0307076571139,0.605770377299,0.609541503454,0.00377112615505,0.00622533933049,1,1,0,0,1,1,0,0,0,0,0,
model_selection,yolo11n,069cc46d-38bb-309d-88cf-296a3d0c0820,200,high_yaw,416,0.0058875362816,0.00636325260036,0.000475716318761,0.0808005753184,0.491041412852,0.480866346485,-0.0101750663667,-0.0207214016993,1,1,0,0,0,0,0,,0,0,0,
model_selection,yolo11n,0b324587-6097-3f92-a07a-a44f48c85d9e,200,high_yaw,291,0.00765446608232,0.00907572544893,0.00142125936661,0.185677139505,0.545418353576,0.489890750187,-0.055527603389,-0.101807361312,1,1,0,0,1,0,-1,-1,0,0,0,
model_selection,yolo11n,12c3c14b-9cf2-3434-9a5d-e0bfa332f6ce,200,high_yaw,47,0.00793973664808,0.00759997999488,-0.000339756653192,-0.0427919297895,0.480048056157,0.44395659655,-0.0360914596067,-0.0751830137501,1,1,0,0,0,0,0,,0,0,0,
model_selection,yolo11n,271f4204-dd77-350b-b9db-5dabc4191985,200,high_yaw,345,0.00587781580459,0.00737447299489,0.00149665719031,0.254628120388,0.530909965981,0.493266830152,-0.0376431358291,-0.0709030499353,1,1,0,0,1,0,-1,-1,0,0,0,
model_selection,yolo11n,8858428d-8fd5-3c3f-8ca4-d01f6e25e63c,200,high_yaw,287,0.00388789549321,0.00438999708452,0.000502101591311,0.129144827115,0.728007433952,0.687927675697,-0.0400797582546,-0.0550540508043,1,1,0,0,1,1,0,0,1,0,-1,-1
model_selection,yolo11n,8c52d911-fe34-3424-9864-d3fdfac38064,200,high_yaw,141,0.00702841407833,0.0084165530719,0.00138813899358,0.19750387187,0.673311749571,0.646617865589,-0.0266938839814,-0.0396456529957,1,1,0,0,1,1,0,0,0,0,0,
model_selection,yolo11n,8feb3dbe-4450-3aeb-b22b-e65128aa696b,200,high_yaw,1,0.077471157369,0.0463354415182,-0.0311357158507,-0.401900744847,0.173195706484,0.266720648496,0.093524942012,0.539995730325,0,0,0,,0,0,0,,0,0,0,
model_selection,yolo11n,902d5e72-b665-3615-af2d-a2b6164864b2,200,high_yaw,538,0.00628430169831,0.0066377830934,0.00035348139509,0.0562483171654,0.677061386017,0.660227618393,-0.0168337676234,-0.0248629857957,1,1,0,0,1,1,0,0,0,0,0,
model_selection,yolo11n,9441ffdd-f06e-36e0-839e-b836b0f19bc9,200,high_yaw,258,0.00470119778933,0.00524175081382,0.000540553024491,0.114981978788,0.624468449113,0.588294281634,-0.0361741674784,-0.0579279345975,1,1,0,0,1,1,0,0,0,0,0,
model_selection,yolo11n,a47ba6a9-ffa1-3979-bb40-512339284b8b,200,high_yaw,337,0.00577721379482,0.00619137907248,0.000414165277657,0.071689449684,0.646356032143,0.625046229033,-0.0213098031091,-0.0329691409214,1,1,0,0,1,1,0,0,0,0,0,
model_selection,yolo11n,a88da814-ecc6-39c0-93ba-8a81f403a7e4,200,high_yaw,589,0.00701598755958,0.00799178208375,0.000975794524165,0.139081564196,0.573602708299,0.542797781624,-0.0308049266753,-0.0537042908438,1,1,0,0,1,1,0,0,0,0,0,
model_selection,yolo11n,d0ba7a1b-f5ca-39d6-98d0-29c671baec65,200,high_yaw,362,0.00407106873966,0.00597977300013,0.00190870426047,0.468845991686,0.639161940992,0.571405066557,-0.0677568744347,-0.106008931523,1,1,0,0,1,1,0,0,0,0,0,
model_selection,yolo11n,e0cfd042-ae29-3d21-bb47-81eb8f933ec8,200,high_yaw,267,0.00449389985656,0.00457591744974,8.20175931768e-05,0.0182508724704,0.753872406903,0.730945157768,-0.0229272491344,-0.0304126386965,1,1,0,0,1,1,0,0,1,1,0,0
model_selection,yolo11n,e2043284-6122-3cc9-a7e7-f091a16361b7,200,high_yaw,356,0.00652663849187,0.0070434681779,0.000516829686029,0.0791877298969,0.573411154335,0.566665505203,-0.00674564913196,-0.0117640703027,1,1,0,0,1,1,0,0,0,0,0,
model_selection,yolo11n,e424d4f7-4b28-322f-b630-31d42ae528eb,200,high_yaw,296,0.00576826967585,0.00583400327309,6.57335972363e-05,0.0113957219288,0.593134365581,0.580275547495,-0.0128588180858,-0.0216794352712,1,1,0,0,1,1,0,0,0,0,0,
model_selection,yolo11n,069cc46d-38bb-309d-88cf-296a3d0c0820,300,all_yaw,1511,0.00586933560471,0.00681910900054,0.000949773395833,0.161819575468,0.516647697274,0.500268269438,-0.0163794278355,-0.0317032823758,1,1,0,0,1,1,0,0,0,0,0,
model_selection,yolo11n,0b324587-6097-3f92-a07a-a44f48c85d9e,300,all_yaw,466,0.00850191166531,0.010113941651,0.00161202998568,0.189607943382,0.53963434404,0.516751689445,-0.0228826545955,-0.0424039997607,1,1,0,0,1,1,0,0,0,0,0,
model_selection,yolo11n,12c3c14b-9cf2-3434-9a5d-e0bfa332f6ce,300,all_yaw,1444,0.00718588186204,0.00706202718319,-0.000123854678852,-0.0172358356608,0.519469491642,0.551859341365,0.0323898497229,0.0623517843569,1,1,0,0,1,1,0,0,0,0,0,
model_selection,yolo11n,1842383a-1577-3b7a-90db-41a9a6668ee2,300,all_yaw,1509,0.00713328398228,0.00801398266429,0.000880698682016,0.123463286223,0.541522439011,0.540607007955,-0.00091543105627,-0.00169047668263,1,1,0,0,1,1,0,0,0,0,0,
model_selection,yolo11n,271f4204-dd77-350b-b9db-5dabc4191985,300,all_yaw,422,0.00778758063737,0.00983351927624,0.00204593863886,0.26271813213,0.444513424968,0.410166747199,-0.0343466777691,-0.0772680325044,1,1,0,0,0,0,0,,0,0,0,
model_selection,yolo11n,8858428d-8fd5-3c3f-8ca4-d01f6e25e63c,300,all_yaw,640,0.00438070693393,0.00429490310576,-8.58038281708e-05,-0.0195867537968,0.701298638692,0.646947644316,-0.0543509943761,-0.0775004988994,1,1,0,0,1,1,0,0,1,0,-1,-1
model_selection,yolo11n,8940f5f1-13e0-3094-99ba-da2d17639774,300,all_yaw,968,0.00770895102137,0.00764590925292,-6.30417684484e-05,-0.00817773628003,0.478446513634,0.496562083904,0.0181155702702,0.0378633133568,1,1,0,0,0,0,0,,0,0,0,
model_selection,yolo11n,8c52d911-fe34-3424-9864-d3fdfac38064,300,all_yaw,532,0.00986917777707,0.0107708400561,0.00090166227898,0.0913614385461,0.503406292987,0.476658726885,-0.0267475661021,-0.0531331579973,1,1,0,0,1,0,-1,-1,0,0,0,
model_selection,yolo11n,8feb3dbe-4450-3aeb-b22b-e65128aa696b,300,all_yaw,75,0.00408079447105,0.00900586631201,0.00492507184096,1.20689044153,0.636036895046,0.546041602752,-0.089995292294,-0.1414938237,1,1,0,0,1,1,0,0,0,0,0,
model_selection,yolo11n,902d5e72-b665-3615-af2d-a2b6164864b2,300,all_yaw,1301,0.00656050143724,0.00729232225144,0.000731820814201,0.111549524255,0.658102460318,0.640221108708,-0.0178813516101,-0.0271710754606,1,1,0,0,1,1,0,0,0,0,0,
model_selection,yolo11n,9441ffdd-f06e-36e0-839e-b836b0f19bc9,300,all_yaw,618,0.00625410491316,0.00733632734134,0.00108222242818,0.173041936969,0.64735468126,0.572580768197,-0.0747739130632,-0.115506870079,1,1,0,0,1,1,0,0,0,0,0,
model_selection,yolo11n,a059b6b9-ca26-4881-bcf7-d202433de0c2,300,all_yaw,679,0.0420295006114,0.0183762983577,-0.0236532022538,-0.562776190763,0.27696335382,0.442014442015,0.165051088195,0.595931143665,0,1,1,,0,0,0,,0,0,0,
model_selection,yolo11n,a1c1d559-0480-39d2-94f0-1a89f0226c4f,300,all_yaw,842,0.00795238073793,0.0101173914398,0.00216501070192,0.272246862075,0.563477713219,0.569453655706,0.00597594248746,0.0106054637961,1,1,0,0,1,1,0,0,0,0,0,
model_selection,yolo11n,a47ba6a9-ffa1-3979-bb40-512339284b8b,300,all_yaw,1818,0.00543720763489,0.00638800676294,0.000950799128057,0.174869012167,0.628831273597,0.607648322393,-0.0211829512046,-0.0336862241017,1,1,0,0,1,1,0,0,0,0,0,
model_selection,yolo11n,a88da814-ecc6-39c0-93ba-8a81f403a7e4,300,all_yaw,1233,0.00624075346253,0.00842717960494,0.0021864261424,0.350346501513,0.561947259197,0.514480055859,-0.0474672033385,-0.0844691428984,1,1,0,0,1,1,0,0,0,0,0,
model_selection,yolo11n,b29b43d7-3af9-363e-aaeb-8805d958f982,300,all_yaw,299,0.00460121147074,0.00708559153622,0.00248438006548,0.539940422492,0.559630982165,0.532355036287,-0.0272759458783,-0.0487391633909,1,1,0,0,1,1,0,0,0,0,0,
model_selection,yolo11n,d0ba7a1b-f5ca-39d6-98d0-29c671baec65,300,all_yaw,1126,0.00525364959299,0.00681022469316,0.00155657510018,0.296284529949,0.645529603412,0.552200974481,-0.0933286289317,-0.144576838054,1,1,0,0,1,1,0,0,0,0,0,
model_selection,yolo11n,e0cfd042-ae29-3d21-bb47-81eb8f933ec8,300,all_yaw,671,0.00746137681387,0.00845918950102,0.00099781268715,0.133730370686,0.609234065376,0.615437901777,0.00620383640125,0.0101830097065,1,1,0,0,1,1,0,0,0,0,0,
model_selection,yolo11n,e2043284-6122-3cc9-a7e7-f091a16361b7,300,all_yaw,1505,0.00702347627559,0.00776560086472,0.00074212458913,0.105663429335,0.602478394202,0.578507477259,-0.0239709169437,-0.0397871810415,1,1,0,0,1,1,0,0,0,0,0,
model_selection,yolo11n,e424d4f7-4b28-322f-b630-31d42ae528eb,300,all_yaw,909,0.0067177670261,0.00681108919601,9.33221699063e-05,0.0138918437546,0.596113028477,0.594836706579,-0.00127632189808,-0.00214107365064,1,1,0,0,1,1,0,0,0,0,0,
model_selection,yolo11n,069cc46d-38bb-309d-88cf-296a3d0c0820,300,high_yaw,404,0.00657595840232,0.00794106155209,0.00136510314976,0.20758999164,0.476134662511,0.461305515259,-0.0148291472515,-0.0311448596774,1,1,0,0,0,0,0,,0,0,0,
model_selection,yolo11n,0b324587-6097-3f92-a07a-a44f48c85d9e,300,high_yaw,280,0.00799359389883,0.0110203665914,0.00302677269262,0.378649795189,0.536663838277,0.456196171325,-0.0804676669518,-0.149940542314,1,1,0,0,1,0,-1,-1,0,0,0,
model_selection,yolo11n,12c3c14b-9cf2-3434-9a5d-e0bfa332f6ce,300,high_yaw,56,0.00886914576668,0.00890968029153,4.05345248465e-05,0.00457028511119,0.409376059828,0.4603751454,0.0509990855726,0.124577596438,1,1,0,0,0,0,0,,0,0,0,
model_selection,yolo11n,271f4204-dd77-350b-b9db-5dabc4191985,300,high_yaw,336,0.00712233316937,0.0100928020006,0.00297046883125,0.417064009871,0.459808288087,0.394832072558,-0.0649762155285,-0.14131153616,1,1,0,0,0,0,0,,0,0,0,
model_selection,yolo11n,8858428d-8fd5-3c3f-8ca4-d01f6e25e63c,300,high_yaw,287,0.00426645694699,0.00495477089628,0.000688313949289,0.1613315118,0.708076606708,0.634859637712,-0.0732169689961,-0.103402609693,1,1,0,0,1,1,0,0,1,0,-1,-1
model_selection,yolo11n,8c52d911-fe34-3424-9864-d3fdfac38064,300,high_yaw,138,0.00725632350781,0.00939679729616,0.00214047378835,0.294980479584,0.679078160597,0.611050744647,-0.0680274159496,-0.100176120949,1,1,0,0,1,1,0,0,0,0,0,
model_selection,yolo11n,902d5e72-b665-3615-af2d-a2b6164864b2,300,high_yaw,520,0.00700727033339,0.00859744090879,0.0015901705754,0.226931529646,0.665939421779,0.633071145557,-0.0328682762217,-0.0493562554593,1,1,0,0,1,1,0,0,0,0,0,
model_selection,yolo11n,9441ffdd-f06e-36e0-839e-b836b0f19bc9,300,high_yaw,263,0.00543181185057,0.0066100493309,0.00117823748033,0.216914265947,0.605865007103,0.550661140132,-0.0552038669709,-0.0911157870544,1,1,0,0,1,1,0,0,0,0,0,
model_selection,yolo11n,a47ba6a9-ffa1-3979-bb40-512339284b8b,300,high_yaw,339,0.00657388952552,0.00755137056747,0.000977481041945,0.148691431176,0.622636139511,0.591578030068,-0.0310581094431,-0.0498816362756,1,1,0,0,1,1,0,0,0,0,0,
model_selection,yolo11n,a88da814-ecc6-39c0-93ba-8a81f403a7e4,300,high_yaw,580,0.00713465966146,0.0100112792525,0.00287661959101,0.403189462078,0.557860889157,0.496105497882,-0.0617553912747,-0.110700342101,1,1,0,0,1,0,-1,-1,0,0,0,
model_selection,yolo11n,d0ba7a1b-f5ca-39d6-98d0-29c671baec65,300,high_yaw,345,0.00466443201354,0.00770500381827,0.00304057180473,0.651863248494,0.635764630054,0.498334051007,-0.137430579047,-0.216165814439,1,1,0,0,1,0,-1,-1,0,0,0,
model_selection,yolo11n,e0cfd042-ae29-3d21-bb47-81eb8f933ec8,300,high_yaw,266,0.00538267229479,0.00534665116049,-3.60211343052e-05,-0.00669205411967,0.742970817971,0.714238608998,-0.0287322089726,-0.0386720558569,1,1,0,0,1,1,0,0,1,1,0,0
model_selection,yolo11n,e2043284-6122-3cc9-a7e7-f091a16361b7,300,high_yaw,350,0.00748914333752,0.00827358608737,0.000784442749848,0.104743989332,0.536573377346,0.520399362963,-0.0161740143825,-0.0301431548142,1,1,0,0,1,1,0,0,0,0,0,
model_selection,yolo11n,e424d4f7-4b28-322f-b630-31d42ae528eb,300,high_yaw,305,0.00597067567097,0.00665527236165,0.000684596690682,0.114659835571,0.590234415748,0.549146968628,-0.0410874471206,-0.0696120829696,1,1,0,0,1,1,0,0,0,0,0,
model_selection,yolo11n,069cc46d-38bb-309d-88cf-296a3d0c0820,400,all_yaw,1474,0.00630172908659,0.00819399977798,0.00189227069139,0.300278013444,0.4980511455,0.466279015911,-0.0317721295897,-0.0637929053607,1,1,0,0,0,0,0,,0,0,0,
model_selection,yolo11n,0b324587-6097-3f92-a07a-a44f48c85d9e,400,all_yaw,450,0.00936252403757,0.0119373097493,0.00257478571169,0.275009783832,0.518777854266,0.4745351671,-0.0442426871657,-0.0852825285463,1,1,0,0,1,0,-1,-1,0,0,0,
model_selection,yolo11n,12c3c14b-9cf2-3434-9a5d-e0bfa332f6ce,400,all_yaw,1415,0.0085825200384,0.00836705566733,-0.000215464371065,-0.0251050239441,0.465602388373,0.493924944296,0.0283225559236,0.0608299197575,1,1,0,0,0,0,0,,0,0,0,
model_selection,yolo11n,1842383a-1577-3b7a-90db-41a9a6668ee2,400,all_yaw,1454,0.00789748386971,0.00920636847691,0.0013088846072,0.165734381835,0.513706005196,0.499660179401,-0.0140458257946,-0.0273421483349,1,1,0,0,1,0,-1,-1,0,0,0,
model_selection,yolo11n,271f4204-dd77-350b-b9db-5dabc4191985,400,all_yaw,413,0.00875233739772,0.012435751644,0.0036834142463,0.420849206209,0.381437899402,0.320585644098,-0.0608522553034,-0.159533846529,1,1,0,0,0,0,0,,0,0,0,
model_selection,yolo11n,8858428d-8fd5-3c3f-8ca4-d01f6e25e63c,400,all_yaw,631,0.00461696177113,0.00496508257073,0.000348120799595,0.0754004076385,0.682200466441,0.614560812559,-0.0676396538816,-0.0991492342926,1,1,0,0,1,1,0,0,0,0,0,
model_selection,yolo11n,8940f5f1-13e0-3094-99ba-da2d17639774,400,all_yaw,947,0.00882723353559,0.00875727341188,-6.99601237107e-05,-0.00792548689559,0.435496066625,0.454926357403,0.0194302907778,0.0446164552722,1,1,0,0,0,0,0,,0,0,0,
model_selection,yolo11n,8c52d911-fe34-3424-9864-d3fdfac38064,400,all_yaw,519,0.00995579702134,0.0118064183697,0.00185062134839,0.185883796588,0.504152969154,0.449523305342,-0.0546296638114,-0.108359301946,1,1,0,0,1,0,-1,-1,0,0,0,
model_selection,yolo11n,8feb3dbe-4450-3aeb-b22b-e65128aa696b,400,all_yaw,70,0.00385213043559,0.011681399957,0.00782926952142,2.03245182175,0.645308557177,0.45967846867,-0.185630088507,-0.287660974649,1,1,0,0,1,0,-1,-1,0,0,0,
model_selection,yolo11n,902d5e72-b665-3615-af2d-a2b6164864b2,400,all_yaw,1282,0.00722506532845,0.00838582014729,0.00116075481884,0.160656653756,0.627411663716,0.600172680589,-0.0272389831275,-0.0434148497753,1,1,0,0,1,1,0,0,0,0,0,
model_selection,yolo11n,9441ffdd-f06e-36e0-839e-b836b0f19bc9,400,all_yaw,605,0.00744039822421,0.00914327669115,0.00170287846694,0.228869264201,0.62374910798,0.526412555486,-0.0973365524941,-0.156050808328,1,1,0,0,1,1,0,0,0,0,0,
model_selection,yolo11n,a059b6b9-ca26-4881-bcf7-d202433de0c2,400,all_yaw,664,0.0480665578493,0.0217741092993,-0.0262924485499,-0.547000861439,0.143318662884,0.389581972618,0.246263309734,1.718291985,0,1,1,,0,0,0,,0,0,0,
model_selection,yolo11n,a1c1d559-0480-39d2-94f0-1a89f0226c4f,400,all_yaw,817,0.00924464361884,0.0120775633262,0.00283291970739,0.306439039101,0.52480261125,0.523984517379,-0.000818093871647,-0.00155886013924,1,1,0,0,1,1,0,0,0,0,0,
model_selection,yolo11n,a47ba6a9-ffa1-3979-bb40-512339284b8b,400,all_yaw,1796,0.0056683453307,0.0077154435477,0.002047098217,0.361145642612,0.609779930654,0.57878911431,-0.0309908163446,-0.0508229523253,1,1,0,0,1,1,0,0,0,0,0,
model_selection,yolo11n,a88da814-ecc6-39c0-93ba-8a81f403a7e4,400,all_yaw,1208,0.00646077486459,0.00996777051086,0.00350699564627,0.542813473581,0.555730198219,0.478257408533,-0.0774727896859,-0.139407197835,1,1,0,0,1,0,-1,-1,0,0,0,
model_selection,yolo11n,b29b43d7-3af9-363e-aaeb-8805d958f982,400,all_yaw,294,0.00506181899852,0.00834169693325,0.00327987793473,0.647964286295,0.53118821182,0.494059140352,-0.037129071468,-0.069898146536,1,1,0,0,1,0,-1,-1,0,0,0,
model_selection,yolo11n,d0ba7a1b-f5ca-39d6-98d0-29c671baec65,400,all_yaw,1106,0.00573152951472,0.0077724713831,0.00204094186838,0.356090265807,0.636834044835,0.510598368192,-0.126235676643,-0.198223819325,1,1,0,0,1,1,0,0,0,0,0,
model_selection,yolo11n,e0cfd042-ae29-3d21-bb47-81eb8f933ec8,400,all_yaw,664,0.00839354846082,0.0100704254117,0.00167687695084,0.199781648807,0.599248875903,0.571944163127,-0.0273047127753,-0.0455648961112,1,1,0,0,1,1,0,0,0,0,0,
model_selection,yolo11n,e2043284-6122-3cc9-a7e7-f091a16361b7,400,all_yaw,1472,0.00818648772544,0.00926637622027,0.00107988849483,0.131911087032,0.58466592001,0.553560947306,-0.0311049727044,-0.0532012755316,1,1,0,0,1,1,0,0,0,0,0,
model_selection,yolo11n,e424d4f7-4b28-322f-b630-31d42ae528eb,400,all_yaw,897,0.0069840642699,0.0073268103251,0.000342746055197,0.0490754440325,0.586658439402,0.57886884952,-0.00778958988144,-0.013277896231,1,1,0,0,1,1,0,0,0,0,0,
model_selection,yolo11n,069cc46d-38bb-309d-88cf-296a3d0c0820,400,high_yaw,387,0.00712299348087,0.00966972420326,0.00254673072239,0.357536579141,0.44913269329,0.402191766766,-0.0469409265233,-0.104514606094,1,1,0,0,0,0,0,,0,0,0,
model_selection,yolo11n,0b324587-6097-3f92-a07a-a44f48c85d9e,400,high_yaw,270,0.00866880460314,0.0128626997589,0.0041938951558,0.483791635387,0.5219425831,0.404728208549,-0.117214374552,-0.224573311983,1,1,0,0,1,0,-1,-1,0,0,0,
model_selection,yolo11n,12c3c14b-9cf2-3434-9a5d-e0bfa332f6ce,400,high_yaw,41,0.0101328140221,0.0114336844718,0.00130087044969,0.12838195262,0.317173647986,0.348440969092,0.0312673211063,0.0985810810728,1,1,0,0,0,0,0,,0,0,0,
model_selection,yolo11n,271f4204-dd77-350b-b9db-5dabc4191985,400,high_yaw,334,0.00837991083471,0.0126368091265,0.00425689829179,0.507988494837,0.38907542159,0.309341456882,-0.0797339647084,-0.204931898249,1,1,0,0,0,0,0,,0,0,0,
model_selection,yolo11n,8858428d-8fd5-3c3f-8ca4-d01f6e25e63c,400,high_yaw,282,0.00438725355101,0.00572366454138,0.00133641099038,0.304612207806,0.687511241136,0.598066738557,-0.0894445025797,-0.130098967446,1,1,0,0,1,1,0,0,0,0,0,
model_selection,yolo11n,8c52d911-fe34-3424-9864-d3fdfac38064,400,high_yaw,133,0.00775742463215,0.0119337128824,0.00417628825029,0.538360145065,0.682463830236,0.581385421231,-0.101078409005,-0.148108082109,1,1,0,0,1,1,0,0,0,0,0,
model_selection,yolo11n,902d5e72-b665-3615-af2d-a2b6164864b2,400,high_yaw,491,0.0076321341461,0.0105617588004,0.0029296246543,0.383853925811,0.623133635401,0.581704897655,-0.0414287377465,-0.0664845153477,1,1,0,0,1,1,0,0,0,0,0,
model_selection,yolo11n,9441ffdd-f06e-36e0-839e-b836b0f19bc9,400,high_yaw,259,0.00661501799601,0.00791296632395,0.00129794832794,0.196212365367,0.594812296826,0.509580919711,-0.0852313771158,-0.143291215684,1,1,0,0,1,1,0,0,0,0,0,
model_selection,yolo11n,a47ba6a9-ffa1-3979-bb40-512339284b8b,400,high_yaw,338,0.00757711511818,0.00896117419956,0.00138405908138,0.182663066325,0.612225369701,0.559598399337,-0.0526269703636,-0.0859601267247,1,1,0,0,1,1,0,0,0,0,0,
model_selection,yolo11n,a88da814-ecc6-39c0-93ba-8a81f403a7e4,400,high_yaw,543,0.00776059240428,0.0118052296486,0.00404463724434,0.521176352736,0.552894360823,0.440467743708,-0.112426617115,-0.20334194935,1,1,0,0,1,0,-1,-1,0,0,0,
model_selection,yolo11n,d0ba7a1b-f5ca-39d6-98d0-29c671baec65,400,high_yaw,328,0.00477607302679,0.00961195604891,0.00483588302212,1.01252283937,0.633429267641,0.435599810628,-0.197829457013,-0.312314992564,1,1,0,0,1,0,-1,-1,0,0,0,
model_selection,yolo11n,e0cfd042-ae29-3d21-bb47-81eb8f933ec8,400,high_yaw,268,0.0062066357132,0.00632103697811,0.000114401264916,0.018432089493,0.713519033709,0.679490514468,-0.0340285192415,-0.0476911163317,1,1,0,0,1,1,0,0,1,0,-1,-1
model_selection,yolo11n,e2043284-6122-3cc9-a7e7-f091a16361b7,400,high_yaw,344,0.0084853091891,0.00942753468479,0.000942225495686,0.111041975571,0.515832370434,0.485904227492,-0.0299281429426,-0.0580191253166,1,1,0,0,1,0,-1,-1,0,0,0,
model_selection,yolo11n,e424d4f7-4b28-322f-b630-31d42ae528eb,400,high_yaw,293,0.00612636338303,0.00739129984318,0.00126493646016,0.206474278633,0.588201033207,0.524106070529,-0.0640949626773,-0.108967783222,1,1,0,0,1,1,0,0,0,0,0,
model_selection,yolo11n,069cc46d-38bb-309d-88cf-296a3d0c0820,500,all_yaw,1441,0.00665265561125,0.00952925459398,0.00287659898273,0.432398601524,0.487714991326,0.423412046581,-0.064302944745,-0.131845331574,1,1,0,0,0,0,0,,0,0,0,
model_selection,yolo11n,0b324587-6097-3f92-a07a-a44f48c85d9e,500,all_yaw,434,0.0104519248778,0.0142267133855,0.00377478850768,0.361157255895,0.486042557888,0.430217617879,-0.0558249400086,-0.114856074026,1,1,0,0,0,0,0,,0,0,0,
model_selection,yolo11n,12c3c14b-9cf2-3434-9a5d-e0bfa332f6ce,500,all_yaw,1384,0.0100358763407,0.00988055249351,-0.000155323847202,-0.015476859412,0.421374088591,0.442359710307,0.0209856217153,0.0498028290858,1,1,0,0,0,0,0,,0,0,0,
model_selection,yolo11n,1842383a-1577-3b7a-90db-41a9a6668ee2,500,all_yaw,1403,0.0089008040225,0.0106778452096,0.0017770411871,0.199649512854,0.484930760276,0.475364973847,-0.00956578642869,-0.0197260871289,1,1,0,0,0,0,0,,0,0,0,
model_selection,yolo11n,271f4204-dd77-350b-b9db-5dabc4191985,500,all_yaw,406,0.010203887638,0.0140249735587,0.00382108592066,0.374473539519,0.324326578205,0.245898529205,-0.0784280489999,-0.241818137243,1,0,-1,-1,0,0,0,,0,0,0,
model_selection,yolo11n,8858428d-8fd5-3c3f-8ca4-d01f6e25e63c,500,all_yaw,620,0.00485628885006,0.00571806745681,0.00086177860675,0.177456208508,0.658679548531,0.582637839887,-0.076041708644,-0.115445680397,1,1,0,0,1,1,0,0,0,0,0,
model_selection,yolo11n,8940f5f1-13e0-3094-99ba-da2d17639774,500,all_yaw,926,0.0104405380209,0.0103325619059,-0.000107976114943,-0.0103420067747,0.391324375756,0.410007140222,0.0186827644659,0.0477423989493,1,1,0,0,0,0,0,,0,0,0,
model_selection,yolo11n,8c52d911-fe34-3424-9864-d3fdfac38064,500,all_yaw,504,0.0099551969779,0.0136398472205,0.0036846502426,0.370123288447,0.504578652692,0.422661962564,-0.081916690128,-0.162346721747,1,1,0,0,1,0,-1,-1,0,0,0,
model_selection,yolo11n,8feb3dbe-4450-3aeb-b22b-e65128aa696b,500,all_yaw,66,0.00385820853697,0.0147577188165,0.0108995102795,2.82501844447,0.650202179379,0.395363504212,-0.254838675167,-0.391937589951,1,1,0,0,1,0,-1,-1,0,0,0,
model_selection,yolo11n,902d5e72-b665-3615-af2d-a2b6164864b2,500,all_yaw,1262,0.00814253891855,0.00978552408139,0.00164298516284,0.201777993238,0.596896476266,0.557632091089,-0.0392643851769,-0.0657808962494,1,1,0,0,1,1,0,0,0,0,0,
model_selection,yolo11n,9441ffdd-f06e-36e0-839e-b836b0f19bc9,500,all_yaw,593,0.00887100735241,0.0106420686365,0.00177106128409,0.199646016933,0.584528416161,0.490510005341,-0.0940184108191,-0.160844893456,1,1,0,0,1,0,-1,-1,0,0,0,
model_selection,yolo11n,a059b6b9-ca26-4881-bcf7-d202433de0c2,500,all_yaw,647,0.0558477714841,0.0245484202568,-0.0312993512273,-0.560440468717,0.0272376063925,0.342252034573,0.315014428181,11.5654225867,0,1,1,,0,0,0,,0,0,0,
model_selection,yolo11n,a1c1d559-0480-39d2-94f0-1a89f0226c4f,500,all_yaw,794,0.0109604951359,0.0137811479012,0.00282065276534,0.257347202875,0.485203147432,0.473364238591,-0.0118389088404,-0.0243999011611,1,1,0,0,0,0,0,,0,0,0,
model_selection,yolo11n,a47ba6a9-ffa1-3979-bb40-512339284b8b,500,all_yaw,1776,0.00587974842495,0.00892379787237,0.00304404944742,0.517717634739,0.591516477073,0.542585525354,-0.0489309517199,-0.0827211981685,1,1,0,0,1,1,0,0,0,0,0,
model_selection,yolo11n,a88da814-ecc6-39c0-93ba-8a81f403a7e4,500,all_yaw,1187,0.00678941277238,0.011444054832,0.0046546420596,0.685573585765,0.550090286573,0.445180404162,-0.104909882411,-0.190713933643,1,1,0,0,1,0,-1,-1,0,0,0,
model_selection,yolo11n,b29b43d7-3af9-363e-aaeb-8805d958f982,500,all_yaw,289,0.0059534594571,0.00990321177762,0.00394975232052,0.663438182285,0.504573968232,0.469534518039,-0.0350394501923,-0.0694436344291,1,1,0,0,1,0,-1,-1,0,0,0,
model_selection,yolo11n,d0ba7a1b-f5ca-39d6-98d0-29c671baec65,500,all_yaw,1088,0.00643009346686,0.00905142641029,0.00262133294343,0.407666382602,0.627297078792,0.463578671595,-0.163718407197,-0.260990227329,1,1,0,0,1,0,-1,-1,0,0,0,
model_selection,yolo11n,e0cfd042-ae29-3d21-bb47-81eb8f933ec8,500,all_yaw,655,0.00925369305187,0.0109549720915,0.00170127903958,0.183848656968,0.582310892228,0.548075269171,-0.0342356230573,-0.0587926887755,1,1,0,0,1,1,0,0,0,0,0,
model_selection,yolo11n,e2043284-6122-3cc9-a7e7-f091a16361b7,500,all_yaw,1440,0.00915031003301,0.0108533431894,0.00170303315639,0.186117535936,0.570260276106,0.511829776055,-0.0584305000511,-0.102462862134,1,1,0,0,1,1,0,0,0,0,0,
model_selection,yolo11n,e424d4f7-4b28-322f-b630-31d42ae528eb,500,all_yaw,885,0.00721837612354,0.00808324510229,0.000864868978754,0.1198148952,0.580362069624,0.562495098283,-0.0178669713414,-0.0307859046559,1,1,0,0,1,1,0,0,0,0,0,
model_selection,yolo11n,069cc46d-38bb-309d-88cf-296a3d0c0820,500,high_yaw,400,0.00772007149769,0.0119298394382,0.00420976794052,0.545301677812,0.430399275163,0.357264370948,-0.0731349042151,-0.169923390757,1,1,0,0,0,0,0,,0,0,0,
model_selection,yolo11n,0b324587-6097-3f92-a07a-a44f48c85d9e,500,high_yaw,260,0.00908002194217,0.0148850669499,0.00580504500768,0.639320592467,0.492708235816,0.37208391692,-0.120624318896,-0.244818962071,1,1,0,0,0,0,0,,0,0,0,
model_selection,yolo11n,271f4204-dd77-350b-b9db-5dabc4191985,500,high_yaw,330,0.00953397309516,0.0143179591799,0.00478398608479,0.501783048582,0.332564562857,0.231884608741,-0.100679954116,-0.30273807062,1,0,-1,-1,0,0,0,,0,0,0,
model_selection,yolo11n,8858428d-8fd5-3c3f-8ca4-d01f6e25e63c,500,high_yaw,277,0.00466650956019,0.00643856154467,0.00177205198448,0.379738209388,0.659144812919,0.569315665179,-0.0898291477403,-0.136281354233,1,1,0,0,1,1,0,0,0,0,0,
model_selection,yolo11n,8c52d911-fe34-3424-9864-d3fdfac38064,500,high_yaw,130,0.00792625295688,0.0144106603025,0.00648440734558,0.818092405182,0.675175188933,0.541379668336,-0.133795520597,-0.198164154711,1,1,0,0,1,1,0,0,0,0,0,
model_selection,yolo11n,902d5e72-b665-3615-af2d-a2b6164864b2,500,high_yaw,492,0.00856188600462,0.0122850330018,0.00372314699722,0.43485126936,0.581513809494,0.539297796838,-0.0422160126563,-0.0725967500119,1,1,0,0,1,1,0,0,0,0,0,
model_selection,yolo11n,9441ffdd-f06e-36e0-839e-b836b0f19bc9,500,high_yaw,242,0.0081924643783,0.00942349240784,0.00123102802953,0.150263458306,0.571642006549,0.481935029769,-0.0897069767802,-0.156928594737,1,1,0,0,1,0,-1,-1,0,0,0,
model_selection,yolo11n,a47ba6a9-ffa1-3979-bb40-512339284b8b,500,high_yaw,351,0.00714654555402,0.0104081308171,0.00326158526311,0.456386269206,0.593975457434,0.527987111118,-0.0659883463154,-0.11109608232,1,1,0,0,1,1,0,0,0,0,0,
model_selection,yolo11n,a88da814-ecc6-39c0-93ba-8a81f403a7e4,500,high_yaw,517,0.0081967172606,0.0134415403098,0.00524482304922,0.639868728232,0.544308955087,0.389858447718,-0.154450507369,-0.283755220128,1,1,0,0,1,0,-1,-1,0,0,0,
model_selection,yolo11n,d0ba7a1b-f5ca-39d6-98d0-29c671baec65,500,high_yaw,330,0.005199337085,0.0116148941934,0.00641555710836,1.23391828679,0.610632050356,0.369292276958,-0.241339773398,-0.395229456524,1,1,0,0,1,0,-1,-1,0,0,0,
model_selection,yolo11n,e0cfd042-ae29-3d21-bb47-81eb8f933ec8,500,high_yaw,261,0.00722491264773,0.00783331531782,0.000608402670091,0.08420900013,0.674909691593,0.649520144576,-0.0253895470168,-0.037619176807,1,1,0,0,1,1,0,0,0,0,0,
model_selection,yolo11n,e2043284-6122-3cc9-a7e7-f091a16361b7,500,high_yaw,331,0.00931155919949,0.0107955012546,0.00148394205514,0.159365582428,0.503781842031,0.463508558367,-0.0402732836638,-0.0799419119623,1,1,0,0,1,0,-1,-1,0,0,0,
model_selection,yolo11n,e424d4f7-4b28-322f-b630-31d42ae528eb,500,high_yaw,306,0.00632317782325,0.00809786975051,0.00177469192726,0.280664560901,0.585188838398,0.488356956127,-0.0968318822708,-0.165471170872,1,1,0,0,1,0,-1,-1,0,0,0,
model_selection,yolo11s,069cc46d-38bb-309d-88cf-296a3d0c0820,100,all_yaw,1648,0.00485325587417,0.00481967098587,-3.35848883031e-05,-0.00692007369358,0.575098994602,0.578190613611,0.00309161900939,0.00537580318937,1,1,0,0,1,1,0,0,0,0,0,
model_selection,yolo11s,0b324587-6097-3f92-a07a-a44f48c85d9e,100,all_yaw,625,0.00589068012114,0.00616683744198,0.000276157320833,0.0468803797107,0.593351825499,0.582844987822,-0.0105068376774,-0.0177076015036,1,1,0,0,1,1,0,0,0,0,0,
model_selection,yolo11s,12c3c14b-9cf2-3434-9a5d-e0bfa332f6ce,100,all_yaw,1623,0.00435591403299,0.00409806367022,-0.000257850362765,-0.0591954663964,0.657808343594,0.658000170496,0.000191826902188,0.000291615185572,1,1,0,0,1,1,0,0,0,0,0,
model_selection,yolo11s,1842383a-1577-3b7a-90db-41a9a6668ee2,100,all_yaw,2118,0.00548014220526,0.00578401440598,0.000303872200717,0.0554496926057,0.565329660575,0.556031538154,-0.0092981224215,-0.0164472573614,1,1,0,0,1,1,0,0,0,0,0,
model_selection,yolo11s,271f4204-dd77-350b-b9db-5dabc4191985,100,all_yaw,637,0.00517216843903,0.00529697736514,0.000124808926105,0.0241308703644,0.593390854943,0.58213860549,-0.0112522494534,-0.0189626270099,1,1,0,0,1,1,0,0,0,0,0,
model_selection,yolo11s,8858428d-8fd5-3c3f-8ca4-d01f6e25e63c,100,all_yaw,723,0.00329508339534,0.00310271771808,-0.000192365677256,-0.0583796080939,0.703740599347,0.700658938089,-0.0030816612581,-0.00437897324805,1,1,0,0,1,1,0,0,1,1,0,0
model_selection,yolo11s,8940f5f1-13e0-3094-99ba-da2d17639774,100,all_yaw,1426,0.00479710031188,0.00482272004109,2.56197292114e-05,0.00534066989344,0.576516273387,0.582556920605,0.00604064721782,0.0104778433787,1,1,0,0,1,1,0,0,0,0,0,
model_selection,yolo11s,8c52d911-fe34-3424-9864-d3fdfac38064,100,all_yaw,686,0.00934133165109,0.00914992487354,-0.000191406777552,-0.0204903095941,0.504747368846,0.515296540405,0.0105491715583,0.0208999040102,1,1,0,0,1,1,0,0,0,0,0,
model_selection,yolo11s,8feb3dbe-4450-3aeb-b22b-e65128aa696b,100,all_yaw,110,0.0039592597594,0.00440284596419,0.000443586204787,0.112037661518,0.62685437374,0.565445145808,-0.0614092279326,-0.097964105389,1,1,0,0,1,1,0,0,0,0,0,
model_selection,yolo11s,902d5e72-b665-3615-af2d-a2b6164864b2,100,all_yaw,1634,0.00463095397335,0.00455939039303,-7.15635803258e-05,-0.0154533128028,0.686841249389,0.691106975485,0.00426572609672,0.00621064343547,1,1,0,0,1,1,0,0,0,0,0,
model_selection,yolo11s,9441ffdd-f06e-36e0-839e-b836b0f19bc9,100,all_yaw,810,0.00378208511754,0.00407826335972,0.00029617824218,0.0783108346256,0.67501472702,0.649527927643,-0.0254867993771,-0.0377573975157,1,1,0,0,1,1,0,0,0,0,0,
model_selection,yolo11s,a059b6b9-ca26-4881-bcf7-d202433de0c2,100,all_yaw,948,0.0136812365024,0.0120131060618,-0.00166813044061,-0.121928338883,0.483150294528,0.483887095998,0.000736801469436,0.00152499435017,1,1,0,0,0,0,0,,0,0,0,
model_selection,yolo11s,a1c1d559-0480-39d2-94f0-1a89f0226c4f,100,all_yaw,1138,0.00492364196554,0.004932449681,8.80771546034e-06,0.0017888618876,0.674170889377,0.663380645158,-0.0107902442192,-0.016005206379,1,1,0,0,1,1,0,0,0,0,0,
model_selection,yolo11s,a47ba6a9-ffa1-3979-bb40-512339284b8b,100,all_yaw,2562,0.00471711488739,0.00455099790685,-0.000166116980535,-0.0352158012897,0.646902374581,0.643267550766,-0.00363482381479,-0.00561881352985,1,1,0,0,1,1,0,0,0,0,0,
model_selection,yolo11s,a88da814-ecc6-39c0-93ba-8a81f403a7e4,100,all_yaw,1463,0.00514799786007,0.00557966812061,0.000431670260539,0.0838520668175,0.58892522692,0.575609900122,-0.0133153267983,-0.0226095371529,1,1,0,0,1,1,0,0,0,0,0,
model_selection,yolo11s,b29b43d7-3af9-363e-aaeb-8805d958f982,100,all_yaw,421,0.00404260124903,0.00504899992658,0.00100639867755,0.248948292339,0.572515396819,0.564239979203,-0.00827541761674,-0.014454489194,1,1,0,0,1,1,0,0,0,0,0,
model_selection,yolo11s,d0ba7a1b-f5ca-39d6-98d0-29c671baec65,100,all_yaw,1422,0.00317350409788,0.00363854276118,0.000465038663302,0.146537911709,0.618082824238,0.603055776834,-0.0150270474041,-0.0243123523496,1,1,0,0,1,1,0,0,0,0,0,
model_selection,yolo11s,e0cfd042-ae29-3d21-bb47-81eb8f933ec8,100,all_yaw,742,0.00557643067487,0.00566967476543,9.32440905677e-05,0.0167211063858,0.642353537791,0.639182029851,-0.0031715079392,-0.00493732462361,1,1,0,0,1,1,0,0,0,0,0,
model_selection,yolo11s,e2043284-6122-3cc9-a7e7-f091a16361b7,100,all_yaw,1794,0.00535052772099,0.00529627658573,-5.42511352597e-05,-0.0101393989694,0.598406290917,0.60116400493,0.00275771401314,0.00460843085208,1,1,0,0,1,1,0,0,0,0,0,
model_selection,yolo11s,e424d4f7-4b28-322f-b630-31d42ae528eb,100,all_yaw,1200,0.00616737287679,0.00608532725218,-8.20456246139e-05,-0.0133031723966,0.575381742543,0.585449075777,0.0100673332339,0.0174967895043,1,1,0,0,1,1,0,0,0,0,0,
model_selection,yolo11s,069cc46d-38bb-309d-88cf-296a3d0c0820,100,high_yaw,425,0.00505716888066,0.00520689173507,0.000149722854407,0.0296060617986,0.510226771742,0.514337073545,0.00411030180271,0.00805583326935,1,1,0,0,1,1,0,0,0,0,0,
model_selection,yolo11s,0b324587-6097-3f92-a07a-a44f48c85d9e,100,high_yaw,385,0.00589068012114,0.00640458449265,0.000513904371511,0.0872402440707,0.550021636698,0.528780391212,-0.0212412454866,-0.0386189270919,1,1,0,0,1,1,0,0,0,0,0,
model_selection,yolo11s,12c3c14b-9cf2-3434-9a5d-e0bfa332f6ce,100,high_yaw,71,0.00471178900284,0.00440544247573,-0.000306346527113,-0.0650170300342,0.683335717327,0.684649204659,0.00131348733215,0.00192216987763,1,1,0,0,1,1,0,0,0,0,0,
model_selection,yolo11s,1842383a-1577-3b7a-90db-41a9a6668ee2,100,high_yaw,25,0.00530194637313,0.00545669528029,0.000154748907162,0.0291871883024,0.542718125719,0.566758074153,0.0240399484348,0.044295458905,1,1,0,0,1,1,0,0,0,0,0,
model_selection,yolo11s,271f4204-dd77-350b-b9db-5dabc4191985,100,high_yaw,530,0.0050730132423,0.00530783073847,0.000234817496167,0.0462875780037,0.592022717333,0.579839698041,-0.0121830192918,-0.0205786347975,1,1,0,0,1,1,0,0,0,0,0,
model_selection,yolo11s,8858428d-8fd5-3c3f-8ca4-d01f6e25e63c,100,high_yaw,354,0.0033652661913,0.00347600600496,0.000110739813655,0.0329067025787,0.720397705284,0.703789716428,-0.0166079888561,-0.0230539169327,1,1,0,0,1,1,0,0,1,1,0,0
model_selection,yolo11s,8c52d911-fe34-3424-9864-d3fdfac38064,100,high_yaw,155,0.00616199145439,0.00618884611368,2.68546592855e-05,0.0043581136852,0.682008850701,0.713815478835,0.0318066281339,0.0466366794231,1,1,0,0,1,1,0,0,0,1,1,
model_selection,yolo11s,8feb3dbe-4450-3aeb-b22b-e65128aa696b,100,high_yaw,9,0.00957175847755,0.0116134060191,0.00204164754155,0.213299107613,0.329819567306,0.312139632605,-0.0176799347007,-0.0536048690049,1,1,0,0,0,0,0,,0,0,0,
model_selection,yolo11s,902d5e72-b665-3615-af2d-a2b6164864b2,100,high_yaw,646,0.00474464520851,0.00493111850906,0.000186473300545,0.0393018428881,0.694457154689,0.690783134972,-0.00367401971709,-0.00529049156206,1,1,0,0,1,1,0,0,0,0,0,
model_selection,yolo11s,9441ffdd-f06e-36e0-839e-b836b0f19bc9,100,high_yaw,339,0.0041824408425,0.00455862136925,0.000376180526751,0.0899428206919,0.630382087547,0.606879659387,-0.0235024281595,-0.0372828299277,1,1,0,0,1,1,0,0,0,0,0,
model_selection,yolo11s,a47ba6a9-ffa1-3979-bb40-512339284b8b,100,high_yaw,454,0.00481735195686,0.00457975002868,-0.000237601928183,-0.0493221027466,0.632255450565,0.633213447664,0.000957997098693,0.00151520575716,1,1,0,0,1,1,0,0,0,0,0,
model_selection,yolo11s,a88da814-ecc6-39c0-93ba-8a81f403a7e4,100,high_yaw,693,0.0053638021977,0.00560999537668,0.00024619317898,0.0458990040844,0.600275836161,0.582884521932,-0.0173913142284,-0.0289722044113,1,1,0,0,1,1,0,0,0,0,0,
model_selection,yolo11s,d0ba7a1b-f5ca-39d6-98d0-29c671baec65,100,high_yaw,448,0.0035498790038,0.00432692708524,0.000777048081444,0.218894244173,0.589491543264,0.572111684532,-0.0173798587323,-0.0294827956921,1,1,0,0,1,1,0,0,0,0,0,
model_selection,yolo11s,e0cfd042-ae29-3d21-bb47-81eb8f933ec8,100,high_yaw,274,0.00348097808882,0.00316885181093,-0.000312126277891,-0.0896662575652,0.760351495642,0.752702869654,-0.00764862598764,-0.0100593291806,1,1,0,0,1,1,0,0,1,1,0,0
model_selection,yolo11s,e2043284-6122-3cc9-a7e7-f091a16361b7,100,high_yaw,476,0.00572468150031,0.00576576389174,4.10823914285e-05,0.00717636281185,0.571852907925,0.560122845838,-0.0117300620875,-0.0205123763908,1,1,0,0,1,1,0,0,0,0,0,
model_selection,yolo11s,e424d4f7-4b28-322f-b630-31d42ae528eb,100,high_yaw,442,0.0059517115836,0.00575644509649,-0.000195266487112,-0.0328084592759,0.539386792253,0.547722623664,0.00833583141149,0.0154542742448,1,1,0,0,1,1,0,0,0,0,0,
model_selection,yolo11s,069cc46d-38bb-309d-88cf-296a3d0c0820,200,all_yaw,1620,0.00500662333613,0.00535541928524,0.000348795949111,0.0696669043572,0.552930283056,0.559852433532,0.00692215047577,0.0125190294109,1,1,0,0,1,1,0,0,0,0,0,
model_selection,yolo11s,0b324587-6097-3f92-a07a-a44f48c85d9e,200,all_yaw,608,0.00687443931735,0.00736135563622,0.000486916318872,0.0708299682918,0.554557700727,0.55109562514,-0.0034620755872,-0.00624294925967,1,1,0,0,1,1,0,0,0,0,0,
model_selection,yolo11s,12c3c14b-9cf2-3434-9a5d-e0bfa332f6ce,200,all_yaw,1595,0.00521676199347,0.00507172880163,-0.000145033191844,-0.0278013817816,0.596220096574,0.616488282728,0.0202681861543,0.0339944699462,1,1,0,0,1,1,0,0,0,0,0,
model_selection,yolo11s,1842383a-1577-3b7a-90db-41a9a6668ee2,200,all_yaw,2071,0.00607485449372,0.00682649427558,0.000751639781856,0.123729676593,0.552437057258,0.525696067872,-0.0267409893857,-0.0484054953129,1,1,0,0,1,1,0,0,0,0,0,
model_selection,yolo11s,271f4204-dd77-350b-b9db-5dabc4191985,200,all_yaw,628,0.00583245823316,0.00652007360096,0.000687615367793,0.117894606409,0.546970515264,0.517522642248,-0.0294478730155,-0.0538381360489,1,1,0,0,1,1,0,0,0,0,0,
model_selection,yolo11s,8858428d-8fd5-3c3f-8ca4-d01f6e25e63c,200,all_yaw,715,0.00352602853246,0.00361594604359,8.99175111357e-05,0.0255010730367,0.689392758228,0.671362128755,-0.0180306294726,-0.0261543644859,1,1,0,0,1,1,0,0,0,0,0,
model_selection,yolo11s,8940f5f1-13e0-3094-99ba-da2d17639774,200,all_yaw,1401,0.0057420371593,0.00610470252368,0.000362665364384,0.0631597034856,0.527172183558,0.53524323095,0.00807104739207,0.0153100782701,1,1,0,0,1,1,0,0,0,0,0,
model_selection,yolo11s,8c52d911-fe34-3424-9864-d3fdfac38064,200,all_yaw,671,0.00963519933783,0.00950313428228,-0.000132065055548,-0.0137065203238,0.493534636912,0.490926662735,-0.00260797417695,-0.00528427790452,1,1,0,0,0,0,0,,0,0,0,
model_selection,yolo11s,8feb3dbe-4450-3aeb-b22b-e65128aa696b,200,all_yaw,107,0.00564365931156,0.00685885824741,0.00121519893585,0.215321100861,0.582539215364,0.477633805721,-0.104905409643,-0.18008300021,1,1,0,0,1,0,-1,-1,0,0,0,
model_selection,yolo11s,902d5e72-b665-3615-af2d-a2b6164864b2,200,all_yaw,1613,0.00535103408075,0.00529156709487,-5.94669858757e-05,-0.01111317644,0.666815202278,0.663494194285,-0.00332100799326,-0.00498040233923,1,1,0,0,1,1,0,0,0,0,0,
model_selection,yolo11s,9441ffdd-f06e-36e0-839e-b836b0f19bc9,200,all_yaw,796,0.00466172693691,0.00517947121472,0.000517744277812,0.111062763825,0.650980885711,0.601817456175,-0.0491634295364,-0.0755220784751,1,1,0,0,1,1,0,0,0,0,0,
model_selection,yolo11s,a059b6b9-ca26-4881-bcf7-d202433de0c2,200,all_yaw,935,0.0184678064318,0.0134486268683,-0.00501917956346,-0.271779952968,0.400323149254,0.455166745215,0.0548435959606,0.136998312645,1,1,0,0,0,0,0,,0,0,0,
model_selection,yolo11s,a1c1d559-0480-39d2-94f0-1a89f0226c4f,200,all_yaw,1109,0.00601521397927,0.00605368763085,3.84736515825e-05,0.00639605701728,0.598009845164,0.623229824047,0.0252199788824,0.0421731834121,1,1,0,0,1,1,0,0,0,0,0,
model_selection,yolo11s,a47ba6a9-ffa1-3979-bb40-512339284b8b,200,all_yaw,2535,0.0052053908122,0.00542644248395,0.000221051671747,0.0424659126899,0.62657044558,0.613706886386,-0.012863559194,-0.0205301084416,1,1,0,0,1,1,0,0,0,0,0,
model_selection,yolo11s,a88da814-ecc6-39c0-93ba-8a81f403a7e4,200,all_yaw,1443,0.00553898561925,0.00686058404051,0.00132159842126,0.238599359541,0.575471042171,0.538153615723,-0.0373174264481,-0.0648467493816,1,1,0,0,1,1,0,0,0,0,0,
model_selection,yolo11s,b29b43d7-3af9-363e-aaeb-8805d958f982,200,all_yaw,418,0.00418267369963,0.0056537375177,0.00147106381807,0.351704178647,0.566590840074,0.533369711961,-0.0332211281132,-0.0586333660262,1,1,0,0,1,1,0,0,0,0,0,
model_selection,yolo11s,d0ba7a1b-f5ca-39d6-98d0-29c671baec65,200,all_yaw,1406,0.00380037233677,0.0044566294695,0.000656257132733,0.172682325462,0.611716979092,0.559114838383,-0.0526021407082,-0.0859909770468,1,1,0,0,1,1,0,0,0,0,0,
model_selection,yolo11s,e0cfd042-ae29-3d21-bb47-81eb8f933ec8,200,all_yaw,736,0.00632632683503,0.00665672112028,0.000330394285251,0.052225295004,0.613371722644,0.609263347743,-0.00410837490034,-0.00669801810007,1,1,0,0,1,1,0,0,0,0,0,
model_selection,yolo11s,e2043284-6122-3cc9-a7e7-f091a16361b7,200,all_yaw,1763,0.00586226549189,0.00590273707732,4.04715854286e-05,0.00690374488917,0.586075241085,0.587471799923,0.00139655883716,0.00238290024772,1,1,0,0,1,1,0,0,0,0,0,
model_selection,yolo11s,e424d4f7-4b28-322f-b630-31d42ae528eb,200,all_yaw,1185,0.0064915374159,0.0065569737597,6.54363438028e-05,0.0100802536611,0.5544030277,0.570044028749,0.0156410010489,0.0282123297807,1,1,0,0,1,1,0,0,0,0,0,
model_selection,yolo11s,069cc46d-38bb-309d-88cf-296a3d0c0820,200,high_yaw,441,0.00546745561325,0.0058509964899,0.000383540876645,0.0701497924767,0.500964240489,0.500153553734,-0.000810686755325,-0.00161825274102,1,1,0,0,1,1,0,0,0,0,0,
model_selection,yolo11s,0b324587-6097-3f92-a07a-a44f48c85d9e,200,high_yaw,366,0.0066463324447,0.00771036255058,0.00106403010589,0.160092820324,0.524051117303,0.493556811005,-0.0304943062979,-0.0581895645121,1,1,0,0,1,0,-1,-1,0,0,0,
model_selection,yolo11s,12c3c14b-9cf2-3434-9a5d-e0bfa332f6ce,200,high_yaw,43,0.00682676245112,0.00594152556821,-0.000885236882911,-0.129671552108,0.614385478927,0.61132497166,-0.00306050726704,-0.00498141211342,1,1,0,0,1,1,0,0,0,0,0,
model_selection,yolo11s,271f4204-dd77-350b-b9db-5dabc4191985,200,high_yaw,513,0.00561167278582,0.00633739333363,0.000725720547811,0.129323389925,0.558161960692,0.516228214569,-0.0419337461226,-0.0751282765143,1,1,0,0,1,1,0,0,0,0,0,
model_selection,yolo11s,8858428d-8fd5-3c3f-8ca4-d01f6e25e63c,200,high_yaw,340,0.00351428773393,0.00422052975677,0.000706242022834,0.200963061736,0.705419871466,0.665622449311,-0.0397974221556,-0.0564166445621,1,1,0,0,1,1,0,0,1,0,-1,-1
model_selection,yolo11s,8c52d911-fe34-3424-9864-d3fdfac38064,200,high_yaw,148,0.00676707353735,0.00760319861579,0.000836125078436,0.123557853158,0.668860713681,0.667561215046,-0.00129949863541,-0.00194285388397,1,1,0,0,1,1,0,0,0,0,0,
model_selection,yolo11s,8feb3dbe-4450-3aeb-b22b-e65128aa696b,200,high_yaw,7,0.00773904916808,0.0087445919803,0.00100554281222,0.129931053593,0.326080541162,0.311500876823,-0.014579664339,-0.0447118502902,1,1,0,0,0,0,0,,0,0,0,
model_selection,yolo11s,902d5e72-b665-3615-af2d-a2b6164864b2,200,high_yaw,630,0.00556236396844,0.00594202183896,0.000379657870522,0.0682547694966,0.675583320377,0.656989336329,-0.0185939840483,-0.0275228583766,1,1,0,0,1,1,0,0,0,0,0,
model_selection,yolo11s,9441ffdd-f06e-36e0-839e-b836b0f19bc9,200,high_yaw,307,0.00481826867839,0.00550031109598,0.000682042417586,0.141553421594,0.598221845713,0.564454311242,-0.0337675344709,-0.0564465084532,1,1,0,0,1,1,0,0,0,0,0,
model_selection,yolo11s,a47ba6a9-ffa1-3979-bb40-512339284b8b,200,high_yaw,433,0.00549347360026,0.0055754897125,8.20161122455e-05,0.0149297363041,0.616863466996,0.61025214144,-0.00661132555526,-0.0107176480842,1,1,0,0,1,1,0,0,0,0,0,
model_selection,yolo11s,a88da814-ecc6-39c0-93ba-8a81f403a7e4,200,high_yaw,669,0.00568819606067,0.00722240942914,0.00153421336847,0.269718791705,0.586722730889,0.547597485449,-0.0391252454402,-0.0666843866453,1,1,0,0,1,1,0,0,0,0,0,
model_selection,yolo11s,d0ba7a1b-f5ca-39d6-98d0-29c671baec65,200,high_yaw,450,0.00398208701682,0.00557734349023,0.00159525647341,0.400608140071,0.579271491577,0.514921609703,-0.0643498818734,-0.11108760367,1,1,0,0,1,1,0,0,0,0,0,
model_selection,yolo11s,e0cfd042-ae29-3d21-bb47-81eb8f933ec8,200,high_yaw,272,0.00393708742457,0.00372371757682,-0.000213369847754,-0.0541948462772,0.751284754265,0.740170204712,-0.0111145495529,-0.0147940570999,1,1,0,0,1,1,0,0,1,1,0,0
model_selection,yolo11s,e2043284-6122-3cc9-a7e7-f091a16361b7,200,high_yaw,458,0.0062998320388,0.00630072017215,8.88133348666e-07,0.000140977305934,0.550999030566,0.530841994942,-0.0201570356238,-0.0365827061494,1,1,0,0,1,1,0,0,0,0,0,
model_selection,yolo11s,e424d4f7-4b28-322f-b630-31d42ae528eb,200,high_yaw,438,0.00618692876604,0.0064536994017,0.000266770635653,0.0431184268868,0.513265135663,0.52254409088,0.00927895521653,0.0180782885332,1,1,0,0,1,1,0,0,0,0,0,
model_selection,yolo11s,069cc46d-38bb-309d-88cf-296a3d0c0820,300,all_yaw,1583,0.0053014872159,0.00620804852995,0.000906561314057,0.17100132041,0.540056366984,0.529703263977,-0.0103531030065,-0.0191704119041,1,1,0,0,1,1,0,0,0,0,0,
model_selection,yolo11s,0b324587-6097-3f92-a07a-a44f48c85d9e,300,all_yaw,590,0.00749204997071,0.0086958666534,0.00120381668269,0.160679211617,0.524968358335,0.527637575234,0.00266921689876,0.00508452910804,1,1,0,0,1,1,0,0,0,0,0,
model_selection,yolo11s,12c3c14b-9cf2-3434-9a5d-e0bfa332f6ce,300,all_yaw,1562,0.00656070821441,0.00633331783674,-0.000227390377674,-0.0346594255137,0.552795520771,0.570556627879,0.0177611071079,0.0321296147319,1,1,0,0,1,1,0,0,0,0,0,
model_selection,yolo11s,1842383a-1577-3b7a-90db-41a9a6668ee2,300,all_yaw,2023,0.00665735698124,0.00798737813255,0.00133002115131,0.199782159055,0.523026006531,0.48767951206,-0.0353464944715,-0.0675807589491,1,1,0,0,1,0,-1,-1,0,0,0,
model_selection,yolo11s,271f4204-dd77-350b-b9db-5dabc4191985,300,all_yaw,615,0.00686588010245,0.00817132951516,0.00130544941271,0.19013577185,0.471162868113,0.435959266475,-0.0352036016377,-0.0747164176556,1,1,0,0,0,0,0,,0,0,0,
model_selection,yolo11s,8858428d-8fd5-3c3f-8ca4-d01f6e25e63c,300,all_yaw,706,0.00390047255562,0.00410029256354,0.000199820007923,0.0512296920627,0.678089101877,0.642026287452,-0.0360628144252,-0.0531830025367,1,1,0,0,1,1,0,0,0,0,0,
model_selection,yolo11s,8940f5f1-13e0-3094-99ba-da2d17639774,300,all_yaw,1375,0.00654917632879,0.00729919648085,0.000750020152055,0.114521294649,0.483038667971,0.490864630055,0.00782596208417,0.01620152299,1,1,0,0,0,0,0,,0,0,0,
model_selection,yolo11s,8c52d911-fe34-3424-9864-d3fdfac38064,300,all_yaw,655,0.00967976556301,0.00999874137632,0.000318975813306,0.0329528449041,0.492581096543,0.471629008897,-0.020952087646,-0.0425353059488,1,1,0,0,0,0,0,,0,0,0,
model_selection,yolo11s,8feb3dbe-4450-3aeb-b22b-e65128aa696b,300,all_yaw,103,0.00584479863637,0.00867545565094,0.00283065701457,0.484303598922,0.581646793843,0.461661172535,-0.119985621308,-0.206286052941,1,1,0,0,1,0,-1,-1,0,0,0,
model_selection,yolo11s,902d5e72-b665-3615-af2d-a2b6164864b2,300,all_yaw,1588,0.00593884287614,0.00620587327114,0.000267030394992,0.044963370906,0.650640103187,0.631928565891,-0.0187115372953,-0.0287586596702,1,1,0,0,1,1,0,0,0,0,0,
model_selection,yolo11s,9441ffdd-f06e-36e0-839e-b836b0f19bc9,300,all_yaw,780,0.0056458153336,0.00662684010652,0.000981024772921,0.173761399365,0.624312561462,0.559794698627,-0.0645178628344,-0.103342246844,1,1,0,0,1,1,0,0,0,0,0,
model_selection,yolo11s,a059b6b9-ca26-4881-bcf7-d202433de0c2,300,all_yaw,918,0.0241281813066,0.0151477140727,-0.00898046723384,-0.372198265577,0.287419752812,0.418347033797,0.130927280986,0.455526385033,0,1,1,,0,0,0,,0,0,0,
model_selection,yolo11s,a1c1d559-0480-39d2-94f0-1a89f0226c4f,300,all_yaw,1083,0.00697589753407,0.00717486353755,0.000198966003486,0.0285219217332,0.571101265003,0.575044704027,0.00394343902339,0.0069049733647,1,1,0,0,1,1,0,0,0,0,0,
model_selection,yolo11s,a47ba6a9-ffa1-3979-bb40-512339284b8b,300,all_yaw,2510,0.00552824949866,0.00633827756771,0.00081002806905,0.146525237192,0.601230823211,0.583202006121,-0.0180288170906,-0.0299865149866,1,1,0,0,1,1,0,0,0,0,0,
model_selection,yolo11s,a88da814-ecc6-39c0-93ba-8a81f403a7e4,300,all_yaw,1418,0.00576236791761,0.0083337181716,0.00257135025399,0.446231530293,0.558713861901,0.499630921802,-0.0590829400987,-0.105748119257,1,1,0,0,1,0.5,-0.5,-0.5,0,0,0,
model_selection,yolo11s,b29b43d7-3af9-363e-aaeb-8805d958f982,300,all_yaw,410,0.00419259114591,0.00626131783299,0.00206872668707,0.493424380074,0.556155280273,0.50443183548,-0.0517234447929,-0.0930018047613,1,1,0,0,1,1,0,0,0,0,0,
model_selection,yolo11s,d0ba7a1b-f5ca-39d6-98d0-29c671baec65,300,all_yaw,1386,0.00448351639703,0.00536415880759,0.000880642410556,0.196417796339,0.600766199989,0.528177376435,-0.0725888235539,-0.120827076415,1,1,0,0,1,1,0,0,0,0,0,
model_selection,yolo11s,e0cfd042-ae29-3d21-bb47-81eb8f933ec8,300,all_yaw,727,0.006971019695,0.00756721162668,0.000596191931686,0.0855243504926,0.594526151282,0.579226042452,-0.0153001088296,-0.0257349635446,1,1,0,0,1,1,0,0,0,0,0,
model_selection,yolo11s,e2043284-6122-3cc9-a7e7-f091a16361b7,300,all_yaw,1730,0.00646978493716,0.00670162887184,0.000231843934689,0.0358348750292,0.576821260943,0.566523620338,-0.0102976406045,-0.0178523943234,1,1,0,0,1,1,0,0,0,0,0,
model_selection,yolo11s,e424d4f7-4b28-322f-b630-31d42ae528eb,300,all_yaw,1171,0.00678502874313,0.00715662858552,0.000371599842398,0.0547676150634,0.544528504488,0.549036167659,0.00450766317095,0.00827810322839,1,1,0,0,1,1,0,0,0,0,0,
model_selection,yolo11s,069cc46d-38bb-309d-88cf-296a3d0c0820,300,high_yaw,428,0.00597266066012,0.0071526674619,0.00118000680178,0.197568030219,0.484033165908,0.475386397969,-0.00864676793892,-0.0178639988909,1,1,0,0,0,0,0,,0,0,0,
model_selection,yolo11s,0b324587-6097-3f92-a07a-a44f48c85d9e,300,high_yaw,352,0.00698375152267,0.00872940082873,0.00174564930606,0.249958679142,0.51910875226,0.46655355729,-0.0525551949705,-0.101241203778,1,1,0,0,1,0,-1,-1,0,0,0,
model_selection,yolo11s,12c3c14b-9cf2-3434-9a5d-e0bfa332f6ce,300,high_yaw,52,0.00819730470644,0.00784384159883,-0.000353463107617,-0.0431194301389,0.55007664637,0.583117124868,0.0330404784984,0.060065226758,1,1,0,0,1,1,0,0,0,0,0,
model_selection,yolo11s,271f4204-dd77-350b-b9db-5dabc4191985,300,high_yaw,495,0.00652773592882,0.00774468972339,0.00121695379457,0.186428159447,0.504279662149,0.4472455101,-0.0570341520487,-0.113100242444,1,1,0,0,1,0,-1,-1,0,0,0,
model_selection,yolo11s,8858428d-8fd5-3c3f-8ca4-d01f6e25e63c,300,high_yaw,341,0.00381256715806,0.00496918455035,0.00115661739229,0.30336970979,0.68797118815,0.620822223413,-0.0671489647364,-0.0976043268861,1,1,0,0,1,1,0,0,0,0,0,
model_selection,yolo11s,8c52d911-fe34-3424-9864-d3fdfac38064,300,high_yaw,145,0.00682928251885,0.00832885651613,0.00149957399728,0.219580020762,0.677549205815,0.622573110627,-0.0549760951889,-0.0811396349033,1,1,0,0,1,1,0,0,0,0,0,
model_selection,yolo11s,8feb3dbe-4450-3aeb-b22b-e65128aa696b,300,high_yaw,3,0.00828036707127,0.00749589265841,-0.00078447441286,-0.0947390865777,0.349269477749,0.322682488461,-0.0265869892882,-0.0761217082565,1,1,0,0,0,0,0,,0,0,0,
model_selection,yolo11s,902d5e72-b665-3615-af2d-a2b6164864b2,300,high_yaw,617,0.00619037033343,0.00723075813465,0.00104038780123,0.168065518732,0.654041713889,0.610761404969,-0.0432803089201,-0.066173621653,1,1,0,0,1,1,0,0,0,0,0,
model_selection,yolo11s,9441ffdd-f06e-36e0-839e-b836b0f19bc9,300,high_yaw,307,0.0052746533046,0.00622910199713,0.000954448692531,0.180950033569,0.586674193932,0.550246460018,-0.0364277339135,-0.0620919315871,1,1,0,0,1,1,0,0,0,0,0,
model_selection,yolo11s,a47ba6a9-ffa1-3979-bb40-512339284b8b,300,high_yaw,431,0.00580217783245,0.00718889057099,0.00138671273854,0.238998661982,0.581849940915,0.576524119638,-0.00532582127713,-0.00915325568092,1,1,0,0,1,1,0,0,0,0,0,
model_selection,yolo11s,a88da814-ecc6-39c0-93ba-8a81f403a7e4,300,high_yaw,663,0.00591997198878,0.0090239632317,0.00310399124292,0.524325325999,0.567333530803,0.492348170021,-0.0749853607822,-0.132171565245,1,1,0,0,1,0,-1,-1,0,0,0,
model_selection,yolo11s,d0ba7a1b-f5ca-39d6-98d0-29c671baec65,300,high_yaw,430,0.00444968789271,0.00737576616208,0.00292607826937,0.657591799676,0.566650064669,0.458573179834,-0.108076884835,-0.19072950234,1,1,0,0,1,0,-1,-1,0,0,0,
model_selection,yolo11s,e0cfd042-ae29-3d21-bb47-81eb8f933ec8,300,high_yaw,270,0.00481991931721,0.00479699199768,-2.29273195278e-05,-0.00475678492084,0.74614809988,0.72129496256,-0.0248531373195,-0.0333085848822,1,1,0,0,1,1,0,0,1,1,0,0
model_selection,yolo11s,e2043284-6122-3cc9-a7e7-f091a16361b7,300,high_yaw,443,0.00703840120227,0.00695348737385,-8.49138284149e-05,-0.0120643631948,0.513560484587,0.503130298065,-0.0104301865218,-0.0203095581432,1,1,0,0,1,1,0,0,0,0,0,
model_selection,yolo11s,e424d4f7-4b28-322f-b630-31d42ae528eb,300,high_yaw,445,0.00643113216127,0.00727315725272,0.000842025091451,0.130929526923,0.486374970322,0.500249634385,0.0138746640634,0.0285266819018,1,1,0,0,0,1,1,,0,0,0,
model_selection,yolo11s,069cc46d-38bb-309d-88cf-296a3d0c0820,400,all_yaw,1545,0.00562316298616,0.00713259517574,0.00150943218958,0.268431164683,0.527669145899,0.496361942389,-0.0313072035098,-0.0593311239686,1,1,0,0,1,0,-1,-1,0,0,0,
model_selection,yolo11s,0b324587-6097-3f92-a07a-a44f48c85d9e,400,all_yaw,571,0.00823516127684,0.00993509263041,0.00169993135357,0.206423565541,0.500328187997,0.48308000926,-0.0172481787371,-0.0344737297456,1,1,0,0,1,0,-1,-1,0,0,0,
model_selection,yolo11s,12c3c14b-9cf2-3434-9a5d-e0bfa332f6ce,400,all_yaw,1531,0.00775890384197,0.00749277337131,-0.000266130470656,-0.0343000088771,0.516158208614,0.525078164188,0.00891995557422,0.0172814370194,1,1,0,0,1,1,0,0,0,0,0,
model_selection,yolo11s,1842383a-1577-3b7a-90db-41a9a6668ee2,400,all_yaw,1964,0.00724313358041,0.00929190847309,0.00204877489267,0.282857532576,0.499389036387,0.453743107236,-0.0456459291505,-0.0914035467835,1,1,0,0,0,0,0,,0,0,0,
model_selection,yolo11s,271f4204-dd77-350b-b9db-5dabc4191985,400,all_yaw,603,0.00805460238031,0.0101414955936,0.00208689321329,0.259093263051,0.420788983307,0.37068077827,-0.0501082050374,-0.119081551621,1,1,0,0,0,0,0,,0,0,0,
model_selection,yolo11s,8858428d-8fd5-3c3f-8ca4-d01f6e25e63c,400,all_yaw,696,0.00418631295992,0.00461791950848,0.000431606548562,0.103099446385,0.668282859589,0.605959919296,-0.0623229402931,-0.0932583252717,1,1,0,0,1,1,0,0,0,0,0,
model_selection,yolo11s,8940f5f1-13e0-3094-99ba-da2d17639774,400,all_yaw,1348,0.00744489379756,0.00846163930217,0.00101674550461,0.136569510896,0.444103474158,0.448901792722,0.00479831856345,0.0108045058025,1,1,0,0,0,0,0,,0,0,0,
model_selection,yolo11s,8c52d911-fe34-3424-9864-d3fdfac38064,400,all_yaw,638,0.00982294469896,0.0107150988942,0.000892154195244,0.090823497697,0.491462725681,0.454202524239,-0.0372602014419,-0.0758149082217,1,1,0,0,0,0,0,,0,0,0,
model_selection,yolo11s,8feb3dbe-4450-3aeb-b22b-e65128aa696b,400,all_yaw,98,0.00558279144172,0.0110721439268,0.00548935248511,0.983263040078,0.553367474691,0.424758311528,-0.128609163163,-0.232411858385,1,1,0,0,1,0,-1,-1,0,0,0,
model_selection,yolo11s,902d5e72-b665-3615-af2d-a2b6164864b2,400,all_yaw,1563,0.00661268465568,0.00718784233871,0.000575157683026,0.0869779390632,0.622527058871,0.596611434353,-0.0259156245186,-0.0416297157678,1,1,0,0,1,1,0,0,0,0,0,
model_selection,yolo11s,9441ffdd-f06e-36e0-839e-b836b0f19bc9,400,all_yaw,763,0.00660250333995,0.00817691756454,0.00157441422459,0.238457164431,0.593922473519,0.519200065037,-0.0747224084822,-0.125811720913,1,1,0,0,1,1,0,0,0,0,0,
model_selection,yolo11s,a059b6b9-ca26-4881-bcf7-d202433de0c2,400,all_yaw,902,0.0285454706929,0.0178962524333,-0.0106492182596,-0.373061575134,0.168263334686,0.363252075321,0.194988740635,1.158830835,0,1,1,,0,0,0,,0,0,0,
model_selection,yolo11s,a1c1d559-0480-39d2-94f0-1a89f0226c4f,400,all_yaw,1054,0.00822376283613,0.00854706166133,0.000323298825197,0.0393127612796,0.538360598807,0.534242106278,-0.00411849252917,-0.00765006305865,1,1,0,0,1,1,0,0,0,0,0,
model_selection,yolo11s,a47ba6a9-ffa1-3979-bb40-512339284b8b,400,all_yaw,2481,0.00579895299057,0.00707692294793,0.00127796995736,0.220379430465,0.584397554647,0.558819995043,-0.0255775596044,-0.0437673966993,1,1,0,0,1,1,0,0,0,0,0,
model_selection,yolo11s,a88da814-ecc6-39c0-93ba-8a81f403a7e4,400,all_yaw,1392,0.00611581232186,0.00982940564044,0.00371359331857,0.607211785308,0.550815664693,0.462118587311,-0.0886970773819,-0.161028603701,1,1,0,0,1,0,-1,-1,0,0,0,
model_selection,yolo11s,b29b43d7-3af9-363e-aaeb-8805d958f982,400,all_yaw,400,0.00455366678903,0.00711052883912,0.00255686205009,0.561495201241,0.533469974524,0.473321986526,-0.0601479879986,-0.112748591057,1,1,0,0,1,0,-1,-1,0,0,0,
model_selection,yolo11s,d0ba7a1b-f5ca-39d6-98d0-29c671baec65,400,all_yaw,1366,0.0050686970446,0.00642214075852,0.00135344371392,0.267020045193,0.582456383628,0.486795247955,-0.0956611356722,-0.16423742337,1,1,0,0,1,0,-1,-1,0,0,0,
model_selection,yolo11s,e0cfd042-ae29-3d21-bb47-81eb8f933ec8,400,all_yaw,718,0.00776175658956,0.00845073830853,0.000688981718967,0.0887662104599,0.571406521863,0.547942748427,-0.0234637734366,-0.0410631880086,1,1,0,0,1,1,0,0,0,0,0,
model_selection,yolo11s,e2043284-6122-3cc9-a7e7-f091a16361b7,400,all_yaw,1695,0.00704234383743,0.00783652014737,0.00079417630994,0.112771589725,0.565266816194,0.546727790105,-0.0185390260887,-0.0327969474902,1,1,0,0,1,1,0,0,0,0,0,
model_selection,yolo11s,e424d4f7-4b28-322f-b630-31d42ae528eb,400,all_yaw,1157,0.00723847498839,0.00776390849992,0.000525433511531,0.0725889793602,0.531482996688,0.530827527516,-0.000655469171871,-0.00123328342761,1,1,0,0,1,1,0,0,0,0,0,
model_selection,yolo11s,069cc46d-38bb-309d-88cf-296a3d0c0820,400,high_yaw,411,0.00651780194388,0.00817170619668,0.0016539042528,0.253751842575,0.471973483355,0.434574245883,-0.0373992374721,-0.0792401242677,1,1,0,0,0,0,0,,0,0,0,
model_selection,yolo11s,0b324587-6097-3f92-a07a-a44f48c85d9e,400,high_yaw,340,0.00790853862898,0.00996390242551,0.00205536379653,0.259891731324,0.496402310018,0.43413644904,-0.0622658609774,-0.125434269182,1,1,0,0,0,0,0,,0,0,0,
model_selection,yolo11s,12c3c14b-9cf2-3434-9a5d-e0bfa332f6ce,400,high_yaw,33,0.00965543512332,0.00883682353931,-0.000818611584008,-0.0847824643377,0.467440677313,0.454753089932,-0.0126875873807,-0.0271426685707,1,1,0,0,0,0,0,,0,0,0,
model_selection,yolo11s,271f4204-dd77-350b-b9db-5dabc4191985,400,high_yaw,491,0.00723277703956,0.00916811191415,0.00193533487459,0.267578395409,0.445654706936,0.392938271165,-0.0527164357711,-0.118289866461,1,1,0,0,0,0,0,,0,0,0,
model_selection,yolo11s,8858428d-8fd5-3c3f-8ca4-d01f6e25e63c,400,high_yaw,333,0.00415699909385,0.00549688435842,0.00133988526456,0.322320316727,0.673579905557,0.572255523984,-0.101324381573,-0.15042666911,1,1,0,0,1,1,0,0,0,0,0,
model_selection,yolo11s,8c52d911-fe34-3424-9864-d3fdfac38064,400,high_yaw,140,0.00720501415401,0.0102100720904,0.00300505793638,0.417078699936,0.65045798943,0.609473416789,-0.0409845726414,-0.063008792739,1,1,0,0,1,1,0,0,0,0,0,
model_selection,yolo11s,8feb3dbe-4450-3aeb-b22b-e65128aa696b,400,high_yaw,3,0.00973110661261,0.00870141768254,-0.00102968893007,-0.105814165959,0.311786971271,0.298290222753,-0.0134967485178,-0.0432883659724,1,0,-1,-1,0,0,0,,0,0,0,
model_selection,yolo11s,902d5e72-b665-3615-af2d-a2b6164864b2,400,high_yaw,588,0.00716488596876,0.00857554991467,0.00141066394592,0.196885749762,0.620945362573,0.573223085118,-0.0477222774552,-0.0768542295854,1,1,0,0,1,1,0,0,0,0,0,
model_selection,yolo11s,9441ffdd-f06e-36e0-839e-b836b0f19bc9,400,high_yaw,295,0.00624917019436,0.0076488446505,0.00139967445613,0.223977650248,0.566420117679,0.517225313373,-0.0491948043065,-0.0868521487338,1,1,0,0,1,1,0,0,0,0,0,
model_selection,yolo11s,a47ba6a9-ffa1-3979-bb40-512339284b8b,400,high_yaw,430,0.00606094130811,0.00834781840701,0.0022868770989,0.377313849887,0.543600586557,0.557444772058,0.0138441855011,0.0254675691004,1,1,0,0,1,1,0,0,0,0,0,
model_selection,yolo11s,a88da814-ecc6-39c0-93ba-8a81f403a7e4,400,high_yaw,633,0.00631650762958,0.0108197299533,0.00450322232376,0.712929135504,0.558608220189,0.452443329252,-0.106164890937,-0.190052503883,1,1,0,0,1,0,-1,-1,0,0,0,
model_selection,yolo11s,d0ba7a1b-f5ca-39d6-98d0-29c671baec65,400,high_yaw,410,0.00470459955278,0.00877396345252,0.00406936389974,0.864975616754,0.562463578795,0.408190828216,-0.154272750579,-0.274280427027,1,1,0,0,1,0,-1,-1,0,0,0,
model_selection,yolo11s,e0cfd042-ae29-3d21-bb47-81eb8f933ec8,400,high_yaw,273,0.00553285397563,0.00586438975222,0.000331535776586,0.0599212952385,0.715404054914,0.687263088009,-0.0281409669048,-0.0393357665664,1,1,0,0,1,1,0,0,1,0,-1,-1
model_selection,yolo11s,e2043284-6122-3cc9-a7e7-f091a16361b7,400,high_yaw,438,0.00759695601678,0.00826393622646,0.000666980209678,0.0877957182067,0.504763524324,0.473662170775,-0.0311013535492,-0.061615691409,1,1,0,0,1,0,-1,-1,0,0,0,
model_selection,yolo11s,e424d4f7-4b28-322f-b630-31d42ae528eb,400,high_yaw,428,0.00656511374472,0.00828266731734,0.00171755357262,0.26161825056,0.47032470813,0.458240783979,-0.0120839241513,-0.0256927266257,1,1,0,0,0,0,0,,0,0,0,
model_selection,yolo11s,069cc46d-38bb-309d-88cf-296a3d0c0820,500,all_yaw,1511,0.00601024097769,0.00818237691948,0.00217213594179,0.361405798845,0.516521540074,0.455780573061,-0.0607409670131,-0.117596193577,1,1,0,0,1,0,-1,-1,0,0,0,
model_selection,yolo11s,0b324587-6097-3f92-a07a-a44f48c85d9e,500,all_yaw,549,0.00926428385167,0.0114992323011,0.00223494844944,0.2412435203,0.462504557153,0.438573670305,-0.0239308868484,-0.0517419482215,1,1,0,0,0,0,0,,0,0,0,
model_selection,yolo11s,12c3c14b-9cf2-3434-9a5d-e0bfa332f6ce,500,all_yaw,1503,0.00899898139666,0.0084617294207,-0.000537251975958,-0.0597014208917,0.474247320226,0.483695214296,0.00944789406964,0.0199218712826,1,1,0,0,0,0,0,,0,0,0,
model_selection,yolo11s,1842383a-1577-3b7a-90db-41a9a6668ee2,500,all_yaw,1907,0.0076635848417,0.0106506219465,0.00298703710481,0.389770214137,0.474588171265,0.420669232916,-0.0539189383493,-0.113612056966,1,1,0,0,0,0,0,,0,0,0,
model_selection,yolo11s,271f4204-dd77-350b-b9db-5dabc4191985,500,all_yaw,590,0.00958573826256,0.0124280851782,0.00284234691561,0.296518310615,0.368714026404,0.30199709684,-0.0667169295645,-0.18094491879,1,1,0,0,0,0,0,,0,0,0,
model_selection,yolo11s,8858428d-8fd5-3c3f-8ca4-d01f6e25e63c,500,all_yaw,686,0.00446590340596,0.0051709077263,0.000705004320344,0.15786376378,0.642001181574,0.575766582799,-0.0662345987741,-0.103168967091,1,1,0,0,1,1,0,0,0,0,0,
model_selection,yolo11s,8940f5f1-13e0-3094-99ba-da2d17639774,500,all_yaw,1320,0.00836614860136,0.00983519638006,0.0014690477787,0.17559427267,0.399361114979,0.40094475763,0.00158364265142,0.00396544027954,1,1,0,0,0,0,0,,0,0,0,
model_selection,yolo11s,8c52d911-fe34-3424-9864-d3fdfac38064,500,all_yaw,617,0.00985075938933,0.011677874608,0.00182711521868,0.185479631211,0.48920248278,0.42819376525,-0.0610087175291,-0.124710563982,1,1,0,0,0,0,0,,0,0,0,
model_selection,yolo11s,8feb3dbe-4450-3aeb-b22b-e65128aa696b,500,all_yaw,94,0.0048879775856,0.0138876052464,0.00899962766083,1.84117613128,0.574403989095,0.416902176833,-0.157501812262,-0.27420041513,1,1,0,0,1,0,-1,-1,0,0,0,
model_selection,yolo11s,902d5e72-b665-3615-af2d-a2b6164864b2,500,all_yaw,1540,0.00738429752213,0.00828576954191,0.000901472019783,0.122079590791,0.590612743833,0.564552660435,-0.0260600833984,-0.0441238081476,1,1,0,0,1,1,0,0,0,0,0,
model_selection,yolo11s,9441ffdd-f06e-36e0-839e-b836b0f19bc9,500,all_yaw,748,0.00765313143868,0.0093760901522,0.00172295871352,0.225131206399,0.578657143776,0.47322470089,-0.105432442886,-0.182201920464,1,1,0,0,1,0,-1,-1,0,0,0,
model_selection,yolo11s,a059b6b9-ca26-4881-bcf7-d202433de0c2,500,all_yaw,885,0.0325727866777,0.0215885538354,-0.0109842328422,-0.337221157985,0.0668054849722,0.310239552409,0.243434067437,3.64392336256,0,1,1,,0,0,0,,0,0,0,
model_selection,yolo11s,a1c1d559-0480-39d2-94f0-1a89f0226c4f,500,all_yaw,1027,0.00936035997801,0.00987569310171,0.000515333123691,0.0550548402948,0.505047637429,0.495573056401,-0.00947458102824,-0.0187597769519,1,1,0,0,1,0,-1,-1,0,0,0,
model_selection,yolo11s,a47ba6a9-ffa1-3979-bb40-512339284b8b,500,all_yaw,2451,0.00593760860538,0.0080953816879,0.00215777308252,0.36340776665,0.567941736704,0.528733180293,-0.039208556411,-0.0690362300868,1,1,0,0,1,1,0,0,0,0,0,
model_selection,yolo11s,a88da814-ecc6-39c0-93ba-8a81f403a7e4,500,all_yaw,1365,0.00632646430915,0.0113375323378,0.00501106802861,0.792080344366,0.541329189271,0.428214091969,-0.113115097302,-0.208958060167,1,1,0,0,1,0,-1,-1,0,0,0,
model_selection,yolo11s,b29b43d7-3af9-363e-aaeb-8805d958f982,500,all_yaw,391,0.00548075094591,0.00843910058588,0.00295834963997,0.539770857892,0.506951943427,0.445961033467,-0.0609909099598,-0.120309056412,1,1,0,0,1,0,-1,-1,0,0,0,
model_selection,yolo11s,d0ba7a1b-f5ca-39d6-98d0-29c671baec65,500,all_yaw,1344,0.00559041226273,0.00747472492019,0.00188431265746,0.337061484717,0.557251394356,0.455124508112,-0.102126886244,-0.18326896492,1,1,0,0,1,0,-1,-1,0,0,0,
model_selection,yolo11s,e0cfd042-ae29-3d21-bb47-81eb8f933ec8,500,all_yaw,709,0.00894004760199,0.00967247879482,0.000732431192837,0.0819269902629,0.545720545801,0.530870011455,-0.0148505343464,-0.0272127088868,1,1,0,0,1,1,0,0,0,0,0,
model_selection,yolo11s,e2043284-6122-3cc9-a7e7-f091a16361b7,500,all_yaw,1662,0.0075847158768,0.00890684985581,0.00132213397902,0.174315557826,0.549683144985,0.516741178628,-0.0329419663576,-0.0599290093904,1,1,0,0,1,1,0,0,0,0,0,
model_selection,yolo11s,e424d4f7-4b28-322f-b630-31d42ae528eb,500,all_yaw,1142,0.00744694532038,0.00834229201012,0.000895346689741,0.120230060947,0.514516596802,0.507903740848,-0.006612855954,-0.0128525610157,1,1,0,0,1,1,0,0,0,0,0,
model_selection,yolo11s,069cc46d-38bb-309d-88cf-296a3d0c0820,500,high_yaw,431,0.00704562944562,0.0096295722766,0.00258394283098,0.366744071757,0.458597036552,0.398232543415,-0.0603644931374,-0.131628615813,1,1,0,0,0,0,0,,0,0,0,
model_selection,yolo11s,0b324587-6097-3f92-a07a-a44f48c85d9e,500,high_yaw,325,0.00839456335159,0.0119396852049,0.00354512185333,0.422311644436,0.462090221182,0.389883906553,-0.0722063146286,-0.156260209195,1,1,0,0,0,0,0,,0,0,0,
model_selection,yolo11s,271f4204-dd77-350b-b9db-5dabc4191985,500,high_yaw,482,0.00826080713901,0.0114079993838,0.00314719224474,0.380978782313,0.399710357931,0.316080885962,-0.0836294719696,-0.20922518096,1,1,0,0,0,0,0,,0,0,0,
model_selection,yolo11s,8858428d-8fd5-3c3f-8ca4-d01f6e25e63c,500,high_yaw,328,0.00437475740251,0.00606961596106,0.00169485855855,0.387417724599,0.647467468626,0.54259551363,-0.104871954996,-0.161972547005,1,1,0,0,1,1,0,0,0,0,0,
model_selection,yolo11s,8c52d911-fe34-3424-9864-d3fdfac38064,500,high_yaw,136,0.0073742557793,0.0117577222008,0.00438346642151,0.594428312863,0.665314745796,0.590096195,-0.0752185507967,-0.11305709256,1,1,0,0,1,1,0,0,0,0,0,
model_selection,yolo11s,8feb3dbe-4450-3aeb-b22b-e65128aa696b,500,high_yaw,2,0.0109914921718,0.0126401364191,0.00164864424723,0.149992759987,0.271124686258,0.237262383807,-0.0338623024513,-0.124895681462,0,0,0,,0,0,0,,0,0,0,
model_selection,yolo11s,902d5e72-b665-3615-af2d-a2b6164864b2,500,high_yaw,582,0.00762560201195,0.0100670204458,0.00244141843386,0.320160746658,0.581563110083,0.521758866727,-0.0598042433561,-0.102833625997,1,1,0,0,1,1,0,0,0,0,0,
model_selection,yolo11s,9441ffdd-f06e-36e0-839e-b836b0f19bc9,500,high_yaw,274,0.00717993059009,0.00889713612906,0.00171720553897,0.239167428908,0.560134185704,0.482862693645,-0.0772714920586,-0.137951751617,1,1,0,0,1,0,-1,-1,0,0,0,
model_selection,yolo11s,a47ba6a9-ffa1-3979-bb40-512339284b8b,500,high_yaw,441,0.00624780753877,0.00963500638681,0.00338719884805,0.542141995737,0.557401709121,0.529898746189,-0.027502962932,-0.0493413681406,1,1,0,0,1,1,0,0,0,0,0,
model_selection,yolo11s,a88da814-ecc6-39c0-93ba-8a81f403a7e4,500,high_yaw,603,0.00651006405357,0.0128096516539,0.00629958760035,0.967669065697,0.549487031596,0.404930306262,-0.144556725334,-0.263075772533,1,1,0,0,1,0,-1,-1,0,0,0,
model_selection,yolo11s,d0ba7a1b-f5ca-39d6-98d0-29c671baec65,500,high_yaw,412,0.00524535149646,0.0107343473115,0.00548899581509,1.04644956945,0.512461699432,0.369589705708,-0.142871993724,-0.27879545707,1,1,0,0,1,0,-1,-1,0,0,0,
model_selection,yolo11s,e0cfd042-ae29-3d21-bb47-81eb8f933ec8,500,high_yaw,266,0.00636283771285,0.00755722547232,0.00119438775948,0.187713063476,0.681300017258,0.66509314568,-0.0162068715777,-0.0237881567109,1,1,0,0,1,1,0,0,0,0,0,
model_selection,yolo11s,e2043284-6122-3cc9-a7e7-f091a16361b7,500,high_yaw,430,0.00824231048533,0.00942672912493,0.00118441863961,0.143699832919,0.492673816604,0.444661268033,-0.0480125485718,-0.0974530144564,1,1,0,0,0,0,0,,0,0,0,
model_selection,yolo11s,e424d4f7-4b28-322f-b630-31d42ae528eb,500,high_yaw,444,0.00681294686844,0.00929046643317,0.00247751956473,0.363648742985,0.450109918962,0.424983279947,-0.0251266390151,-0.0558233399368,1,1,0,0,0,0,0,,0,0,0,
