detector,role,delta_ms,log_id,model_rows,comparisons,B0_vs_B1_exact_equal_count,B0_vs_B1_exact_equal_percent,B0_vs_B1_mean_abs_coordinate_difference_px,B0_vs_B1_max_abs_coordinate_difference_px,B0_vs_B3_exact_equal_count,B0_vs_B3_exact_equal_percent,B0_vs_B3_mean_abs_coordinate_difference_px,B0_vs_B3_max_abs_coordinate_difference_px,B1_vs_B2_exact_equal_count,B1_vs_B2_exact_equal_percent,B1_vs_B2_mean_abs_coordinate_difference_px,B1_vs_B2_max_abs_coordinate_difference_px,B1_vs_B4_exact_equal_count,B1_vs_B4_exact_equal_percent,B1_vs_B4_mean_abs_coordinate_difference_px,B1_vs_B4_max_abs_coordinate_difference_px,B3_vs_B4_exact_equal_count,B3_vs_B4_exact_equal_percent,B3_vs_B4_mean_abs_coordinate_difference_px,B3_vs_B4_max_abs_coordinate_difference_px,B4_vs_B5_exact_equal_count,B4_vs_B5_exact_equal_percent,B4_vs_B5_mean_abs_coordinate_difference_px,B4_vs_B5_max_abs_coordinate_difference_px
yolo11n,development,100,01bb304d-7bd8-35f8-bbef-7086b688e35e,4002,667,8,1.19940029985,27.505666293,682.236259901,0,0,9.64598128786,66.7255569849,8,1.19940029985,35.5286199133,835.832413248,0,0,19.4732710795,631.698264511,8,1.19940029985,8.46528467657,140.732332881,8,1.19940029985,2.68501858227,75.8442263866
yolo11n,development,200,01bb304d-7bd8-35f8-bbef-7086b688e35e,3906,651,6,0.921658986175,50.6385268108,1225.60778809,0,0,18.8750638813,131.592701601,6,0.921658986175,57.5708720983,1354.66544217,0,0,35.9806784704,1079.14157615,6,0.921658986175,17.7984110474,621.505458291,6,0.921658986175,5.75190018364,368.352716574
yolo11n,development,300,01bb304d-7bd8-35f8-bbef-7086b688e35e,3828,638,6,0.940438871473,70.5346734271,1225.60778809,0,0,27.5758366997,204.05892034,6,0.940438871473,76.5426087421,1341.45725193,0,0,51.3647107412,1217.48004829,6,0.940438871473,27.7504870746,685.843520327,6,0.940438871473,9.4102363721,677.076904297
yolo11n,development,400,01bb304d-7bd8-35f8-bbef-7086b688e35e,3732,622,6,0.96463022508,88.4493816357,1341.72348022,0,0,35.8549238893,286.825742334,6,0.96463022508,93.5007114083,1406.2074195,0,0,67.1476501762,1336.62862081,6,0.96463022508,40.0785551864,839.872505971,6,0.96463022508,13.5519627681,797.861143035
yolo11n,development,500,01bb304d-7bd8-35f8-bbef-7086b688e35e,3630,605,6,0.99173553719,104.597109827,1341.72348022,0,0,43.6094957462,295.943138562,6,0.99173553719,108.740723264,1397.87906207,0,0,80.5385058643,1335.13550648,6,0.99173553719,49.5361938982,1119.90362903,6,0.99173553719,19.9121836034,947.895751953
yolo11n,development,100,16af3863-0d31-3cd1-8fa2-58053ffb953a,11112,1852,5,0.269978401728,15.3387153441,735.503032658,0,0,6.86724139431,113.955437041,5,0.269978401728,19.5330336888,889.109415091,0,0,10.8793312105,726.111764607,5,0.269978401728,7.7428203986,377.243567411,5,0.269978401728,2.55970751749,142.651712946
yolo11n,development,200,16af3863-0d31-3cd1-8fa2-58053ffb953a,10926,1821,5,0.274574409665,29.0556220135,1134.83672114,0,0,13.7637451689,231.504882812,5,0.274574409665,32.608021615,1253.48598196,0,0,21.3607684093,1093.78280392,5,0.274574409665,16.076729023,709.659826068,5,0.274574409665,5.47597814628,815.723083496
yolo11n,development,300,16af3863-0d31-3cd1-8fa2-58053ffb953a,10704,1784,5,0.280269058296,41.0602315112,1205.98294617,0,0,20.588532159,395.455625023,5,0.280269058296,44.0398777585,1295.46295112,0,0,30.6832635286,1176.16406082,5,0.280269058296,24.812755989,924.640100366,6,0.336322869955,8.20946396106,349.916602819
yolo11n,development,400,16af3863-0d31-3cd1-8fa2-58053ffb953a,10464,1744,5,0.286697247706,51.5436493175,1336.71278381,0,0,27.4330615074,608.277954102,5,0.286697247706,54.0277391645,1400.40861119,0,0,40.0694346408,1244.80995704,5,0.286697247706,34.6010122376,1104.15519935,8,0.45871559633,11.9789297549,861.986551329
yolo11n,development,500,16af3863-0d31-3cd1-8fa2-58053ffb953a,10206,1701,5,0.293944738389,61.2191691482,1336.71278381,0,0,33.7624985782,641.059369278,5,0.293944738389,63.2609944573,1392.98829305,0,0,49.7018943932,1236.61342615,5,0.293944738389,43.8654444285,1429.56181522,10,0.587889476778,16.0330063492,952.683169375
yolo11n,development,100,1d43ed4e-e705-308a-bdfa-49d99285c42a,12072,2012,23,1.14314115308,8.93148644574,409.231124117,0,0,1.27443489188,42.0748751267,23,1.14314115308,11.1586627402,497.601915311,0,0,6.19180879506,403.06647072,23,1.14314115308,5.73579152158,163.664081803,23,1.14314115308,0.916940543465,77.352723109
yolo11n,development,200,1d43ed4e-e705-308a-bdfa-49d99285c42a,11976,1996,23,1.15230460922,17.1465568946,717.638851428,0,0,2.33006114469,77.5620759152,23,1.15230460922,19.0551032294,794.011250132,0,0,12.1492804068,591.694950124,23,1.15230460922,11.4393587484,365.098423296,23,1.15230460922,1.83541533071,148.017439039
yolo11n,development,300,1d43ed4e-e705-308a-bdfa-49d99285c42a,11844,1974,23,1.16514690983,24.2805071639,826.330186861,0,0,3.12736366121,114.656846651,23,1.16514690983,25.8888422209,875.433796831,0,0,17.8308573531,818.45888645,23,1.16514690983,17.1861363822,828.426569329,23,1.16514690983,2.80287960945,212.693830237
yolo11n,development,400,1d43ed4e-e705-308a-bdfa-49d99285c42a,11730,1955,23,1.17647058824,31.4729025736,1088.47547495,0,0,3.83069670554,144.676551678,23,1.17647058824,32.8521729054,1131.64949554,0,0,24.2247784049,987.361487757,23,1.17647058824,23.624129024,1157.21494097,24,1.22762148338,4.00849199698,526.954030286
yolo11n,development,500,1d43ed4e-e705-308a-bdfa-49d99285c42a,11604,1934,23,1.1892450879,38.1799792049,1350.46420288,0,0,4.37380779158,179.073639926,23,1.1892450879,39.3543280295,1388.06216622,0,0,30.8285933276,1033.51417748,23,1.1892450879,30.1796142232,1183.24038244,23,1.1892450879,5.86310847773,1156.0513916
yolo11n,development,100,1e6f21fd-5c8a-3526-ac50-72adae89d6a8,10440,1740,15,0.862068965517,13.4150055225,645.322799079,0,0,5.35179351359,94.6531128347,15,0.862068965517,16.7589189238,784.198685597,0,0,10.3287497422,640.968994551,15,0.862068965517,5.64318339647,180.996833606,15,0.862068965517,2.59017771187,119.698637391
yolo11n,development,200,1e6f21fd-5c8a-3526-ac50-72adae89d6a8,10260,1710,15,0.877192982456,26.0034173187,934.375070078,0,0,10.4336055177,182.680386499,15,0.877192982456,28.8806178127,1028.07072939,0,0,20.5268378109,934.939996753,15,0.877192982456,11.5257109902,567.749942815,15,0.877192982456,5.33369973817,440.142489185
yolo11n,development,300,1e6f21fd-5c8a-3526-ac50-72adae89d6a8,10062,1677,15,0.894454382826,37.9316423569,1315.41190714,0,0,15.2332819628,322.042409562,15,0.894454382826,40.4095751839,1393.82691551,0,0,31.088042389,1127.44308285,15,0.894454382826,17.9846298883,1095.35914378,15,0.894454382826,8.51979324902,810.12776459
yolo11n,development,400,1e6f21fd-5c8a-3526-ac50-72adae89d6a8,9852,1642,14,0.852618757613,48.9496870392,1359.58314514,0,0,19.8080478975,421.204083594,14,0.852618757613,51.0419399019,1418.76554422,0,0,40.9596077967,1168.25035739,14,0.852618757613,24.2445011464,1335.81281894,15,0.913520097442,11.5241691172,896.967424347
yolo11n,development,500,1e6f21fd-5c8a-3526-ac50-72adae89d6a8,9648,1608,14,0.870646766169,59.0354514014,1359.58314514,0,0,24.0792453906,542.882446289,14,0.870646766169,60.7613022922,1411.12022482,0,0,50.590371414,1209.67880669,14,0.870646766169,30.3839209359,942.05701757,17,1.05721393035,15.1254484882,979.906480629
yolo11n,development,100,2772dd5f-bc0a-47ea-ae19-a5e0dbef8f41,6354,1059,17,1.60528800755,19.0013446936,645.719598651,0,0,6.89039246207,73.5152309188,17,1.60528800755,24.1393329777,786.019447584,0,0,13.6862672155,596.406251288,17,1.60528800755,7.5064963933,403.249747988,17,1.60528800755,2.17034920305,70.2353747997
yolo11n,development,200,2772dd5f-bc0a-47ea-ae19-a5e0dbef8f41,6264,1044,17,1.62835249042,36.0755156921,1185.14001465,0,0,13.5141780371,168.389845908,17,1.62835249042,40.4189555682,1312.76061118,0,0,26.8830765947,1150.29555295,17,1.62835249042,15.9640143634,759.336421385,17,1.62835249042,4.73366277026,262.700624427
yolo11n,development,300,2772dd5f-bc0a-47ea-ae19-a5e0dbef8f41,6138,1023,17,1.66177908113,50.5634502141,1286.06890869,0,0,19.75707317,255.297324593,17,1.66177908113,54.1822385707,1361.60965617,0,0,38.5217269011,1268.58638006,17,1.66177908113,24.4119009106,1107.28869198,17,1.66177908113,8.61927318034,1186.51364136
yolo11n,development,400,2772dd5f-bc0a-47ea-ae19-a5e0dbef8f41,5994,999,17,1.7017017017,63.3413087676,1286.06890869,0,0,25.969616267,406.907540633,17,1.7017017017,66.3279055098,1362.63984995,0,0,49.3951732542,1263.18909851,17,1.7017017017,33.940795349,1359.42740583,19,1.9019019019,10.3293856219,568.416485756
yolo11n,development,500,2772dd5f-bc0a-47ea-ae19-a5e0dbef8f41,5850,975,17,1.74358974359,74.1201133052,1290.05273438,0,0,31.7369960327,419.295091205,17,1.74358974359,76.456783915,1363.67004364,0,0,59.559499039,1348.18250877,17,1.74358974359,42.1279469839,1368.14388598,18,1.84615384615,15.0973814672,938.193819791
yolo11n,development,100,286790ed-9dec-305b-bcad-4f8153301e7c,5244,874,9,1.02974828375,16.1595963375,744.583406744,0,0,4.88378462209,93.3238525391,9,1.02974828375,20.3684368166,907.990437616,0,0,12.446221355,744.372028507,9,1.02974828375,4.9806052849,267.179056016,9,1.02974828375,1.39336581581,61.3709681274
yolo11n,development,200,286790ed-9dec-305b-bcad-4f8153301e7c,5178,863,9,1.04287369641,29.2996549884,1073.54382324,0,0,9.701069586,194.642432764,9,1.04287369641,32.7736484958,1209.6358103,0,0,22.5045508007,1066.97220621,9,1.04287369641,10.4796934546,597.704433864,9,1.04287369641,3.02483564178,343.263688213
yolo11n,development,300,286790ed-9dec-305b-bcad-4f8153301e7c,5100,850,9,1.05882352941,40.4736951783,1159.82420386,0,0,14.3981051634,335.729362081,9,1.05882352941,43.3096714557,1228.96356147,0,0,30.9408097999,1136.67611152,9,1.05882352941,15.3924616719,539.861083417,9,1.05882352941,4.91380787202,980.522804992
yolo11n,development,400,286790ed-9dec-305b-bcad-4f8153301e7c,5040,840,9,1.07142857143,50.8193315634,1353.93945312,0,0,19.0633606392,446.19464837,9,1.07142857143,53.122725718,1415.20243984,0,0,39.0700413404,1302.54679322,9,1.07142857143,21.0356116758,703.985555379,10,1.19047619048,5.95136383117,271.767367591
yolo11n,development,500,286790ed-9dec-305b-bcad-4f8153301e7c,4962,827,9,1.08827085852,60.3015611251,1353.93945312,0,0,23.5614217384,534.26171875,9,1.08827085852,62.1324529316,1407.32606951,0,0,47.1494664929,1293.18661621,9,1.08827085852,27.0159488772,885.80501948,10,1.20918984281,7.82954024041,640.572310838
yolo11n,development,100,2a9b2658-097e-3f8b-a817-22f2553c5de8,6192,1032,3,0.290697674419,15.4443895511,796.784943981,0,0,5.14025046608,107.255804677,3,0.290697674419,19.7178175522,971.585738685,0,0,12.8224615909,734.81902109,3,0.290697674419,8.87823902393,412.821634101,3,0.290697674419,2.01335791679,162.974792703
yolo11n,development,200,2a9b2658-097e-3f8b-a817-22f2553c5de8,6114,1019,3,0.294406280667,29.4092875523,1148.515625,0,0,10.0564923789,205.131843847,3,0.294406280667,33.054976307,1307.12602711,0,0,25.2160596264,1471.14819853,3,0.294406280667,18.2828518926,1426.52516853,3,0.294406280667,5.26410628061,1334.75866728
yolo11n,development,300,2a9b2658-097e-3f8b-a817-22f2553c5de8,6030,1005,3,0.298507462687,41.2090048795,1210.76733398,0,0,14.8136322474,285.42126684,3,0.298507462687,44.3011287328,1290.93563322,0,0,34.041483883,1119.51978218,3,0.298507462687,25.8020831195,1121.95693793,5,0.497512437811,6.18102603057,1051.35766602
yolo11n,development,400,2a9b2658-097e-3f8b-a817-22f2553c5de8,5934,989,3,0.303336703741,51.2236300508,1218.87194824,0,0,19.6062915078,445.380493164,3,0.303336703741,53.8536560756,1278.89106769,0,0,41.722477038,1142.02514322,3,0.303336703741,33.8123066198,737.638520912,5,0.505561172902,6.94157377166,553.124023438
yolo11n,development,500,2a9b2658-097e-3f8b-a817-22f2553c5de8,5850,975,3,0.307692307692,60.477621883,1218.87194824,0,0,24.4302717586,523.821778907,3,0.307692307692,62.6793806736,1270.83639211,0,0,50.1603972539,1261.8792553,3,0.307692307692,42.2659172653,1549,5,0.512820512821,8.9060129677,781.235215487
yolo11n,development,100,3153b5b3-d381-3664-8f82-1d3c5ca841d2,4476,746,19,2.54691689008,10.6658986848,506.499735599,0,0,4.12825907753,43.7821044922,19,2.54691689008,13.525945728,618.00199405,0,0,7.66712220815,483.4105698,19,2.54691689008,5.1265890265,240.00240409,19,2.54691689008,1.40592044721,47.3557924521
yolo11n,development,200,3153b5b3-d381-3664-8f82-1d3c5ca841d2,4422,737,19,2.57801899593,19.6362294831,757.143981934,0,0,8.09203312191,89.8038969967,19,2.57801899593,22.0634454306,847.423457757,0,0,14.1945888483,728.982745602,19,2.57801899593,10.4302517563,636.111387187,19,2.57801899593,2.88677052994,105.169809185
yolo11n,development,300,3153b5b3-d381-3664-8f82-1d3c5ca841d2,4368,728,19,2.60989010989,28.0348940513,860.230908285,0,0,11.8102553091,109.245148185,19,2.60989010989,30.0778915096,911.256912977,0,0,20.6734689547,902.81788358,19,2.60989010989,16.1088467899,984.570320102,20,2.74725274725,4.45424132857,369.245281592
yolo11n,development,400,3153b5b3-d381-3664-8f82-1d3c5ca841d2,4308,718,19,2.64623955432,35.835113654,1029.75805664,0,0,15.3337382655,149.060549372,19,2.64623955432,37.5424489491,1075.16518726,0,0,26.1489761925,932.548428257,19,2.64623955432,20.1634992913,550.399312395,19,2.64623955432,6.60753747252,996.466796875
yolo11n,development,500,3153b5b3-d381-3664-8f82-1d3c5ca841d2,4242,707,19,2.6874115983,43.3164396227,1251.41844201,0,0,18.7231040253,196.71611498,19,2.6874115983,44.7123862563,1285.99837071,0,0,32.1686624537,916.707641602,19,2.6874115983,25.7130459177,847.908182921,20,2.828854314,7.30335691902,405.56160754
yolo11n,development,100,349c4c1c-9561-360f-9ae7-59772335d54b,9942,1657,19,1.14665057333,15.9774977689,787.319139108,0,0,2.10479799637,81.0383913071,19,1.14665057333,20.097452563,958.881330323,0,0,13.7506828922,734.387373635,19,1.14665057333,6.87999732392,616.056169201,19,1.14665057333,1.84292493948,212.463139849
yolo11n,development,200,349c4c1c-9561-360f-9ae7-59772335d54b,9864,1644,18,1.09489051095,29.6390096204,1139.40942383,0,0,4.11286046453,178.392995693,18,1.09489051095,33.2033591513,1281.49301902,0,0,26.3043142972,1081.68996799,18,1.09489051095,14.2497186819,723.850901727,19,1.15571776156,3.95874632309,468.074645109
yolo11n,development,300,349c4c1c-9561-360f-9ae7-59772335d54b,9786,1631,17,1.04230533415,39.7195398412,1304.55566406,0,0,6.07962032761,227.782836914,17,1.04230533415,42.8049709049,1413.91788688,0,0,37.58983444,1155.48179383,17,1.04230533415,21.0104513184,1051.92388398,19,1.16492949111,8.30853624364,1159.25873677
yolo11n,development,400,349c4c1c-9561-360f-9ae7-59772335d54b,9714,1619,17,1.05003088326,47.545759835,1374.01660156,0,0,8.01823861638,227.782836914,17,1.05003088326,50.1406351805,1428.52723228,0,0,42.4276785883,1136.69989565,17,1.05003088326,24.5671068877,1040.58806345,30,1.85299567634,9.47701462988,1046.75354004
yolo11n,development,500,349c4c1c-9561-360f-9ae7-59772335d54b,9636,1606,17,1.05853051059,54.3477392026,1408.01408779,0,0,9.98673108885,227.782836914,17,1.05853051059,56.5687712453,1447.35575117,0,0,47.2816471907,1127.64678674,17,1.05853051059,27.8921277028,1279.60895626,35,2.17932752179,9.90014884651,1114.63476562
yolo11n,development,100,3576c0f5-c1b5-35bb-a0c4-ee95cba5c754,3648,608,15,2.46710526316,20.6141248872,969.092731996,0,0,6.21553761138,75.0041184689,15,2.46710526316,26.013041398,1174.04706338,0,0,16.4376425926,967.335443226,15,2.46710526316,8.92718839738,180.841032494,15,2.46710526316,3.19692761582,72.6045126836
yolo11n,development,200,3576c0f5-c1b5-35bb-a0c4-ee95cba5c754,3564,594,15,2.52525252525,38.8254888613,1185.30725098,0,0,12.0544501035,152.102672883,15,2.52525252525,43.3668029159,1328.95905343,0,0,32.1196284289,1182.56094003,15,2.52525252525,19.1454505619,1109.26751361,15,2.52525252525,7.38299434783,751.719912974
yolo11n,development,300,3576c0f5-c1b5-35bb-a0c4-ee95cba5c754,3444,574,14,2.43902439024,54.0426365464,1185.30725098,0,0,17.4471640388,194.348024745,14,2.43902439024,57.9116428203,1314.23711049,0,0,43.2385823904,1181.62975292,14,2.43902439024,27.1353278002,907.695282199,14,2.43902439024,12.1509008073,1238.82421875
yolo11n,development,400,3576c0f5-c1b5-35bb-a0c4-ee95cba5c754,3330,555,14,2.52252252252,68.3361544871,1302.77186739,0,0,22.4244422809,269.885383696,14,2.52252252252,71.5939406256,1353.83645624,0,0,55.0522815732,1186.11697406,14,2.52252252252,35.7166487117,1041.66538473,16,2.88288288288,14.448715648,925.287122293
yolo11n,development,500,3576c0f5-c1b5-35bb-a0c4-ee95cba5c754,3216,536,14,2.61194029851,81.1171087504,1383.03153992,0,0,27.0463763607,341.550537109,14,2.61194029851,83.7981450194,1429.86134364,0,0,63.6232402454,1194.37720007,14,2.61194029851,41.0517070266,1039.62880801,18,3.35820895522,18.917400262,1037.97717285
yolo11n,development,100,366ceb72-9f11-385a-8bc9-a26a18dbdd22,10458,1743,16,0.917957544464,12.0289839406,660.455810547,0,0,4.75544740594,87.8102027051,16,0.917957544464,15.1783746043,803.875672692,0,0,8.6018695303,632.099917472,16,0.917957544464,6.92978230075,241.735301493,16,0.917957544464,2.29896514307,95.125275838
yolo11n,development,200,366ceb72-9f11-385a-8bc9-a26a18dbdd22,10332,1722,14,0.813008130081,23.3822697617,1200.51945322,0,0,9.3327298481,204.09010309,14,0.813008130081,26.0516348553,1320.12291643,0,0,16.990973605,1125.5426376,14,0.813008130081,14.3006757278,631.446913851,14,0.813008130081,4.78782605127,440.01925891
yolo11n,development,300,366ceb72-9f11-385a-8bc9-a26a18dbdd22,10182,1697,14,0.82498526812,33.7300000081,1245.65332031,0,0,13.8174890903,257.222748294,14,0.82498526812,36.0024270379,1353.01442721,0,0,25.0409302835,1144.68120779,14,0.82498526812,21.4005581325,896.066411027,15,0.883912787272,7.41682705247,679.965572847
yolo11n,development,400,366ceb72-9f11-385a-8bc9-a26a18dbdd22,10002,1667,14,0.839832033593,42.9452535804,1245.65332031,0,0,18.1091168696,298.281625456,14,0.839832033593,44.8372522534,1340.77207052,0,0,33.4640799271,1124.31653697,14,0.839832033593,29.4562377264,1135.927123,15,0.899820035993,10.7689809033,1040.94878865
yolo11n,development,500,366ceb72-9f11-385a-8bc9-a26a18dbdd22,9840,1640,14,0.853658536585,51.7861052189,1272.50476074,0,0,22.3033506091,337.673618689,14,0.853658536585,53.3531575138,1328.52971286,0,0,41.3194084802,1132.06017457,14,0.853658536585,37.244796919,1087.82504434,16,0.975609756098,13.8587766676,1083.96569824
yolo11n,development,100,380e5bf0-1c68-36a4-ac64-09a03b60bebf,6894,1149,3,0.261096605744,13.4727374665,480.479286485,0,0,2.33229686772,31.3893012947,3,0.261096605744,16.8811018573,628.677559866,0,0,12.1922594398,438.180074338,3,0.261096605744,8.12174909447,385.331561096,3,0.261096605744,2.85992462424,230.810104496
yolo11n,development,200,380e5bf0-1c68-36a4-ac64-09a03b60bebf,6852,1142,3,0.262697022767,26.2811184808,903.095703125,0,0,4.43982827605,62.4750952023,3,0.262697022767,29.2408521659,993.114211458,0,0,26.2967536491,1251.02076721,3,0.262697022767,17.7630065461,1343.97784214,4,0.350262697023,6.89676126465,1071.42268065
yolo11n,development,300,380e5bf0-1c68-36a4-ac64-09a03b60bebf,6792,1132,3,0.265017667845,37.8599151301,1148.48730469,0,0,6.45392248545,94.2341353957,3,0.265017667845,40.3590786283,1217.55934489,0,0,33.1637326204,1131.44519386,3,0.265017667845,20.4985908444,964.68866705,6,0.530035335689,9.0888855226,1113.59665327
yolo11n,development,400,380e5bf0-1c68-36a4-ac64-09a03b60bebf,6738,1123,3,0.26714158504,47.8883225828,1148.48730469,0,0,8.45330948481,125.485085625,3,0.26714158504,50.0425535422,1209.76916746,0,0,41.9962919713,1126.69760422,3,0.26714158504,27.1648691858,1030.00039062,10,0.890471950134,9.77883478709,1023.48791504
yolo11n,development,500,380e5bf0-1c68-36a4-ac64-09a03b60bebf,6696,1116,3,0.268817204301,57.1368923944,1148.48730469,0,0,10.5454940916,164.651476976,3,0.268817204301,58.9840637375,1201.97898971,0,0,50.4705480525,1334.09223709,3,0.268817204301,34.1798317298,1342.67971198,12,1.0752688172,11.3528021201,1302.41789674
yolo11n,development,100,3dd173a6-8b21-3189-bd53-132919b96a48,3090,515,16,3.1067961165,15.2033887226,743.384012466,0,0,12.8889280475,177.415283922,15,2.91262135922,19.2253079536,900.333595548,0,0,14.4311177718,736.141214714,16,3.1067961165,14.8015946374,163.803010565,16,3.1067961165,3.37676510622,129.89355143
yolo11n,development,200,3dd173a6-8b21-3189-bd53-132919b96a48,3048,508,15,2.95275590551,28.1585504883,1094.37362671,0,0,29.2036278194,418.265991211,14,2.75590551181,31.4683380499,1238.16964626,0,0,27.5771720815,1080.40458483,15,2.95275590551,33.9782666874,626.646903605,15,2.95275590551,6.92453697325,138.62938653
yolo11n,development,300,3dd173a6-8b21-3189-bd53-132919b96a48,2988,498,14,2.81124497992,38.040217454,1094.37362671,0,0,47.7905363649,529.81652832,13,2.61044176707,40.761019152,1225.01608273,0,0,39.6475219517,1073.82802349,14,2.81124497992,56.2752629556,755.223741361,15,3.01204819277,11.8609499213,1085.30700684
yolo11n,development,400,3dd173a6-8b21-3189-bd53-132919b96a48,2946,491,14,2.85132382892,46.887845674,1094.37362671,0,0,68.0008281039,763.916931152,13,2.64765784114,49.0562363315,1211.86251906,0,0,51.1628366981,1115.59737773,14,2.85132382892,81.1621021483,1024.34710818,16,3.25865580448,15.4319701957,485.90091065
yolo11n,development,500,3dd173a6-8b21-3189-bd53-132919b96a48,2892,482,13,2.69709543568,55.2407885376,1094.37362671,9,1.86721991701,77.7454335113,827.005065918,12,2.48962655602,56.9977166175,1198.70895645,0,0,61.1015923359,1059.39318216,15,3.11203319502,96.7767901005,968.04144958,16,3.31950207469,19.2230511621,731.392006666
yolo11n,development,100,3f9796e9-c892-3915-b719-3292df878ece,5826,971,14,1.44181256437,19.851741066,777.122973955,0,0,10.6089428494,152.014792123,14,1.44181256437,25.1306329754,944.942157292,0,0,15.3441066834,755.236039331,14,1.44181256437,7.27371278834,188.480988364,14,1.44181256437,2.32128364711,82.3188131936
yolo11n,development,200,3f9796e9-c892-3915-b719-3292df878ece,5724,954,14,1.46750524109,37.8584854827,1207.71322632,0,0,20.4307785102,308.513184922,14,1.46750524109,42.3759908581,1343.17178471,0,0,29.7487051969,1275.3606427,14,1.46750524109,14.911141851,404.280940012,14,1.46750524109,4.77287391969,178.562908425
yolo11n,development,300,3f9796e9-c892-3915-b719-3292df878ece,5610,935,14,1.49732620321,53.107181193,1300.67436218,0,0,29.432561237,450.929290771,14,1.49732620321,56.8719332866,1388.95529126,0,0,43.5160585324,1282.30977284,14,1.49732620321,24.0533154769,1014.61055803,14,1.49732620321,7.97443820936,566.745179685
yolo11n,development,400,3f9796e9-c892-3915-b719-3292df878ece,5478,913,13,1.42387732749,67.8678980955,1343.99740601,0,0,37.6549095192,577.938171387,13,1.42387732749,71.03132736,1408.85707874,0,0,54.6115626321,1348.31702199,13,1.42387732749,29.8296277521,1372.98726026,15,1.64293537788,10.9054891288,1169.13153385
yolo11n,development,500,3f9796e9-c892-3915-b719-3292df878ece,5328,888,13,1.46396396396,81.3450864322,1343.99740601,0,0,45.2065768701,700.879824795,13,1.46396396396,83.9354208638,1400.52412632,0,0,66.3910950059,1274.76722163,13,1.46396396396,35.3436750224,845.290529728,16,1.8018018018,14.1015842143,849.096679688
yolo11n,development,100,3fbdfb6c-927f-4aaa-81b1-21b02efd4c01,8442,1407,11,0.781805259417,11.0374805584,719.878067187,0,0,3.22592702583,97.4947639615,10,0.710732054016,14.026543981,878.073720772,0,0,9.44694883954,716.379583546,11,0.781805259417,6.64695203239,458.671750041,11,0.781805259417,1.98673472804,82.6096084504
yolo11n,development,200,3fbdfb6c-927f-4aaa-81b1-21b02efd4c01,8400,1400,11,0.785714285714,21.2531974355,1194.650177,0,0,6.21760599888,176.652145386,10,0.714285714286,23.8389742405,1330.25109521,0,0,20.0069116949,1188.8995003,11,0.785714285714,13.7733193931,1122.7246404,13,0.928571428571,4.53688353347,821.098135297
yolo11n,development,300,3fbdfb6c-927f-4aaa-81b1-21b02efd4c01,8310,1385,10,0.72202166065,30.5316401609,1258.489008,0,0,9.02703759436,323.170273366,9,0.649819494585,32.7696629356,1332.52493943,0,0,26.3051875328,1186.12455473,10,0.72202166065,18.5204409751,466.547164085,14,1.01083032491,6.24237759092,1116.74694824
yolo11n,development,400,3fbdfb6c-927f-4aaa-81b1-21b02efd4c01,8196,1366,10,0.732064421669,39.0944328472,1293.0274353,0,0,11.8746623307,535.165771484,9,0.658857979502,41.0259981275,1354.94459107,0,0,33.9857240652,1230.79257712,10,0.732064421669,25.5382886032,1357.55097594,14,1.02489019034,8.42756015523,849.3226029
yolo11n,development,500,3fbdfb6c-927f-4aaa-81b1-21b02efd4c01,8094,1349,10,0.741289844329,46.5699783906,1387.83886719,0,0,14.5664986286,607.554360448,9,0.667160859896,48.2061826014,1431.96627732,0,0,40.9074516633,1301.9029824,10,0.741289844329,31.961313155,871.436552788,14,1.03780578206,12.0928984269,1262.31314087
yolo11n,development,100,40bfcbec-ec59-3731-8e75-67f0bddc3b01,9174,1529,15,0.981033355134,10.4830625256,694.35546875,0,0,1.19626022855,37.8646528745,15,0.981033355134,13.1496276175,858.036392867,0,0,9.06965651257,683.324321006,15,0.981033355134,4.25117535971,213.620675059,15,0.981033355134,1.57280215344,72.7146950632
yolo11n,development,200,40bfcbec-ec59-3731-8e75-67f0bddc3b01,9096,1516,15,0.98944591029,20.1825334585,1035.42272949,0,0,2.23619285815,74.4533326357,15,0.98944591029,22.4804411477,1144.07781856,0,0,17.9320708359,1068.68981958,15,0.98944591029,8.92410048195,1063.58553834,15,0.98944591029,3.40946397663,330.429690774
yolo11n,development,300,40bfcbec-ec59-3731-8e75-67f0bddc3b01,9018,1503,15,0.998003992016,29.3545516905,1110.18054199,0,0,3.12418900827,104.32122704,15,0.998003992016,31.3318181769,1182.69965705,0,0,26.125837206,1116.3696334,15,0.998003992016,13.2356275327,1078.94772151,16,1.06453759148,5.79482365939,991.969055176
yolo11n,development,400,40bfcbec-ec59-3731-8e75-67f0bddc3b01,8922,1487,15,1.00874243443,37.5961958015,1146.14694973,0,0,3.94454308318,130.969145785,15,1.00874243443,39.2827907775,1191.43738947,0,0,33.021339048,1162.35096196,15,1.00874243443,16.8574352086,1339.70592753,17,1.14324142569,6.99392335925,1253.73366882
yolo11n,development,500,40bfcbec-ec59-3731-8e75-67f0bddc3b01,8838,1473,15,1.0183299389,45.2591826184,1154.36355591,0,0,4.65195760968,160.2718822,15,1.0183299389,46.6941694489,1194.37328043,0,0,39.8610841091,1295.58925701,15,1.0183299389,21.1611709084,1098.7301234,16,1.08621860149,9.07095750189,1037.89806292
yolo11n,development,100,41b6f7d7-e431-3992-b783-74b9edf42215,7002,1167,21,1.79948586118,16.0095671808,748.305514401,0,0,3.24652597761,143.14123681,21,1.79948586118,20.3940207597,913.138545231,0,0,12.0494834612,742.155218509,21,1.79948586118,8.67748266363,203.387029608,21,1.79948586118,2.2386477844,90.5246031414
yolo11n,development,200,41b6f7d7-e431-3992-b783-74b9edf42215,6906,1151,21,1.8245004344,30.3052383956,1132.75549316,0,0,6.29074174459,220.146850586,21,1.8245004344,34.0569541148,1251.26961571,0,0,22.9630337685,1250.35745338,21,1.8245004344,17.6861919049,1166.65388143,21,1.8245004344,4.89159137737,941.666161343
yolo11n,development,300,41b6f7d7-e431-3992-b783-74b9edf42215,6786,1131,20,1.76834659593,43.1860075869,1229.05566406,0,0,9.22364471254,220.146850586,20,1.76834659593,46.4075146695,1309.51065094,0,0,32.5812870711,1155.46660537,20,1.76834659593,26.8511664468,550.032370556,22,1.94518125553,7.11243739428,415.481368551
yolo11n,development,400,41b6f7d7-e431-3992-b783-74b9edf42215,6672,1112,20,1.79856115108,55.0376629774,1330.54181256,0,0,12.0581194982,253.906301505,20,1.79856115108,57.7832398905,1382.8143696,0,0,43.1022239604,1210.07977961,20,1.79856115108,38.0442380173,1121.161064,22,1.97841726619,10.7467936812,1050.60347737
yolo11n,development,500,41b6f7d7-e431-3992-b783-74b9edf42215,6552,1092,20,1.8315018315,66.1634080056,1402.77661133,0,0,14.7551531413,346.652391321,20,1.8315018315,68.4625507138,1442.31469684,0,0,51.8860487788,1208.3561075,20,1.8315018315,46.7838425728,1193.9144396,23,2.10622710623,15.6411017647,1464.33337402
yolo11n,development,100,41d69427-364c-366e-94a5-8e556bcac39f,10734,1789,5,0.279485746227,11.5168894145,455.537127596,0,0,4.21312303479,93.8068847656,5,0.279485746227,14.5104136204,553.429981572,0,0,8.72525492297,439.417152341,5,0.279485746227,7.04541732271,223.651243504,5,0.279485746227,1.85525118937,82.2783643562
yolo11n,development,200,41d69427-364c-366e-94a5-8e556bcac39f,10662,1777,5,0.281373100732,22.2326728733,911.074214195,0,0,8.42609799101,197.315261571,5,0.281373100732,24.8022227637,1000.33158831,0,0,17.6468012831,1217.00132344,5,0.281373100732,14.7341733766,1129.03532226,5,0.281373100732,4.1091379495,911.01615401
yolo11n,development,300,41d69427-364c-366e-94a5-8e556bcac39f,10572,1762,5,0.283768444949,32.1373974688,1216.62082528,0,0,12.6184979429,291.493349512,5,0.283768444949,34.3327831214,1288.16300649,0,0,24.6781409581,1090.6487054,5,0.283768444949,20.8279220626,853.774406038,7,0.397275822928,6.17431091381,1062.01159668
yolo11n,development,400,41d69427-364c-366e-94a5-8e556bcac39f,10452,1742,4,0.229621125144,40.8078067741,1352.07528687,0,0,16.723388989,430.248411443,4,0.229621125144,42.6419697891,1404.96272623,0,0,31.8970466367,1295.7319865,4,0.229621125144,28.4194092142,1253.78705136,8,0.459242250287,7.35632502791,305.52106105
yolo11n,development,500,41d69427-364c-366e-94a5-8e556bcac39f,10326,1721,4,0.232423009878,48.8075568745,1352.07528687,0,0,20.8961517072,605.544067383,4,0.232423009878,50.3319518395,1407.73998106,0,0,39.774305071,1300.39581793,4,0.232423009878,36.8188124506,1259.98288606,8,0.464846019756,10.2991126192,967.404677681
yolo11n,development,100,4207ef92-0b3b-4708-8868-4ffcaef308e0,5820,970,4,0.412371134021,12.9617275557,670.910150194,0,0,2.74533763065,26.228619693,4,0.412371134021,16.7044435378,818.079207941,0,0,10.659105553,665.478922573,4,0.412371134021,4.9290891475,138.484511246,4,0.412371134021,1.52386872898,45.0113393603
yolo11n,development,200,4207ef92-0b3b-4708-8868-4ffcaef308e0,5778,963,4,0.415368639668,24.4076620317,1032.64880371,0,0,5.38976050046,51.0351345141,4,0.415368639668,27.5691585416,1157.06566576,0,0,19.9727004717,1032.4157643,4,0.415368639668,9.84370410014,259.14755772,4,0.415368639668,3.02928908636,90.4676954412
yolo11n,development,300,4207ef92-0b3b-4708-8868-4ffcaef308e0,5730,955,4,0.418848167539,34.6296538424,1197.0065519,0,0,7.91988010351,74.364835957,4,0.418848167539,37.3363465289,1260.84151504,0,0,28.0584406718,1132.72565746,4,0.418848167539,14.9720921247,368.230357743,4,0.418848167539,4.62320637264,128.304108057
yolo11n,development,400,4207ef92-0b3b-4708-8868-4ffcaef308e0,5676,946,4,0.422832980973,43.7504166355,1339.60046387,0,0,10.352972429,102.167321539,4,0.422832980973,46.0227569581,1400.21146549,0,0,35.165665622,1128.39773686,4,0.422832980973,20.5181187302,850.298599646,4,0.422832980973,6.46553697502,588.804767159
yolo11n,development,500,4207ef92-0b3b-4708-8868-4ffcaef308e0,5616,936,4,0.42735042735,52.1031874654,1339.60046387,0,0,12.7420864407,126.88300078,4,0.42735042735,53.984853758,1396.98750458,0,0,41.6351285838,1240.50356992,4,0.42735042735,25.9678405548,671.875329343,4,0.42735042735,8.50853768565,654.989920532
yolo11n,development,100,453e5558-6363-38e3-bf9b-42b5ba0a6f1d,7512,1252,7,0.55910543131,15.9530397747,641.645725584,0,0,8.27560192582,115.885742188,7,0.55910543131,20.403296773,765.20651415,0,0,10.9537698241,629.47880463,7,0.55910543131,6.8980325074,504.976291047,7,0.55910543131,2.15396040184,157.93100362
yolo11n,development,200,453e5558-6363-38e3-bf9b-42b5ba0a6f1d,7386,1231,7,0.568643379366,30.5414881929,1234.86117377,0,0,16.1983472849,277.630042923,7,0.568643379366,34.3050901849,1334.0254881,0,0,22.3050802508,1200.74535011,7,0.568643379366,13.8868137863,635.066578156,8,0.649878147847,4.30649005128,209.307387941
yolo11n,development,300,453e5558-6363-38e3-bf9b-42b5ba0a6f1d,7194,1199,7,0.583819849875,43.7325880695,1333.17695307,0,0,24.0012168598,482.280395508,7,0.583819849875,46.8856624952,1409.36426236,0,0,32.6957242075,1286.48060697,7,0.583819849875,21.1252600119,1136.21350708,8,0.667222685571,6.39719025765,352.591318526
yolo11n,development,400,453e5558-6363-38e3-bf9b-42b5ba0a6f1d,7002,1167,6,0.514138817481,55.5641339648,1368.00292969,0,0,31.188032779,580.646821608,6,0.514138817481,58.1294307565,1437.89785506,0,0,42.2407938547,1296.93106732,6,0.514138817481,28.8348387906,1899.59675782,7,0.599828620394,9.00077157824,606.469726562
yolo11n,development,500,453e5558-6363-38e3-bf9b-42b5ba0a6f1d,6828,1138,6,0.527240773286,66.5216199139,1368.00292969,0,0,37.7514017935,746.952445575,6,0.527240773286,68.5619818972,1431.60547113,0,0,51.2984345735,1411.79336829,6,0.527240773286,36.7926991846,2047,8,0.702987697715,11.3756264139,667.282199299
yolo11n,development,100,46d917cd-531c-330b-8d7b-979b51a8927f,6156,1026,11,1.07212475634,18.4496084736,702.113736581,0,0,8.08333720617,79.7884216116,10,0.974658869396,24.1765673788,856.245089909,0,0,11.6805827659,657.999843885,11,1.07212475634,7.10982744832,207.846948197,11,1.07212475634,1.53063599242,63.6754698696
yolo11n,development,200,46d917cd-531c-330b-8d7b-979b51a8927f,6078,1013,11,1.08588351431,33.9837317121,897.094238281,0,0,15.9715456646,161.968060217,10,0.987166831194,38.7056110917,1013.42448061,0,0,21.6504619952,810.036809835,11,1.08588351431,14.4197907238,451.354437459,11,1.08588351431,3.14331990487,200.742589435
yolo11n,development,300,46d917cd-531c-330b-8d7b-979b51a8927f,5988,998,11,1.10220440882,48.1817935833,994.584122427,0,0,23.7064165176,236.997645422,10,1.00200400802,52.0574208697,1054.21982327,0,0,31.9987243453,1083.22571391,11,1.10220440882,22.8784524982,1039.83793343,11,1.10220440882,5.24413656054,491.978824876
yolo11n,development,400,46d917cd-531c-330b-8d7b-979b51a8927f,5880,980,10,1.02040816327,61.5987545857,1118.53338623,0,0,31.2829697423,294.153538346,9,0.918367346939,64.6863183937,1171.23942715,0,0,38.4944017657,1101.56482849,10,1.02040816327,27.8511109789,728.440485221,13,1.32653061224,6.21057054302,337.725296423
yolo11n,development,500,46d917cd-531c-330b-8d7b-979b51a8927f,5766,961,10,1.04058272633,73.6348367677,1246.52707219,0,0,38.5952740303,345.366947141,9,0.936524453694,75.937512153,1281.12922132,0,0,46.1051542166,1189.32892551,10,1.04058272633,36.1530348787,1165.11501292,13,1.35275754422,8.70969497278,709.102576089
yolo11n,development,100,47167c79-2ba4-369c-8db8-760a30b4c38a,2628,438,7,1.59817351598,10.9092139118,692.772949219,0,0,6.12622272482,61.6856242047,7,1.59817351598,14.0559431812,812.51966183,0,0,8.36086504661,518.182358835,7,1.59817351598,8.9143189198,342.625036719,7,1.59817351598,1.21596486362,146.116916716
yolo11n,development,200,47167c79-2ba4-369c-8db8-760a30b4c38a,2598,433,7,1.61662817552,19.2386231726,880.25012207,0,0,12.2094177649,115.172556951,7,1.61662817552,21.5785094631,963.273257836,0,0,15.6195182601,674.244900175,7,1.61662817552,17.3813650233,435.61301487,7,1.61662817552,2.25170350251,167.134774411
yolo11n,development,300,47167c79-2ba4-369c-8db8-760a30b4c38a,2556,426,7,1.64319248826,26.8686680252,880.25012207,0,0,18.218095636,152.805638669,7,1.64319248826,28.7531003613,963.371629186,0,0,22.8310486555,1123.05572223,7,1.64319248826,26.9409184276,1143.04009191,7,1.64319248826,3.74197901756,671.785534037
yolo11n,development,400,47167c79-2ba4-369c-8db8-760a30b4c38a,2526,421,7,1.66270783848,34.3506143322,927.165867278,0,0,24.4789663388,207.431152344,7,1.66270783848,35.8320576374,964.370314707,0,0,27.6728967134,1132.48498793,7,1.66270783848,34.2724711513,1106.22431732,7,1.66270783848,5.41304529558,909.890129249
yolo11n,development,500,47167c79-2ba4-369c-8db8-760a30b4c38a,2490,415,7,1.68674698795,40.9520675687,996.405517578,0,0,30.8764226315,236.491818431,7,1.68674698795,42.0571139244,1027.41395111,0,0,33.9175328446,912.097543258,7,1.68674698795,40.5829819533,979.842692011,7,1.68674698795,5.54740375548,852.354614258
yolo11n,development,100,47358aac-2ec0-3d45-a837-f2069ca7cee3,12294,2049,12,0.585651537335,14.9348178065,1023.57958984,0,0,4.36411728999,87.308866956,12,0.585651537335,18.941902133,1231.47389914,0,0,11.6667904941,1006.95479014,12,0.585651537335,7.08482486683,474.531563227,12,0.585651537335,1.75182163494,170.922111413
yolo11n,development,200,47358aac-2ec0-3d45-a837-f2069ca7cee3,12120,2020,12,0.594059405941,27.7129689777,1203.51808618,0,0,8.65350687431,187.826879608,12,0.594059405941,31.1418142545,1322.97874388,0,0,22.328721856,1206.49242782,12,0.594059405941,14.1505695111,1118.53854228,14,0.693069306931,4.0834358671,896.701052459
yolo11n,development,300,47358aac-2ec0-3d45-a837-f2069ca7cee3,11922,1987,12,0.603925515853,38.9477303251,1226.64877319,0,0,12.8310348405,275.408913548,12,0.603925515853,41.8435064791,1334.0319043,0,0,30.5204920288,1185.61682941,12,0.603925515853,19.9198578769,1027.42586343,17,0.855561147458,5.59591607111,975.950500488
yolo11n,development,400,47358aac-2ec0-3d45-a837-f2069ca7cee3,11712,1952,12,0.614754098361,49.4403429084,1351.16493225,0,0,17.0707599139,388.696976473,12,0.614754098361,51.8689232522,1413.79328321,0,0,39.1655695249,1358.8113307,12,0.614754098361,27.1489138326,1602.50314355,19,0.973360655738,7.17003929153,880.573403647
yolo11n,development,500,47358aac-2ec0-3d45-a837-f2069ca7cee3,11520,1920,12,0.625,59.1782658392,1351.16493225,0,0,21.3249928937,478.192504883,12,0.625,61.2223626179,1406.26202982,0,0,47.6940728483,1372.94224571,12,0.625,34.7820008989,1649.2057864,20,1.04166666667,9.31218431729,978.684759456
yolo11n,development,100,575d8d24-ba88-3b18-84c0-df5b29dccfde,12192,2032,9,0.442913385827,10.8900950129,642.23968187,0,0,4.23813859588,85.8924294922,9,0.442913385827,13.5671904392,777.161025957,0,0,8.01629418239,531.296403355,9,0.442913385827,5.29936055303,180.480101805,9,0.442913385827,1.97214600474,63.1005832603
yolo11n,development,200,575d8d24-ba88-3b18-84c0-df5b29dccfde,12066,2011,9,0.447538538041,20.6874454393,902.2265625,0,0,8.29356175443,143.663095551,9,0.447538538041,23.0126437186,998.762378984,0,0,15.3858087625,675.008864169,9,0.447538538041,10.9788460187,409.40133894,9,0.447538538041,4.11644961947,178.399192256
yolo11n,development,300,575d8d24-ba88-3b18-84c0-df5b29dccfde,11898,1983,9,0.453857791225,29.8394531447,1031.20544434,0,0,12.1191098735,234.292114258,9,0.453857791225,31.8588874342,1095.86574825,0,0,22.4533130193,943.297034611,9,0.453857791225,17.056455716,709.194892279,9,0.453857791225,6.55077179323,701.133178711
yolo11n,development,400,575d8d24-ba88-3b18-84c0-df5b29dccfde,11712,1952,9,0.46106557377,38.4742619219,1076.24893188,0,0,15.7771693654,282.161499023,9,0.46106557377,40.1982670722,1122.56123891,0,0,28.8718525993,928.569600632,9,0.46106557377,23.1477249495,940.982395205,9,0.46106557377,8.79505472615,682.158935547
yolo11n,development,500,575d8d24-ba88-3b18-84c0-df5b29dccfde,11514,1919,9,0.468994267848,46.7774739004,1101.85177799,0,0,19.3016045282,317.999633789,9,0.468994267848,48.2315615265,1132.55328297,0,0,35.6019942449,984.066625971,9,0.468994267848,29.6830707878,1098.02769645,9,0.468994267848,11.1714370947,462.737218224
yolo11n,development,100,5b1d8b11-4f90-3577-be0b-193e102fda82,4818,803,12,1.49439601494,30.0890940277,989.679016113,0,0,17.2312785167,146.093680099,11,1.3698630137,38.2472152575,1234.39317755,0,0,20.0834532415,1089.00290833,12,1.49439601494,9.58518979957,356.835320865,12,1.49439601494,2.84588946214,137.828355209
yolo11n,development,200,5b1d8b11-4f90-3577-be0b-193e102fda82,4674,779,12,1.540436457,55.9747180285,1127.83825684,0,0,34.1157056807,281.50069496,11,1.41206675225,63.0729588087,1283.76103645,0,0,36.7963516486,1185.49220219,12,1.540436457,19.1065243262,635.503918081,12,1.540436457,5.58620083693,233.198798537
yolo11n,development,300,5b1d8b11-4f90-3577-be0b-193e102fda82,4524,754,12,1.59151193634,79.184645382,1238.69726562,0,0,50.4906719652,401.549690892,11,1.45888594164,85.2368016016,1323.95321115,0,0,51.909192084,1277.0306678,12,1.59151193634,28.6176317005,877.834698333,12,1.59151193634,8.4182849981,434.493770679
yolo11n,development,400,5b1d8b11-4f90-3577-be0b-193e102fda82,4380,730,12,1.64383561644,100.719323359,1349.8659668,0,0,66.3678735173,517.723593937,11,1.50684931507,105.840746277,1412.18641728,0,0,66.4685773301,1421.69073267,12,1.64383561644,37.0492120044,1049.34822716,12,1.64383561644,11.3925852467,910.498657227
yolo11n,development,500,5b1d8b11-4f90-3577-be0b-193e102fda82,4230,705,12,1.70212765957,120.185639968,1388.88778687,0,0,81.1686491789,636.834169374,11,1.56028368794,124.382262418,1432.41322849,0,0,79.5692967254,1549,12,1.70212765957,46.3214813154,981.684517342,13,1.84397163121,13.495357628,596.070884246
yolo11n,development,100,62a1e53b-b55c-36c2-bc5b-e216d494875a,10404,1734,5,0.288350634371,9.66133843214,455.495121742,0,0,5.03716094954,79.5194511057,5,0.288350634371,12.1368472088,556.38938318,0,0,7.31890724516,440.490021077,5,0.288350634371,6.22915006338,320.345135169,5,0.288350634371,1.64984486211,97.8137553586
yolo11n,development,200,62a1e53b-b55c-36c2-bc5b-e216d494875a,10278,1713,5,0.291885580852,19.0137032713,910.990243485,0,0,10.0075544824,183.003543428,5,0.291885580852,21.1245287872,1002.3459452,0,0,14.6915065417,1187.16882401,5,0.291885580852,12.8074442767,1114.68081781,6,0.350262697023,3.59271178417,867.996300123
yolo11n,development,300,62a1e53b-b55c-36c2-bc5b-e216d494875a,10110,1685,5,0.296735905045,27.8647981587,1078.43115234,0,0,14.9110071987,269.164739986,5,0.296735905045,29.6424430863,1160.24829357,0,0,21.6640371828,1312.39393824,5,0.296735905045,19.218891596,1186.95415241,6,0.356083086053,5.82524536765,1110.53112793
yolo11n,development,400,62a1e53b-b55c-36c2-bc5b-e216d494875a,9954,1659,5,0.301386377336,36.2454836441,1299.00282619,0,0,19.8229856875,278.543958255,5,0.301386377336,37.7159163924,1350.45617171,0,0,27.8260659662,1102.6247299,5,0.301386377336,25.3612263826,904.73122575,7,0.42194092827,7.18626199438,775.215737823
yolo11n,development,500,62a1e53b-b55c-36c2-bc5b-e216d494875a,9774,1629,5,0.306936771025,43.9714975802,1374.68266296,0,0,24.7260436243,376.834203404,5,0.306936771025,45.1498220262,1420.32174281,0,0,34.315045179,1257.35365731,5,0.306936771025,32.1420143662,1016.07226437,8,0.49109883364,9.60687938111,781.216363513
yolo11n,development,100,633addf9-441c-35e7-868a-738aa612d51c,10464,1744,16,0.917431192661,12.1674797624,1000.21690428,0,0,3.95093149349,66.0714832973,16,0.917431192661,15.2785784481,1219.46000764,0,0,9.58500735374,998.223698237,16,0.917431192661,6.23527338925,458.624782161,16,0.917431192661,1.73934725614,151.689331964
yolo11n,development,200,633addf9-441c-35e7-868a-738aa612d51c,10344,1724,16,0.92807424594,23.2672377794,1130.56347656,0,0,7.7823027424,147.135807504,16,0.92807424594,25.9528431453,1307.54860285,0,0,19.4321572458,1214.12768438,16,0.92807424594,13.1406189938,1164.39835423,16,0.92807424594,4.16740546489,874.296081543
yolo11n,development,300,633addf9-441c-35e7-868a-738aa612d51c,10212,1702,15,0.881316098707,33.3307291099,1130.56347656,0,0,11.4902241085,226.732421875,15,0.881316098707,35.6446072188,1290.51124975,0,0,26.8814600601,1115.16316782,15,0.881316098707,18.3565326503,885.406773581,18,1.05757931845,5.81363013235,916.339833725
yolo11n,development,400,633addf9-441c-35e7-868a-738aa612d51c,10068,1678,15,0.893921334923,42.3448762077,1320.55447291,0,0,15.1342022606,226.732421875,15,0.893921334923,44.3063977676,1372.97052192,0,0,34.7780867333,1233.26238992,15,0.893921334923,24.9747360104,944.391215843,21,1.25148986889,7.77186995474,1096.4140625
yolo11n,development,500,633addf9-441c-35e7-868a-738aa612d51c,9918,1653,15,0.907441016334,50.1030672432,1492.73730469,0,0,18.7964414967,243.907293836,15,0.907441016334,51.6827058444,1540.13250937,0,0,42.3566397311,1392.3793805,15,0.907441016334,31.980332038,1304.89114367,22,1.33091349062,10.0718570227,1278.03860474
yolo11n,development,100,639d4834-f922-3e27-9913-20aa649f815d,10638,1773,25,1.41003948111,14.3119993083,896.045166016,0,0,7.4586780119,138.505570534,25,1.41003948111,18.0587901763,1090.11230226,0,0,10.7179055459,841.829161215,25,1.41003948111,7.78045763893,386.417247532,25,1.41003948111,2.58258100203,184.685095159
yolo11n,development,200,639d4834-f922-3e27-9913-20aa649f815d,10458,1743,25,1.43430866322,27.413672355,1172.98913574,0,0,14.8089289206,300.191014159,25,1.43430866322,30.6064593111,1349.60161512,0,0,20.2477585161,1079.90236706,25,1.43430866322,15.4339543374,537.007545966,25,1.43430866322,5.73944698366,1109.14086914
yolo11n,development,300,639d4834-f922-3e27-9913-20aa649f815d,10230,1705,25,1.46627565982,39.194898498,1230.02746214,0,0,21.972529099,403.085681346,25,1.46627565982,41.8687583408,1332.14695545,0,0,29.4043656535,1223.97760766,25,1.46627565982,23.3292138485,800.985066624,28,1.642228739,7.68899378974,1109.27331543
yolo11n,development,400,639d4834-f922-3e27-9913-20aa649f815d,9990,1665,24,1.44144144144,50.4341442672,1342.20077515,0,0,29.3191948848,551.509887695,24,1.44144144144,52.6440599766,1407.18481501,0,0,38.4115647504,1334.98104889,24,1.44144144144,31.2258414322,653.905239275,28,1.68168168168,9.96929283141,847.568481445
yolo11n,development,500,639d4834-f922-3e27-9913-20aa649f815d,9768,1628,24,1.4742014742,60.2947711013,1389.33863831,0,0,36.2988343902,663.521805732,24,1.4742014742,62.0671003886,1432.96109206,0,0,48.1113852951,1386.69572908,24,1.4742014742,39.5564792762,996.955056248,29,1.78132678133,12.7766647541,861.990940917
yolo11n,development,100,6937b4e5-b5b4-3970-b5dd-9ad194e6c338,6030,1005,21,2.08955223881,23.5733830426,818.532469284,0,0,10.390346749,189.303001459,21,2.08955223881,29.7258279745,993.799949123,0,0,19.3628645491,797.21836057,21,2.08955223881,12.1845377507,380.596674272,21,2.08955223881,3.41266190834,149.42578466
yolo11n,development,200,6937b4e5-b5b4-3970-b5dd-9ad194e6c338,5880,980,21,2.14285714286,44.2092846278,1231.36654663,0,0,20.529803957,330.581085332,21,2.14285714286,49.5134353694,1357.41732132,0,0,38.4426367517,1225.88913639,21,2.14285714286,25.7466238819,1135.45897198,22,2.24489795918,8.86138948698,922.938487365
yolo11n,development,300,6937b4e5-b5b4-3970-b5dd-9ad194e6c338,5700,950,20,2.10526315789,60.3567978415,1316.32675171,0,0,30.9400489166,496.17199707,20,2.10526315789,64.9109256117,1399.21576996,0,0,49.9690092244,1301.83708892,20,2.10526315789,34.4133340704,861.380169655,26,2.73684210526,10.3201542212,1112.50476074
yolo11n,development,400,6937b4e5-b5b4-3970-b5dd-9ad194e6c338,5526,921,19,2.06297502714,74.698793445,1338.77198792,0,0,41.1998526745,658.176513672,19,2.06297502714,78.5504583979,1405.18559179,0,0,64.0844002585,1335.46352743,19,2.06297502714,46.5878656579,843.520025127,27,2.93159609121,12.8237688748,914.317382812
yolo11n,development,500,6937b4e5-b5b4-3970-b5dd-9ad194e6c338,5346,891,18,2.0202020202,86.9240097355,1397.6466217,0,0,51.4207792423,751.470703125,18,2.0202020202,90.1178784215,1446.59219966,0,0,78.2360326562,1384.7268395,18,2.0202020202,60.9038561643,1056.55510756,27,3.0303030303,16.3932598773,980.296958592
yolo11n,development,100,69c0ec7c-e289-3c4d-ade3-d2287ec34026,2196,366,8,2.18579234973,20.5664430266,414.245422363,0,0,9.34581109878,182.055417982,8,2.18579234973,26.6947653516,510.681479747,0,0,15.4021031703,410.178737753,8,2.18579234973,8.84246541415,93.1614163274,8,2.18579234973,2.67716850702,35.7215038747
yolo11n,development,200,69c0ec7c-e289-3c4d-ade3-d2287ec34026,2166,361,8,2.21606648199,39.1485415733,673.259887695,0,0,17.7710112107,341.293510944,8,2.21606648199,44.400965576,739.230839525,0,0,31.2012817073,655.98610303,8,2.21606648199,18.7870724118,375.759721514,8,2.21606648199,6.01207467357,145.34852388
yolo11n,development,300,69c0ec7c-e289-3c4d-ade3-d2287ec34026,2112,352,7,1.98863636364,56.627899645,1009.88983154,0,0,24.9342717281,350.070520666,7,1.98863636364,61.0862161134,1069.49396529,0,0,51.6835016791,1155.15053118,7,1.98863636364,33.7437953632,1056.84738043,7,1.98863636364,14.1538840693,1058.37353516
yolo11n,development,400,69c0ec7c-e289-3c4d-ade3-d2287ec34026,2082,347,7,2.01729106628,73.7592390725,1105.32617188,0,0,32.2889539426,469.540833948,7,2.01729106628,77.3876864217,1158.56348754,0,0,62.7820949589,1073.21246924,7,2.01729106628,38.5250691113,1029.34068948,11,3.17002881844,23.8756716842,1300.5123291
yolo11n,development,500,69c0ec7c-e289-3c4d-ade3-d2287ec34026,2046,341,7,2.05278592375,90.3652752463,1105.32617188,0,0,38.7707171225,574.399876537,7,2.05278592375,93.3351626553,1152.19666946,0,0,83.6625751292,1319.88722838,7,2.05278592375,54.4986482823,1081.99236247,15,4.39882697947,28.1151284437,1061.15714826
yolo11n,development,100,6aa2ac89-6b25-3af6-ad59-221351189f4b,4104,684,4,0.584795321637,25.2170451948,1027.83787007,0,0,8.79461836757,111.237632751,4,0.584795321637,31.727889152,1255.50762564,0,0,23.4078651851,1018.01414542,4,0.584795321637,10.2039990341,448.836298076,4,0.584795321637,3.16166188244,103.705875363
yolo11n,development,200,6aa2ac89-6b25-3af6-ad59-221351189f4b,4026,671,4,0.596125186289,43.7187060953,1200.94226074,0,0,17.8705212375,242.028032701,4,0.596125186289,49.3423395282,1323.04257419,0,0,42.2217347413,1137.3050925,4,0.596125186289,22.2957140715,1100.21447583,6,0.894187779434,8.50308707782,928.343986246
yolo11n,development,300,6aa2ac89-6b25-3af6-ad59-221351189f4b,3912,652,4,0.613496932515,57.5967844959,1292.75540161,0,0,27.5283279859,491.243777922,4,0.613496932515,62.4911151383,1384.27459174,0,0,51.1442785671,1252.82253617,4,0.613496932515,30.183843136,521.037616236,7,1.0736196319,12.1176161157,1176.1875
yolo11n,development,400,6aa2ac89-6b25-3af6-ad59-221351189f4b,3822,637,4,0.627943485086,68.880714276,1292.75540161,0,0,38.1494071142,556.086547852,4,0.627943485086,73.1276110428,1373.87167345,0,0,60.8545455423,1241.11811423,4,0.627943485086,42.8160067194,768.961087291,11,1.72684458399,11.6116570014,1147.89587402
yolo11n,development,500,6aa2ac89-6b25-3af6-ad59-221351189f4b,3738,623,4,0.642054574639,78.7609202673,1292.75540161,0,0,50.3164853342,796.654783424,4,0.642054574639,82.4823970145,1363.46875423,0,0,68.2209211594,1230.28697925,4,0.642054574639,55.9563643364,829.69295942,12,1.92616372392,14.7157766801,1016.39025879
yolo11n,development,100,6cc0bb26-5afb-3688-b237-b9c64c2800e5,4626,771,5,0.64850843061,22.9440385096,571.053920815,0,0,14.411366894,106.308561995,5,0.64850843061,29.261148679,693.733371192,0,0,12.6682425445,489.695855358,5,0.64850843061,8.42109694313,154.127145935,5,0.64850843061,1.21040876321,44.5228225825
yolo11n,development,200,6cc0bb26-5afb-3688-b237-b9c64c2800e5,4524,754,4,0.53050397878,44.0272860248,1142.10784163,0,0,28.5062550047,204.932367843,4,0.53050397878,49.3846385286,1254.05396076,0,0,24.0479035714,995.363809361,4,0.53050397878,16.7773683146,321.945178199,4,0.53050397878,2.38271322235,81.816545965
yolo11n,development,300,6cc0bb26-5afb-3688-b237-b9c64c2800e5,4440,740,4,0.540540540541,62.6067342907,1206.359375,0,0,42.164231496,294.222412109,4,0.540540540541,67.106251508,1307.57216268,0,0,34.2826755462,1009.57644414,4,0.540540540541,25.3469437234,560.519724211,4,0.540540540541,3.62616145597,289.861753205
yolo11n,development,400,6cc0bb26-5afb-3688-b237-b9c64c2800e5,4350,725,4,0.551724137931,78.1894827914,1367.78797913,0,0,55.5975845553,385.032470703,4,0.551724137931,81.8966315781,1426.11370847,0,0,42.3194868211,1162.27865197,4,0.551724137931,33.4065962699,513.670263185,4,0.551724137931,4.62590637333,178.58969528
yolo11n,development,500,6cc0bb26-5afb-3688-b237-b9c64c2800e5,4242,707,4,0.565770862801,91.8048496369,1367.78797913,0,0,68.2666759935,471.409057617,4,0.565770862801,94.7671824684,1419.13327711,0,0,49.6350096974,1110.3859251,4,0.565770862801,42.1577549293,669.94582989,4,0.565770862801,5.87162398768,368.974140863
yolo11n,development,100,6dc6e668-549e-33b8-b952-ed8e807b1d48,4692,782,10,1.27877237852,18.6251044904,804.169457719,0,0,4.65640383733,101.277771904,10,1.27877237852,23.9160522326,980.643947346,0,0,15.2300496478,794.588311531,10,1.27877237852,9.46335912665,177.118335614,10,1.27877237852,3.55488953304,88.6842220835
yolo11n,development,200,6dc6e668-549e-33b8-b952-ed8e807b1d48,4596,766,10,1.30548302872,33.1665031546,1097.30651855,0,0,9.063049886,192.694305259,10,1.30548302872,37.7221789377,1252.81958138,0,0,28.482969958,1078.86527109,10,1.30548302872,20.5826034077,647.754970408,10,1.30548302872,8.26206142571,471.174891158
yolo11n,development,300,6dc6e668-549e-33b8-b952-ed8e807b1d48,4482,747,9,1.20481927711,44.6049890068,1097.30651855,0,0,13.0326652186,230.834612315,9,1.20481927711,48.4335982241,1236.9082987,0,0,38.4888287248,1071.53290257,9,1.20481927711,30.1116188328,1038.58932314,10,1.33868808568,13.1430301661,906.754618488
yolo11n,development,400,6dc6e668-549e-33b8-b952-ed8e807b1d48,4404,734,9,1.22615803815,55.2708957204,1097.30651855,0,0,16.6918492027,323.801723978,9,1.22615803815,58.4317370482,1220.99701618,0,0,45.4467842152,1077.34789151,9,1.22615803815,37.3009084256,1044.03604718,10,1.36239782016,16.597773729,964.241642828
yolo11n,development,500,6dc6e668-549e-33b8-b952-ed8e807b1d48,4308,718,9,1.25348189415,65.6312855057,1115.21469116,0,0,20.1871232262,373.953327885,9,1.25348189415,68.2617666749,1205.08573223,0,0,51.6549040368,1084.53781828,9,1.25348189415,43.4078057121,1041.85254864,9,1.25348189415,19.5905939977,1046.9029541
yolo11n,development,100,74dd5c1d-7a9a-32d1-903a-fc57e07109b9,4566,761,14,1.83968462549,26.9707214451,1018.87054443,0,0,5.40303584604,99.2038843023,14,1.83968462549,34.2601536774,1245.1855288,0,0,21.2313568286,1016.56442788,14,1.83968462549,9.21579615346,281.370397687,14,1.83968462549,2.53172291292,198.376091835
yolo11n,development,200,74dd5c1d-7a9a-32d1-903a-fc57e07109b9,4488,748,14,1.87165775401,48.2690413214,1190.91906738,0,0,10.6811633312,229.49312884,14,1.87165775401,54.5804018753,1329.02602523,0,0,37.4894315152,1189.12955958,14,1.87165775401,18.9919341535,579.723678982,14,1.87165775401,5.18620718347,409.430572152
yolo11n,development,300,74dd5c1d-7a9a-32d1-903a-fc57e07109b9,4404,734,14,1.90735694823,66.2864623222,1317.43805549,0,0,15.5319418315,165.182535034,14,1.90735694823,71.7668383933,1383.88965735,0,0,51.709783929,1290.42606102,14,1.90735694823,29.4528122867,944.923941298,14,1.90735694823,8.21695514639,695.485495796
yolo11n,development,400,74dd5c1d-7a9a-32d1-903a-fc57e07109b9,4314,719,13,1.80806675939,81.2671651893,1329.13447571,0,0,20.0661141349,228.092408525,13,1.80806675939,85.9810790974,1393.11553951,0,0,62.6632771523,1290.20777404,13,1.80806675939,39.7115049304,1031.13360168,14,1.9471488178,10.803488834,676.711505545
yolo11n,development,500,74dd5c1d-7a9a-32d1-903a-fc57e07109b9,4212,702,13,1.85185185185,94.7639186797,1329.13447571,0,0,24.3297118534,256.628959194,13,1.85185185185,98.7623197953,1394.33159472,0,0,74.2269563456,1292.75089421,13,1.85185185185,52.4433694961,1243.05563271,14,1.9943019943,14.9739783439,803.920858214
yolo11n,development,100,74f15437-b85e-314a-9d86-7294b98bf07f,7908,1318,16,1.21396054628,17.7935493535,907.678150974,0,0,9.21723604333,126.568483215,14,1.062215478,22.7169542128,1104.0605666,0,0,12.3535687877,903.348538932,16,1.21396054628,7.89557749087,326.638912987,16,1.21396054628,3.03994004873,163.077943378
yolo11n,development,200,74f15437-b85e-314a-9d86-7294b98bf07f,7758,1293,16,1.23743232792,32.9977608089,1180.93652344,0,0,18.0064017303,242.384538189,14,1.08275328693,37.1351602336,1332.24027319,0,0,23.7577896598,1289.9707138,16,1.23743232792,16.9748135919,1276.98383538,16,1.23743232792,7.00187550636,1121.32799253
yolo11n,development,300,74f15437-b85e-314a-9d86-7294b98bf07f,7596,1266,16,1.26382306477,47.3827578938,1203.26107788,0,0,26.3805095177,350.841644117,14,1.10584518167,50.8507170621,1317.56305246,0,0,33.6042103524,1235.5863153,16,1.26382306477,24.3040635604,871.877258964,20,1.57977883096,10.4425154274,1121.14770508
yolo11n,development,400,74f15437-b85e-314a-9d86-7294b98bf07f,7392,1232,16,1.2987012987,60.1499968511,1353.57987976,0,0,34.1111211259,456.371221088,14,1.13636363636,62.9863987793,1414.52121538,0,0,43.8247217851,1456.57752695,16,1.2987012987,32.4205077689,776.399667798,21,1.70454545455,13.9755540673,735.609130859
yolo11n,development,500,74f15437-b85e-314a-9d86-7294b98bf07f,7200,1200,16,1.33333333333,71.5608626101,1376.34631348,0,0,41.8662478392,558.470235579,14,1.16666666667,73.8382166592,1422.97738364,0,0,55.0471981146,1473.09509941,16,1.33333333333,41.8964528014,1020.19395982,22,1.83333333333,18.4256460302,1064.63464355
yolo11n,development,100,768cf7e2-eb6c-3468-969e-e3b0fd87b34e,5946,991,1,0.100908173562,14.998834654,801.797398955,0,0,7.28348529659,118.677359052,1,0.100908173562,19.1571650291,973.980223493,0,0,11.7588562918,758.839973542,1,0.100908173562,7.01693697495,244.49641609,1,0.100908173562,2.22028024075,111.656791163
yolo11n,development,200,768cf7e2-eb6c-3468-969e-e3b0fd87b34e,5874,979,1,0.102145045965,27.3568056595,1163.3092041,0,0,14.1896277083,217.296020508,1,0.102145045965,30.9276964438,1320.33710748,0,0,22.5570341129,1148.95308687,1,0.102145045965,14.6076992657,1078.78472311,1,0.102145045965,5.0116532761,829.852751676
yolo11n,development,300,768cf7e2-eb6c-3468-969e-e3b0fd87b34e,5790,965,1,0.103626943005,38.3125932165,1163.3092041,0,0,20.4883684689,343.421349004,1,0.103626943005,41.3547396736,1305.18218753,0,0,31.6291353598,1098.07664156,1,0.103626943005,21.4387986804,689.956552974,2,0.20725388601,6.4212722874,297.934080487
yolo11n,development,400,768cf7e2-eb6c-3468-969e-e3b0fd87b34e,5700,950,1,0.105263157895,48.5609305338,1360.08960573,0,0,26.4448132298,525.2890625,1,0.105263157895,51.0962807995,1413.47344786,0,0,41.7715536076,1108.34366439,1,0.105263157895,28.4151792109,828.492834873,2,0.210526315789,9.17903454708,783.904296875
yolo11n,development,500,768cf7e2-eb6c-3468-969e-e3b0fd87b34e,5604,934,1,0.107066381156,57.8656385481,1363.48913574,0,0,31.7591853664,598.495849609,1,0.107066381156,59.9235532398,1411.98777972,0,0,49.201835268,1101.04400601,1,0.107066381156,34.072803943,1054.87790618,4,0.428265524625,10.956985105,784.005615234
yolo11n,development,100,770a58e6-eff6-39b7-a265-fe7f202fe8b2,3750,625,15,2.4,20.7779732537,669.198248879,0,0,13.0894284966,132.493728697,15,2.4,26.654985648,809.734452683,0,0,13.1447675325,589.974426741,15,2.4,12.1275876427,380.597194736,15,2.4,3.57617978939,149.836692149
yolo11n,development,200,770a58e6-eff6-39b7-a265-fe7f202fe8b2,3630,605,15,2.47933884298,37.7551648641,1190.70007324,0,0,26.0041793201,352.751955703,15,2.47933884298,42.5545835026,1319.58931648,0,0,25.7397486302,961.490893233,15,2.47933884298,25.8385372572,592.774212502,15,2.47933884298,7.80799625812,291.365474913
yolo11n,development,300,770a58e6-eff6-39b7-a265-fe7f202fe8b2,3498,583,15,2.57289879931,52.8189481332,1289.75841983,0,0,39.126599782,487.745239258,15,2.57289879931,56.7246861042,1365.79506219,0,0,39.0164810506,1299.39903421,15,2.57289879931,40.5235877578,947.604090621,15,2.57289879931,12.995696403,1066.55548096
yolo11n,development,400,770a58e6-eff6-39b7-a265-fe7f202fe8b2,3360,560,14,2.5,66.7958387287,1302.34013367,0,0,51.9922429061,738.883178711,14,2.5,69.9096062776,1370.47621056,0,0,52.0646644068,1314.39162922,14,2.5,54.2285675257,1132.05448464,15,2.67857142857,16.846395123,781.375941557
yolo11n,development,500,770a58e6-eff6-39b7-a265-fe7f202fe8b2,3234,539,14,2.5974025974,78.4256055606,1302.34013367,0,0,63.6208265033,789.853149414,14,2.5974025974,80.7726603408,1362.57564588,0,0,65.3124731296,1316.89980855,14,2.5974025974,67.2176767544,1055.44928649,15,2.78293135436,22.7920219527,845.430541992
yolo11n,development,100,7ce2a2ce-eed6-36d7-ba62-dda9acddb070,4896,816,9,1.10294117647,9.91106656978,583.906433105,0,0,3.26069688318,126.478361081,9,1.10294117647,12.5933589085,730.317033624,0,0,6.98159983661,522.645491429,9,1.10294117647,4.92351717148,201.938343469,9,1.10294117647,1.88024463057,138.549430679
yolo11n,development,200,7ce2a2ce-eed6-36d7-ba62-dda9acddb070,4836,806,9,1.11662531017,18.814047402,857.544992493,0,0,6.5030303533,317.426942205,9,1.11662531017,21.0897343168,950.429993111,0,0,13.4218952261,865.866302593,9,1.11662531017,10.0695659288,408.753789514,9,1.11662531017,3.87060592985,278.556665767
yolo11n,development,300,7ce2a2ce-eed6-36d7-ba62-dda9acddb070,4770,795,9,1.1320754717,26.769994346,928.636779785,0,0,9.54753453621,385.889404297,9,1.1320754717,28.6698563277,1006.64621524,0,0,19.1186619594,869.373760886,9,1.1320754717,15.1500818165,557.786978864,9,1.1320754717,5.83418864404,318.116082935
yolo11n,development,400,7ce2a2ce-eed6-36d7-ba62-dda9acddb070,4704,784,9,1.14795918367,34.1286029614,928.636779785,0,0,12.4869567707,504.334594727,9,1.14795918367,35.7028589969,996.805221034,0,0,25.3460612976,889.827583085,9,1.14795918367,21.1830425539,972.810473629,9,1.14795918367,8.75273012652,886.61269447
yolo11n,development,500,7ce2a2ce-eed6-36d7-ba62-dda9acddb070,4638,773,9,1.16429495472,40.8376962702,928.636779785,0,0,15.2082550706,578.352294922,9,1.16429495472,42.0816334468,986.96422683,0,0,33.1801906343,1711.93820656,9,1.16429495472,27.0420633409,1435.78829276,9,1.16429495472,12.7541034236,1390.98652786
yolo11n,development,100,7e3d8631-3b7d-38c1-b833-ee7cfa7235ca,11196,1866,1,0.05359056806,16.4798419548,642.654097652,0,0,11.0277729981,178.787428822,1,0.05359056806,20.7706701104,783.277627241,0,0,11.343005604,625.392620624,1,0.05359056806,8.18995252132,317.849600484,1,0.05359056806,2.56985713907,138.144545865
yolo11n,development,200,7e3d8631-3b7d-38c1-b833-ee7cfa7235ca,11028,1838,1,0.0544069640914,31.829358153,1067.98364258,0,0,21.7270944284,317.194524763,1,0.0544069640914,35.5025219812,1187.45813327,0,0,22.1937661525,1073.537504,1,0.0544069640914,16.6789193938,582.485074034,1,0.0544069640914,5.48950226965,1090.15563965
yolo11n,development,300,7e3d8631-3b7d-38c1-b833-ee7cfa7235ca,10824,1804,1,0.0554323725055,46.0123208597,1085.00769043,0,0,32.0475747938,453.725708275,1,0.0554323725055,49.1403697461,1174.52027601,0,0,33.3541427783,1077.81548446,1,0.0554323725055,25.9661367613,746.66157008,1,0.0554323725055,8.69365471053,610.217407227
yolo11n,development,400,7e3d8631-3b7d-38c1-b833-ee7cfa7235ca,10608,1768,1,0.0565610859729,59.574132814,1224.9387207,0,0,41.9714370798,582.655029297,1,0.0565610859729,62.1865382464,1273.75778956,0,0,44.1375176927,1266.8420491,1,0.0565610859729,34.8078730185,1334.83510198,1,0.0565610859729,12.7522921726,831.382568359
yolo11n,development,500,7e3d8631-3b7d-38c1-b833-ee7cfa7235ca,10392,1732,1,0.0577367205543,72.4137728911,1341.58911133,0,0,51.5654442458,635.258422852,1,0.0577367205543,74.4900056504,1382.10625519,0,0,55.2010713454,1296.17523703,1,0.0577367205543,44.0619434725,1026.27378572,5,0.288683602771,15.9123487238,965.995446364
yolo11n,development,100,7ef4a6cc-7266-3a31-8dd4-01c3d3c58dcb,5538,923,6,0.650054171181,14.2847425706,945.238769531,0,0,13.9377255918,189.667883114,6,0.650054171181,18.1122040956,1147.79875184,0,0,17.4579955092,937.675185497,6,0.650054171181,17.6797363046,640.920263656,6,0.650054171181,5.51385223765,142.184244553
yolo11n,development,200,7ef4a6cc-7266-3a31-8dd4-01c3d3c58dcb,5436,906,6,0.662251655629,25.4346637771,1188.44226074,0,0,29.8723854798,477.075817587,6,0.662251655629,28.7146196144,1308.3473178,0,0,25.4407201727,1181.53936269,6,0.662251655629,34.4739489755,1148.14167393,8,0.883002207506,16.4305585766,1007.03435625
yolo11n,development,300,7ef4a6cc-7266-3a31-8dd4-01c3d3c58dcb,5322,887,6,0.676437429538,34.1399878563,1188.44226074,0,0,44.2274895414,726.470859219,6,0.676437429538,36.9573556941,1290.69678831,0,0,35.0203193747,1224.1963819,6,0.676437429538,52.147917976,1549,32,3.60766629087,13.2000460517,1135.38301805
yolo11n,development,400,7ef4a6cc-7266-3a31-8dd4-01c3d3c58dcb,5190,865,6,0.693641618497,41.3792283697,1188.44226074,0,0,55.0509240074,835.357421875,6,0.693641618497,43.6734968079,1209.17056621,0,0,41.6935264519,1204.20700468,6,0.693641618497,66.1161142966,1549,35,4.04624277457,16.6948025804,1282.5483221
yolo11n,development,500,7ef4a6cc-7266-3a31-8dd4-01c3d3c58dcb,5082,847,6,0.708382526564,48.5676637259,1188.44226074,49,5.78512396694,45.7533488647,902.993774414,6,0.708382526564,50.4412737672,1221.63540083,1,0.118063754427,48.46040699,1336.02504167,7,0.826446280992,62.9423038791,1888.35405265,38,4.48642266824,19.0699019789,1549
yolo11n,development,100,80da8956-f418-319c-9f49-3d47d9002546,5010,835,14,1.67664670659,20.4088745714,624.569285972,0,0,5.30512047335,69.728222264,14,1.67664670659,26.2364793217,761.845735211,0,0,16.3104265196,625.1811189,14,1.67664670659,6.19657061957,128.723400684,14,1.67664670659,1.78919197316,72.3082674216
yolo11n,development,200,80da8956-f418-319c-9f49-3d47d9002546,4938,823,14,1.70109356015,36.68393943,1235.55993652,0,0,10.3615441462,129.790359497,14,1.70109356015,41.6979974583,1360.07491913,0,0,29.0585989709,1236.463792,14,1.70109356015,12.6033657483,309.119728585,14,1.70109356015,3.62764962812,206.134685019
yolo11n,development,300,80da8956-f418-319c-9f49-3d47d9002546,4830,805,12,1.49068322981,50.3740426687,1306.1512146,0,0,15.0796566626,177.814504325,12,1.49068322981,54.6658768283,1392.88013164,0,0,39.618805769,1271.25008322,12,1.49068322981,19.5583327026,512.96345408,12,1.49068322981,5.57818216418,373.253971484
yolo11n,development,400,80da8956-f418-319c-9f49-3d47d9002546,4716,786,11,1.39949109415,62.3463942559,1307.40856934,0,0,19.5484720582,243.348694452,11,1.39949109415,65.9684112862,1383.05556879,0,0,48.8889662573,1262.1707157,11,1.39949109415,26.7008359468,801.460294811,12,1.52671755725,7.41351780941,600.070636111
yolo11n,development,500,80da8956-f418-319c-9f49-3d47d9002546,4602,767,10,1.3037809648,71.4759292285,1307.40856934,0,0,23.8948489136,288.121643066,10,1.3037809648,74.4519335345,1373.23100643,0,0,56.7451183775,1254.78518312,10,1.3037809648,33.9885390459,1010.62703955,11,1.43415906128,9.76165787916,522.650164314
yolo11n,development,100,85026edc-5fdf-308e-a8ef-a1aad1151c50,8094,1349,8,0.593031875463,19.093268779,929.402408808,0,0,7.30363628496,135.884689331,7,0.51890289103,24.1092947598,1128.08526527,0,0,14.9912161722,920.067969745,8,0.593031875463,8.58029366511,394.937893473,8,0.593031875463,2.5075358554,137.618613413
yolo11n,development,200,85026edc-5fdf-308e-a8ef-a1aad1151c50,7968,1328,8,0.602409638554,35.3146323623,1142.81237793,0,0,14.7127802267,281.572594393,7,0.527108433735,39.6023869542,1304.71598773,0,0,28.1328064002,1255.84837432,8,0.602409638554,17.5464647906,1201.16200845,10,0.753012048193,5.15009227664,961.290424079
yolo11n,development,300,85026edc-5fdf-308e-a8ef-a1aad1151c50,7776,1296,8,0.617283950617,49.6080696439,1315.33337402,0,0,22.3521193907,520.938598633,7,0.54012345679,53.2317990507,1398.77853446,0,0,38.3954073323,1329.66716284,8,0.617283950617,25.8361347814,705.759392815,12,0.925925925926,6.85436372182,431.498640933
yolo11n,development,400,85026edc-5fdf-308e-a8ef-a1aad1151c50,7596,1266,8,0.631911532385,62.0028944003,1364.93363953,0,0,29.1665584296,576.85546875,7,0.552922590837,65.0393442023,1422.81796746,0,0,48.8960399953,1403.57436463,8,0.631911532385,33.9326586179,822.298507444,11,0.86887835703,9.44323072969,871.564086914
yolo11n,development,500,85026edc-5fdf-308e-a8ef-a1aad1151c50,7398,1233,8,0.648824006488,72.3359312016,1364.93363953,0,0,35.4520548295,881.716796875,7,0.567721005677,74.7614604058,1415.34996654,0,0,59.1356414641,1415.45033446,9,0.729927007299,42.4081038196,1021.45804213,11,0.892133008921,11.7589558917,806.797607422
yolo11n,development,100,8a0ff1a2-9045-3be3-b67f-3914d88178ec,13164,2194,11,0.501367365542,11.0236539359,923.241149902,0,0,4.92913248185,91.7767701176,11,0.501367365542,13.7965669555,1197.38421189,0,0,7.98559480371,921.685691495,11,0.501367365542,6.32146996388,179.929194041,11,0.501367365542,2.25481751222,74.5974880551
yolo11n,development,200,8a0ff1a2-9045-3be3-b67f-3914d88178ec,13014,2169,11,0.5071461503,21.2622206646,1178.84970093,0,0,9.70975101537,182.925997359,11,0.5071461503,23.6579189357,1325.46439044,0,0,15.7816121248,1164.81297905,11,0.5071461503,13.0048535974,876.943197568,11,0.5071461503,4.69504272082,679.913756041
yolo11n,development,300,8a0ff1a2-9045-3be3-b67f-3914d88178ec,12816,2136,11,0.514981273408,30.6768930995,1178.84970093,0,0,14.3721436639,269.291271383,11,0.514981273408,32.7212834324,1310.43317347,0,0,22.9931155977,1159.48132509,11,0.514981273408,19.5420378594,407.293286465,12,0.561797752809,7.10315471147,269.290136147
yolo11n,development,400,8a0ff1a2-9045-3be3-b67f-3914d88178ec,12600,2100,11,0.52380952381,39.5832072754,1178.84970093,0,0,19.0084489168,381.160535774,11,0.52380952381,41.3136994691,1295.4019544,0,0,30.5287530056,1154.37066135,11,0.52380952381,26.9142286999,537.010489889,11,0.52380952381,10.01186309,382.681526759
yolo11n,development,500,8a0ff1a2-9045-3be3-b67f-3914d88178ec,12378,2063,11,0.53320407174,48.2376381359,1392.86519081,0,0,23.5638453852,527.042602539,11,0.53320407174,49.6893484688,1431.87100617,0,0,38.862440973,1378.18644965,11,0.53320407174,35.1924836242,851.354649088,11,0.53320407174,13.5979597684,789.587961965
yolo11n,development,100,8c019de9-7043-37bc-9498-b5858e7240af,2898,483,2,0.414078674948,15.3384116733,857.965165107,0,0,6.0399543407,116.717567354,2,0.414078674948,19.1447997584,1067.0634763,0,0,12.5000464005,861.04678191,2,0.414078674948,6.26106312739,184.716835671,2,0.414078674948,2.37938407492,82.9278400969
yolo11n,development,200,8c019de9-7043-37bc-9498-b5858e7240af,2868,478,2,0.418410041841,25.6440899513,1098.42468262,0,0,11.6667820156,225.715209961,2,0.418410041841,28.738598904,1235.64882809,0,0,20.8883835015,1079.30147565,2,0.418410041841,12.3979997426,446.501667251,2,0.418410041841,4.79207675274,331.889086227
yolo11n,development,300,8c019de9-7043-37bc-9498-b5858e7240af,2832,472,2,0.423728813559,34.3690844653,1098.42468262,0,0,16.5400361128,270.759721396,2,0.423728813559,37.0262883748,1218.22201108,0,0,29.5269837209,1089.22363131,2,0.423728813559,19.3861973543,1106.30689339,2,0.423728813559,7.89103273288,1008.78734691
yolo11n,development,400,8c019de9-7043-37bc-9498-b5858e7240af,2784,464,2,0.431034482759,41.8975583812,1153.1496582,0,0,20.7586463652,357.219070171,2,0.431034482759,44.1295826556,1205.56844266,0,0,35.0465624825,1183.61914555,2,0.431034482759,23.8211545081,1121.05496547,2,0.431034482759,9.70003427924,1061.6034169
yolo11n,development,500,8c019de9-7043-37bc-9498-b5858e7240af,2742,457,2,0.437636761488,49.1647811082,1352.51714665,0,0,25.0228131601,440.53720805,2,0.437636761488,51.0243076878,1389.86928182,0,0,40.7775964356,1361.48388015,2,0.437636761488,28.5970498539,647.6712474,2,0.437636761488,10.830630173,458.0740683
yolo11n,development,100,8ee606e6-4cbd-3c07-8419-fbda836ccaac,7476,1246,21,1.68539325843,13.6636014482,364.58964336,0,0,6.02710542157,83.0154155544,21,1.68539325843,17.1581348911,444.533862718,0,0,10.3081837564,365.913700047,21,1.68539325843,5.49013186868,232.244951558,21,1.68539325843,1.56165463704,72.9085634892
yolo11n,development,200,8ee606e6-4cbd-3c07-8419-fbda836ccaac,7410,1235,20,1.61943319838,27.026813809,729.179250261,0,0,11.9442783343,155.739548404,20,1.61943319838,30.0038138271,801.743595925,0,0,20.8167470825,731.436307714,20,1.61943319838,11.2823953701,533.729003867,20,1.61943319838,3.46450690632,554.454589844
yolo11n,development,300,8ee606e6-4cbd-3c07-8419-fbda836ccaac,7308,1218,20,1.64203612479,39.5401626859,963.941897744,0,0,17.5245777533,245.201389901,20,1.64203612479,42.0303828631,1020.58813839,0,0,31.3844525265,833.411778573,20,1.64203612479,17.102765769,728.897665117,21,1.72413793103,5.23819273394,871.173884554
yolo11n,development,400,8ee606e6-4cbd-3c07-8419-fbda836ccaac,7194,1199,20,1.66805671393,51.3120943411,1132.54418945,0,0,22.9444348457,381.697706205,20,1.66805671393,53.3696434014,1183.33664067,0,0,41.7373406705,1024.78803685,20,1.66805671393,23.4752652216,1096.79759034,22,1.83486238532,7.08408726305,838.329818058
yolo11n,development,500,8ee606e6-4cbd-3c07-8419-fbda836ccaac,7068,1178,20,1.69779286927,60.4635418298,1132.54418945,0,0,28.4032142737,433.844606368,20,1.69779286927,62.0677381281,1177.48285194,0,0,48.6039532673,963.130961543,20,1.69779286927,28.5294248276,985.329215165,21,1.78268251273,8.96647524481,936.478680067
yolo11n,development,100,90f360d8-35f7-3c54-b2da-e99b354bc4cb,2736,456,0,0,10.9923964652,824.708934892,0,0,3.57090821548,56.7809867513,0,0,14.0223833381,1005.77448836,0,0,9.04998467593,823.244567421,0,0,4.66564704986,187.509282462,0,0,1.11644458074,49.4149524376
yolo11n,development,200,90f360d8-35f7-3c54-b2da-e99b354bc4cb,2706,451,0,0,20.3603935155,1210.70898438,0,0,6.80829736447,111.574270031,0,0,22.938347603,1344.88907116,0,0,16.8071427523,1197.37951234,0,0,9.23759216962,385.357803559,0,0,2.15084134674,100.722052447
yolo11n,development,300,90f360d8-35f7-3c54-b2da-e99b354bc4cb,2670,445,0,0,27.6845866159,1237.89648438,0,0,9.91194998494,156.556396484,0,0,29.8584497585,1332.47049254,0,0,22.9478424105,1206.24911247,0,0,13.8925278983,594.499418542,0,0,3.19096120235,154.027755981
yolo11n,development,400,90f360d8-35f7-3c54-b2da-e99b354bc4cb,2628,438,0,0,33.5597494069,1237.89648438,0,0,12.7877865744,196.263671875,0,0,35.3934155722,1320.50415397,0,0,27.7313236746,1197.34837552,0,0,18.7492889442,810.635032295,0,0,4.23443300951,209.223366363
yolo11n,development,500,90f360d8-35f7-3c54-b2da-e99b354bc4cb,2574,429,0,0,39.726184418,1329.91938572,0,0,15.5508983662,234.220336914,0,0,41.2605584848,1369.77802447,0,0,32.9310060859,1304.88706074,0,0,23.5460501599,1043.13876355,0,0,5.26097950896,266.587287036
yolo11n,development,100,91923e20-9a05-32e0-ac53-8c09b0b60341,6030,1005,16,1.592039801,15.2778348622,760.250635792,0,0,4.82161194404,57.6769946134,16,1.592039801,19.5844942335,926.650427251,0,0,12.2552149933,632.851364754,16,1.592039801,7.83363508302,434.684438394,16,1.592039801,1.8215379549,162.302158221
yolo11n,development,200,91923e20-9a05-32e0-ac53-8c09b0b60341,5958,993,16,1.61127895267,27.0809913224,1520.50137042,0,0,9.73329225157,112.194959057,16,1.61127895267,30.6394834347,1671.50118062,0,0,21.8440826009,768.353047113,16,1.61127895267,15.4855578876,926.033052872,16,1.61127895267,3.64364868757,346.720682052
yolo11n,development,300,91923e20-9a05-32e0-ac53-8c09b0b60341,5886,981,16,1.63098878695,38.4351024312,1651.14627075,0,0,14.8123746114,186.549613233,16,1.63098878695,41.469098778,1786.74610202,0,0,31.389303135,1096.1890297,16,1.63098878695,22.928470599,1502.58614291,16,1.63098878695,5.68390972154,649.017747136
yolo11n,development,400,91923e20-9a05-32e0-ac53-8c09b0b60341,5808,968,16,1.65289256198,48.828767874,1651.14627075,0,0,20.0777856471,281.335699464,16,1.65289256198,51.4318939173,1771.34612046,0,0,40.0024715828,1415.51493588,16,1.65289256198,30.5429800155,1875.61793922,16,1.65289256198,7.43744768385,906.455455094
yolo11n,development,500,91923e20-9a05-32e0-ac53-8c09b0b60341,5724,954,16,1.67714884696,58.6966536226,1651.14627075,0,0,25.7765684831,389.360168457,16,1.67714884696,60.8980959412,1755.94614028,0,0,47.79323937,1601.14036484,16,1.67714884696,37.6597272352,1952.86157802,16,1.67714884696,8.81019614829,564.272917019
yolo11n,development,100,919f13de-857f-3b1c-9f8e-7cbe500a60ae,7902,1317,6,0.455580865604,14.8225072798,661.551988722,0,0,5.1129788229,113.65447998,6,0.455580865604,18.6119191076,802.058070728,0,0,12.0663029667,651.602784231,6,0.455580865604,6.57196124739,191.737331822,6,0.455580865604,2.42475409144,113.210247911
yolo11n,development,200,919f13de-857f-3b1c-9f8e-7cbe500a60ae,7830,1305,6,0.459770114943,28.5661758779,1169.94543457,0,0,10.1099921966,274.966152955,6,0.459770114943,31.8284371526,1264.5687245,0,0,23.3818309302,1171.22182963,6,0.459770114943,13.149490573,502.094078947,6,0.459770114943,4.73849547076,222.065951581
yolo11n,development,300,919f13de-857f-3b1c-9f8e-7cbe500a60ae,7722,1287,6,0.4662004662,40.8756770474,1297.79079744,0,0,14.9267884308,509.536865234,6,0.4662004662,43.6605492215,1374.42535336,0,0,33.7204331613,1270.83548612,6,0.4662004662,19.7151883105,892.771327994,6,0.4662004662,7.03625641535,326.625658187
yolo11n,development,400,919f13de-857f-3b1c-9f8e-7cbe500a60ae,7608,1268,6,0.473186119874,51.6047866767,1319.42529297,0,0,19.5625431559,417.407753911,6,0.473186119874,53.9602451821,1387.74008535,0,0,42.883091061,1284.11124624,6,0.473186119874,26.188488467,728.478591038,6,0.473186119874,9.3742567062,427.143670496
yolo11n,development,500,919f13de-857f-3b1c-9f8e-7cbe500a60ae,7476,1246,6,0.481540930979,61.2666687437,1401.97485352,0,0,24.4188606079,503.575190296,6,0.481540930979,63.2271641652,1442.38900823,0,0,50.9643195607,1389.94528871,6,0.481540930979,33.3635286767,983.671200133,6,0.481540930979,11.9455597353,523.714544046
yolo11n,development,100,9239d493-31d7-3dd0-a05f-03d50a242392,5262,877,2,0.228050171038,18.1105463493,798.485380112,0,0,7.703074228,129.094384798,2,0.228050171038,23.407570393,941.977499537,0,0,14.2123765822,798.198493164,2,0.228050171038,9.48323342766,428.289652492,2,0.228050171038,2.29362091003,215.813428051
yolo11n,development,200,9239d493-31d7-3dd0-a05f-03d50a242392,5190,865,2,0.231213872832,32.823300037,1050.85424805,0,0,15.5393186302,291.654247598,2,0.231213872832,37.3884293225,1205.60967477,0,0,25.7553292547,1047.61934061,2,0.231213872832,19.2196646157,1016.75472279,3,0.346820809249,4.76346331438,712.018932965
yolo11n,development,300,9239d493-31d7-3dd0-a05f-03d50a242392,5088,848,2,0.235849056604,46.2280588923,1266.22937012,0,0,23.9016345098,519.548013876,2,0.235849056604,50.1397781357,1329.85554383,0,0,36.4304411793,1263.92248525,2,0.235849056604,28.854412586,629.679022608,7,0.825471698113,6.01281021711,191.031264347
yolo11n,development,400,9239d493-31d7-3dd0-a05f-03d50a242392,4974,829,2,0.241254523522,57.4038046835,1303.79956055,0,0,32.5900831968,633.765258789,2,0.241254523522,60.7169821219,1344.94006297,0,0,45.1859194777,1334.63423971,2,0.241254523522,39.4289640538,689.521340694,6,0.723763570567,7.98314035117,296.620895749
yolo11n,development,500,9239d493-31d7-3dd0-a05f-03d50a242392,4866,811,2,0.246609124538,68.2992693426,1402.75489971,0,0,41.1193129907,884.361328125,2,0.246609124538,71.0953875792,1423.62762768,0,0,54.1270004977,1431.49764468,2,0.246609124538,50.1535712983,957.7867421,6,0.739827373613,10.0669848369,445.781193888
yolo11n,development,100,96284bbc-6b58-330f-a5a6-76cd518543f0,12258,2043,15,0.734214390602,13.9179978485,572.324586843,0,0,7.28031600079,169.645283718,15,0.734214390602,17.5206150999,695.705211245,0,0,10.3001789298,652.691752383,15,0.734214390602,9.02734410135,628.517409098,16,0.783162016642,2.9676705021,164.906732105
yolo11n,development,200,96284bbc-6b58-330f-a5a6-76cd518543f0,12114,2019,14,0.693412580485,27.2217621166,1144.6492252,0,0,14.8110074743,421.790544516,14,0.693412580485,30.3517351873,1257.1660402,0,0,19.8695481569,1056.82783611,14,0.693412580485,17.8702876561,504.054403672,16,0.792471520555,6.79073092388,959.684615644
yolo11n,development,300,96284bbc-6b58-330f-a5a6-76cd518543f0,11886,1981,13,0.656234225139,39.3341918484,1154.35876465,0,0,22.1990988995,532.899198358,13,0.656234225139,42.0035793035,1256.01177048,0,0,29.2902229467,1130.94111749,13,0.656234225139,27.3054465517,906.400102615,21,1.06007067138,8.54500999509,466.746747104
yolo11n,development,400,96284bbc-6b58-330f-a5a6-76cd518543f0,11658,1943,13,0.669068450849,50.3685839093,1356.93666077,0,0,29.3790126289,804.340576172,13,0.669068450849,52.607300081,1417.50718454,0,0,38.5523633516,1338.26058097,13,0.669068450849,36.3210178014,931.151629963,20,1.02933607823,12.1394712878,953.866699219
yolo11n,development,500,96284bbc-6b58-330f-a5a6-76cd518543f0,11436,1906,12,0.629590766002,60.8569075454,1356.93666077,6,0.314795383001,35.1533334068,878.322753906,12,0.629590766002,62.6890352262,1409.74673661,0,0,47.7437421439,1335.07869863,14,0.734522560336,45.0853814235,975.155069259,23,1.20671563484,15.1082341642,960.288085938
yolo11n,development,100,97738d01-b24f-365e-8818-2463149154d2,4920,820,1,0.121951219512,17.0959931775,1046.02504188,0,0,8.82056918837,119.603999395,1,0.121951219512,21.6488109629,1277.35343016,0,0,12.9323804361,1035.65562521,1,0.121951219512,7.84489415303,292.501418274,1,0.121951219512,3.00244371835,165.889323573
yolo11n,development,200,97738d01-b24f-365e-8818-2463149154d2,4812,802,1,0.124688279302,32.6034943681,1109.58435059,0,0,16.9785830167,223.015680832,1,0.124688279302,36.4387153267,1309.43584348,0,0,25.9693485636,1096.62866085,1,0.124688279302,16.0037263389,1125.72970516,1,0.124688279302,6.88235770946,862.647039935
yolo11n,development,300,97738d01-b24f-365e-8818-2463149154d2,4698,783,0,0,46.9001888947,1109.58435059,0,0,24.4235458263,328.99800543,0,0,50.1355105196,1288.85673026,0,0,39.0838316812,1081.64244755,0,0,24.816055831,1042.76625689,0,0,12.4627003161,1140.96737671
yolo11n,development,400,97738d01-b24f-365e-8818-2463149154d2,4596,766,0,0,59.9978527408,1109.58435059,0,0,31.5419342015,423.80255127,0,0,62.6960202984,1268.27761704,0,0,52.0469315541,1188.42962631,0,0,34.1205476964,1188.88667825,2,0.261096605744,15.1711459076,1108.94176565
yolo11n,development,500,97738d01-b24f-365e-8818-2463149154d2,4482,747,0,0,72.1043399964,1109.58435059,0,0,37.8742172906,525.023803711,0,0,74.314920433,1247.69850032,0,0,55.358352937,1125.77461104,0,0,34.1370697421,1161.75026309,2,0.267737617135,13.2635730517,1077.75333659
yolo11n,development,100,9a25fd14-783b-35c3-ab2d-df4687f82b5e,12144,2024,19,0.938735177866,13.0223850045,854.559987797,0,0,4.73885333549,105.168001146,19,0.938735177866,16.3307425447,1036.98231876,0,0,9.9215271037,852.936295124,19,0.938735177866,7.35086656141,350.655432785,19,0.938735177866,2.39588301541,262.058211507
yolo11n,development,200,9a25fd14-783b-35c3-ab2d-df4687f82b5e,12000,2000,19,0.95,24.9005214291,1200.20532227,0,0,9.2995547282,225.668334961,19,0.95,27.7226702138,1337.68999354,0,0,19.3312262386,1220.01513223,19,0.95,15.0094623992,1115.8128254,19,0.95,5.15006113763,1201.89648438
yolo11n,development,300,9a25fd14-783b-35c3-ab2d-df4687f82b5e,11838,1973,19,0.963000506842,35.8356557125,1324.46532894,0,0,13.5578782369,229.242797852,19,0.963000506842,38.2875641074,1403.35383333,0,0,28.2985530402,1649.52808877,19,0.963000506842,22.6856869002,1120.36237874,20,1.01368474404,7.59421244583,1107.89648438
yolo11n,development,400,9a25fd14-783b-35c3-ab2d-df4687f82b5e,11670,1945,19,0.976863753213,45.5269808507,1346.94194031,0,0,17.7794253265,301.741962828,19,0.976863753213,47.6280824548,1415.8040138,0,0,36.6330450609,1290.02753544,19,0.976863753213,30.1531084097,1032.53657793,21,1.07969151671,10.8673154687,912.560058594
yolo11n,development,500,9a25fd14-783b-35c3-ab2d-df4687f82b5e,11478,1913,19,0.993204391009,54.6411909939,1346.94194031,0,0,21.9368911083,394.653442383,19,0.993204391009,56.3662896019,1410.12964763,0,0,45.514679815,1290.70069234,19,0.993204391009,39.0898312189,1343.39806486,25,1.30684788291,13.560024841,1033.55787183
yolo11n,development,100,9afab336-dbae-3f70-a669-46813f4570d7,5526,921,21,2.28013029316,12.8141533258,832.731586877,0,0,3.7211602657,172.51929801,21,2.28013029316,16.2486150982,993.468926775,0,0,10.7825774212,813.384098589,21,2.28013029316,5.50957126638,335.007042424,21,2.28013029316,1.34725258624,114.181902059
yolo11n,development,200,9afab336-dbae-3f70-a669-46813f4570d7,5418,903,21,2.32558139535,22.9273485188,1201.20300293,0,0,6.79640022786,233.843162252,21,2.32558139535,25.7488052612,1351.68640782,0,0,19.3739626499,1165.72914083,21,2.32558139535,10.9949257665,597.68704586,21,2.32558139535,2.8528454239,404.648050541
yolo11n,development,300,9afab336-dbae-3f70-a669-46813f4570d7,5316,886,20,2.25733634312,31.4302638352,1201.20300293,0,0,9.64644867702,296.662130539,20,2.25733634312,33.8066066322,1341.43247363,0,0,26.4766312559,1150.59646992,20,2.25733634312,16.5272607397,703.167521981,20,2.25733634312,4.00797500572,477.508773311
yolo11n,development,400,9afab336-dbae-3f70-a669-46813f4570d7,5220,870,18,2.06896551724,38.5561322635,1364.56503296,0,0,12.7255934443,468.938132134,18,2.06896551724,40.5267118431,1421.61334144,0,0,33.6698275865,1399.39995372,18,2.06896551724,23.5437647288,1312.44056462,18,2.06896551724,6.21509182931,1035.10308837
yolo11n,development,500,9afab336-dbae-3f70-a669-46813f4570d7,5130,855,18,2.10526315789,44.9658681526,1364.56503296,0,0,15.8952815,544.483520508,18,2.10526315789,46.5669633213,1416.9016063,0,0,41.0140802856,1406.64531771,18,2.10526315789,31.0142853706,944.271573005,18,2.10526315789,8.39862225043,608.411198214
yolo11n,development,100,a160c635-aa67-352c-a5e6-03b113493090,4050,675,12,1.77777777778,21.460761096,573.758148318,0,0,12.0101692178,131.083197122,11,1.62962962963,27.7131953326,695.654767906,0,0,13.3997674045,565.752664262,12,1.77777777778,8.43130731599,174.64965095,12,1.77777777778,1.98009743921,70.648342717
yolo11n,development,200,a160c635-aa67-352c-a5e6-03b113493090,3948,658,12,1.82370820669,39.9502599779,1147.51622778,0,0,23.2088017061,256.290955214,11,1.6717325228,45.3915146089,1259.01993501,0,0,24.6709331123,1132.65511604,12,1.82370820669,16.8149797618,397.276037311,12,1.82370820669,3.8509035584,104.828385272
yolo11n,development,300,a160c635-aa67-352c-a5e6-03b113493090,3846,641,12,1.872074883,56.629122394,1314.95807794,0,0,33.5180607032,379.810044437,11,1.71606864275,61.313585878,1393.31746722,0,0,35.9066277621,1299.76928269,12,1.872074883,25.5924550522,681.791480192,12,1.872074883,5.81963510315,178.776830301
yolo11n,development,400,a160c635-aa67-352c-a5e6-03b113493090,3732,622,12,1.92926045016,71.9851389414,1360.82304382,0,0,43.0718662674,497.246043418,11,1.76848874598,75.9865201493,1420.0585115,0,0,46.9874329924,1310.23965008,12,1.92926045016,35.1023904564,985.497211925,12,1.92926045016,8.28281511872,288.566582557
yolo11n,development,500,a160c635-aa67-352c-a5e6-03b113493090,3618,603,11,1.82421227197,85.5627654763,1409.05065918,0,0,51.6908339639,607.722449919,10,1.6583747927,88.8259819902,1448.07685456,0,0,58.3905071065,1372.34430611,11,1.82421227197,45.4511776624,1373.89219328,11,1.82421227197,11.880906999,861.59124003
yolo11n,development,100,a359e053-a350-36cf-ab1d-a7980afaffa2,8412,1402,15,1.06990014265,11.5315635707,920.368665906,0,0,3.79239624918,87.6527059407,15,1.06990014265,14.6037393252,1122.46826888,0,0,7.88352495134,908.746486635,15,1.06990014265,6.2809024977,534.678184989,15,1.06990014265,1.86495756864,279.483778732
yolo11n,development,200,a359e053-a350-36cf-ab1d-a7980afaffa2,8292,1382,15,1.08538350217,21.8010859638,1081.05822754,0,0,7.5023597282,197.051714664,15,1.08538350217,24.4200758651,1264.39993168,0,0,15.4580223422,1061.22784291,15,1.08538350217,12.7811970582,1110.84134508,16,1.15774240232,3.87000502284,962.47958675
yolo11n,development,300,a359e053-a350-36cf-ab1d-a7980afaffa2,8160,1360,15,1.10294117647,31.2771193457,1213.47445827,0,0,11.0515261634,226.350178222,15,1.10294117647,33.5088209563,1285.65758255,0,0,22.3189716933,1204.68390806,15,1.10294117647,19.0334674901,709.921057822,16,1.17647058824,5.96957873527,1023.77929688
yolo11n,development,400,a359e053-a350-36cf-ab1d-a7980afaffa2,8046,1341,15,1.11856823266,40.2918566611,1375.4901886,0,0,14.5130465362,335.40910717,15,1.11856823266,42.1617210343,1430.00037668,0,0,30.0915874658,1346.43460291,15,1.11856823266,25.2229680248,875.613610703,17,1.26771066368,8.15285422754,744.021118164
yolo11n,development,500,a359e053-a350-36cf-ab1d-a7980afaffa2,7920,1320,15,1.13636363636,48.6296931185,1375.4901886,0,0,17.8381136373,392.623046875,15,1.13636363636,50.1441310864,1423.02348669,0,0,39.2102384144,1337.00849078,15,1.13636363636,34.2190760153,1015.14464279,19,1.43939393939,11.6424741488,1194.00372314
yolo11n,development,100,a50b198c-4de2-3f8c-a2b9-ab280605b350,10362,1727,9,0.521134916039,11.1326466363,642.95730763,0,0,4.04173753173,49.3022872055,9,0.521134916039,13.9740731683,778.60948006,0,0,8.27213357451,646.340101183,9,0.521134916039,6.34482273941,346.882951658,9,0.521134916039,1.94918931988,140.338214855
yolo11n,development,200,a50b198c-4de2-3f8c-a2b9-ab280605b350,10272,1712,9,0.525700934579,21.2351224619,989.617222137,0,0,8.00732263665,104.417308639,9,0.525700934579,23.663493511,1096.89613763,0,0,16.2480858842,973.28960949,9,0.525700934579,12.8221105241,419.169359291,9,0.525700934579,4.11028000562,594.772216797
yolo11n,development,300,a50b198c-4de2-3f8c-a2b9-ab280605b350,10146,1691,9,0.53222945003,30.1786156239,1199.56835938,0,0,11.8880450025,170.134937966,9,0.53222945003,32.2337403335,1293.68916911,0,0,23.8947606555,1171.28540948,9,0.53222945003,20.2093659152,1078.59646317,10,0.591366055588,6.56425537847,952.193038005
yolo11n,development,400,a50b198c-4de2-3f8c-a2b9-ab280605b350,10008,1668,9,0.539568345324,38.360036801,1199.56835938,0,0,15.637533739,248.52984252,9,0.539568345324,40.0969987885,1280.53106125,0,0,30.7835072619,1140.35394204,9,0.539568345324,27.1770400168,1130.49819546,10,0.599520383693,9.73137059999,943.89642334
yolo11n,development,500,a50b198c-4de2-3f8c-a2b9-ab280605b350,9858,1643,9,0.547778454047,45.8209488815,1453.62927246,0,0,19.3279111412,326.753356934,9,0.547778454047,47.216230796,1496.33824479,0,0,36.5577273435,1136.23236991,9,0.547778454047,32.9856817073,1391.85749909,12,0.730371272063,12.2030543831,1107.57470703
yolo11n,development,100,aa539866-29e4-353e-95a9-b6d321b53b33,8478,1413,18,1.27388535032,16.2648937881,920.454528809,0,0,6.76144235227,76.7566245004,18,1.27388535032,20.5596389874,1180.32176674,0,0,11.5191306745,913.040418466,18,1.27388535032,7.04996915902,209.381289632,18,1.27388535032,1.76379606088,92.4025119932
yolo11n,development,200,aa539866-29e4-353e-95a9-b6d321b53b33,8346,1391,18,1.29403306973,31.3144047548,1178.18621826,0,0,13.3109415712,173.288278914,18,1.29403306973,34.9328622212,1297.83816586,0,0,22.8288466366,1128.60070905,18,1.29403306973,14.7209653588,712.683237905,18,1.29403306973,3.75486995669,241.618150084
yolo11n,development,300,aa539866-29e4-353e-95a9-b6d321b53b33,8154,1359,18,1.32450331126,44.4536103229,1279.37521362,0,0,19.7500079859,294.454003877,18,1.32450331126,47.4995020461,1376.79152062,0,0,33.4542548726,1108.04114865,18,1.32450331126,23.373935653,819.059479737,18,1.32450331126,6.20735662011,601.666835407
yolo11n,development,400,aa539866-29e4-353e-95a9-b6d321b53b33,7938,1323,18,1.36054421769,56.7912193628,1369.91474915,0,0,25.9492353408,477.145357795,18,1.36054421769,59.352152412,1426.43702002,0,0,43.4929129073,1325.72797962,18,1.36054421769,31.9697594344,1201.42423352,21,1.5873015873,9.06059049779,1010.12742371
yolo11n,development,500,aa539866-29e4-353e-95a9-b6d321b53b33,7722,1287,18,1.3986013986,68.2859227375,1383.41230774,0,0,31.9287096312,560.42401123,18,1.3986013986,70.4000651961,1428.94671274,0,0,54.2668389593,1391.9678462,18,1.3986013986,41.4004578891,2047,21,1.6317016317,13.2661275714,1173.70976025
yolo11n,development,100,aa82b61f-7156-3c68-95a4-b79cebd120eb,7854,1309,15,1.14591291062,12.2227954246,856.37229094,0,0,6.773631787,148.519304384,15,1.14591291062,15.6380282963,1042.78240668,0,0,8.12229679109,619.892887927,15,1.14591291062,6.99931649123,315.060430691,15,1.14591291062,1.60595146826,162.445672405
yolo11n,development,200,aa82b61f-7156-3c68-95a4-b79cebd120eb,7788,1298,15,1.15562403698,23.4824236498,1177.23907471,0,0,13.5685061455,321.949500791,15,1.15562403698,26.3807435857,1346.71412737,0,0,16.2095770443,920.738177422,15,1.15562403698,14.2609941235,880.822672251,15,1.15562403698,3.48640134425,540.927715893
yolo11n,development,300,aa82b61f-7156-3c68-95a4-b79cebd120eb,7716,1286,15,1.16640746501,33.5085637263,1177.23907471,0,0,19.7616002329,401.674926758,15,1.16640746501,35.9253038022,1329.77906158,0,0,23.3482946156,911.459380093,15,1.16640746501,20.178023538,645.080338518,17,1.32192846034,5.25656770531,884.073025499
yolo11n,development,400,aa82b61f-7156-3c68-95a4-b79cebd120eb,7644,1274,15,1.17739403454,43.0470643565,1232.5340767,0,0,25.5829115212,560.236669884,15,1.17739403454,45.0454235005,1312.84399986,0,0,31.1640566886,1212.18065155,15,1.17739403454,26.3722826675,702.751401991,19,1.49136577708,6.49665925237,998.501953125
yolo11n,development,500,aa82b61f-7156-3c68-95a4-b79cebd120eb,7566,1261,15,1.18953211737,51.8933786762,1282.64428711,0,0,31.2619042775,671.165649414,15,1.18953211737,53.5014724832,1325.66786473,0,0,39.5726989265,1251.9255832,15,1.18953211737,33.5283861183,948.917975329,21,1.66534496431,7.53395838359,655.636440831
yolo11n,development,100,ab83611b-436e-3de7-aad1-f0c9ad254196,8052,1342,16,1.19225037258,9.94037469466,461.763137417,0,0,2.9091357115,72.6033206054,16,1.19225037258,12.5339333342,563.339245353,0,0,7.98983204503,439.551962496,16,1.19225037258,4.92253034183,317.865960388,16,1.19225037258,1.11267011562,120.466432294
yolo11n,development,200,ab83611b-436e-3de7-aad1-f0c9ad254196,7968,1328,16,1.20481927711,19.6534961296,828.591499985,0,0,5.64385908834,161.483956537,16,1.20481927711,21.9075511529,910.394541057,0,0,15.9228930404,776.388240299,16,1.20481927711,9.71197874958,320.440133323,17,1.28012048193,2.21462127358,201.562836099
yolo11n,development,300,ab83611b-436e-3de7-aad1-f0c9ad254196,7878,1313,15,1.1424219345,28.7061609537,1185.3409729,0,0,8.20975135329,270.224925541,15,1.1424219345,30.6348919556,1259.00094977,0,0,23.6452143167,1118.55517816,15,1.1424219345,14.939759988,971.247422935,16,1.2185833968,3.51800993943,865.594510043
yolo11n,development,400,ab83611b-436e-3de7-aad1-f0c9ad254196,7782,1297,15,1.1565150347,36.9309689104,1185.3409729,0,0,10.4844324829,359.252043893,15,1.1565150347,38.5661421403,1250.85788581,0,0,30.0408332546,1089.03609452,15,1.1565150347,19.5085690854,935.509462474,16,1.23361603701,4.44782590123,374.213810241
yolo11n,development,500,ab83611b-436e-3de7-aad1-f0c9ad254196,7680,1280,15,1.171875,44.3363009049,1405.21528625,0,0,12.6091119972,423.902589188,15,1.171875,45.6856940314,1444.26998177,0,0,36.0767439526,1305.56090264,15,1.171875,24.2428581665,644.577740374,18,1.40625,5.7615959505,472.794764653
yolo11n,development,100,ac1b1697-42b9-4225-a666-d17f72204fa8,6876,1146,15,1.30890052356,12.085933601,848.579379646,0,0,4.34025190131,91.3838442085,15,1.30890052356,15.1425241868,1035.00175885,0,0,11.8131748615,787.638324367,15,1.30890052356,7.21109123766,187.134982195,15,1.30890052356,2.6717603921,87.6416510299
yolo11n,development,200,ac1b1697-42b9-4225-a666-d17f72204fa8,6798,1133,15,1.32391879965,22.7882591386,1031.35681152,0,0,8.72283442683,162.982177734,15,1.32391879965,25.4322338696,1200.4671263,0,0,24.3273584866,1039.34948727,15,1.32391879965,16.4149388514,1134.34867827,15,1.32391879965,6.76374508504,815.89758254
yolo11n,development,300,ac1b1697-42b9-4225-a666-d17f72204fa8,6714,1119,15,1.34048257373,31.6129917982,1175.71873432,0,0,13.4864399803,276.365943049,15,1.34048257373,33.8701998313,1245.81861414,0,0,31.0818000105,1173.29822002,15,1.34048257373,22.5350266704,1208.3767886,16,1.42984807864,11.2102144359,1132.52734375
yolo11n,development,400,ac1b1697-42b9-4225-a666-d17f72204fa8,6630,1105,15,1.35746606335,38.9571427266,1350.4140625,0,0,18.8363330867,459.585261986,15,1.35746606335,40.8642946867,1412.52182025,0,0,38.2291896676,1208.41241855,15,1.35746606335,30.5630896661,1549,21,1.90045248869,12.8282162058,1098.4041748
yolo11n,development,500,ac1b1697-42b9-4225-a666-d17f72204fa8,6552,1092,14,1.28205128205,45.8429455211,1383.37988281,0,0,24.4025114295,588.97164039,14,1.28205128205,47.467707141,1447.05354058,0,0,46.5789501892,1188.78604261,14,1.28205128205,40.8510251716,1316.83623406,22,2.01465201465,17.6787740745,1261.01373291
yolo11n,development,100,b21b7285-2199-3264-b10a-524e9b23502a,6522,1087,10,0.919963201472,9.69303456685,739.939147949,0,0,4.91491560671,81.596934105,10,0.919963201472,12.2278642386,826.524468368,0,0,8.30546684112,675.586034689,10,0.919963201472,7.8665320819,374.13286776,10,0.919963201472,1.98676711484,164.531609947
yolo11n,development,200,b21b7285-2199-3264-b10a-524e9b23502a,6456,1076,10,0.92936802974,18.8158648857,1278.38970947,0,0,9.79378458649,178.851385361,10,0.92936802974,21.0062476787,1304.52442552,0,0,17.4552811948,1124.67285133,10,0.92936802974,17.2072513227,1194.75344229,10,0.92936802974,5.30345155297,1136.29675293
yolo11n,development,300,b21b7285-2199-3264-b10a-524e9b23502a,6378,1063,10,0.940733772342,27.0468170749,1278.38970947,0,0,14.6960513504,219.735107422,10,0.940733772342,28.9141985681,1302.8910057,0,0,24.7228355487,1307.5024416,10,0.940733772342,23.9378465731,1305.20162426,13,1.22295390405,8.53611724129,1116.13049316
yolo11n,development,400,b21b7285-2199-3264-b10a-524e9b23502a,6294,1049,10,0.95328884652,34.5439065477,1278.38970947,0,0,19.5586291249,219.735107422,10,0.95328884652,36.0967641438,1301.25758608,0,0,28.6608605868,1172.17010498,10,0.95328884652,28.5162318407,1348.02488842,15,1.42993326978,8.58622439816,1114.90075684
yolo11n,development,500,b21b7285-2199-3264-b10a-524e9b23502a,6210,1035,10,0.966183574879,42.0046952909,1398.70202637,0,0,24.4767598549,255.217297765,10,0.966183574879,43.2694759961,1439.47349149,0,0,36.3656295274,1172.17010498,10,0.966183574879,36.6772787075,1371.33474078,18,1.73913043478,9.5215583707,946.569068136
yolo11n,development,100,b5ea60b0-2540-4efe-b60e-f421ade3c128,2508,418,8,1.91387559809,15.75468601,503.2152908,0,0,7.47439834246,74.0452613203,8,1.91387559809,19.8681745209,522.099748068,0,0,11.0350029914,440.256965661,8,1.91387559809,5.5742448647,114.89955866,8,1.91387559809,1.25050948212,60.8691270837
yolo11n,development,200,b5ea60b0-2540-4efe-b60e-f421ade3c128,2460,410,8,1.9512195122,30.383713384,1006.43060173,0,0,14.2642117875,143.14678392,8,1.9512195122,33.6713728364,1024.20420864,0,0,21.6172584904,905.846150363,8,1.9512195122,10.6057750084,348.181733756,8,1.9512195122,2.45347253266,103.643558637
yolo11n,development,300,b5ea60b0-2540-4efe-b60e-f421ade3c128,2412,402,8,1.99004975124,43.9322924484,1131.36102295,0,0,20.5023342895,206.993781043,8,1.99004975124,46.5026263391,1148.02377961,0,0,31.9639604404,1076.87207668,8,1.99004975124,15.7428240499,716.25507527,8,1.99004975124,3.64048182147,201.985857308
yolo11n,development,400,b5ea60b0-2540-4efe-b60e-f421ade3c128,2352,392,8,2.04081632653,56.2209072667,1208.00964355,0,0,26.1452433205,250.626769272,8,2.04081632653,58.2131010783,1218.82388668,0,0,40.5117230338,1144.84203727,8,2.04081632653,20.3380122524,420.218591561,9,2.29591836735,4.73073290042,162.095460893
yolo11n,development,500,b5ea60b0-2540-4efe-b60e-f421ade3c128,2292,382,8,2.0942408377,66.5856280519,1208.00964355,0,0,31.4854967427,307.815656229,8,2.0942408377,68.0294732514,1218.05144085,0,0,47.7815920935,1155.20353343,8,2.0942408377,25.179834262,607.004548309,8,2.0942408377,5.77294148612,205.178281562
yolo11n,development,100,bb9be2e6-8f0e-3bb3-8bb9-5d9aa9df384d,5706,951,14,1.47213459516,26.3833737554,698.530850695,0,0,11.8477533293,82.3754245041,14,1.47213459516,33.7558625195,850.233150015,0,0,20.1472076904,689.697755582,14,1.47213459516,11.2998791318,247.141790197,14,1.47213459516,3.13983925386,131.651127052
yolo11n,development,200,bb9be2e6-8f0e-3bb3-8bb9-5d9aa9df384d,5622,937,12,1.28068303095,48.4658144534,1339.38842773,0,0,23.5830771774,178.116455078,12,1.28068303095,54.5621767179,1477.38496177,0,0,38.2332778522,1321.03314139,12,1.28068303095,23.7417706007,1127.15275399,12,1.28068303095,6.64750508052,504.741674115
yolo11n,development,300,bb9be2e6-8f0e-3bb3-8bb9-5d9aa9df384d,5538,923,12,1.30010834236,66.3383916762,1340.33013916,0,0,35.0227969134,277.765598922,12,1.30010834236,71.4627312062,1463.67919648,0,0,52.5006575467,1332.00386427,12,1.30010834236,36.2955819013,1057.72859383,14,1.51679306609,10.2756993541,1084.84594727
yolo11n,development,400,bb9be2e6-8f0e-3bb3-8bb9-5d9aa9df384d,5442,907,12,1.3230429989,82.191853071,1373.26315308,0,0,46.4302137438,389.447743142,12,1.3230429989,86.3342057241,1449.97343229,0,0,63.1835409877,1462.1353759,12,1.3230429989,47.0799569474,1239.17012513,17,1.8743109151,13.3720751867,1199.80771446
yolo11n,development,500,bb9be2e6-8f0e-3bb3-8bb9-5d9aa9df384d,5328,888,12,1.35135135135,95.5778926761,1380.72761536,0,0,58.7502786711,592.471468995,12,1.35135135135,98.7370809185,1436.26766754,0,0,72.5292481583,1505.49880804,12,1.35135135135,60.4871536158,1290.92779672,19,2.13963963964,15.4160174968,739.030021441
yolo11n,development,100,c453a8e7-d3da-317a-946b-f8e9678a8582,3354,559,15,2.68336314848,18.6493165152,588.155646307,0,0,9.65868054086,84.5573072234,15,2.68336314848,23.8466814349,811.056432626,0,0,10.1820649938,553.654511029,15,2.68336314848,6.90241395436,212.004196525,15,2.68336314848,2.22139426167,99.1447174941
yolo11n,development,200,c453a8e7-d3da-317a-946b-f8e9678a8582,3264,544,15,2.75735294118,35.5752503101,949.436828613,0,0,19.010597903,164.224761963,15,2.75735294118,39.9637325142,1065.08907914,0,0,19.2588071013,889.607358369,15,2.75735294118,13.723687639,420.399659473,15,2.75735294118,4.50720601687,197.352064199
yolo11n,development,300,c453a8e7-d3da-317a-946b-f8e9678a8582,3168,528,15,2.84090909091,49.7217662343,1113.91247559,0,0,27.7675223018,223.867385864,15,2.84090909091,53.4149206188,1183.86979697,0,0,27.4665565982,1103.5067353,15,2.84090909091,21.5787909123,901.277706519,15,2.84090909091,7.42884890306,526.134210047
yolo11n,development,400,c453a8e7-d3da-317a-946b-f8e9678a8582,3078,513,15,2.92397660819,62.7288840659,1113.91247559,0,0,36.2600321181,293.185028076,15,2.92397660819,65.7246280258,1175.75251073,0,0,34.1060916852,1537.52307697,15,2.92397660819,28.5825823409,1547.60036826,16,3.11890838207,10.1814876884,1068.57697455
yolo11n,development,500,c453a8e7-d3da-317a-946b-f8e9678a8582,2988,498,15,3.01204819277,75.155942391,1157.59558105,0,0,44.3145402439,362.63394165,15,3.01204819277,77.5221359573,1194.19721268,0,0,42.1764481836,1534.97264929,15,3.01204819277,36.958651995,1547.62377584,16,3.21285140562,13.5304762136,1044.75648969
yolo11n,development,100,c7f5e5c1-dc52-3619-8998-420b2e280d8a,5430,905,1,0.110497237569,12.502450292,578.488037109,0,0,6.00619022179,44.6277011615,1,0.110497237569,15.8750504576,757.094428736,0,0,10.0518838705,425.18952898,1,0.110497237569,7.46100699484,179.44729736,1,0.110497237569,2.64972606793,89.4669533852
yolo11n,development,200,c7f5e5c1-dc52-3619-8998-420b2e280d8a,5388,898,1,0.11135857461,24.1032253446,855.793293301,0,0,11.9628567953,90.4164924751,1,0.11135857461,26.9701746832,939.74312692,0,0,19.6939836618,852.68905916,1,0.11135857461,15.2313295015,525.525139363,1,0.11135857461,5.36695873729,310.381909323
yolo11n,development,300,c7f5e5c1-dc52-3619-8998-420b2e280d8a,5340,890,1,0.112359550562,33.9167465702,1194.80667114,0,0,17.8703757103,130.020678608,1,0.112359550562,36.3274071305,1270.61587457,2,0.224719101124,29.4279311372,1412.17201038,1,0.112359550562,23.7026840672,1446.95550692,1,0.112359550562,8.48345088277,1378.20993245
yolo11n,development,400,c7f5e5c1-dc52-3619-8998-420b2e280d8a,5298,883,1,0.113250283126,42.8752681159,1291.1020813,0,0,23.701723018,173.986908083,1,0.113250283126,44.9125103422,1350.57112877,0,0,38.2164731269,1277.62761115,1,0.113250283126,30.0474121122,1077.08534749,2,0.226500566251,11.4016957764,899.624973907
yolo11n,development,500,c7f5e5c1-dc52-3619-8998-420b2e280d8a,5250,875,1,0.114285714286,50.5777573026,1291.1020813,0,0,29.6511696042,223.331769947,1,0.114285714286,52.2388603002,1343.64260343,0,0,43.3390532515,1277.89336674,1,0.114285714286,36.0511675989,840.070802556,4,0.457142857143,13.1402109052,835.624633789
yolo11n,development,100,cf6a99cb-b8bc-34d7-bdca-30e50e66cd74,8334,1389,7,0.503959683225,13.3844674229,1087.25720215,0,0,1.58135598438,15.1079321417,7,0.503959683225,17.1736905121,1339.59953339,0,0,11.2197253259,1083.1442083,7,0.503959683225,5.73863978175,448.999695022,7,0.503959683225,1.84733248085,64.9894475185
yolo11n,development,200,cf6a99cb-b8bc-34d7-bdca-30e50e66cd74,8274,1379,7,0.507614213198,23.6047974505,1185.02578735,0,0,3.0470627706,29.8180662633,7,0.507614213198,26.8052770225,1328.04923168,0,0,19.7602436847,1123.58756036,7,0.507614213198,11.5090531244,1020.6316268,7,0.507614213198,3.58292611701,162.02560605
yolo11n,development,300,cf6a99cb-b8bc-34d7-bdca-30e50e66cd74,8208,1368,5,0.365497076023,32.2016466663,1298.54539477,0,0,4.39634152075,39.3533237549,5,0.365497076023,34.9825122788,1378.54737756,0,0,27.1791242673,1259.37356029,5,0.365497076023,17.434478474,1079.87832963,5,0.365497076023,5.43347931872,212.981554362
yolo11n,development,400,cf6a99cb-b8bc-34d7-bdca-30e50e66cd74,8154,1359,5,0.367917586461,39.6437513552,1331.20521545,0,0,5.72566832961,50.8054527617,5,0.367917586461,42.0390796704,1399.76758209,0,0,33.9968981279,1250.55488602,5,0.367917586461,23.7365813561,1077.86880256,5,0.367917586461,7.67969652193,452.510416654
yolo11n,development,500,cf6a99cb-b8bc-34d7-bdca-30e50e66cd74,8100,1350,5,0.37037037037,46.2129592049,1331.20521545,0,0,7.07235494723,60.9308473432,5,0.37037037037,48.2773703751,1392.47777835,0,0,41.3239530159,1549,5,0.37037037037,30.9412759629,1188.44263046,5,0.37037037037,10.7841011249,983.420564049
yolo11n,development,100,d20c3612-a64d-3aa8-bd4a-58890413afbb,7614,1269,16,1.26083530339,13.1506166741,1019.04217529,0,0,6.32319450813,82.7333009708,16,1.26083530339,16.6595960927,1291.25500554,0,0,12.6486801011,1010.64635134,16,1.26083530339,9.35314257081,214.219999194,16,1.26083530339,2.78153727934,96.9343230341
yolo11n,development,200,d20c3612-a64d-3aa8-bd4a-58890413afbb,7500,1250,15,1.2,24.6984081481,1177.15771484,0,0,12.8364445401,191.583247493,15,1.2,27.736393124,1324.90803317,0,0,25.1409859237,1263.66272158,15,1.2,20.1200006059,1348.25606151,15,1.2,6.56108636781,1199.41960058
yolo11n,development,300,d20c3612-a64d-3aa8-bd4a-58890413afbb,7392,1232,15,1.21753246753,34.7394113502,1208.96829224,0,0,19.6953250087,240.509452647,15,1.21753246753,37.3451731874,1309.78080366,0,0,33.4147846091,1172.77905908,15,1.21753246753,28.5241313206,984.736096982,18,1.46103896104,8.89470510882,1259.61413574
yolo11n,development,400,d20c3612-a64d-3aa8-bd4a-58890413afbb,7278,1213,15,1.23660346249,43.7509937026,1286.80599976,0,0,27.0058306254,376.655401485,15,1.23660346249,45.949321746,1340.18545977,0,0,42.6545290413,1211.72949494,15,1.23660346249,39.0276229198,1506.01763587,20,1.64880461665,10.6250337819,1112.3574872
yolo11n,development,500,d20c3612-a64d-3aa8-bd4a-58890413afbb,7164,1194,14,1.17252931323,52.0125404893,1286.80599976,0,0,35.2190614335,551.168203018,14,1.17252931323,53.8318383929,1333.16306902,0,0,50.4618701645,1159.32400389,14,1.17252931323,50.7489727024,1191.74403559,19,1.59128978224,13.6940179725,1099.92565918
yolo11n,development,100,d37be0e2-8223-3eeb-a0e2-c4b75d5ff87b,3330,555,8,1.44144144144,14.6234930679,376.734493303,0,0,8.2242298584,109.250640177,8,1.44144144144,18.771548731,460.235634806,0,0,10.0348690247,371.885654524,8,1.44144144144,8.02173492954,340.769778972,8,1.44144144144,2.35124819928,94.8826786415
yolo11n,development,200,d37be0e2-8223-3eeb-a0e2-c4b75d5ff87b,3282,547,8,1.46252285192,28.0801888457,752.623786823,0,0,16.5811962899,242.121699764,8,1.46252285192,31.5533897221,828.549299817,0,0,19.4338395869,744.230806728,8,1.46252285192,16.2959141403,566.86424716,9,1.64533820841,4.66827511308,349.36279557
yolo11n,development,300,d37be0e2-8223-3eeb-a0e2-c4b75d5ff87b,3210,535,8,1.4953271028,39.4589523515,859.778503418,0,0,24.7708443165,357.658226353,8,1.4953271028,42.2742060841,927.705762789,0,0,28.8253873862,848.510845505,8,1.4953271028,23.8505256625,525.15931107,10,1.8691588785,6.74266211711,437.035118902
yolo11n,development,400,d37be0e2-8223-3eeb-a0e2-c4b75d5ff87b,3138,523,8,1.52963671128,49.2126515066,1033.10571289,0,0,32.972787589,490.953745889,8,1.52963671128,51.4414029515,1075.44226274,0,0,36.2187500386,941.161392266,8,1.52963671128,31.7719056005,972.247209396,9,1.72084130019,8.54570793583,168.657799314
yolo11n,development,500,d37be0e2-8223-3eeb-a0e2-c4b75d5ff87b,3066,511,8,1.56555772994,58.8329262588,1219.69946553,0,0,41.3340280943,568.509643555,8,1.56555772994,60.5733799878,1254.45786062,0,0,45.2580642533,925.581853099,8,1.56555772994,39.2440882885,1010.19537302,10,1.95694716243,10.9456485995,288.102275585
yolo11n,development,100,d3efe9ba-f10a-35e7-b17e-6850c66693fe,1128,188,5,2.65957446809,12.2124232151,164.00239563,0,0,9.16164999503,80.9009054431,5,2.65957446809,16.6902651705,275.042298917,0,0,6.70592461515,87.747861202,5,2.65957446809,6.25696096684,77.9872103595,5,2.65957446809,1.64239987505,23.3845426366
yolo11n,development,200,d3efe9ba-f10a-35e7-b17e-6850c66693fe,1104,184,5,2.71739130435,22.4605715758,164.00239563,0,0,17.7188606665,144.420079924,5,2.71739130435,25.9709400753,264.740144531,0,0,14.3493397773,143.335188221,5,2.71739130435,12.9763273276,139.347390117,5,2.71739130435,3.44955016898,58.6291489805
yolo11n,development,300,d3efe9ba-f10a-35e7-b17e-6850c66693fe,1056,176,5,2.84090909091,32.1654517088,232.289399288,0,0,25.4436882678,210.322228844,5,2.84090909091,34.8551877224,254.437991175,0,0,24.2585144198,258.923015159,5,2.84090909091,20.7629032477,324.856363564,5,2.84090909091,6.05952793411,165.11818564
yolo11n,development,400,d3efe9ba-f10a-35e7-b17e-6850c66693fe,1020,170,5,2.94117647059,40.530248848,309.719194921,0,0,32.5278976411,364.661598415,5,2.94117647059,42.3511344805,320.886496732,0,0,35.3332329208,632.88258863,5,2.94117647059,29.5831922018,684.010060513,5,2.94117647059,9.35168447102,368.832918038
yolo11n,development,500,d3efe9ba-f10a-35e7-b17e-6850c66693fe,978,163,3,1.84049079755,48.7448003132,387.148998296,0,0,39.3664798563,607.565558774,3,1.84049079755,49.581576261,397.776306037,0,0,44.2633765698,666.436534958,3,1.84049079755,37.5887567778,711.235719063,3,1.84049079755,14.499780685,741.601801726
yolo11n,development,100,dc9c2d63-083f-32c3-90ff-943ca823a245,6978,1163,13,1.11779879622,14.8428187517,841.295713188,0,0,2.75125801379,36.4946796063,13,1.11779879622,18.6712459334,1028.87482752,0,0,12.4183153967,834.376746759,13,1.11779879622,6.5254148807,153.291249244,13,1.11779879622,2.36220065391,66.127505635
yolo11n,development,200,dc9c2d63-083f-32c3-90ff-943ca823a245,6888,1148,12,1.04529616725,28.1429036554,1120.33679199,0,0,5.37309477449,75.4207154001,12,1.04529616725,31.4672135714,1289.89003454,0,0,23.817955075,1111.58872454,12,1.04529616725,13.4816581959,558.388779803,12,1.04529616725,4.95137062887,366.722126961
yolo11n,development,300,dc9c2d63-083f-32c3-90ff-943ca823a245,6798,1133,12,1.05913503972,39.1191242208,1202.12490845,0,0,7.92187213337,115.99121425,12,1.05913503972,41.9927127006,1292.95488384,0,0,33.167186249,1175.49676888,12,1.05913503972,20.5593261224,958.373084737,12,1.05913503972,8.06113045424,788.072321635
yolo11n,development,400,dc9c2d63-083f-32c3-90ff-943ca823a245,6714,1119,11,0.983020554066,48.9534125426,1350.96264648,0,0,10.296850806,123.076904297,11,0.983020554066,51.4139605949,1413.684581,0,0,41.2970554336,1243.08939058,11,0.983020554066,27.9049930322,741.466503219,12,1.07238605898,10.9420944916,630.597611343
yolo11n,development,500,dc9c2d63-083f-32c3-90ff-943ca823a245,6630,1105,11,0.995475113122,57.8114412755,1397.9576181,0,0,12.6005525092,146.512183022,11,0.995475113122,59.8852500699,1438.5748571,0,0,50.8250160119,1386.64186211,11,0.995475113122,35.3324825996,1159.70229547,12,1.08597285068,14.4377035163,1101.02566528
yolo11n,development,100,dd251cc5-736d-3b76-8ad3-3f6cb138178e,10116,1686,12,0.711743772242,16.9711707447,883.077024807,0,0,6.47843852484,60.9308809685,12,0.711743772242,21.0975285497,1070.4145844,0,0,13.557276608,871.774755838,12,0.711743772242,9.60455654473,167.606526944,12,0.711743772242,2.94038497972,131.902041642
yolo11n,development,200,dd251cc5-736d-3b76-8ad3-3f6cb138178e,9942,1657,12,0.7242003621,32.2766195404,1234.59411621,0,0,12.9919592935,135.165388393,12,0.7242003621,35.8558855345,1370.55072969,0,0,26.3615002996,1192.16164839,12,0.7242003621,20.1662062961,384.188250095,12,0.7242003621,6.01440088647,218.13110373
yolo11n,development,300,dd251cc5-736d-3b76-8ad3-3f6cb138178e,9756,1626,12,0.738007380074,44.4996791672,1298.70991516,0,0,19.3785418803,229.757924401,12,0.738007380074,47.6012247877,1388.22457125,0,0,38.5327359779,1304.74807451,12,0.738007380074,32.2899242143,1103.08156025,12,0.738007380074,10.0869503247,1017.56859921
yolo11n,development,400,dd251cc5-736d-3b76-8ad3-3f6cb138178e,9516,1586,12,0.756620428752,54.9696342676,1338.16427612,0,0,25.6895006439,353.844005661,12,0.756620428752,57.6384847292,1404.98655946,0,0,50.9070944511,1344.66840687,12,0.756620428752,45.8259476902,1234.7791285,13,0.819672131148,15.6661681936,1024.43430915
yolo11n,development,500,dd251cc5-736d-3b76-8ad3-3f6cb138178e,9288,1548,11,0.710594315245,64.4630923859,1338.16427612,0,0,32.0210705072,474.051951823,11,0.710594315245,66.7403964491,1396.40859631,0,0,59.9873571169,1345.66898555,11,0.710594315245,56.2091056758,1469.73441451,15,0.968992248062,19.6288425392,986.628051758
yolo11n,development,100,e66d1403-755b-3f63-938b-a2a69446a48a,5190,865,9,1.04046242775,24.1348892254,988.52352113,0,0,11.561642794,112.040461807,9,1.04046242775,31.3918307724,1205.5881613,0,0,14.0310727336,977.893780909,9,1.04046242775,9.02132458783,255.687463491,9,1.04046242775,1.87740380641,77.0816918769
yolo11n,development,200,e66d1403-755b-3f63-938b-a2a69446a48a,5082,847,9,1.06257378985,44.1168367363,1180.14456177,0,0,22.7127938098,229.517330421,9,1.06257378985,50.2121605902,1299.007443,0,0,25.4904763275,1058.99468545,9,1.06257378985,17.8430170713,466.985492236,9,1.06257378985,3.77224432159,142.369145057
yolo11n,development,300,e66d1403-755b-3f63-938b-a2a69446a48a,4962,827,8,0.967351874244,61.1052214687,1217.31623828,0,0,33.326461805,313.433661212,8,0.967351874244,66.2132136521,1290.68833173,0,0,35.73670725,1418.20786838,8,0.967351874244,26.2621911017,716.631463713,8,0.967351874244,5.49490227352,303.935823853
yolo11n,development,400,e66d1403-755b-3f63-938b-a2a69446a48a,4848,808,7,0.866336633663,75.3842737638,1345.77558899,0,0,43.5066569064,436.695628231,7,0.866336633663,79.5477191802,1412.01033195,0,0,45.084016239,1549,7,0.866336633663,34.7085689072,1028.1577582,7,0.866336633663,7.54257362001,353.675874613
yolo11n,development,500,e66d1403-755b-3f63-938b-a2a69446a48a,4734,789,7,0.887198986058,88.1250329731,1345.77558899,0,0,52.94723189,501.121467523,7,0.887198986058,91.464165609,1404.87298089,0,0,55.0699107772,1549,7,0.887198986058,43.5000184192,1057.58183723,7,0.887198986058,9.66080634964,539.23010391
yolo11n,development,100,ec3133b4-2b17-3d49-b78a-4bc480ac5137,4326,721,2,0.277392510402,14.8832175862,767.763084749,0,0,4.07375317823,34.9869095323,2,0.277392510402,19.3472438218,935.003708645,0,0,12.5300341009,743.355505595,2,0.277392510402,6.09757131064,146.181088362,2,0.277392510402,1.63425367737,45.4477715593
yolo11n,development,200,ec3133b4-2b17-3d49-b78a-4bc480ac5137,4272,712,2,0.280898876404,26.7721241773,1167.77832031,0,0,7.83140897748,61.1164007812,2,0.280898876404,30.5586650187,1300.75293411,0,0,22.8401243204,1138.33632786,2,0.280898876404,12.0939782834,213.250905983,2,0.280898876404,3.26308547682,93.7541008154
yolo11n,development,300,ec3133b4-2b17-3d49-b78a-4bc480ac5137,4224,704,2,0.284090909091,36.562036601,1271.82583618,0,0,11.3648412485,82.7481753068,2,0.284090909091,39.8032360763,1370.29909209,0,0,32.3950567,1262.95239076,2,0.284090909091,18.8926477305,684.258958106,2,0.284090909091,5.64801315858,497.375779831
yolo11n,development,400,ec3133b4-2b17-3d49-b78a-4bc480ac5137,4158,693,2,0.2886002886,45.5564324991,1308.53873555,0,0,14.7627900728,112.000942321,2,0.2886002886,48.3026887068,1359.09752094,0,0,38.983496058,1277.84282658,2,0.2886002886,23.3967444741,403.360166318,2,0.2886002886,7.50283544288,717.770263672
yolo11n,development,500,ec3133b4-2b17-3d49-b78a-4bc480ac5137,4104,684,2,0.292397660819,53.9948603288,1393.6887207,0,0,18.100798606,131.60395813,2,0.292397660819,56.3399262086,1435.04029093,0,0,46.7962389364,1376.67361965,2,0.292397660819,29.6839783593,538.194280453,4,0.584795321637,8.88728795895,1118.56384277
yolo11n,development,100,ef4a46c4-138e-3478-b94e-3e60a567ec7d,5454,909,10,1.100110011,31.9059810264,927.705505371,0,0,8.16811615948,121.867885228,10,1.100110011,41.1171886689,1139.31180568,0,0,22.7929514558,910.314075795,10,1.100110011,10.2873576467,295.50303128,10,1.100110011,2.72151787112,111.129322806
yolo11n,development,200,ef4a46c4-138e-3478-b94e-3e60a567ec7d,5310,885,10,1.12994350282,55.1506922192,1221.04893802,0,0,15.8125227628,256.232126155,10,1.12994350282,63.0574948218,1342.66244223,0,0,38.2729717686,1166.34998913,10,1.12994350282,21.1946855805,826.812937102,10,1.12994350282,5.40109962245,210.271852984
yolo11n,development,300,ef4a46c4-138e-3478-b94e-3e60a567ec7d,5166,861,10,1.16144018583,74.463423585,1241.79882812,0,0,23.0046457428,338.549676808,10,1.16144018583,81.2280218108,1350.98468054,0,0,53.5048564856,1392.64302271,10,1.16144018583,32.6957687057,1392.64302271,12,1.393728223,8.54462713835,487.318059076
yolo11n,development,400,ef4a46c4-138e-3478-b94e-3e60a567ec7d,5034,839,10,1.19189511323,90.4382491763,1371.7520752,0,0,29.7667543311,409.605093445,10,1.19189511323,96.1793231644,1419.42764368,0,0,65.06981259,1549,10,1.19189511323,40.2270259018,1549,15,1.78784266985,13.3799458899,1270.4119873
yolo11n,development,500,ef4a46c4-138e-3478-b94e-3e60a567ec7d,4902,817,10,1.22399020808,104.12088846,1404.62794495,0,0,36.1379812359,481.673675567,10,1.22399020808,108.948924193,1444.24469085,0,0,73.3851918024,1541.49851571,10,1.22399020808,46.6223620848,1549,21,2.57037943696,11.8975874034,1120.84198761
yolo11n,development,100,f3cc42c7-84a8-35c5-8683-13878bb9beeb,10806,1801,16,0.888395335924,13.0011249655,556.541476448,0,0,6.99716995835,156.528369555,16,0.888395335924,16.4069592603,667.928917537,0,0,9.2597505993,379.534154725,16,0.888395335924,7.60753372729,267.693587425,16,0.888395335924,2.21581961772,68.0825830351
yolo11n,development,200,f3cc42c7-84a8-35c5-8683-13878bb9beeb,10632,1772,16,0.902934537246,25.2171841878,1005.3927002,0,0,13.8592341733,391.280452439,16,0.902934537246,28.1576302852,1109.69174193,0,0,18.7628747807,758.161244387,16,0.902934537246,15.9750926772,520.228758869,16,0.902934537246,4.62939305695,173.450975009
yolo11n,development,300,f3cc42c7-84a8-35c5-8683-13878bb9beeb,10440,1740,16,0.919540229885,36.5175934169,1116.62433419,0,0,20.3783886719,454.472412109,16,0.919540229885,39.0051133844,1182.3953583,0,0,28.4858725633,1135.76425308,16,0.919540229885,25.0510151104,758.708347951,16,0.919540229885,7.2602526799,274.383932725
yolo11n,development,400,f3cc42c7-84a8-35c5-8683-13878bb9beeb,10194,1699,16,0.941730429665,46.9122970958,1361.96870422,0,0,26.490899815,752.626342773,16,0.941730429665,48.9702358941,1421.45873324,0,0,37.8320695329,1385.882838,16,0.941730429665,34.5885071068,1155.44592364,18,1.05944673337,10.1025818679,615.6973695
yolo11n,development,500,f3cc42c7-84a8-35c5-8683-13878bb9beeb,9966,1661,16,0.963275135461,56.6287065115,1361.96870422,2,0.120409391933,32.3022865164,865.389695088,16,0.963275135461,58.3193379135,1415.17773834,0,0,47.310095307,1413.34364063,16,0.963275135461,43.2695254038,2036.10807888,21,1.26429861529,13.0687903727,1457.40011898
yolo11n,development,100,f7cdc2d1-f59a-30a2-aae8-8bb81c769e6e,10830,1805,15,0.831024930748,10.3883788616,443.536132812,0,0,4.79323504577,179.73403839,15,0.831024930748,12.9726504179,544.355818459,0,0,7.77250138665,356.763700917,15,0.831024930748,6.23834629238,256.599470905,15,0.831024930748,2.02755684242,66.3600945473
yolo11n,development,200,f7cdc2d1-f59a-30a2-aae8-8bb81c769e6e,10740,1790,15,0.837988826816,20.3753727135,773.898034348,0,0,9.44555272634,220.335693359,15,0.837988826816,22.615048126,843.548194825,0,0,15.2630990688,722.544271721,15,0.837988826816,12.5545990829,521.233246556,15,0.837988826816,4.42019794343,603.320027346
yolo11n,development,300,f7cdc2d1-f59a-30a2-aae8-8bb81c769e6e,10584,1764,15,0.850340136054,29.8357991851,1160.847067,0,0,13.9980005387,290.349597439,15,0.850340136054,31.7531887161,1226.00435492,0,0,22.7059322837,1384.80996749,15,0.850340136054,19.3698568313,1187.02069116,17,0.963718820862,6.43959191133,1115.696709
yolo11n,development,400,f7cdc2d1-f59a-30a2-aae8-8bb81c769e6e,10422,1737,15,0.863557858377,39.2033445707,1531.92614746,0,0,18.7457651662,482.157220738,15,0.863557858377,40.8346938337,1592.59056314,0,0,29.8668347832,1454.84104858,15,0.863557858377,25.9824463517,992.048398008,16,0.921128382268,8.91685843097,944.383911133
yolo11n,development,500,f7cdc2d1-f59a-30a2-aae8-8bb81c769e6e,10266,1711,14,0.818234950321,47.8827387966,1531.92614746,0,0,23.4688911655,496.712036133,14,0.818234950321,49.23741536,1588.0976908,0,0,37.2382330693,1447.74706241,14,0.818234950321,33.8766914368,989.124468371,15,0.876680303916,11.6650080014,758.871023826
yolo11n,development,100,fa9ec72a-cbcf-35dc-be20-4d0d9e7215ef,3276,546,1,0.18315018315,18.2479331232,766.768860629,0,0,3.2027418657,46.5047624166,1,0.18315018315,23.0230995743,934.48229082,0,0,15.0038750082,712.356979597,1,0.18315018315,7.01828220188,202.669369178,1,0.18315018315,2.86867320925,99.8940210668
yolo11n,development,200,fa9ec72a-cbcf-35dc-be20-4d0d9e7215ef,3228,538,1,0.185873605948,32.953206601,973.403869629,0,0,6.24172692517,84.7702636719,1,0.185873605948,36.9893248206,1125.73938634,0,0,26.2434195688,855.446072931,1,0.185873605948,14.8466936701,665.768950587,1,0.185873605948,6.2139354808,365.143661502
yolo11n,development,300,fa9ec72a-cbcf-35dc-be20-4d0d9e7215ef,3186,531,1,0.188323917137,44.7773571494,1051.13242933,0,0,9.10780407714,94.6863652539,1,0.188323917137,48.1913775019,1113.76665847,0,0,35.150030199,1043.3624607,1,0.188323917137,23.3582118513,762.412280558,2,0.376647834275,9.73630798978,632.595119488
yolo11n,development,400,fa9ec72a-cbcf-35dc-be20-4d0d9e7215ef,3150,525,1,0.190476190476,55.4885970182,1061.45703125,0,0,11.7946163781,131.921828374,1,0.190476190476,58.3557989065,1116.98029723,0,0,44.3254324502,1053.62231979,1,0.190476190476,29.6649322987,821.273280378,2,0.380952380952,13.9765334827,665.710998535
yolo11n,development,500,fa9ec72a-cbcf-35dc-be20-4d0d9e7215ef,3096,516,1,0.193798449612,65.5634710045,1104.6307373,0,0,14.239668767,161.461872173,1,0.193798449612,67.9531573004,1137.19906677,0,0,57.1219874725,1091.36762192,1,0.193798449612,33.1482762925,853.843761874,4,0.77519379845,16.8783733732,818.281738281
yolo11n,development,100,fb149ce0-7706-3bb5-9860-8c63d1c77592,5760,960,6,0.625,13.8127408914,669.401577858,0,0,5.72597093085,102.917197174,6,0.625,17.6153900906,815.003059818,0,0,10.2235343392,644.427965669,6,0.625,5.59850344515,216.021030591,6,0.625,1.67739525585,53.0569302302
yolo11n,development,200,fb149ce0-7706-3bb5-9860-8c63d1c77592,5670,945,6,0.634920634921,25.5968637275,1185.68222484,0,0,11.2950469591,150.474193546,6,0.634920634921,28.8464151119,1291.63990157,0,0,19.0367606193,1124.56720088,6,0.634920634921,11.457827599,481.578478246,6,0.634920634921,3.4328414252,179.53983683
yolo11n,development,300,fb149ce0-7706-3bb5-9860-8c63d1c77592,5556,926,6,0.647948164147,34.7070723164,1269.83526611,0,0,16.671597451,271.397556045,6,0.647948164147,37.3723843613,1367.51120293,0,0,25.8957886174,1180.34178565,6,0.647948164147,17.5189033716,769.34677303,6,0.647948164147,5.5427100052,322.584363585
yolo11n,development,400,fb149ce0-7706-3bb5-9860-8c63d1c77592,5424,904,6,0.663716814159,43.0566582952,1316.11505127,0,0,21.8777233266,280.806946895,6,0.663716814159,45.241520661,1370.21611118,0,0,33.1690314772,1155.14431466,6,0.663716814159,24.8935843653,1337.64280271,7,0.774336283186,8.37084366121,741.092529297
yolo11n,development,500,fb149ce0-7706-3bb5-9860-8c63d1c77592,5316,886,6,0.677200902935,51.1044843054,1316.11505127,0,0,27.1436099135,350.005249023,6,0.677200902935,52.8748839565,1350.94772449,0,0,39.2273663512,1131.40051137,6,0.677200902935,30.6792155488,1379.24619606,10,1.12866817156,9.70538642408,845.379058144
yolo11n,development,100,ff52c01e-3d7b-32b1-b6a1-bcff3459ccdd,5658,943,14,1.48462354189,26.8358982114,723.04082524,0,0,13.9913702514,115.821213915,14,1.48462354189,34.3332313802,879.970575854,0,0,16.161984578,752.365107763,14,1.48462354189,8.48585248244,305.026989476,14,1.48462354189,2.10482813001,54.5463365258
yolo11n,development,200,ff52c01e-3d7b-32b1-b6a1-bcff3459ccdd,5502,917,14,1.52671755725,49.26940991,1110.52075195,0,0,27.6666449539,226.566253265,14,1.52671755725,55.5222142316,1250.93901418,0,0,29.7870681133,1119.72703885,14,1.52671755725,16.471976107,358.701384134,14,1.52671755725,4.22309073805,128.57268372
yolo11n,development,300,ff52c01e-3d7b-32b1-b6a1-bcff3459ccdd,5334,889,14,1.57480314961,68.0290884723,1197.89731947,0,0,40.9980497837,327.409139333,14,1.57480314961,73.2611459986,1268.51465272,0,0,40.8977835289,1125.03195616,14,1.57480314961,24.6820704913,595.52490683,14,1.57480314961,6.3708187803,186.096201254
yolo11n,development,400,ff52c01e-3d7b-32b1-b6a1-bcff3459ccdd,5190,865,14,1.61849710983,85.6115084784,1357.49353027,0,0,53.5428952804,420.614005987,14,1.61849710983,89.9876675726,1416.38424842,0,0,52.0070048414,1190.05060166,14,1.61849710983,33.5537296583,760.646659882,14,1.61849710983,8.74761035621,306.983388139
yolo11n,development,500,ff52c01e-3d7b-32b1-b6a1-bcff3459ccdd,5028,838,14,1.67064439141,101.336442096,1357.49353027,0,0,65.5856881101,507.88997427,14,1.67064439141,104.881839011,1415.33485255,0,0,63.076491393,1345.14351518,14,1.67064439141,41.9062766052,888.865051122,14,1.67064439141,11.137121845,639.26654223
yolo11n,development,100,ff8e7fdb-1073-3592-ba5e-8111bc3ce48b,9612,1602,20,1.24843945069,17.3454012079,604.244243347,0,0,7.5812893218,108.065100818,20,1.24843945069,21.8167877024,736.778706025,0,0,12.4311517589,574.467135564,20,1.24843945069,7.32114939707,469.588711594,20,1.24843945069,2.27397018473,320.375024
yolo11n,development,200,ff8e7fdb-1073-3592-ba5e-8111bc3ce48b,9450,1575,20,1.26984126984,33.007530412,1046.17923584,0,0,14.9288630072,200.222900391,20,1.26984126984,36.7853277222,1149.26419177,0,0,23.5030637686,1030.55262573,20,1.26984126984,14.6652617146,1104.26136761,20,1.26984126984,4.79773139996,632.08342136
yolo11n,development,300,ff8e7fdb-1073-3592-ba5e-8111bc3ce48b,9240,1540,20,1.2987012987,46.7223270167,1315.67858887,0,0,22.1632474056,327.445703619,20,1.2987012987,49.9063693954,1408.72821699,0,0,33.8730301275,1296.56251998,20,1.2987012987,22.1456995878,1304.44836223,22,1.42857142857,6.933020762,1038.78503418
yolo11n,development,400,ff8e7fdb-1073-3592-ba5e-8111bc3ce48b,9006,1501,20,1.33244503664,58.5248997258,1327.59266663,0,0,29.4309696302,475.455810547,20,1.33244503664,61.2086469507,1398.40283841,1,0.0666222518321,43.115842135,1327.9553868,20,1.33244503664,29.5251894203,1317.54266464,23,1.53231179214,9.04794276597,796.56652832
yolo11n,development,500,ff8e7fdb-1073-3592-ba5e-8111bc3ce48b,8802,1467,19,1.29516019087,69.1640288365,1327.59266663,0,0,36.468614742,600.211791992,19,1.29516019087,71.3660667184,1388.07746096,1,0.068166325835,52.0414243749,1327.714426,19,1.29516019087,36.9651884686,1412.49137028,25,1.70415814588,11.9564811337,1166.57083621
yolo11n,heldout,100,0b86f508-5df9-4a46-bc59-5b9536dbde9f,8004,1334,10,0.749625187406,15.3876048754,762.591346734,0,0,7.95019597566,78.1989387224,10,0.749625187406,19.4571319768,930.94178686,0,0,13.0444465983,763.507348617,10,0.749625187406,8.44524329729,199.544760766,10,0.749625187406,2.31453486931,62.6094744506
yolo11n,heldout,200,0b86f508-5df9-4a46-bc59-5b9536dbde9f,7902,1317,9,0.683371298405,29.0164277903,1178.34646606,0,0,16.1858316612,145.17048029,9,0.683371298405,32.5100914503,1325.31619955,0,0,24.5762440565,1163.45154445,9,0.683371298405,17.506424267,445.780245,9,0.683371298405,4.63464825618,146.430134872
yolo11n,heldout,300,0b86f508-5df9-4a46-bc59-5b9536dbde9f,7752,1292,9,0.696594427245,40.7170200835,1276.86090088,0,0,25.0257747279,255.443667388,9,0.696594427245,43.7063579415,1357.96638661,0,0,34.5869760938,1292.68287315,9,0.696594427245,27.5058943289,757.551624573,9,0.696594427245,7.02916383243,262.451463639
yolo11n,heldout,400,0b86f508-5df9-4a46-bc59-5b9536dbde9f,7578,1263,8,0.633412509897,51.2844358421,1304.33688354,0,0,34.7919644115,406.899059314,8,0.633412509897,53.8643638776,1360.88849377,0,0,43.4029572555,1331.66600865,8,0.633412509897,38.7625274251,1168.65319575,8,0.633412509897,9.61491477075,431.327701608
yolo11n,heldout,500,0b86f508-5df9-4a46-bc59-5b9536dbde9f,7380,1230,8,0.650406504065,61.3402103272,1353.86952209,0,0,45.065289751,586.136474258,8,0.650406504065,63.5244897073,1397.19960615,0,0,51.9151151859,1366.95562071,8,0.650406504065,50.935679871,1452.41291417,8,0.650406504065,12.4888270677,632.990804322
yolo11n,heldout,100,0c3bad78-9f1e-395d-a376-2eb7499229fd,4872,812,11,1.35467980296,13.6509161127,307.77654158,0,0,9.66567945252,143.319488525,10,1.2315270936,17.2578681426,376.742838456,0,0,7.83063652756,290.882300166,11,1.35467980296,4.08820263755,74.7548746697,11,1.35467980296,0.929851134976,55.8434670957
yolo11n,heldout,200,0c3bad78-9f1e-395d-a376-2eb7499229fd,4794,799,11,1.37672090113,26.8987811914,615.553067771,0,0,18.8406328291,272.474822998,10,1.25156445557,29.9696347666,677.844492951,0,0,16.0431454938,579.731889529,11,1.37672090113,8.15538934081,147.518357906,11,1.37672090113,1.81743809832,113.910882049
yolo11n,heldout,300,0c3bad78-9f1e-395d-a376-2eb7499229fd,4710,785,11,1.40127388535,39.6714719513,887.777648926,0,0,27.440741143,386.006439209,10,1.27388535032,42.2375653778,943.394202409,0,0,24.685877834,831.145158046,11,1.40127388535,12.3629199077,278.850296749,11,1.40127388535,2.74153350835,174.893612469
yolo11n,heldout,400,0c3bad78-9f1e-395d-a376-2eb7499229fd,4626,771,11,1.42671854734,51.662423085,969.516275013,0,0,35.5790639179,488.218566895,10,1.29701686122,53.7668322286,1007.55690881,0,0,33.3678882767,926.525467876,11,1.42671854734,16.5357318054,319.026937112,11,1.42671854734,3.67552149251,239.495449274
yolo11n,heldout,500,0c3bad78-9f1e-395d-a376-2eb7499229fd,4542,757,11,1.45310435931,63.0369771008,1111.77938843,0,0,43.4346618259,586.60333252,10,1.32100396301,64.7198222281,1144.80144606,0,0,42.0478573509,1069.27661715,11,1.45310435931,20.9521530137,449.319046681,11,1.45310435931,4.63751840102,300.901528665
yolo11n,heldout,100,0fb7276f-ecb5-3e5b-87a8-cc74c709c715,6576,1096,7,0.638686131387,14.6714381572,747.825394584,0,0,7.68220128759,67.9111663233,6,0.547445255474,18.3885317407,908.778459848,0,0,9.86555244072,703.148903981,7,0.638686131387,6.63332450356,317.001787307,7,0.638686131387,2.00517166481,122.186289761
yolo11n,heldout,200,0fb7276f-ecb5-3e5b-87a8-cc74c709c715,6498,1083,7,0.646352723915,28.2023350801,1151.15527344,0,0,15.1946642314,137.986368486,6,0.554016620499,31.4141021777,1298.06983465,0,0,18.8686196337,1072.16217491,7,0.646352723915,13.473920594,726.067790878,7,0.646352723915,4.29574257244,600.025509889
yolo11n,heldout,300,0fb7276f-ecb5-3e5b-87a8-cc74c709c715,6414,1069,7,0.654817586529,40.4571111285,1186.38903809,0,0,22.534757893,203.183441307,6,0.561272217025,43.2074325462,1284.03133186,0,0,26.4292679376,1045.19868623,7,0.654817586529,19.3181075355,522.982341172,10,0.935453695042,5.99937678945,612.958374023
yolo11n,heldout,400,0fb7276f-ecb5-3e5b-87a8-cc74c709c715,6306,1051,7,0.666032350143,51.7611309728,1186.38903809,0,0,29.6208788004,266.768165814,6,0.570884871551,54.0604545703,1269.99282669,0,0,34.1040261245,1355.08899669,7,0.666032350143,26.428593005,1307.64859455,11,1.04662226451,8.09139228675,1280.7638227
yolo11n,heldout,500,0fb7276f-ecb5-3e5b-87a8-cc74c709c715,6210,1035,7,0.676328502415,62.6242480076,1186.38903809,0,0,36.5249417381,321.952261685,6,0.579710144928,64.4985883909,1261.34253708,0,0,40.9854175998,1176.59586097,7,0.676328502415,32.8754210519,1119.95708872,9,0.869565217391,9.8693647406,836.838997904
yolo11n,heldout,100,15ec0778-826e-3ed7-9775-54fbf66997f4,2466,411,5,1.21654501217,24.0939287682,922.234057081,0,0,10.1789229377,77.8836314121,5,1.21654501217,30.4405679885,1127.56862905,0,0,19.0462861054,879.443318308,5,1.21654501217,6.78265477901,274.464773652,5,1.21654501217,2.45520014161,133.860245908
yolo11n,heldout,200,15ec0778-826e-3ed7-9775-54fbf66997f4,2424,404,5,1.23762376238,43.5513552642,1235.52255978,0,0,19.9088371419,150.560348458,5,1.23762376238,49.0621271506,1358.76043097,0,0,37.3060010309,1302.59899413,5,1.23762376238,16.7695481723,1269.76171109,5,1.23762376238,7.33660139902,1099.97158405
yolo11n,heldout,300,15ec0778-826e-3ed7-9775-54fbf66997f4,2364,394,5,1.26903553299,58.9654298533,1241.11938477,0,0,29.2297958355,217.210391798,5,1.26903553299,63.7757091715,1353.29538244,0,0,43.86640878,1091.19655462,5,1.26903553299,19.0939239621,745.350215809,6,1.52284263959,9.95375060444,1116.91625977
yolo11n,heldout,400,15ec0778-826e-3ed7-9775-54fbf66997f4,2286,381,5,1.31233595801,72.9355640021,1356.89416504,0,0,38.1767954705,286.76434478,5,1.31233595801,76.9954497962,1417.54249279,0,0,54.2183350644,1182.23083145,5,1.31233595801,25.530182848,1109.67046326,8,2.09973753281,10.4542438683,1136.87243652
yolo11n,heldout,500,15ec0778-826e-3ed7-9775-54fbf66997f4,2214,369,4,1.08401084011,85.5326851378,1356.89416504,0,0,46.9698364819,379.497341978,4,1.08401084011,88.9016688245,1409.66317514,0,0,63.0355212542,1229.51864572,4,1.08401084011,30.5817564991,1517.33421963,8,2.16802168022,10.2906103715,889.589811656
yolo11n,heldout,100,182ba3f7-b89a-36cc-ae40-32a341b0d3e9,3024,504,7,1.38888888889,8.14917647231,721.66595459,0,0,1.87432726403,18.3298445271,7,1.38888888889,10.4206923201,880.028910479,0,0,6.4104788062,695.322722598,7,1.38888888889,4.19796744169,66.9847975432,7,1.38888888889,1.18006232508,42.9115736054
yolo11n,heldout,200,182ba3f7-b89a-36cc-ae40-32a341b0d3e9,3006,501,7,1.39720558882,15.0110014411,783.143859863,0,0,3.60503981382,36.3328361511,7,1.39720558882,16.9407597153,926.824792867,0,0,11.6328249609,731.408286869,7,1.39720558882,8.43585661531,170.189848203,7,1.39720558882,2.37635238338,116.669806756
yolo11n,heldout,300,182ba3f7-b89a-36cc-ae40-32a341b0d3e9,2970,495,7,1.41414141414,20.1805776452,821.755999427,0,0,5.23780382677,52.3741481474,7,1.41414141414,21.7211085603,912.142768807,0,0,15.4630011095,821.555857404,7,1.41414141414,12.3867016951,345.513425603,7,1.41414141414,3.52931002006,255.541100201
yolo11n,heldout,400,182ba3f7-b89a-36cc-ae40-32a341b0d3e9,2946,491,7,1.42566191446,25.7855592007,1091.77697754,0,0,6.76546513751,70.3371353149,7,1.42566191446,27.0412088687,1135.18334552,0,0,19.441136175,1093.40491467,7,1.42566191446,16.6158161717,490.622531766,7,1.42566191446,4.76618186961,366.310898777
yolo11n,heldout,500,182ba3f7-b89a-36cc-ae40-32a341b0d3e9,2928,488,7,1.43442622951,31.1521615323,1091.77697754,0,0,8.2983902527,85.1634267105,7,1.43442622951,32.2155198259,1129.56068352,0,0,23.4663018672,1094.11875487,7,1.43442622951,20.7908643924,484.213047427,7,1.43442622951,5.93006881309,332.055540289
yolo11n,heldout,100,19350c96-623d-4d77-af96-f8c23f00c358,5064,844,5,0.592417061611,16.3033780296,744.679189803,0,0,7.24754824745,89.8889592126,5,0.592417061611,20.8444827179,908.531694261,0,0,11.5597367136,588.733172155,5,0.592417061611,6.41090648,466.694031347,5,0.592417061611,2.20493838316,65.5234787651
yolo11n,heldout,200,19350c96-623d-4d77-af96-f8c23f00c358,4986,831,4,0.481347773767,31.1468825573,1219.77392578,0,0,14.2589143123,178.43571818,4,0.481347773767,35.003081972,1343.79783165,0,0,21.8648235096,1069.8511019,4,0.481347773767,12.7493335458,303.895940644,4,0.481347773767,4.41407799962,135.33043443
yolo11n,heldout,300,19350c96-623d-4d77-af96-f8c23f00c358,4878,813,4,0.492004920049,44.8143889843,1234.20900636,0,0,21.1826360061,260.489253023,4,0.492004920049,48.0614198753,1330.54915686,0,0,31.760761903,1173.64567149,4,0.492004920049,19.7867678543,422.172214098,4,0.492004920049,6.92983214247,265.5668055
yolo11n,heldout,400,19350c96-623d-4d77-af96-f8c23f00c358,4788,798,4,0.501253132832,57.4135671097,1264.60751343,0,0,27.8184546322,377.330525107,4,0.501253132832,60.0896210672,1326.5387079,0,0,41.8993391092,1263.29844053,4,0.501253132832,28.2843363228,591.968878987,4,0.501253132832,10.33764534,443.925631171
yolo11n,heldout,500,19350c96-623d-4d77-af96-f8c23f00c358,4698,783,4,0.510855683269,69.071628238,1398.39404297,0,0,34.3682879857,495.208740234,4,0.510855683269,71.2132534592,1440.03950972,0,0,51.8412098494,1406.28907022,4,0.510855683269,37.7084434431,979.464818228,4,0.510855683269,13.9376023915,774.937808568
yolo11n,heldout,100,1da4a0aa-22ae-3958-856d-05303de1f576,8022,1337,6,0.448765893792,17.1202503821,812.532246914,0,0,5.54918010799,131.789409892,6,0.448765893792,21.5940980644,990.864181844,0,0,13.946909292,803.967356514,6,0.448765893792,8.2265943477,234.052070224,6,0.448765893792,2.13501514287,52.5811720313
yolo11n,heldout,200,1da4a0aa-22ae-3958-856d-05303de1f576,7932,1322,6,0.453857791225,32.7343216129,1169.44665455,0,0,11.1368146569,225.380493164,6,0.453857791225,36.5673474943,1317.37753052,0,0,27.2022927439,1248.99177008,6,0.453857791225,17.1324023403,1411.94488765,6,0.453857791225,4.57914902132,1160.23728959
yolo11n,heldout,300,1da4a0aa-22ae-3958-856d-05303de1f576,7854,1309,6,0.458365164248,46.4717474374,1322.16377258,0,0,16.7781575068,234.22192406,6,0.458365164248,49.7761515123,1403.23930884,0,0,38.3057013485,1307.3273838,6,0.458365164248,24.940068941,703.573237444,7,0.534759358289,6.36273715649,653.295845605
yolo11n,heldout,400,1da4a0aa-22ae-3958-856d-05303de1f576,7704,1284,6,0.467289719626,58.3691797843,1333.11454773,0,0,22.4727269496,364.192439394,6,0.467289719626,61.185888984,1400.80114847,0,0,48.6382668078,1335.61020702,6,0.467289719626,33.7302011882,940.999572568,7,0.545171339564,8.4611906449,865.858215332
yolo11n,heldout,500,1da4a0aa-22ae-3958-856d-05303de1f576,7590,1265,6,0.474308300395,69.7590255632,1392.64741516,0,0,28.3621388495,491.256940977,6,0.474308300395,72.1449641572,1435.82379008,0,0,58.4278387886,1336.19038789,6,0.474308300395,43.1867681002,1180.72052227,9,0.711462450593,10.0646866455,307.648799571
yolo11n,heldout,100,20dd185d-b4eb-3024-a17a-b4e5d8b15b65,6264,1044,19,1.81992337165,22.4641209116,584.18338466,0,0,10.9559848907,161.812696863,19,1.81992337165,28.7804894195,745.762142346,0,0,14.2832024323,559.4862376,19,1.81992337165,7.49614136746,273.721946225,19,1.81992337165,1.68745803354,121.051235551
yolo11n,heldout,200,20dd185d-b4eb-3024-a17a-b4e5d8b15b65,6102,1017,17,1.67158308751,41.1051340424,918.141174316,0,0,21.3420494072,292.799503721,17,1.67158308751,46.4738509026,972.382665482,0,0,25.9294702703,893.009290375,17,1.67158308751,14.5582282353,534.175755048,17,1.67158308751,3.43571717344,246.154855523
yolo11n,heldout,300,20dd185d-b4eb-3024-a17a-b4e5d8b15b65,5958,993,17,1.71198388721,57.6199700118,1139.57940674,0,0,31.2521967994,409.446868896,17,1.71198388721,62.2163979689,1218.34257209,0,0,36.5402632255,1050.46875969,17,1.71198388721,22.1662931046,1017.04224837,17,1.71198388721,5.29133315698,411.151085574
yolo11n,heldout,400,20dd185d-b4eb-3024-a17a-b4e5d8b15b65,5814,969,17,1.75438596491,72.1782705967,1182.90933228,0,0,40.6753478736,546.740752731,17,1.75438596491,76.0563877924,1234.4175099,0,0,45.5130141662,1082.19454123,17,1.75438596491,28.7615098451,837.156782134,18,1.85758513932,6.88134502022,512.594494661
yolo11n,heldout,500,20dd185d-b4eb-3024-a17a-b4e5d8b15b65,5658,943,17,1.80275715801,84.1178174885,1182.90933228,0,0,49.746348818,639.896044899,17,1.80275715801,87.2274872242,1242.17122416,0,0,53.558962537,1161.08523762,17,1.80275715801,36.0516931365,1023.98183889,18,1.90880169671,8.79268054838,513.421273455
yolo11n,heldout,100,24642607-2a51-384a-90a7-228067956d05,5748,958,10,1.04384133612,15.0585146409,701.587283074,0,0,6.01603451365,158.301034722,10,1.04384133612,19.1669185964,851.24135775,0,0,11.9408563105,690.607069911,10,1.04384133612,6.74629835431,334.309587604,10,1.04384133612,2.37054914566,114.246885677
yolo11n,heldout,200,24642607-2a51-384a-90a7-228067956d05,5628,938,10,1.06609808102,27.9339592466,1088.71643066,0,0,11.5835017752,284.036264007,10,1.06609808102,31.3516867477,1225.44083609,0,0,22.6063812708,1066.04843505,10,1.06609808102,13.6259097007,337.56726319,11,1.17270788913,4.8952953179,261.095113346
yolo11n,heldout,300,24642607-2a51-384a-90a7-228067956d05,5490,915,10,1.09289617486,38.4055665076,1143.77950276,0,0,16.8671925161,465.698364258,10,1.09289617486,41.2989476614,1212.51116736,0,0,31.5840832589,1097.62744683,10,1.09289617486,20.9351431071,489.05498126,10,1.09289617486,7.93238406478,381.499705266
yolo11n,heldout,400,24642607-2a51-384a-90a7-228067956d05,5376,896,9,1.00446428571,47.7095411906,1323.5447998,0,0,22.2006739054,524.467529297,9,1.00446428571,50.1560385107,1381.11634051,0,0,40.8685112189,1256.38504446,9,1.00446428571,29.2253435284,1044.32108797,9,1.00446428571,11.9087930556,953.505150851
yolo11n,heldout,500,24642607-2a51-384a-90a7-228067956d05,5256,876,9,1.02739726027,55.2662670764,1323.5447998,0,0,27.2276670645,655.327843724,9,1.02739726027,57.2336999324,1374.64409347,0,0,46.3507840129,1245.68359151,9,1.02739726027,32.622152646,1184.87636207,9,1.02739726027,13.0408215102,963.091491699
yolo11n,heldout,100,27c03d98-6ac3-38a3-ba5e-102b184d01ef,2418,403,6,1.4888337469,23.2316094671,808.095077468,0,0,5.91370279993,27.6323162447,5,1.24069478908,29.0307221914,1009.29846422,0,0,18.3681917904,803.553023064,6,1.4888337469,6.26704805786,190.219138415,6,1.4888337469,1.70934371314,52.9777728982
yolo11n,heldout,200,27c03d98-6ac3-38a3-ba5e-102b184d01ef,2370,395,5,1.26582278481,45.0247736907,1071.58832533,0,0,11.7368919147,55.5833246433,4,1.01265822785,50.1005770269,1177.04274913,0,0,35.7738364961,954.625500422,5,1.26582278481,12.8713429308,418.972202217,5,1.26582278481,3.46833012668,108.85260762
yolo11n,heldout,300,27c03d98-6ac3-38a3-ba5e-102b184d01ef,2316,386,5,1.29533678756,63.044446234,1315.92123908,0,0,17.3920088754,79.6291630107,4,1.03626943005,67.5289715457,1394.34218921,0,0,49.8465055557,1207.7961783,5,1.29533678756,19.8102315318,745.635509357,5,1.29533678756,5.32968233503,166.473184647
yolo11n,heldout,400,27c03d98-6ac3-38a3-ba5e-102b184d01ef,2250,375,4,1.06666666667,79.2551100138,1343.42871094,0,0,22.7963368267,102.886995452,3,0.8,83.2276361781,1407.3520135,0,0,62.5032279667,1205.05567968,4,1.06666666667,27.1774608374,1036.04020059,4,1.06666666667,7.13995540188,232.764799875
yolo11n,heldout,500,27c03d98-6ac3-38a3-ba5e-102b184d01ef,2178,363,4,1.10192837466,95.1745761274,1343.42871094,0,0,27.9703063177,126.850574909,3,0.826446280992,98.6854047705,1399.14503456,0,0,75.2135708529,1285.92031656,4,1.10192837466,34.7207245966,1151.17280049,4,1.10192837466,9.02246434517,268.455380788
yolo11n,heldout,100,29a00842-ead2-3050-b587-c5ef507e4125,10668,1778,27,1.51856017998,13.8942277328,1028.68637531,0,0,5.87090953795,88.2783307501,27,1.51856017998,17.5114329436,1254.11408129,0,0,10.5057542446,994.609909099,27,1.51856017998,7.34289237455,560.940128111,27,1.51856017998,2.34742837561,178.023558713
yolo11n,heldout,200,29a00842-ead2-3050-b587-c5ef507e4125,10578,1763,27,1.53148043108,26.3286634072,1226.95269775,0,0,11.7381449252,203.16131329,27,1.53148043108,29.45898981,1431.51881095,0,0,20.0893125383,1414.12963168,27,1.53148043108,15.1609048473,1447.30066462,28,1.58820192853,5.03908697152,1345.328754
yolo11n,heldout,300,29a00842-ead2-3050-b587-c5ef507e4125,10506,1751,26,1.48486579098,37.5503327866,1230.59852273,0,0,17.5854583284,303.2499709,26,1.48486579098,40.2344744609,1410.65721816,0,0,27.9043530796,1134.1511431,26,1.48486579098,22.1676034756,1292.25632741,28,1.59908623644,7.44817631873,1169.93237305
yolo11n,heldout,400,29a00842-ead2-3050-b587-c5ef507e4125,10356,1726,26,1.50637311703,47.5896843368,1264.60668945,0,0,23.2288500283,362.645494305,26,1.50637311703,49.8363709807,1389.79562371,0,0,35.9044764767,1421.00012561,26,1.50637311703,30.3367056887,1323.63988274,29,1.68018539977,9.84607330611,1105.53862918
yolo11n,heldout,500,29a00842-ead2-3050-b587-c5ef507e4125,10188,1698,25,1.47232037691,56.8260789212,1354.56420064,0,0,28.7174315203,392.609287474,25,1.47232037691,58.6653042288,1392.09992509,0,0,43.3729326243,1330.95211277,25,1.47232037691,38.0150201674,1382.03664692,27,1.59010600707,12.3726682527,1073.94362207
yolo11n,heldout,100,2c652f9e-8db8-3572-aa49-fae1344a875b,4284,714,13,1.82072829132,15.1768756729,742.329406738,0,0,3.87172083883,40.8156587125,13,1.82072829132,19.6490873573,905.123138829,0,0,11.5415189821,699.95918491,13,1.82072829132,9.31246672941,135.86419439,13,1.82072829132,2.41361350658,89.6528656592
yolo11n,heldout,200,2c652f9e-8db8-3572-aa49-fae1344a875b,4230,705,13,1.84397163121,27.5455117728,1111.79137114,0,0,7.78124317348,86.2861964122,13,1.84397163121,31.3993704361,1255.54527399,0,0,20.384366182,1066.1743419,13,1.84397163121,18.690057934,254.714777333,13,1.84397163121,4.78895275337,93.3146320696
yolo11n,heldout,300,2c652f9e-8db8-3572-aa49-fae1344a875b,4176,696,13,1.86781609195,38.3118523082,1259.68331909,0,0,11.8347468853,140.13505097,13,1.86781609195,41.6211797175,1359.26971662,0,0,27.785196336,1047.42935508,13,1.86781609195,28.2113523451,360.353290054,13,1.86781609195,7.14789553563,143.293862961
yolo11n,heldout,400,2c652f9e-8db8-3572-aa49-fae1344a875b,4122,687,12,1.74672489083,47.9624754833,1259.68331909,0,0,16.1092889451,201.530105561,12,1.74672489083,50.7443499571,1347.83458976,0,0,34.1730512669,1049.22100433,12,1.74672489083,38.2294854223,561.527949163,12,1.74672489083,9.75103131793,243.653935823
yolo11n,heldout,500,2c652f9e-8db8-3572-aa49-fae1344a875b,4074,679,12,1.76730486009,57.0009063169,1259.68331909,0,0,20.6384379047,253.043341623,12,1.76730486009,59.2575786651,1336.39946278,0,0,39.7401950443,1015.42198882,12,1.76730486009,48.9584651917,844.477167964,12,1.76730486009,12.7452960529,382.973273312
yolo11n,heldout,100,36aec72e-5086-376c-b109-295b128e77e1,6348,1058,8,0.756143667297,11.8991457584,751.361756297,0,0,2.33850590125,30.6383993994,8,0.756143667297,14.9197480618,914.303754527,0,0,9.1792820275,739.366624172,8,0.756143667297,5.23181412301,229.882484121,8,0.756143667297,1.2183734473,66.427926161
yolo11n,heldout,200,36aec72e-5086-376c-b109-295b128e77e1,6276,1046,8,0.764818355641,22.1237708521,1164.90301514,0,0,4.58926391191,58.831831529,8,0.764818355641,24.6519823773,1312.8476457,0,0,16.5442168474,1125.55420153,8,0.764818355641,10.7363195746,611.19868783,8,0.764818355641,2.44797428691,128.607099728
yolo11n,heldout,300,36aec72e-5086-376c-b109-295b128e77e1,6198,1033,8,0.774443368829,30.8101276256,1164.90301514,0,0,6.81034800244,86.1691835827,8,0.774443368829,32.9372253978,1297.99795581,0,0,22.8701972599,1111.14250876,8,0.774443368829,16.6664657576,980.475599536,8,0.774443368829,3.68719028004,186.891936926
yolo11n,heldout,400,36aec72e-5086-376c-b109-295b128e77e1,6120,1020,8,0.78431372549,38.9450193732,1189.72447179,0,0,9.00649531966,112.958689201,8,0.78431372549,40.731335859,1283.14826696,0,0,29.65088801,1199.41108374,8,0.78431372549,21.6170963616,994.722316796,9,0.882352941176,4.92398151907,531.9155812
yolo11n,heldout,500,36aec72e-5086-376c-b109-295b128e77e1,6036,1006,8,0.795228628231,46.05814393,1399.82893372,0,0,11.2019505666,152.582844856,8,0.795228628231,47.5235729444,1440.89966341,0,0,35.9036270211,1412.19683846,8,0.795228628231,24.7782482164,615.695296919,12,1.19284294235,5.86924364469,300.46738223
yolo11n,heldout,100,3de5b5d6-68c4-3c95-84ed-be7c83d829f8,6672,1112,9,0.809352517986,21.075055457,966.51739502,0,0,12.3052572153,202.435837756,9,0.809352517986,26.8521566495,1189.36292352,0,0,14.3298315292,1078.62046526,9,0.809352517986,9.08997050026,318.457722416,9,0.809352517986,1.88923359628,84.6154064833
yolo11n,heldout,200,3de5b5d6-68c4-3c95-84ed-be7c83d829f8,6516,1086,9,0.828729281768,38.9360748707,1045.11428833,0,0,23.6710067354,390.606262207,9,0.828729281768,43.9097774476,1215.40494864,0,0,26.656509354,1189.70863865,9,0.828729281768,18.2510446113,657.457112596,9,0.828729281768,3.82345721241,294.725285016
yolo11n,heldout,300,3de5b5d6-68c4-3c95-84ed-be7c83d829f8,6312,1052,9,0.855513307985,55.320780211,1298.63117981,0,0,34.2058437151,568.264099121,9,0.855513307985,59.534089112,1387.5798343,0,0,40.5666558132,1544.76821242,9,0.855513307985,29.0655686993,1549,9,0.855513307985,6.54766193448,1549
yolo11n,heldout,400,3de5b5d6-68c4-3c95-84ed-be7c83d829f8,6120,1020,8,0.78431372549,69.6430676578,1298.63117981,0,0,43.804273385,726.07244873,8,0.78431372549,73.1228473322,1377.69281288,0,0,49.1770037233,1367.70604971,8,0.78431372549,33.4797229927,1296.80978049,12,1.17647058824,8.9003521605,1546.88969731
yolo11n,heldout,500,3de5b5d6-68c4-3c95-84ed-be7c83d829f8,5940,990,8,0.808080808081,81.8820269591,1380.38867188,0,0,52.3499625213,881.438171387,8,0.808080808081,84.688610207,1425.51260704,0,0,61.7395557642,1651.66939085,8,0.808080808081,41.5627859798,1549,14,1.41414141414,9.62215968422,806.218383789
yolo11n,heldout,100,44adf4c4-6064-362f-94d3-323ed42cfda9,4674,779,15,1.92554557125,17.911309495,753.244734361,0,0,6.96413384094,68.387045004,15,1.92554557125,22.7669930098,915.574561775,0,0,12.7238226123,777.451455506,15,1.92554557125,7.64149203275,205.798567371,15,1.92554557125,2.61270183507,106.91435642
yolo11n,heldout,200,44adf4c4-6064-362f-94d3-323ed42cfda9,4590,765,14,1.83006535948,33.069472246,1007.02932709,0,0,13.7010529389,136.062072338,14,1.83006535948,37.1708128707,1143.24008202,0,0,23.8001051883,1038.87737431,14,1.83006535948,16.0453508978,525.303130721,14,1.83006535948,5.606122657,300.915287373
yolo11n,heldout,300,44adf4c4-6064-362f-94d3-323ed42cfda9,4494,749,11,1.46862483311,47.0161555224,1063.82214355,0,0,20.1130126237,201.505602591,11,1.46862483311,50.5325827214,1150.14885738,0,0,35.0295021833,1054.75489534,11,1.46862483311,25.7757614196,796.847361328,11,1.46862483311,9.3701756683,732.82137957
yolo11n,heldout,400,44adf4c4-6064-362f-94d3-323ed42cfda9,4404,734,11,1.49863760218,59.3002161752,1063.82214355,0,0,26.2256289493,265.66987827,11,1.49863760218,62.2715349034,1140.44155623,0,0,46.0521799581,1069.5785634,11,1.49863760218,36.0013758164,1117.36103997,11,1.49863760218,13.6396448227,928.415453477
yolo11n,heldout,500,44adf4c4-6064-362f-94d3-323ed42cfda9,4308,718,11,1.53203342618,70.6787025434,1063.82214355,0,0,32.1253875507,326.208326163,11,1.53203342618,73.1538243065,1130.73425305,0,0,58.3472737349,1083.45937261,11,1.53203342618,47.5225306013,1102.11193995,11,1.53203342618,18.8528300662,863.974449368
yolo11n,heldout,100,47286726-5dd4-4e26-bd2d-5324f429e445,10140,1690,6,0.355029585799,10.2797367875,501.669311523,0,0,3.16683667912,39.124023642,6,0.355029585799,12.8511476113,630.258957171,0,0,8.7346342425,427.743439791,6,0.355029585799,5.55094026736,349.529904602,6,0.355029585799,1.83756029059,181.412085006
yolo11n,heldout,200,47286726-5dd4-4e26-bd2d-5324f429e445,10104,1684,5,0.296912114014,20.1504615301,949.075526996,0,0,6.18562417284,81.8975830078,5,0.296912114014,22.3910693688,1042.14516084,0,0,17.6581226779,1102.30219515,5,0.296912114014,11.685216108,1115.98458442,5,0.296912114014,4.045483846,846.617840513
yolo11n,heldout,300,47286726-5dd4-4e26-bd2d-5324f429e445,10044,1674,5,0.298685782557,29.2581863187,1321.93640137,0,0,9.14412196505,103.74609375,5,0.298685782557,31.2013874416,1405.93840877,0,0,25.4744084297,1036.82757027,5,0.298685782557,17.1530108665,832.825627388,7,0.418160095579,5.90155355991,501.669311523
yolo11n,heldout,400,47286726-5dd4-4e26-bd2d-5324f429e445,9978,1663,5,0.300661455201,37.5275258282,1321.93640137,0,0,12.10777139,130.220558726,5,0.300661455201,39.1975482036,1396.87078197,0,0,32.5424586277,1184.88469007,5,0.300661455201,22.6837740249,1071.16509545,10,0.601322910403,9.11439773446,1261.43457031
yolo11n,heldout,500,47286726-5dd4-4e26-bd2d-5324f429e445,9900,1650,4,0.242424242424,45.1087658027,1404.71972656,0,0,15.0792114857,145.296539313,4,0.242424242424,46.5198896273,1443.70042865,0,0,39.7309420057,1186.33827644,4,0.242424242424,28.7875438371,1057.55392889,11,0.666666666667,11.5821985601,960.532823505
yolo11n,heldout,100,4e3fedbb-847c-3d5b-8a62-c9ff84550985,4380,730,11,1.50684931507,12.3764968115,556.245200624,0,0,7.93631999786,135.37696742,11,1.50684931507,15.7775063899,677.660403942,0,0,12.4946272421,452.168141006,11,1.50684931507,12.9625047094,224.620519506,11,1.50684931507,3.068466288,141.069751262
yolo11n,heldout,200,4e3fedbb-847c-3d5b-8a62-c9ff84550985,4326,721,11,1.52565880721,23.5424037534,890.51940918,0,0,16.7968032368,353.541025267,11,1.52565880721,26.4793527964,981.196316911,0,0,22.7920429151,880.365082823,11,1.52565880721,26.3200244348,418.379676952,11,1.52565880721,7.01886266461,612.371826172
yolo11n,heldout,300,4e3fedbb-847c-3d5b-8a62-c9ff84550985,4266,711,11,1.54711673699,32.5779019733,890.51940918,0,0,27.5566841111,517.234741211,11,1.54711673699,35.0745057323,972.151308267,0,0,32.1270683967,875.504255587,11,1.54711673699,42.1509350808,638.846506744,14,1.96905766526,8.54644109783,459.462545865
yolo11n,heldout,400,4e3fedbb-847c-3d5b-8a62-c9ff84550985,4206,701,11,1.56918687589,41.2054662496,890.51940918,0,0,37.1939085996,784.174154973,11,1.56918687589,43.3207241984,963.106298176,0,0,41.6998206163,870.806657428,11,1.56918687589,57.371031887,725.290467215,14,1.99714693295,11.8026345418,639.39060355
yolo11n,heldout,500,4e3fedbb-847c-3d5b-8a62-c9ff84550985,4140,690,11,1.59420289855,49.1795704862,1056.42574744,0,0,44.848625283,864.193115234,11,1.59420289855,50.9628047654,1085.76177159,0,0,50.7981423061,1129.25806533,11,1.59420289855,71.5474175275,1067.94490925,14,2.02898550725,15.601049909,799.620820291
yolo11n,heldout,100,52071780-5758-3ed4-8835-0d64ecdc5575,10236,1706,11,0.644783118406,14.6326914274,659.791068408,0,0,6.0629454386,123.94797771,11,0.644783118406,18.5922315264,795.098628639,0,0,10.1730388922,624.435712903,11,0.644783118406,7.51785243186,285.699076904,11,0.644783118406,2.4997988429,113.431024648
yolo11n,heldout,200,52071780-5758-3ed4-8835-0d64ecdc5575,10032,1672,11,0.657894736842,27.4269136141,1109.31506348,0,0,11.7039536783,198.28778868,11,0.657894736842,30.7616849419,1234.07746988,0,0,19.9862564236,1046.95571941,11,0.657894736842,15.5153390006,572.235137578,11,0.657894736842,5.34850439407,369.038952059
yolo11n,heldout,300,52071780-5758-3ed4-8835-0d64ecdc5575,9804,1634,11,0.673194614443,38.1529704661,1295.91296387,0,0,17.18210613,367.261550895,11,0.673194614443,40.9470945664,1376.13658599,0,0,29.1360919117,1128.54532828,11,0.673194614443,24.1039446518,1019.42158302,11,0.673194614443,8.43249952558,905.391245134
yolo11n,heldout,400,52071780-5758-3ed4-8835-0d64ecdc5575,9576,1596,11,0.689223057644,48.1929750692,1378.40429688,0,0,22.5321894271,486.588944131,11,0.689223057644,50.5184956217,1436.38160543,0,0,38.587225215,1157.54578428,11,0.689223057644,33.0229136855,1056.62746647,11,0.689223057644,11.8076939732,861.023204921
yolo11n,heldout,500,52071780-5758-3ed4-8835-0d64ecdc5575,9360,1560,11,0.705128205128,56.9105344167,1391.08093262,0,0,27.5250782224,613.773969206,11,0.705128205128,58.8130713519,1434.75495463,0,0,48.2854479755,1371.90388935,11,0.705128205128,42.7225339866,1273.34243572,11,0.705128205128,16.4226518807,1057.00696982
yolo11n,heldout,100,58e82365-03bc-3b2f-b55a-a4ad0e3e792d,4584,764,5,0.65445026178,14.3222668924,552.877724248,0,0,3.87660918538,62.2805798245,5,0.65445026178,17.9769643136,670.044577497,0,0,11.0465059189,554.094123203,5,0.65445026178,5.69458695891,76.5383890385,5,0.65445026178,1.5112467605,51.4187240127
yolo11n,heldout,200,58e82365-03bc-3b2f-b55a-a4ad0e3e792d,4512,752,5,0.664893617021,27.7167059974,1035.80749512,0,0,7.23683265059,140.213170039,5,0.664893617021,30.8339056863,1141.67749611,0,0,22.5686802424,1034.54226711,5,0.664893617021,11.9356989657,225.547044163,5,0.664893617021,3.17209472061,103.378781189
yolo11n,heldout,300,58e82365-03bc-3b2f-b55a-a4ad0e3e792d,4434,739,5,0.676589986468,38.9988422534,1105.50175211,0,0,9.91556376155,180.825896017,5,0.676589986468,41.6334568281,1169.95343155,0,0,33.6980035847,1107.70932414,5,0.676589986468,19.0630546885,584.906105655,5,0.676589986468,5.33181882297,299.037103567
yolo11n,heldout,400,58e82365-03bc-3b2f-b55a-a4ad0e3e792d,4362,727,5,0.687757909216,48.9273799857,1258.12142944,0,0,12.1375182152,198.04118377,5,0.687757909216,51.1339449378,1316.34391568,0,0,43.4834145152,1259.14354828,5,0.687757909216,26.4202223485,747.697080867,5,0.687757909216,7.18887587691,399.2094828
yolo11n,heldout,500,58e82365-03bc-3b2f-b55a-a4ad0e3e792d,4284,714,5,0.700280112045,58.0778307567,1258.12142944,0,0,14.0735774793,225.032516479,5,0.700280112045,59.8893089976,1310.1147229,0,0,52.553997476,1258.9205662,5,0.700280112045,34.0453402871,1026.20359611,6,0.840336134454,9.69626540179,803.558821243
yolo11n,heldout,100,58fed0d4-97d5-469b-89a4-4394838e10c7,4014,669,11,1.644245142,17.2016825275,548.678189736,0,0,6.59748936258,43.2324173907,11,1.644245142,21.6362664823,669.380510208,0,0,13.0726324459,539.102780135,11,1.644245142,8.59199510114,148.052023001,11,1.644245142,2.57108636795,48.7819257643
yolo11n,heldout,200,58fed0d4-97d5-469b-89a4-4394838e10c7,3960,660,11,1.66666666667,32.9794328882,949.987442436,0,0,12.9669680818,84.3193707606,11,1.66666666667,36.8528659965,1042.68370256,0,0,25.1768690212,910.739822757,11,1.66666666667,17.5370287504,346.639296163,11,1.66666666667,5.26120067219,93.1504084492
yolo11n,heldout,300,58fed0d4-97d5-469b-89a4-4394838e10c7,3900,650,11,1.69230769231,47.3679063253,1315.65857107,0,0,19.2195081132,120.446208845,11,1.69230769231,50.71721091,1393.37179152,0,0,36.4979723652,1267.52820074,11,1.69230769231,26.7959312055,646.527520298,11,1.69230769231,8.13242608367,375.375201719
yolo11n,heldout,400,58fed0d4-97d5-469b-89a4-4394838e10c7,3828,638,11,1.72413793103,60.4222477874,1325.42207336,0,0,25.31857181,152.32434082,11,1.72413793103,63.3115256191,1394.96041905,0,0,47.2738694524,1264.0227716,11,1.72413793103,36.6729798236,996.031510879,11,1.72413793103,11.225698275,936.513586415
yolo11n,heldout,500,58fed0d4-97d5-469b-89a4-4394838e10c7,3744,624,11,1.76282051282,72.8707855575,1325.42207336,0,0,31.2823674568,185.342672188,11,1.76282051282,75.3407397149,1386.78554494,0,0,57.3573469358,1251.30413623,11,1.76282051282,45.7492155498,1049.26611234,12,1.92307692308,14.3115463856,955.194349443
yolo11n,heldout,100,6c932547-4c11-31d7-b8ef-0c16a13dbfc3,11160,1860,15,0.806451612903,12.8738738934,792.556263302,0,0,5.40815232414,120.734231509,15,0.806451612903,16.2303931602,965.315875368,0,0,9.2449879786,752.264594378,15,0.806451612903,6.87503693585,214.943600632,15,0.806451612903,2.15894102474,104.484799482
yolo11n,heldout,200,6c932547-4c11-31d7-b8ef-0c16a13dbfc3,11010,1835,15,0.817438692098,24.5804363853,1127.78094482,0,0,10.6249923085,226.954110251,15,0.817438692098,27.4397597959,1246.90476124,0,0,18.2413993995,1146.77203848,15,0.817438692098,14.0643273952,907.042009674,15,0.817438692098,4.38314265988,540.840250481
yolo11n,heldout,300,6c932547-4c11-31d7-b8ef-0c16a13dbfc3,10806,1801,15,0.832870627429,34.8179548422,1288.10076904,0,0,15.6408514229,387.506005507,15,0.832870627429,37.2525965803,1380.52080157,0,0,26.2126799891,1193.78852502,15,0.832870627429,20.690423117,699.084660074,16,0.888395335924,6.92590683631,1037.17729839
yolo11n,heldout,400,6c932547-4c11-31d7-b8ef-0c16a13dbfc3,10602,1767,15,0.848896434635,44.0979520324,1288.10076904,0,0,20.4265136019,453.099951586,15,0.848896434635,46.1654911256,1369.9872511,0,0,33.8604807051,1170.19176794,15,0.848896434635,27.2282038734,908.336830075,17,0.96208262592,8.92674472775,744.122436523
yolo11n,heldout,500,6c932547-4c11-31d7-b8ef-0c16a13dbfc3,10392,1732,15,0.866050808314,52.5614740002,1288.10076904,0,0,25.0496800781,503.446955841,15,0.866050808314,54.2806615277,1359.45370147,0,0,42.323524769,1203.4107789,15,0.866050808314,35.1899703597,1150.73514439,18,1.03926096998,11.6073401073,747.889652238
yolo11n,heldout,100,7039e410-b5ab-35aa-96bc-2c4b89d3c5e3,5574,929,8,0.861141011841,14.2314703514,796.940185547,0,0,4.24525398475,55.2002259099,8,0.861141011841,18.1649088353,972.479256861,0,0,10.4580580855,796.167527765,8,0.861141011841,5.82202089106,290.713079096,8,0.861141011841,1.48979020638,114.775630949
yolo11n,heldout,200,7039e410-b5ab-35aa-96bc-2c4b89d3c5e3,5478,913,8,0.876232201533,26.3040541854,1126.97611366,0,0,8.26053128605,114.25170921,8,0.876232201533,29.6371653516,1239.19149153,0,0,19.9700044892,1067.56929391,8,0.876232201533,12.3640398165,791.674857263,8,0.876232201533,3.383047747,358.343448851
yolo11n,heldout,300,7039e410-b5ab-35aa-96bc-2c4b89d3c5e3,5352,892,8,0.896860986547,36.600629482,1294.81665039,0,0,12.0118899239,176.844959005,8,0.896860986547,39.4432481104,1384.40303499,0,0,29.2497113913,1242.10609839,8,0.896860986547,19.8767917067,1099.11707098,8,0.896860986547,5.75002960108,781.946922171
yolo11n,heldout,400,7039e410-b5ab-35aa-96bc-2c4b89d3c5e3,5238,873,8,0.916380297824,45.5136454594,1294.81665039,0,0,15.3550733312,238.114642294,8,0.916380297824,47.8966138274,1374.13000588,0,0,36.951854241,1230.26509143,8,0.916380297824,24.9821561222,1102.34714202,8,0.916380297824,8.22937974619,857.395507812
yolo11n,heldout,500,7039e410-b5ab-35aa-96bc-2c4b89d3c5e3,5112,852,8,0.93896713615,53.1887838125,1339.74601069,0,0,18.3337690187,297.782592773,8,0.93896713615,55.1544205869,1390.68831916,0,0,45.1084123362,1217.82223255,8,0.93896713615,31.0484696567,851.244843813,10,1.17370892019,9.8270335678,1092.51251221
yolo11n,heldout,100,78683234-e6f1-3e4e-af52-6f839254e4c0,4680,780,13,1.66666666667,14.032038839,919.874051034,0,0,5.06969856041,117.024499329,13,1.66666666667,17.6861621911,1122.39982288,0,0,11.1654028427,908.463635923,13,1.66666666667,4.74072885955,374.901226485,13,1.66666666667,1.43934549608,178.619528407
yolo11n,heldout,200,78683234-e6f1-3e4e-af52-6f839254e4c0,4620,770,13,1.68831168831,26.3256326249,1162.8692627,0,0,9.9245810854,197.532241371,13,1.68831168831,29.4325056592,1280.94727162,0,0,21.9507168894,1154.31491619,13,1.68831168831,9.81535622089,441.620014607,13,1.68831168831,2.95809125445,370.037189918
yolo11n,heldout,300,78683234-e6f1-3e4e-af52-6f839254e4c0,4554,759,13,1.71277997365,35.5470323222,1166.0871582,0,0,14.6371133737,358.031189406,13,1.71277997365,38.1477513402,1269.49347383,0,0,30.5170903949,1150.06353402,13,1.71277997365,15.2067431278,551.120610943,13,1.71277997365,4.77918486984,549.11730957
yolo11n,heldout,400,78683234-e6f1-3e4e-af52-6f839254e4c0,4470,745,13,1.74496644295,42.6698835011,1166.0871582,0,0,19.2082544982,481.930786133,13,1.74496644295,44.8187918421,1257.64848547,0,0,38.860327753,1361.94646253,13,1.74496644295,22.6011267393,1331.35258519,14,1.87919463087,6.67041571326,1061.83194384
yolo11n,heldout,500,78683234-e6f1-3e4e-af52-6f839254e4c0,4392,732,13,1.77595628415,48.7897421441,1391.16834088,0,0,23.3578259997,569.392578125,13,1.77595628415,50.5134481176,1430.46026477,0,0,43.239629846,1160.23087697,13,1.77595628415,26.2502998139,1056.63408488,16,2.18579234973,9.0584420548,897.499232355
yolo11n,heldout,100,78da7b7e-8ddf-3c7d-8716-eaa890106dd3,6354,1059,7,0.661000944287,13.859517666,909.394585814,0,0,5.05980058913,122.475737784,7,0.661000944287,17.7011411734,1095.37880068,0,0,10.6802520587,892.614188792,7,0.661000944287,5.80894033257,238.043097921,7,0.661000944287,1.68152028259,126.733691344
yolo11n,heldout,200,78da7b7e-8ddf-3c7d-8716-eaa890106dd3,6252,1042,7,0.671785028791,26.0853022226,1202.53708294,0,0,9.84582883382,213.963966803,7,0.671785028791,29.3032155986,1317.1060841,0,0,20.5188919465,1199.68307657,7,0.671785028791,12.0876902445,503.676131659,7,0.671785028791,3.63127521184,567.80480957
yolo11n,heldout,300,78da7b7e-8ddf-3c7d-8716-eaa890106dd3,6108,1018,7,0.687622789784,36.7659083004,1263.84609985,0,0,14.602122622,378.22055535,7,0.687622789784,39.50620032,1365.20400952,0,0,30.0884208662,1279.21268313,7,0.687622789784,18.9728505406,1278.89942484,7,0.687622789784,5.60970848491,953.542116883
yolo11n,heldout,400,78da7b7e-8ddf-3c7d-8716-eaa890106dd3,5988,998,7,0.701402805611,45.8310609617,1263.84609985,0,0,18.9060097948,502.153351551,7,0.701402805611,48.0647442905,1353.67007151,0,0,37.9111375122,1274.7608613,7,0.701402805611,24.5684044134,749.697069255,7,0.701402805611,7.49370276923,1036.30352783
yolo11n,heldout,500,78da7b7e-8ddf-3c7d-8716-eaa890106dd3,5880,980,7,0.714285714286,53.4196793436,1263.84609985,0,0,23.0978929218,601.858276367,7,0.714285714286,55.2055296246,1342.13613166,0,0,45.6216616916,1276.34687262,7,0.714285714286,30.7428951781,1049.48189794,8,0.816326530612,10.723563081,966.66129401
yolo11n,heldout,100,7a2c222d-addc-30b2-aac6-596cb65a22e3,780,130,8,6.15384615385,25.3737604932,319.263671875,0,0,12.3200612826,80.6637912493,8,6.15384615385,33.5520571151,393.06758001,0,0,16.443616447,239.120902773,8,6.15384615385,16.5686838881,169.545811247,8,6.15384615385,4.29002485089,74.8987442594
yolo11n,heldout,200,7a2c222d-addc-30b2-aac6-596cb65a22e3,756,126,8,6.34920634921,45.3875374705,638.527321402,0,0,23.9493911496,159.139361619,8,6.34920634921,51.837421481,705.188260394,0,0,29.5449188649,483.937531863,8,6.34920634921,33.6830481357,335.722982119,8,6.34920634921,8.81682946176,171.524768985
yolo11n,heldout,300,7a2c222d-addc-30b2-aac6-596cb65a22e3,732,122,8,6.55737704918,64.7452212825,957.790993277,0,0,35.182928247,237.969180236,8,6.55737704918,69.7382159816,1017.30896263,0,0,43.9032504595,737.309274567,8,6.55737704918,53.7178090897,713.182007874,8,6.55737704918,15.1656320457,422.666951343
yolo11n,heldout,400,7a2c222d-addc-30b2-aac6-596cb65a22e3,708,118,8,6.77966101695,81.4662159194,1277.0546428,0,0,45.5345325517,317.761625395,8,6.77966101695,85.2210719522,1329.42964301,0,0,59.8644882955,997.346802504,8,6.77966101695,65.7969645979,658.067812979,8,6.77966101695,22.330706047,895.333007812
yolo11n,heldout,500,7a2c222d-addc-30b2-aac6-596cb65a22e3,672,112,8,7.14285714286,88.9205235218,1015.60510254,0,0,55.2634221951,393.085926396,8,7.14285714286,91.4509884137,1045.46602241,0,0,67.7877527648,914.048472936,8,7.14285714286,84.197627068,765.928740793,9,8.03571428571,25.5222856424,832.206135679
yolo11n,heldout,100,858d739b-a0ba-35aa-bafc-4f7988bcad17,4086,681,4,0.587371512482,22.8771019786,826.970775577,0,0,8.33515493138,156.690982831,4,0.587371512482,28.9632634116,1008.99165977,0,0,17.755713114,816.852929607,4,0.587371512482,8.7882157766,303.020385548,4,0.587371512482,3.7575956134,188.377104492
yolo11n,heldout,200,858d739b-a0ba-35aa-bafc-4f7988bcad17,4032,672,3,0.446428571429,40.5129138542,1174.39208984,0,0,16.2709531046,257.031224056,3,0.446428571429,45.6462092802,1322.54400957,0,0,31.5102012072,1155.27461237,3,0.446428571429,18.0216090449,395.501920035,3,0.446428571429,7.9537945853,525.151000977
yolo11n,heldout,300,858d739b-a0ba-35aa-bafc-4f7988bcad17,3960,660,3,0.454545454545,55.1878780142,1321.8140564,0,0,23.9736337356,368.793334961,3,0.454545454545,59.5408336628,1402.48513002,0,0,44.5179015253,1299.77724214,3,0.454545454545,28.2747981049,1157.70583764,3,0.454545454545,12.3094131005,705.196591548
yolo11n,heldout,400,858d739b-a0ba-35aa-bafc-4f7988bcad17,3876,646,3,0.46439628483,67.665676043,1321.8140564,0,0,31.1496476106,466.225219727,3,0.46439628483,71.2183571793,1393.21787983,0,0,54.9490201441,1296.61599853,3,0.46439628483,37.4347826567,1151.9722687,5,0.77399380805,16.2353579167,866.491165336
yolo11n,heldout,500,858d739b-a0ba-35aa-bafc-4f7988bcad17,3774,629,3,0.476947535771,79.2222013316,1357.7644043,0,0,37.6256239278,538.453125,3,0.476947535771,82.1203573458,1394.03972555,0,0,66.1974506209,1294.99196563,3,0.476947535771,47.3634774948,1213.26801501,5,0.794912559618,22.321492513,1072.01864624
yolo11n,heldout,100,95bf6003-7068-3a78-a0c0-9e470a06e60f,9678,1613,0,0,13.5461175299,768.334297666,0,0,7.47916681034,128.630994927,0,0,17.1954654191,935.06117906,0,0,8.95134073134,758.120725633,0,0,5.58220395597,402.259206484,0,0,1.92915697276,134.923273684
yolo11n,heldout,200,95bf6003-7068-3a78-a0c0-9e470a06e60f,9534,1589,0,0,26.2957778059,1119.67749023,0,0,14.5631288669,239.553156615,0,0,29.4478262794,1238.1861463,0,0,17.9715365381,1103.5721486,0,0,11.36538931,978.575563614,0,0,4.09444982226,689.831073462
yolo11n,heldout,300,95bf6003-7068-3a78-a0c0-9e470a06e60f,9378,1563,0,0,37.8951020707,1119.67749023,0,0,21.2585076864,344.994612614,0,0,40.577054845,1225.2698929,0,0,26.2116152447,1095.55398955,0,0,16.9647969547,1001.02177485,1,0.0639795265515,5.95877940726,659.534777424
yolo11n,heldout,400,95bf6003-7068-3a78-a0c0-9e470a06e60f,9216,1536,0,0,48.6853791398,1295.28137953,0,0,27.5407179364,445.936142481,0,0,50.9246786755,1346.58184976,0,0,34.5160831731,1240.99193702,0,0,22.8621453313,1003.13688408,0,0,8.32667818257,682.052246094
yolo11n,heldout,500,95bf6003-7068-3a78-a0c0-9e470a06e60f,9030,1505,0,0,58.9874010359,1385.60717773,0,0,33.5871312092,539.253949015,0,0,60.8305329759,1430.33192673,0,0,43.9300177417,1325.28251796,0,0,29.5537258519,1112.27394545,0,0,12.1136994887,923.99687299
yolo11n,heldout,100,a7636fca-4d9e-3052-bef2-af0ce5d1df74,5718,953,8,0.839454354669,24.7735041625,744.945327399,0,0,17.7658328084,116.61264063,8,0.839454354669,31.8857817654,908.513448922,0,0,13.6406909762,699.178718593,8,0.839454354669,9.61647189625,255.914025435,8,0.839454354669,2.9372780215,187.44663312
yolo11n,heldout,200,a7636fca-4d9e-3052-bef2-af0ce5d1df74,5574,929,8,0.861141011841,47.2726513073,1124.20983887,0,0,35.2153778669,227.19664757,8,0.861141011841,53.4244561405,1272.6085614,0,0,26.1884349783,1075.06411988,8,0.861141011841,19.2594472589,514.534136165,8,0.861141011841,5.82426870324,358.990361401
yolo11n,heldout,300,a7636fca-4d9e-3052-bef2-af0ce5d1df74,5430,905,8,0.883977900552,68.4862868923,1124.20983887,0,0,52.4705934605,330.5710212,8,0.883977900552,73.7329590526,1257.43916362,0,0,38.6142698396,1118.04536828,8,0.883977900552,28.6330704514,637.638744969,8,0.883977900552,8.85124060527,749.422423334
yolo11n,heldout,400,a7636fca-4d9e-3052-bef2-af0ce5d1df74,5280,880,8,0.909090909091,89.2157281759,1150.52645874,0,0,69.4978236056,426.756848328,8,0.909090909091,93.5832629286,1242.26976553,0,0,51.9669303386,1111.79136235,8,0.909090909091,38.6721462305,1033.7312035,10,1.13636363636,11.239581265,881.372646921
yolo11n,heldout,500,a7636fca-4d9e-3052-bef2-af0ce5d1df74,5124,854,8,0.936768149883,108.409768403,1248.94342041,0,0,86.3383219791,518.103621451,8,0.936768149883,111.89948404,1289.22241139,0,0,63.7996381933,1104.16263397,8,0.936768149883,48.122841868,829.235219367,11,1.28805620609,13.8841440665,734.727177338
yolo11n,heldout,100,a91d4c7b-bf55-3a0e-9eba-1a43577bcca8,7860,1310,4,0.30534351145,13.4877396414,665.705499836,0,0,4.75101393825,53.7850826723,4,0.30534351145,17.10390129,812.331803139,0,0,11.5744217095,657.798598227,4,0.30534351145,6.78240459456,157.194891597,4,0.30534351145,2.02330244201,46.1730915222
yolo11n,heldout,200,a91d4c7b-bf55-3a0e-9eba-1a43577bcca8,7722,1287,4,0.3108003108,24.4426704298,1125.8995231,0,0,9.47894023073,108.645874023,4,0.3108003108,27.4880607638,1238.06466892,0,0,20.8922617258,1120.30429437,4,0.3108003108,13.7267054674,339.01619142,4,0.3108003108,4.07409109188,203.171277891
yolo11n,heldout,300,a91d4c7b-bf55-3a0e-9eba-1a43577bcca8,7566,1261,4,0.317208564631,33.3601019388,1287.19842529,0,0,14.2872117096,155.316162109,4,0.317208564631,35.918722433,1373.23225412,0,0,28.7842892935,1337.40203852,4,0.317208564631,21.4525003848,1342.78491672,4,0.317208564631,6.54120037312,1209.4770737
yolo11n,heldout,400,a91d4c7b-bf55-3a0e-9eba-1a43577bcca8,7386,1231,3,0.243704305443,40.9340389525,1360.64076233,0,0,19.3106123944,196.143920898,3,0.243704305443,43.0935762502,1419.46070623,0,0,34.5797170274,1389.31548742,3,0.243704305443,29.0436049821,1195.37686131,3,0.243704305443,8.67807750227,962.24342213
yolo11n,heldout,500,a91d4c7b-bf55-3a0e-9eba-1a43577bcca8,7224,1204,3,0.249169435216,46.7265886681,1360.64076233,0,0,24.6705697195,231.113891602,3,0.249169435216,48.4703118578,1411.84443523,0,0,38.3381045719,1397.78715772,3,0.249169435216,36.7064678109,1042.18991062,3,0.249169435216,10.9857652198,1338.05892944
yolo11n,heldout,100,b19f3c1a-a84a-3a2d-8d1b-8a4ae201020b,9582,1597,1,0.0626174076393,9.43422773958,718.667304447,0,0,1.67674311452,25.8105320908,1,0.0626174076393,11.6771667998,876.559189826,0,0,7.07496126826,694.635719753,1,0.0626174076393,5.87968263037,257.01948123,1,0.0626174076393,1.75586769232,83.3652784425
yolo11n,heldout,200,b19f3c1a-a84a-3a2d-8d1b-8a4ae201020b,9492,1582,1,0.063211125158,17.9357130677,982.684737369,0,0,3.24036529525,53.4108270933,1,0.063211125158,19.8408214959,1064.89207667,0,0,13.3924144651,956.523650274,1,0.063211125158,12.0941568034,636.348928262,1,0.063211125158,3.72586393463,400.975343417
yolo11n,heldout,300,b19f3c1a-a84a-3a2d-8d1b-8a4ae201020b,9426,1571,1,0.0636537237428,25.9572074368,1210.29356138,0,0,4.77184849108,77.9977139383,1,0.0636537237428,27.6199756838,1284.86808499,0,0,19.9372936887,1200.97477149,1,0.0636537237428,18.6358756117,805.347243766,1,0.0636537237428,6.04215088111,654.97419853
yolo11n,heldout,400,b19f3c1a-a84a-3a2d-8d1b-8a4ae201020b,9348,1558,1,0.0641848523748,33.3988295783,1344.94003296,0,0,6.29867554276,105.962356567,1,0.0641848523748,34.8550749559,1413.45328578,0,0,27.5144505664,1333.33474583,1,0.0641848523748,27.2871162247,972.984604582,1,0.0641848523748,10.0660932955,836.182639864
yolo11n,heldout,500,b19f3c1a-a84a-3a2d-8d1b-8a4ae201020b,9252,1542,1,0.064850843061,40.4462238763,1344.94003296,0,0,7.81044633756,128.775810524,1,0.064850843061,41.7095229008,1407.392015,0,0,30.9271204688,1331.03458893,1,0.064850843061,31.9432183878,977.662490102,2,0.129701686122,10.9621001434,894.236877441
yolo11n,heldout,100,b2053fdc-0b94-30bc-aee7-5bc6fb7e9f52,9324,1554,5,0.32175032175,16.3496915611,557.573491904,0,0,7.75466798676,96.7974211472,5,0.32175032175,20.5422246274,679.97400329,0,0,11.9133782931,504.580432179,5,0.32175032175,7.41732213625,195.324963367,5,0.32175032175,2.37595047488,72.6875307002
yolo11n,heldout,200,b2053fdc-0b94-30bc-aee7-5bc6fb7e9f52,9156,1526,4,0.262123197903,31.2004606364,963.139266913,0,0,15.2359527131,190.200046168,4,0.262123197903,34.7853449418,1056.1879725,0,0,23.3185282096,864.20096279,4,0.262123197903,15.7494632733,559.040552534,4,0.262123197903,5.16378124766,420.464238869
yolo11n,heldout,300,b2053fdc-0b94-30bc-aee7-5bc6fb7e9f52,8958,1493,4,0.267916945747,44.0980097162,1271.7104187,0,0,22.5711939304,255.266521446,4,0.267916945747,47.1546364877,1356.24080156,0,0,33.1163510322,1132.9028806,4,0.267916945747,24.657216898,896.658330642,4,0.267916945747,8.28640211844,626.818103954
yolo11n,heldout,400,b2053fdc-0b94-30bc-aee7-5bc6fb7e9f52,8766,1461,4,0.273785078713,56.0997493127,1271.7104187,0,0,29.846026975,331.294739281,4,0.273785078713,58.6726210121,1347.72247984,0,0,43.0060663191,1264.53784294,4,0.273785078713,34.4285626513,862.727894793,6,0.41067761807,11.8227810034,927.463806152
yolo11n,heldout,500,b2053fdc-0b94-30bc-aee7-5bc6fb7e9f52,8568,1428,4,0.280112044818,67.2795353771,1310.97885132,0,0,36.9859189168,413.809439009,4,0.280112044818,69.4205556594,1355.30223495,0,0,52.5908698225,1366.13180599,4,0.280112044818,44.8966370545,980.401847861,8,0.560224089636,15.1071753584,862.355102539
yolo11n,heldout,100,b50c4763-5d1e-37f4-a009-2244aeebabcd,3078,513,10,1.94931773879,13.1763067195,498.112304688,0,0,3.52097057559,49.0038135734,10,1.94931773879,16.5234748547,632.145250758,0,0,9.4124921807,423.459090658,10,1.94931773879,5.64062379385,132.798088057,10,1.94931773879,2.13294800509,51.3739123234
yolo11n,heldout,200,b50c4763-5d1e-37f4-a009-2244aeebabcd,3000,500,10,2,24.6444613681,602.702145424,0,0,6.62233450427,89.3640283039,10,2,27.4812966916,663.859867501,0,0,17.6963344867,602.036364474,10,2,11.1517066975,271.838873995,10,2,4.32447791506,107.353040143
yolo11n,heldout,300,b50c4763-5d1e-37f4-a009-2244aeebabcd,2910,485,9,1.85567010309,35.1653546886,904.053255805,0,0,9.41711246229,134.583074447,9,1.85567010309,37.5845474222,958.857626854,0,0,25.4493708634,906.552836427,9,1.85567010309,16.5930915317,418.663678512,9,1.85567010309,6.4790141967,168.598467474
yolo11n,heldout,400,b50c4763-5d1e-37f4-a009-2244aeebabcd,2820,470,9,1.91489361702,43.9281660481,1205.40433906,0,0,12.1509647042,180.775667412,9,1.91489361702,45.9086145445,1253.85535966,0,0,31.9459690678,1213.08677645,9,1.91489361702,21.6226561016,427.656692475,9,1.91489361702,8.53261395582,235.670601894
yolo11n,heldout,500,b50c4763-5d1e-37f4-a009-2244aeebabcd,2736,456,9,1.97368421053,52.776100493,1379.80102539,0,0,14.6945793854,226.421031568,9,1.97368421053,54.384638013,1421.89869546,0,0,38.9235986115,1394.26491927,9,1.97368421053,26.5575681555,466.87874041,9,1.97368421053,10.5894093326,291.895942826
yolo11n,heldout,100,b87683ae-14c5-321f-8af3-623e7bafc3a7,4284,714,11,1.5406162465,24.1456946269,670.607177734,0,0,9.97787695465,101.733948905,11,1.5406162465,30.6237075349,815.901386264,0,0,16.8372500163,614.706642267,11,1.5406162465,7.98094281804,330.863492732,11,1.5406162465,2.44164445618,141.557893741
yolo11n,heldout,200,b87683ae-14c5-321f-8af3-623e7bafc3a7,4200,700,11,1.57142857143,45.0375680509,1205.52478027,0,0,19.4370448692,191.682171974,11,1.57142857143,50.4866831039,1337.78475029,0,0,32.8218598914,1097.74025676,11,1.57142857143,16.8614899976,617.9911862,11,1.57142857143,5.34397019653,200.178979903
yolo11n,heldout,300,b87683ae-14c5-321f-8af3-623e7bafc3a7,4110,685,11,1.60583941606,61.8920748944,1275.11523438,0,0,28.1411142221,274.512466161,11,1.60583941606,66.4764098899,1372.68859152,0,0,47.5803228258,1131.6500128,11,1.60583941606,27.3750713169,992.419529478,11,1.60583941606,9.33702688793,717.288833907
yolo11n,heldout,400,b87683ae-14c5-321f-8af3-623e7bafc3a7,4014,669,11,1.644245142,76.9793413711,1359.67541504,0,0,36.272356561,352.766067579,11,1.644245142,80.8109804249,1422.52890578,0,0,61.3591653676,1099.0588572,11,1.644245142,38.4413749104,1091.38251487,11,1.644245142,14.4003355244,744.622192383
yolo11n,heldout,500,b87683ae-14c5-321f-8af3-623e7bafc3a7,3918,653,11,1.68453292496,90.3841398103,1359.67541504,0,0,43.9423662242,425.275033278,11,1.68453292496,93.4919034167,1420.01516149,0,0,73.5657801222,1094.32910156,11,1.68453292496,46.9064388066,1475.14152094,11,1.68453292496,20.4398798932,1366.91192627
yolo11n,heldout,100,c8ec7be0-92aa-3222-946e-fbcf398c841e,5208,868,14,1.61290322581,15.3948188835,881.824279785,0,0,10.2632897996,143.186712904,14,1.61290322581,19.3868565475,1117.82995583,0,0,10.2710138612,883.821755338,14,1.61290322581,7.35751705502,245.431508026,14,1.61290322581,1.18356911074,85.0790802945
yolo11n,heldout,200,c8ec7be0-92aa-3222-946e-fbcf398c841e,5100,850,14,1.64705882353,28.9488699853,1061.09887156,0,0,19.8775785325,276.176997531,14,1.64705882353,32.3194646746,1190.50637509,0,0,19.9665785877,1029.69563862,14,1.64705882353,14.5551090144,756.42209721,14,1.64705882353,2.44079444951,553.255082519
yolo11n,heldout,300,c8ec7be0-92aa-3222-946e-fbcf398c841e,4980,830,14,1.68674698795,39.9334294497,1189.35821533,0,0,28.8682111118,398.070274992,14,1.68674698795,42.7145612855,1336.53912402,0,0,27.1050037953,1052.9934163,14,1.68674698795,20.9687018885,580.307848111,14,1.68674698795,3.71121465187,793.376048523
yolo11n,heldout,400,c8ec7be0-92aa-3222-946e-fbcf398c841e,4866,811,14,1.72626387176,49.6921056676,1189.35821533,0,0,37.5462364721,513.120138792,14,1.72626387176,51.9761713167,1354.3125313,0,0,34.1733730531,1297.17057496,14,1.72626387176,28.068549877,1114.88528791,15,1.84956843403,4.6135880549,618.102345245
yolo11n,heldout,500,c8ec7be0-92aa-3222-946e-fbcf398c841e,4770,795,14,1.76100628931,59.3238766597,1189.35821533,0,0,45.6886280468,610.672726145,14,1.76100628931,61.1693755097,1372.08593858,0,0,41.6059016263,1497.50561124,14,1.76100628931,35.2594675047,1181.39234334,17,2.13836477987,5.63438642107,1020.9268051
yolo11n,heldout,100,cae56e40-8470-3c9c-af75-6e444189488f,10770,1795,10,0.557103064067,13.7081685105,432.782711407,0,0,6.29988243799,102.824564388,10,0.557103064067,17.4603487355,519.929369334,0,0,10.0101565416,437.955179373,10,0.557103064067,5.3673548092,133.876808239,10,0.557103064067,2.1359467068,86.3096969149
yolo11n,heldout,200,cae56e40-8470-3c9c-af75-6e444189488f,10626,1771,10,0.564652738566,26.5847238679,865.565427142,0,0,12.1927098809,201.049843381,10,0.564652738566,29.7797059579,946.373932306,0,0,20.9960074594,933.55871996,10,0.564652738566,11.4542432642,889.863950369,10,0.564652738566,5.11319381367,917.599121094
yolo11n,heldout,300,cae56e40-8470-3c9c-af75-6e444189488f,10410,1735,10,0.576368876081,38.6026493395,1284.78460693,0,0,17.3866178468,277.850906799,10,0.576368876081,41.2474846767,1359.25495858,0,0,31.1991168849,1299.94454879,10,0.576368876081,17.0675385605,461.019799286,15,0.864553314121,6.97566668431,305.992875102
yolo11n,heldout,400,cae56e40-8470-3c9c-af75-6e444189488f,10152,1692,9,0.531914893617,49.6119924119,1365.61239624,0,0,21.9786089499,310.718078613,9,0.531914893617,51.7187558615,1421.26745038,0,0,41.5073541342,1367.75855133,9,0.531914893617,23.3255428511,690.743902566,14,0.827423167849,9.62463086651,461.094071568
yolo11n,heldout,500,cae56e40-8470-3c9c-af75-6e444189488f,9894,1649,9,0.545785324439,59.6962298084,1398.08642578,0,0,26.1355521305,369.988824739,9,0.545785324439,61.4076226538,1439.51224884,0,0,51.9204553748,1420.20302191,9,0.545785324439,30.3223435455,1009.14844839,14,0.848999393572,12.9890673638,933.628230353
yolo11n,heldout,100,d1395998-7e8a-417d-91e9-5ca6ec045ee1,5406,901,7,0.776914539401,8.46406104162,596.080871582,0,0,1.09385837689,23.0437986417,7,0.776914539401,10.6918013065,621.574183444,0,0,7.00884410874,492.802575797,7,0.776914539401,4.90907125408,273.73449305,7,0.776914539401,1.01360890201,99.1224336048
yolo11n,heldout,200,d1395998-7e8a-417d-91e9-5ca6ec045ee1,5310,885,7,0.790960451977,15.118966454,991.169618003,0,0,2.08235625846,46.0349832697,7,0.790960451977,16.9741083169,1089.81790005,0,0,12.9790716728,985.931650642,7,0.790960451977,9.34884348042,589.221435094,7,0.790960451977,2.04136846107,176.209318449
yolo11n,heldout,300,d1395998-7e8a-417d-91e9-5ca6ec045ee1,5238,873,7,0.801832760596,21.4965223759,1137.81542969,0,0,3.05506072889,66.7752367614,7,0.801832760596,23.073188053,1205.82095254,0,0,20.4922363863,1096.28725662,7,0.801832760596,14.7902551715,1082.22822831,8,0.916380297824,4.37223588078,844.560830592
yolo11n,heldout,400,d1395998-7e8a-417d-91e9-5ca6ec045ee1,5160,860,6,0.697674418605,26.6718290009,1299.26286452,0,0,3.99913752513,87.8657843785,6,0.697674418605,27.9844402202,1351.47033023,0,0,22.6454672427,1257.65796032,6,0.697674418605,16.0682448964,366.554147201,7,0.813953488372,4.23132452847,613.410979294
yolo11n,heldout,500,d1395998-7e8a-417d-91e9-5ca6ec045ee1,5094,849,6,0.706713780919,31.5919284952,1356.51986694,0,0,4.9355531372,106.909263349,6,0.706713780919,32.700480485,1400.83419306,0,0,26.6575828783,1307.27116301,6,0.706713780919,19.6911099974,705.084062031,7,0.824499411072,6.33124287826,1352.86022949
yolo11n,heldout,100,d3ca0450-2167-38fb-b34b-449741cb38f3,2748,458,8,1.74672489083,24.5260553191,783.83883667,0,0,16.7582003528,106.959324727,8,1.74672489083,31.0606024687,954.190562574,0,0,14.9667462817,777.30091635,8,1.74672489083,10.0843959206,181.608143147,8,1.74672489083,1.86920859432,37.6498702831
yolo11n,heldout,200,d3ca0450-2167-38fb-b34b-449741cb38f3,2712,452,8,1.76991150442,45.3168761181,1017.23388672,0,0,32.8479216093,204.171561892,8,1.76991150442,50.9939681746,1145.37355203,0,0,26.7515909716,1006.39462979,8,1.76991150442,19.8826191788,331.652554778,8,1.76991150442,3.81014738594,143.177933116
yolo11n,heldout,300,d3ca0450-2167-38fb-b34b-449741cb38f3,2670,445,8,1.79775280899,63.4218939903,1033.41795497,0,0,48.4142730222,307.086340415,8,1.79775280899,68.2708682401,1132.66455637,0,0,36.9683373065,1002.49268965,8,1.79775280899,29.9409606229,787.791726578,8,1.79775280899,6.13991148194,493.950138179
yolo11n,heldout,400,d3ca0450-2167-38fb-b34b-449741cb38f3,2622,437,8,1.83066361556,80.3740306736,1308.94714355,0,0,63.4334086186,420.577270508,8,1.83066361556,84.4229404028,1363.44938719,0,0,46.8833677214,1141.06752024,8,1.83066361556,39.1815518341,596.340298204,8,1.83066361556,8.65605957262,633.198640382
yolo11n,heldout,500,d3ca0450-2167-38fb-b34b-449741cb38f3,2568,428,7,1.63551401869,96.6446318174,1308.94714355,0,0,77.5826840998,515.13170596,7,1.63551401869,99.8968891527,1356.72304861,0,0,58.1013218394,1111.86870663,7,1.63551401869,49.2292396418,795.673611181,7,1.63551401869,15.5035664351,953.522677142
yolo11n,heldout,100,d5d6f11c-3026-3e0e-9d67-c111233e22de,7992,1332,10,0.750750750751,20.9466027209,599.528906683,0,0,8.77826836656,80.7568100652,9,0.675675675676,26.3831896705,731.011783908,0,0,15.498633655,592.441904662,10,0.750750750751,6.76939432611,196.572665332,10,0.750750750751,2.58295333166,89.046381076
yolo11n,heldout,200,d5d6f11c-3026-3e0e-9d67-c111233e22de,7806,1301,10,0.768639508071,39.5093286422,966.040912699,0,0,17.3796557333,154.386512683,9,0.691775557264,44.1760231215,1061.37520139,0,0,29.4510765897,908.026900272,10,0.768639508071,13.8906315999,405.803686459,10,0.768639508071,5.34936880051,185.392596003
yolo11n,heldout,300,d5d6f11c-3026-3e0e-9d67-c111233e22de,7608,1268,10,0.788643533123,55.757174661,1316.87165498,0,0,25.8057520155,217.337753296,9,0.709779179811,59.7963190064,1395.41938629,0,0,41.7131872295,1220.26953187,10,0.788643533123,21.4428459884,859.634572838,10,0.788643533123,8.26102106622,290.029729579
yolo11n,heldout,400,d5d6f11c-3026-3e0e-9d67-c111233e22de,7416,1236,9,0.728155339806,70.4526452796,1329.5213623,0,0,33.8824103686,264.672363281,9,0.728155339806,73.9262224657,1399.1637597,0,0,53.6640150628,1273.55409918,9,0.728155339806,29.1168970325,908.356437083,10,0.809061488673,11.6007949365,900.303161621
yolo11n,heldout,500,d5d6f11c-3026-3e0e-9d67-c111233e22de,7200,1200,8,0.666666666667,83.8068762293,1329.5213623,0,0,41.9055989033,313.83505249,8,0.666666666667,86.7293732692,1390.25842543,0,0,64.3669714791,1275.40490637,8,0.666666666667,36.4205820705,1122.04885599,9,0.75,15.3226865412,987.563354492
yolo11n,heldout,100,da036982-92bf-36a8-b880-4ccf4e20b74e,4320,720,12,1.66666666667,24.6439763267,1008.23706055,0,0,12.0195783557,119.674564593,12,1.66666666667,31.7529102263,1245.18576407,0,0,18.1205429651,993.806338545,12,1.66666666667,10.0559032741,250.812412963,12,1.66666666667,2.88198887617,110.219025784
yolo11n,heldout,200,da036982-92bf-36a8-b880-4ccf4e20b74e,4182,697,11,1.57819225251,45.135216298,1053.69360352,0,0,23.4948038901,292.324470171,11,1.57819225251,51.083682635,1223.20325528,0,0,34.7416953533,1534.12451236,11,1.57819225251,22.6549688526,1549,11,1.57819225251,7.38520856823,1549
yolo11n,heldout,300,da036982-92bf-36a8-b880-4ccf4e20b74e,4020,670,11,1.64179104478,63.1849139605,1292.80667114,0,0,34.2858926246,433.940797123,11,1.64179104478,68.135354039,1372.44218489,0,0,46.3257997723,1231.21796771,11,1.64179104478,32.0119831401,794.674546207,13,1.94029850746,8.74859264814,345.768012389
yolo11n,heldout,400,da036982-92bf-36a8-b880-4ccf4e20b74e,3894,649,11,1.69491525424,79.6251468527,1359.42431641,0,0,44.810520418,478.018310547,11,1.69491525424,83.711236829,1419.05516726,0,0,59.6095650425,1234.02955935,11,1.69491525424,44.6926244285,1097.26601181,13,2.0030816641,12.8877070694,1012.15570068
yolo11n,heldout,500,da036982-92bf-36a8-b880-4ccf4e20b74e,3768,628,11,1.75159235669,94.824575922,1401.72380066,0,0,55.3376678984,787.25793457,11,1.75159235669,98.0552730264,1437.70677552,0,0,73.2370417322,1234.61783964,11,1.75159235669,57.471471692,1185.49164899,15,2.38853503185,16.6104714928,864.53503418
yolo11n,heldout,100,dafe14f5-825c-4e7a-9009-6dfdfdd5b030,5454,909,7,0.770077007701,18.5100733593,617.689759035,0,0,5.34099309901,64.5127829793,7,0.770077007701,23.4279705122,752.039943911,0,0,14.3154390708,620.595828617,7,0.770077007701,6.5384246035,228.053600799,7,0.770077007701,2.1672563416,92.944633295
yolo11n,heldout,200,dafe14f5-825c-4e7a-9009-6dfdfdd5b030,5340,890,7,0.786516853933,33.9669583058,1088.52103963,0,0,10.4268329128,126.491135059,7,0.786516853933,38.1247961238,1196.38656329,0,0,26.6843052208,896.855204058,7,0.786516853933,13.7761577874,389.63602288,7,0.786516853933,4.60245640435,129.941551012
yolo11n,heldout,300,dafe14f5-825c-4e7a-9009-6dfdfdd5b030,5208,868,7,0.806451612903,46.5101061135,1303.1204834,0,0,15.2896683613,183.797759893,7,0.806451612903,49.9935690609,1382.01157307,0,0,38.0478396872,1146.6787152,7,0.806451612903,22.4019272371,707.277075418,7,0.806451612903,7.95888933585,391.700960225
yolo11n,heldout,400,dafe14f5-825c-4e7a-9009-6dfdfdd5b030,5082,847,7,0.826446280992,57.5600561952,1362.40673828,0,0,20.0036190058,232.648391724,7,0.826446280992,60.5169924665,1421.39080441,0,0,48.3866287962,1203.99653928,7,0.826446280992,30.7494244512,800.180442087,7,0.826446280992,12.2030648101,757.124023438
yolo11n,heldout,500,dafe14f5-825c-4e7a-9009-6dfdfdd5b030,4944,824,7,0.849514563107,68.2667307647,1403.16749573,0,0,24.47430192,270.003967285,7,0.849514563107,70.7617394505,1443.43151801,0,0,57.2385579364,1453.33981194,7,0.849514563107,36.9735121569,1040.88038137,7,0.849514563107,16.3941107436,1137.51583133
yolo11n,heldout,100,e1d68dde-22a9-3918-a526-0850b21ff2eb,3048,508,6,1.1811023622,24.8213018176,702.706420898,0,0,3.53416697399,25.4661756264,6,1.1811023622,31.6483966611,866.278302717,0,0,14.6879777295,533.667546096,6,1.1811023622,15.1851153539,276.152901435,6,1.1811023622,5.41024364895,142.749787879
yolo11n,heldout,200,e1d68dde-22a9-3918-a526-0850b21ff2eb,2994,499,6,1.20240480962,45.2950274972,919.327848164,0,0,6.94865113781,50.0141810182,6,1.20240480962,51.041802899,1006.93113071,0,0,26.0790419531,856.068195517,6,1.20240480962,30.3651403247,472.358515349,6,1.20240480962,10.5416687612,263.979398214
yolo11n,heldout,300,e1d68dde-22a9-3918-a526-0850b21ff2eb,2910,485,6,1.23711340206,62.7971850692,1152.06945801,0,0,10.3157209559,76.4776779749,6,1.23711340206,67.5109100657,1232.01199909,0,0,36.0152890516,1062.95080658,6,1.23711340206,45.9295524634,729.168130424,6,1.23711340206,16.1545398477,418.329073839
yolo11n,heldout,400,e1d68dde-22a9-3918-a526-0850b21ff2eb,2838,473,6,1.26849894292,78.9832308021,1152.06945801,0,0,13.5815449149,104.897520246,6,1.26849894292,82.6800725439,1224.35125733,0,0,46.8735923334,1075.03131319,6,1.26849894292,62.46540029,961.522149254,6,1.26849894292,22.4443021995,589.816487495
yolo11n,heldout,500,e1d68dde-22a9-3918-a526-0850b21ff2eb,2760,460,6,1.30434782609,93.4606886241,1152.06945801,0,0,16.7846584662,136.181264128,6,1.30434782609,96.0626996545,1216.69051618,0,0,62.8491840699,1159.69196189,6,1.30434782609,85.0136598643,1378.24569904,6,1.30434782609,33.263280519,946.210860257
yolo11n,heldout,100,e2e921fe-e489-3656-a0a2-5e17bd399ddf,4878,813,6,0.738007380074,12.2943654028,652.581490762,0,0,6.21768598181,53.8828678489,6,0.738007380074,15.6336801779,795.725727299,0,0,10.2359566979,650.54399861,6,0.738007380074,7.5009461079,143.98532658,6,0.738007380074,2.0997367979,51.1484253234
yolo11n,heldout,200,e2e921fe-e489-3656-a0a2-5e17bd399ddf,4764,794,5,0.629722921914,22.75991174,1078.06655884,0,0,12.5549960255,117.749358537,5,0.629722921914,25.5908952427,1207.94588205,0,0,20.0004287914,1074.38082144,5,0.629722921914,15.8442131589,381.532891359,5,0.629722921914,4.41265002243,106.051607263
yolo11n,heldout,300,e2e921fe-e489-3656-a0a2-5e17bd399ddf,4650,775,5,0.645161290323,31.9866995179,1078.06655884,0,0,18.7896180232,175.083890587,5,0.645161290323,34.3521455026,1194.68096872,0,0,30.2852543103,1072.78855209,5,0.645161290323,25.5678505675,859.651684028,5,0.645161290323,7.40861386556,240.497050272
yolo11n,heldout,400,e2e921fe-e489-3656-a0a2-5e17bd399ddf,4542,757,5,0.660501981506,40.860489147,1084.44362235,0,0,24.7964184746,216.579696655,5,0.660501981506,42.7777732776,1181.41605434,0,0,43.0897462639,1074.9924559,5,0.660501981506,37.8666261395,1355.03478959,5,0.660501981506,12.5484827357,1001.69741548
yolo11n,heldout,500,e2e921fe-e489-3656-a0a2-5e17bd399ddf,4428,738,4,0.542005420054,48.6140177448,1145.55883789,0,0,30.6565305259,250.804162962,4,0.542005420054,50.106763194,1182.4431482,0,0,48.7298210905,1126.30460909,4,0.542005420054,44.2162926489,1202.51319803,4,0.542005420054,16.6404444922,1212.29272461
yolo11n,heldout,100,e50e7698-de3d-355f-aca2-eddd09c09533,9042,1507,7,0.464499004645,18.2071400873,730.971931138,0,0,9.38484494721,119.04947085,7,0.464499004645,23.1661262138,897.032913463,0,0,12.7380534184,716.326876437,7,0.464499004645,7.38676847192,309.063031165,7,0.464499004645,2.1423141833,146.779425928
yolo11n,heldout,200,e50e7698-de3d-355f-aca2-eddd09c09533,8856,1476,7,0.474254742547,34.0818929322,1109.4251709,0,0,18.5628163135,221.005286837,7,0.474254742547,38.3237457693,1258.51193688,0,0,23.9734473345,1217.31982615,7,0.474254742547,15.367727769,1178.11463838,7,0.474254742547,5.29875940029,1019.68597412
yolo11n,heldout,300,e50e7698-de3d-355f-aca2-eddd09c09533,8652,1442,7,0.485436893204,48.7043948216,1109.4251709,0,0,27.3123937017,301.118814229,7,0.485436893204,52.2937820295,1241.53772172,0,0,33.0484517513,1073.32367508,7,0.485436893204,22.3525060964,916.390410218,10,0.693481276006,7.00762405224,1088.34863281
yolo11n,heldout,400,e50e7698-de3d-355f-aca2-eddd09c09533,8442,1407,7,0.497512437811,62.6002210808,1109.4251709,0,0,35.9282556083,442.240143808,7,0.497512437811,65.5970285892,1224.56350402,0,0,42.6760425148,1060.26007894,7,0.497512437811,30.3324058323,978.289075716,11,0.781805259417,9.18401772006,1056.61706543
yolo11n,heldout,500,e50e7698-de3d-355f-aca2-eddd09c09533,8220,1370,7,0.510948905109,75.503785615,1280.60784869,0,0,44.4400890906,540.177368164,7,0.510948905109,77.9154829782,1315.9337073,0,0,51.6154237968,1076.64820868,7,0.510948905109,38.5791774288,933.121055758,12,0.875912408759,12.0294261014,1026.43151855
yolo11n,heldout,100,e72ef05c-8b94-3885-a34f-fff3b2b954b4,6018,1003,12,1.1964107677,6.37687190795,860.636413574,0,0,0.029076291577,1,12,1.1964107677,8.1214158451,1046.60160008,0,0,4.1637858605,856.714231469,12,1.1964107677,3.69883179452,111.822136309,12,1.1964107677,0.44471413118,47.9760008247
yolo11n,heldout,200,e72ef05c-8b94-3885-a34f-fff3b2b954b4,5964,994,12,1.20724346076,11.6555609517,967.17010498,0,0,0.0373299965197,1,12,1.20724346076,13.0798307802,1124.7637405,0,0,7.59563530749,946.701580513,12,1.20724346076,6.96543208886,205.010071845,12,1.20724346076,0.80302226428,52.7022697775
yolo11n,heldout,300,e72ef05c-8b94-3885-a34f-fff3b2b954b4,5916,986,12,1.21703853955,16.3017290541,967.17010498,0,0,0.0426133147369,1,12,1.21703853955,17.4774151949,1110.01581813,0,0,10.6145954125,938.138761553,12,1.21703853955,10.0619228136,306.935177689,12,1.21703853955,1.15096611289,72.4782695463
yolo11n,heldout,400,e72ef05c-8b94-3885-a34f-fff3b2b954b4,5868,978,12,1.22699386503,20.5459163665,1032.34898672,0,0,0.0484345570212,1,12,1.22699386503,21.5239246424,1095.26789693,0,0,13.5339271944,930.441995879,12,1.22699386503,12.9897775758,374.547874881,12,1.22699386503,1.51222372321,88.9319143959
yolo11n,heldout,500,e72ef05c-8b94-3885-a34f-fff3b2b954b4,5814,969,12,1.23839009288,24.3174363866,1159.08679199,0,0,0.0563118458943,1,12,1.23839009288,25.1249995789,1164.12537207,0,0,16.4670283717,1058.94670955,12,1.23839009288,15.9496421961,856.020191893,12,1.23839009288,1.98083738806,289.004779157
yolo11n,heldout,100,e8c9fd64-fdd2-422d-a2a2-6f47500d1d12,5952,992,6,0.604838709677,17.9943913077,617.68359375,0,0,7.55471723077,68.9060196121,6,0.604838709677,22.6037978393,786.289416031,0,0,15.366100523,612.992194617,6,0.604838709677,9.03559601461,155.933651503,6,0.604838709677,3.30425285487,73.4072903748
yolo11n,heldout,200,e8c9fd64-fdd2-422d-a2a2-6f47500d1d12,5880,980,6,0.612244897959,33.3175020428,1068.77525703,0,0,15.1993816205,130.321408293,6,0.612244897959,37.2209674883,1175.31331722,0,0,28.8139149368,1073.41957478,6,0.612244897959,18.5714167865,288.091584471,6,0.612244897959,6.70474873769,148.954136706
yolo11n,heldout,300,e8c9fd64-fdd2-422d-a2a2-6f47500d1d12,5748,958,6,0.62630480167,45.8136278648,1297.20622253,0,0,22.851415506,200.773326589,6,0.62630480167,49.091217969,1386.33547019,0,0,40.4001052012,1239.84059337,6,0.62630480167,29.2247735982,403.837679691,6,0.62630480167,10.7227114805,252.254303211
yolo11n,heldout,400,e8c9fd64-fdd2-422d-a2a2-6f47500d1d12,5622,937,6,0.640341515475,57.9307950641,1346.31771851,0,0,30.6553666725,322.33290855,6,0.640341515475,60.7782747131,1409.35531254,0,0,54.3393574851,1338.11067158,6,0.640341515475,42.3561291543,1039.3393405,6,0.640341515475,17.0830481237,996.391250645
yolo11n,heldout,500,e8c9fd64-fdd2-422d-a2a2-6f47500d1d12,5490,915,5,0.546448087432,68.9185417151,1346.31771851,0,0,38.9793848211,480.65073419,5,0.546448087432,71.3621988538,1402.52192352,0,0,63.3128481001,1336.58577867,5,0.546448087432,52.2719018259,930.527341524,5,0.546448087432,21.966586752,945.479248047
yolo11n,heldout,100,eec284b2-840a-3c75-aa42-04d2e309bbe1,3570,595,5,0.840336134454,13.8956050607,524.840536719,0,0,4.75614538216,65.3134174129,5,0.840336134454,17.7211096912,639.682795843,0,0,9.71235720738,444.614209597,5,0.840336134454,4.98065990965,166.138549482,5,0.840336134454,1.60864771701,52.5920651049
yolo11n,heldout,200,eec284b2-840a-3c75-aa42-04d2e309bbe1,3504,584,5,0.856164383562,25.3912124249,688.205627441,0,0,9.04504173521,134.697692821,5,0.856164383562,28.6482217695,757.308356766,0,0,18.7097778709,615.20606293,5,0.856164383562,10.6001431622,339.267016167,5,0.856164383562,3.46205923985,106.214504732
yolo11n,heldout,300,eec284b2-840a-3c75-aa42-04d2e309bbe1,3450,575,5,0.869565217391,34.728062443,849.437316895,0,0,12.4917605995,182.911334259,5,0.869565217391,37.4457093986,905.181115503,0,0,27.5566183929,831.203920287,5,0.869565217391,17.1049799738,325.196675927,5,0.869565217391,5.90369652068,160.676673175
yolo11n,heldout,400,eec284b2-840a-3c75-aa42-04d2e309bbe1,3390,565,5,0.884955752212,43.1568565952,902.386804477,0,0,15.3351553467,233.57728823,5,0.884955752212,45.3846069715,938.001510037,0,0,36.0233206119,856.725041494,5,0.884955752212,24.5514327135,712.616606605,5,0.884955752212,8.48236038999,405.227488747
yolo11n,heldout,500,eec284b2-840a-3c75-aa42-04d2e309bbe1,3324,554,5,0.902527075812,50.766030224,1025.98962402,0,0,17.8905681284,275.583705814,5,0.902527075812,52.5364501479,1057.34091673,0,0,43.1511041764,970.951110734,5,0.902527075812,31.5690779511,816.300003001,6,1.08303249097,12.1042054049,803.119995117
yolo11n,heldout,100,f1275002-842e-3571-8f7d-05816bc7cf56,7998,1333,9,0.675168792198,13.6236897248,929.503689994,0,0,5.45667857725,145.254924074,9,0.675168792198,17.2767652718,1158.32146529,0,0,12.3715146855,894.826745567,9,0.675168792198,10.1284930426,400.276381165,9,0.675168792198,3.35627218179,176.426984013
yolo11n,heldout,200,f1275002-842e-3571-8f7d-05816bc7cf56,7920,1320,9,0.681818181818,25.4957351978,1190.25158691,0,0,10.8242270331,225.634075163,9,0.681818181818,28.6228947627,1316.86685745,0,0,24.1863223941,1226.24724735,9,0.681818181818,21.7282435062,1352.69941229,10,0.757575757576,8.08935507779,1192.48697461
yolo11n,heldout,300,f1275002-842e-3571-8f7d-05816bc7cf56,7800,1300,8,0.615384615385,35.5807818324,1315.8326555,0,0,15.7733375787,314.172056279,8,0.615384615385,38.2555186711,1394.19933768,0,0,31.500502254,1277.82419057,8,0.615384615385,29.1558585695,1020.41094832,15,1.15384615385,11.1434108203,1095.37426758
yolo11n,heldout,400,f1275002-842e-3571-8f7d-05816bc7cf56,7686,1281,8,0.624512099922,44.9430373487,1326.9041748,0,0,20.6803235056,388.441521839,8,0.624512099922,47.2140140944,1396.34811269,0,0,39.14453284,1278.74499838,8,0.624512099922,35.2820399637,913.761657093,18,1.40515222482,14.676540035,1201.89758301
yolo11n,heldout,500,f1275002-842e-3571-8f7d-05816bc7cf56,7584,1264,8,0.632911392405,53.9752603598,1326.9041748,0,0,25.6456116367,448.333129883,8,0.632911392405,55.8553276815,1387.42536831,0,0,47.5699746209,1269.48906961,8,0.632911392405,43.6986841113,1050.37174765,24,1.89873417722,16.218349239,1182.06796265
yolo11n,heldout,100,f2576c8a-da9b-450e-88cf-a70af1b0eadf,2658,443,16,3.61173814898,17.1000916922,890.738913057,0,0,6.30398401577,83.1092096141,16,3.61173814898,22.1180232248,1084.89498999,0,0,12.7600670146,822.328941056,16,3.61173814898,9.13554844545,174.649451528,16,3.61173814898,2.17492203191,52.855528478
yolo11n,heldout,200,f2576c8a-da9b-450e-88cf-a70af1b0eadf,2628,438,16,3.65296803653,31.8345663994,981.934753418,0,0,12.5110576574,182.329992577,16,3.65296803653,35.7610611546,1158.41001565,0,0,24.4626065766,851.285381709,16,3.65296803653,19.5906621721,550.86655302,16,3.65296803653,4.72090831108,223.293361238
yolo11n,heldout,300,f2576c8a-da9b-450e-88cf-a70af1b0eadf,2586,431,16,3.71229698376,45.2911671096,981.934753418,0,0,18.5529690383,215.891967773,16,3.71229698376,48.2760977539,1140.72920113,0,0,34.1879571525,946.688257051,16,3.71229698376,29.4086510385,646.991902714,17,3.94431554524,7.52566060503,424.244196793
yolo11n,heldout,400,f2576c8a-da9b-450e-88cf-a70af1b0eadf,2538,423,15,3.54609929078,58.0775251201,1067.54858398,0,0,24.5461241952,218.889458466,15,3.54609929078,60.2467522361,1123.04838643,0,0,45.8222256614,1063.23341662,15,3.54609929078,41.9457547609,827.372711904,16,3.78250591017,11.5109732433,984.858375385
yolo11n,heldout,500,f2576c8a-da9b-450e-88cf-a70af1b0eadf,2496,416,15,3.60576923077,70.6219402109,1083.48815918,0,0,30.6863356127,299.241852746,15,3.60576923077,72.0715778296,1115.07127101,0,0,58.550963998,1103.5083294,15,3.60576923077,55.3927147364,1039.26191289,18,4.32692307692,14.1597583913,714.58327043
yolo11n,heldout,100,f292cc5c-7a90-360d-b62a-074c643bdf59,5880,980,15,1.5306122449,19.66305496,849.028540823,0,0,9.07181560836,163.067047995,15,1.5306122449,25.4730578465,1024.52442138,0,0,13.7651235549,804.99903361,15,1.5306122449,6.43768892705,243.939482578,15,1.5306122449,1.8788644661,76.1024842609
yolo11n,heldout,200,f292cc5c-7a90-360d-b62a-074c643bdf59,5754,959,15,1.56412930136,36.1631303674,1190.82449341,0,0,17.4975583325,286.037072477,15,1.56412930136,41.1160764538,1333.27100296,0,0,25.8686691977,1295.35491358,15,1.56412930136,13.2682200989,550.202406083,15,1.56412930136,4.08140325146,387.170188769
yolo11n,heldout,300,f292cc5c-7a90-360d-b62a-074c643bdf59,5622,937,15,1.60085378869,49.8002765595,1315.03758608,0,0,25.3362256553,400.27734369,15,1.60085378869,54.0112724589,1393.59531276,0,0,36.1083814749,1373.86057781,15,1.60085378869,19.615331493,974.8230341,15,1.60085378869,6.19078845638,772.723834038
yolo11n,heldout,400,f292cc5c-7a90-360d-b62a-074c643bdf59,5466,911,15,1.64654226125,61.4114805811,1328.45606995,0,0,32.5195027852,507.640440788,15,1.64654226125,64.9435137334,1398.25653581,0,0,46.0315150677,1502.98368022,15,1.64654226125,27.1429488551,1036.67623184,15,1.64654226125,9.23450483696,1016.93438721
yolo11n,heldout,500,f292cc5c-7a90-360d-b62a-074c643bdf59,5298,883,14,1.58550396376,69.0938265586,1331.64707295,0,0,38.7803417749,632.697178912,14,1.58550396376,71.8428678448,1389.49927464,0,0,51.3839825032,1358.33588915,14,1.58550396376,32.3720920001,1043.59905969,15,1.69875424689,10.5580010161,1345.00854492
yolo11n,heldout,100,f6cc0ebf-fc6a-3bf2-8bcb-76d8c43f194e,9360,1560,11,0.705128205128,17.1242244438,742.657196856,0,0,5.30711888755,84.7959530009,11,0.705128205128,21.6017819572,906.572352272,0,0,15.373382752,736.554432479,11,0.705128205128,7.61002568701,478.648556763,11,0.705128205128,2.35153645739,85.2229796512
yolo11n,heldout,200,f6cc0ebf-fc6a-3bf2-8bcb-76d8c43f194e,9270,1545,11,0.711974110032,31.9345651125,1189.04592896,0,0,10.5859244026,167.97752499,11,0.711974110032,35.7264368569,1331.76468567,0,0,29.4208113526,1191.53928786,11,0.711974110032,15.5284888462,1117.41915359,12,0.776699029126,4.87761911188,801.296646411
yolo11n,heldout,300,f6cc0ebf-fc6a-3bf2-8bcb-76d8c43f194e,9180,1530,11,0.718954248366,43.9597982509,1318.8391571,0,0,15.8502268213,249.828635343,11,0.718954248366,47.1913370521,1400.89577242,0,0,39.9000807056,1325.05654024,11,0.718954248366,22.6391327068,750.560691429,13,0.849673202614,7.21382228194,1250.66789431
yolo11n,heldout,400,f6cc0ebf-fc6a-3bf2-8bcb-76d8c43f194e,9060,1510,11,0.728476821192,53.6633009989,1353.00395203,0,0,21.3747303532,390.811320657,11,0.728476821192,56.4560428223,1414.30417543,0,0,49.9992748324,1350.5697288,11,0.728476821192,31.7145184225,897.367864882,15,0.993377483444,10.1077946097,759.577738471
yolo11n,heldout,500,f6cc0ebf-fc6a-3bf2-8bcb-76d8c43f194e,8964,1494,11,0.736278447122,61.6601231104,1388.4140625,0,0,27.1788003931,462.551064223,11,0.736278447122,64.0393760458,1429.76449185,0,0,55.1471351249,1368.86645465,11,0.736278447122,37.4325700803,1020.27211197,15,1.00401606426,11.378714199,913.411024319
yolo11n,model_selection,100,069cc46d-38bb-309d-88cf-296a3d0c0820,9420,1570,17,1.08280254777,14.8604625586,596.10678483,0,0,7.30943027223,111.079154496,17,1.08280254777,18.943680507,717.786741749,0,0,10.5092854079,594.260302724,17,1.08280254777,6.49338631838,264.723045601,17,1.08280254777,2.14615631574,67.9611683064
yolo11n,model_selection,200,069cc46d-38bb-309d-88cf-296a3d0c0820,9276,1546,16,1.03492884864,28.1585786702,1192.21347428,0,0,14.0895549839,194.614990234,16,1.03492884864,31.6268746785,1303.81815058,0,0,21.4727715976,1187.1703017,16,1.03492884864,13.6942321255,800.81097649,16,1.03492884864,4.67069932984,676.91107678
yolo11n,model_selection,300,069cc46d-38bb-309d-88cf-296a3d0c0820,9066,1511,15,0.992720052945,40.2974661967,1255.79858398,0,0,20.5428056614,308.797088623,15,0.992720052945,43.2157575085,1361.09928932,0,0,32.4175921851,1276.32719672,15,0.992720052945,21.3730264104,779.168839194,15,0.992720052945,7.4334034879,371.652675116
yolo11n,model_selection,400,069cc46d-38bb-309d-88cf-296a3d0c0820,8844,1474,15,1.01763907734,51.4335943313,1255.79858398,0,0,26.6168416361,524.910978041,15,1.01763907734,53.8430671783,1349.49233203,0,0,43.7444731409,1282.30682359,15,1.01763907734,29.6574747477,1029.95493679,15,1.01763907734,11.3048051522,861.583312988
yolo11n,model_selection,500,069cc46d-38bb-309d-88cf-296a3d0c0820,8646,1441,15,1.04094378904,61.9595206238,1255.79858398,0,0,32.3280945231,658.503654671,15,1.04094378904,63.899546005,1337.88537335,0,0,56.0714918077,1287.36548484,15,1.04094378904,38.5086323286,1214.51694632,19,1.31852879944,14.9211589268,995.467953794
yolo11n,model_selection,100,0b324587-6097-3f92-a07a-a44f48c85d9e,2952,492,14,2.84552845528,22.3360997969,845.529710122,0,0,10.8835157718,74.5741891709,13,2.64227642276,28.101214216,1031.33571308,0,0,15.3581652062,846.415705869,14,2.84552845528,7.78345635553,152.618966454,14,2.84552845528,2.33235030341,64.6262061748
yolo11n,model_selection,200,0b324587-6097-3f92-a07a-a44f48c85d9e,2892,482,14,2.90456431535,41.1194058746,1123.24206543,0,0,21.640052261,136.290484425,13,2.69709543568,46.0920882384,1291.78304834,0,0,28.3280572351,1124.69074732,14,2.90456431535,16.3258271614,608.513816473,14,2.90456431535,4.98576387677,338.325855246
yolo11n,model_selection,300,0b324587-6097-3f92-a07a-a44f48c85d9e,2796,466,14,3.00429184549,57.9441991847,1256.047228,0,0,32.0344053343,187.672465415,13,2.78969957082,62.1371303229,1330.96427654,0,0,39.2208283714,1267.823123,14,3.00429184549,24.1912544035,318.348931471,14,3.00429184549,7.85924363732,680.041381836
yolo11n,model_selection,400,0b324587-6097-3f92-a07a-a44f48c85d9e,2700,450,14,3.11111111111,72.9766004111,1338.99804688,0,0,42.551773841,264.395005289,13,2.88888888889,76.4425279229,1405.35460272,0,0,50.5334731565,1354.21506281,14,3.11111111111,33.5528570497,660.342965083,14,3.11111111111,10.2519166521,449.880007041
yolo11n,model_selection,500,0b324587-6097-3f92-a07a-a44f48c85d9e,2604,434,13,2.99539170507,87.5690907061,1338.99804688,0,0,53.2868518366,328.880494172,12,2.76497695853,90.3833555908,1396.79411011,0,0,61.8820982847,1357.23515238,13,2.99539170507,43.9182627609,969.370977891,13,2.99539170507,13.8307859869,726.03607565
yolo11n,model_selection,100,12c3c14b-9cf2-3434-9a5d-e0bfa332f6ce,9024,1504,8,0.531914893617,13.2295191803,817.545980192,0,0,6.04962446779,106.479465538,7,0.465425531915,16.8298375718,998.105852448,0,0,10.044941049,816.29186422,8,0.531914893617,7.01862293632,433.622566072,8,0.531914893617,2.28028430279,61.4622184864
yolo11n,model_selection,200,12c3c14b-9cf2-3434-9a5d-e0bfa332f6ce,8856,1476,8,0.542005420054,24.75641862,1128.21765137,0,0,12.0976477372,209.999294507,7,0.474254742547,27.8470864503,1291.8452834,0,0,19.4919266847,1137.53308136,8,0.542005420054,14.2962326297,1175.16640447,9,0.609756097561,4.85026111105,646.001071641
yolo11n,model_selection,300,12c3c14b-9cf2-3434-9a5d-e0bfa332f6ce,8664,1444,7,0.484764542936,35.3784698415,1270.32943726,0,0,18.0641521786,398.648400638,6,0.415512465374,38.0633831532,1359.74708372,0,0,28.0688096209,1273.96932803,7,0.484764542936,21.944652616,423.584194789,10,0.692520775623,6.96084867174,184.435830588
yolo11n,model_selection,400,12c3c14b-9cf2-3434-9a5d-e0bfa332f6ce,8490,1415,6,0.424028268551,45.0808746959,1270.32943726,0,0,24.1092154773,540.630981445,6,0.424028268551,47.3773488811,1350.83167299,0,0,36.3951687854,1275.60917336,6,0.424028268551,30.5776592204,647.297438822,9,0.636042402827,9.63605710733,244.881345618
yolo11n,model_selection,500,12c3c14b-9cf2-3434-9a5d-e0bfa332f6ce,8304,1384,5,0.361271676301,54.3195561161,1392.35978699,0,0,30.0601376063,737.315551758,5,0.361271676301,56.2319524373,1432.04217418,0,0,44.7395839939,1373.27713069,5,0.361271676301,39.8585426132,737.315551758,8,0.578034682081,12.6293589219,357.101901684
yolo11n,model_selection,100,1842383a-1577-3b7a-90db-41a9a6668ee2,9546,1591,9,0.565681961031,13.2511811777,840.540460101,0,0,6.66293178674,64.2569610565,9,0.565681961031,16.7658293609,1018.50643688,0,0,9.21846874795,830.515509896,9,0.565681961031,7.91234670108,188.753496182,9,0.565681961031,1.45608922908,120.935382514
yolo11n,model_selection,200,1842383a-1577-3b7a-90db-41a9a6668ee2,9312,1552,9,0.579896907216,25.4272749639,1117.36218262,0,0,13.2220171014,115.889628937,9,0.579896907216,28.3961594721,1280.36202973,0,0,17.9402296006,1098.06458663,9,0.579896907216,15.908746792,370.230331905,9,0.579896907216,2.89475712461,121.955506176
yolo11n,model_selection,300,1842383a-1577-3b7a-90db-41a9a6668ee2,9054,1509,9,0.596421471173,36.6571917309,1325.21107483,0,0,19.7527701251,180.958031139,9,0.596421471173,39.124845035,1404.6393086,0,0,26.8452872624,1269.28108595,9,0.596421471173,24.6568529393,672.844636052,9,0.596421471173,4.73276427961,413.459011588
yolo11n,model_selection,400,1842383a-1577-3b7a-90db-41a9a6668ee2,8724,1454,9,0.618982118294,46.2892239424,1369.7000885,0,0,26.1701894756,247.047882891,9,0.618982118294,48.3768954025,1426.59650865,0,0,34.9988411961,1316.03102501,9,0.618982118294,33.9917469004,1031.05081442,9,0.618982118294,6.92431177332,957.448825931
yolo11n,model_selection,500,1842383a-1577-3b7a-90db-41a9a6668ee2,8418,1403,9,0.64148253742,54.449746295,1369.7000885,0,0,32.5113155086,349.149009562,9,0.64148253742,56.1469659996,1419.44097384,0,0,41.8159201593,1306.09243305,9,0.64148253742,42.0911937354,915.614588158,9,0.64148253742,9.39421860774,946.171264648
yolo11n,model_selection,100,271f4204-dd77-350b-b9db-5dabc4191985,2616,436,6,1.37614678899,31.5717756649,649.248413086,0,0,13.9259977905,130.074850559,6,1.37614678899,40.2269309756,747.642801475,0,0,21.9843298575,604.373533751,6,1.37614678899,4.81685376062,105.609730761,6,1.37614678899,1.1786516059,48.6018344615
yolo11n,model_selection,200,271f4204-dd77-350b-b9db-5dabc4191985,2574,429,6,1.3986013986,56.216085897,1011.51796457,0,0,27.2489099098,260.633776649,6,1.3986013986,63.6033219262,1111.05634028,0,0,38.3669363731,1102.85699388,6,1.3986013986,9.82795571923,216.36043965,6,1.3986013986,2.40375044313,104.250751307
yolo11n,model_selection,300,271f4204-dd77-350b-b9db-5dabc4191985,2532,422,6,1.42180094787,76.9674967802,1323.91539937,0,0,40.0561770102,323.024303813,6,1.42180094787,83.2519833332,1399.23025547,0,0,52.4279610498,1544.16210347,6,1.42180094787,14.7572110572,331.975728696,6,1.42180094787,3.59178575709,168.136128131
yolo11n,model_selection,400,271f4204-dd77-350b-b9db-5dabc4191985,2478,413,6,1.45278450363,92.6838234077,1239.37347412,0,0,52.258624114,418.760446148,6,1.45278450363,97.8239562756,1305.05064052,0,0,62.6421673443,1227.91502622,6,1.45278450363,19.9805792423,452.539143734,6,1.45278450363,4.7987853338,241.352234231
yolo11n,model_selection,500,271f4204-dd77-350b-b9db-5dabc4191985,2436,406,6,1.47783251232,108.985694452,1239.37347412,0,0,64.3858412356,515.769962003,6,1.47783251232,113.227876537,1296.74347308,0,0,75.3620509788,1229.07647475,6,1.47783251232,24.7579809545,511.002362958,6,1.47783251232,5.60744445509,139.236641731
yolo11n,model_selection,100,8858428d-8fd5-3c3f-8ca4-d01f6e25e63c,3924,654,0,0,10.9533070036,327.101918898,0,0,6.95486153786,122.132604891,0,0,13.8526629634,399.041651948,0,0,7.94467064442,321.508725856,0,0,5.41696826591,154.216865843,0,0,1.69486301311,45.158667282
yolo11n,model_selection,200,8858428d-8fd5-3c3f-8ca4-d01f6e25e63c,3882,647,0,0,21.3643302432,654.203837796,0,0,13.701506556,224.771382191,0,0,23.8443241112,719.443841282,0,0,16.6119034159,643.751154705,0,0,11.5902067697,497.55111761,0,0,3.7528154702,101.08415231
yolo11n,model_selection,300,8858428d-8fd5-3c3f-8ca4-d01f6e25e63c,3840,640,0,0,30.9502448791,817.704977275,0,0,20.1653892513,320.195580174,0,0,33.0331598312,866.495937128,0,0,28.4118376004,1231.35008742,0,0,21.5333183663,1392.86742112,0,0,7.93232269905,727.533333344
yolo11n,model_selection,400,8858428d-8fd5-3c3f-8ca4-d01f6e25e63c,3786,631,0,0,39.7512798281,1090.27330122,0,0,26.180609617,413.267809705,0,0,41.4643919077,1133.48131883,0,0,35.7976412855,1194.90172921,0,0,23.5361221022,1096.38724491,2,0.316957210777,14.6773762918,1322.95349121
yolo11n,model_selection,500,8858428d-8fd5-3c3f-8ca4-d01f6e25e63c,3720,620,0,0,47.7192290006,1362.84163333,0,0,31.4006980826,470.859994244,0,0,49.0720451163,1400.46670854,0,0,40.6299489202,1362.84163333,0,0,25.6403600334,1289.70544075,6,0.967741935484,12.9002868357,1205.01887854
yolo11n,model_selection,100,8940f5f1-13e0-3094-99ba-da2d17639774,6030,1005,8,0.796019900498,22.1655437718,621.495932161,0,0,6.92944307459,126.816019398,8,0.796019900498,27.8723441117,731.737938062,0,0,18.4997573752,594.759139058,8,0.796019900498,10.3579648028,395.525225448,8,0.796019900498,2.99622990703,84.4653717846
yolo11n,model_selection,200,8940f5f1-13e0-3094-99ba-da2d17639774,5940,990,8,0.808080808081,41.323138359,1218.12585449,0,0,13.9589179952,322.664618788,8,0.808080808081,46.1980652186,1239.6582854,0,0,35.4338302523,1139.43972992,8,0.808080808081,21.6862436684,1095.09673376,9,0.909090909091,6.39246446694,768.151792915
yolo11n,model_selection,300,8940f5f1-13e0-3094-99ba-da2d17639774,5808,968,7,0.723140495868,57.4934333792,1293.67790981,0,0,21.2765338444,492.410522461,7,0.723140495868,61.6549935057,1369.59427467,0,0,47.4208997841,1299.22875835,7,0.723140495868,32.1776892042,700.621620992,10,1.03305785124,9.12295328209,1053.98791504
yolo11n,model_selection,400,8940f5f1-13e0-3094-99ba-da2d17639774,5682,947,7,0.739176346357,71.346816868,1331.06918335,0,0,28.5085535631,550.78918457,7,0.739176346357,74.8923367742,1399.22855335,0,0,59.0931613587,1337.71827074,7,0.739176346357,44.1911172898,905.57234726,11,1.16156282999,12.2505896677,849.057826021
yolo11n,model_selection,500,8940f5f1-13e0-3094-99ba-da2d17639774,5556,926,6,0.647948164147,83.6936065106,1403.46757507,0,0,35.6930035276,885.719848633,6,0.647948164147,86.6500575138,1443.3022246,0,0,69.6925016109,1339.74031601,6,0.647948164147,56.3259665914,1235.77291829,11,1.1879049676,15.5094933123,950.733398438
yolo11n,model_selection,100,8c52d911-fe34-3424-9864-d3fdfac38064,3336,556,3,0.539568345324,18.5571946733,592.637695312,0,0,5.76321965153,82.8561415392,3,0.539568345324,23.4221655368,778.448463736,0,0,12.9607612743,523.630146703,3,0.539568345324,8.32865121531,150.387274216,3,0.539568345324,2.82222006699,59.4773835548
yolo11n,model_selection,200,8c52d911-fe34-3424-9864-d3fdfac38064,3270,545,3,0.550458715596,35.2800543717,944.870928398,0,0,11.4340155634,173.070501428,3,0.550458715596,39.5285582228,1039.05861724,0,0,24.8658160046,872.696088856,3,0.550458715596,17.3805911756,349.414273776,3,0.550458715596,5.98031398669,248.490255976
yolo11n,model_selection,300,8c52d911-fe34-3424-9864-d3fdfac38064,3192,532,3,0.563909774436,50.4849752736,1309.40979004,0,0,16.6448125455,260.266919211,3,0.563909774436,54.0906885673,1393.93757558,0,0,36.1402989207,1195.53804317,3,0.563909774436,27.4232923731,733.64063303,3,0.563909774436,9.56911472532,445.295763538
yolo11n,model_selection,400,8c52d911-fe34-3424-9864-d3fdfac38064,3114,519,3,0.578034682081,63.9009183775,1309.40979004,0,0,21.7364524838,290.270463927,3,0.578034682081,66.9165146352,1384.27767159,0,0,45.5421489201,1153.55391897,3,0.578034682081,37.6087964852,1027.63654628,3,0.578034682081,13.9952382056,775.175170898
yolo11n,model_selection,500,8c52d911-fe34-3424-9864-d3fdfac38064,3024,504,3,0.595238095238,75.1797791563,1396.75720215,0,0,27.0886402571,423.172718962,3,0.595238095238,77.6236251402,1438.13123798,0,0,54.0197825715,1202.21335156,3,0.595238095238,47.1361193133,1298.81087852,4,0.793650793651,17.7403090004,1041.2753778
yolo11n,model_selection,100,8feb3dbe-4450-3aeb-b22b-e65128aa696b,486,81,4,4.93827160494,21.9164144204,554.255559809,0,0,8.9919981035,71.6566314697,4,4.93827160494,27.5280284884,671.406704388,0,0,15.4035583619,517.403722121,4,4.93827160494,11.0436308382,127.622392786,4,4.93827160494,3.17302755837,60.3864527527
yolo11n,model_selection,200,8feb3dbe-4450-3aeb-b22b-e65128aa696b,468,78,4,5.12820512821,38.633000558,726.289855957,0,0,17.4170568847,136.502639771,4,5.12820512821,43.1829034871,829.515101236,0,0,26.5198415616,654.005770048,4,5.12820512821,21.8530448067,233.37904413,4,5.12820512821,6.00776442652,100.296180461
yolo11n,model_selection,300,8feb3dbe-4450-3aeb-b22b-e65128aa696b,450,75,4,5.33333333333,52.0652255201,726.289855957,0,0,24.7924353669,189.698776245,4,5.33333333333,55.6016374789,815.589202492,0,0,37.5892835932,619.925253132,4,5.33333333333,33.8491967893,473.841025361,4,5.33333333333,9.55129864688,221.3690971
yolo11n,model_selection,400,8feb3dbe-4450-3aeb-b22b-e65128aa696b,420,70,4,5.71428571429,62.3546373474,726.289855957,0,0,30.9021456983,240.495590243,4,5.71428571429,64.9325601662,801.663304167,0,0,53.9043274381,795.422422652,4,5.71428571429,47.7685902799,807.615305568,4,5.71428571429,16.9451200185,664.265618219
yolo11n,model_selection,500,8feb3dbe-4450-3aeb-b22b-e65128aa696b,396,66,3,4.54545454545,74.3940750817,726.289855957,0,0,36.3673112432,268.61533034,3,4.54545454545,76.1533991485,787.737404727,0,0,56.4772275428,555.831939723,3,4.54545454545,51.408763175,547.052210257,3,4.54545454545,26.7670433458,826.420959652
yolo11n,model_selection,100,902d5e72-b665-3615-af2d-a2b6164864b2,8028,1338,5,0.373692077728,13.4690147625,673.545876567,0,0,5.71944320863,68.2493306798,5,0.373692077728,16.9847868025,822.65455383,0,0,10.0525822289,661.589874449,5,0.373692077728,8.24836454284,191.251308743,5,0.373692077728,2.1829836893,86.7899649458
yolo11n,model_selection,200,902d5e72-b665-3615-af2d-a2b6164864b2,7920,1320,5,0.378787878788,26.2590993097,1126.14611816,0,0,11.2567071455,131.906445563,5,0.378787878788,29.2592900077,1255.54261666,0,0,20.66231775,1184.74396481,5,0.378787878788,17.5998842134,1227.42194742,5,0.378787878788,4.99619071934,989.017815587
yolo11n,model_selection,300,902d5e72-b665-3615-af2d-a2b6164864b2,7806,1301,5,0.384319754035,37.7790362101,1126.14611816,0,0,16.6479086007,179.213101578,5,0.384319754035,40.3316203314,1242.01447787,0,0,29.0398130068,1094.20314349,5,0.384319754035,25.8736345204,838.715935059,5,0.384319754035,8.11600479569,1242.65438843
yolo11n,model_selection,400,902d5e72-b665-3615-af2d-a2b6164864b2,7692,1282,5,0.390015600624,48.1138574282,1231.20413208,0,0,21.9728047618,257.399483864,5,0.390015600624,50.2330686002,1282.10578064,0,0,38.4011319258,1165.28269402,5,0.390015600624,35.1204780888,969.093460398,7,0.546021840874,9.97770367587,934.814373326
yolo11n,model_selection,500,902d5e72-b665-3615-af2d-a2b6164864b2,7572,1262,5,0.396196513471,57.9171684681,1231.20413208,0,0,27.3778493236,364.482057302,5,0.396196513471,59.6576269416,1274.1890507,0,0,48.134579033,1237.55695165,5,0.396196513471,45.3932825567,1070.6863225,7,0.554675118859,13.6177266698,1006.01605225
yolo11n,model_selection,100,9441ffdd-f06e-36e0-839e-b836b0f19bc9,3846,641,9,1.40405616225,15.1447852834,789.664391098,0,0,5.67357796284,62.8553394353,9,1.40405616225,19.0242635894,961.875028827,0,0,12.1534204294,750.137234566,9,1.40405616225,8.02983433001,115.93262929,9,1.40405616225,2.25169457191,76.5150507984
yolo11n,model_selection,200,9441ffdd-f06e-36e0-839e-b836b0f19bc9,3780,630,9,1.42857142857,29.0610271764,1121.22283936,0,0,11.5031885248,134.530283117,9,1.42857142857,32.355902072,1277.66512453,0,0,23.3880305195,1045.81925848,9,1.42857142857,16.1568029364,403.057149611,9,1.42857142857,4.46894002455,168.324270775
yolo11n,model_selection,300,9441ffdd-f06e-36e0-839e-b836b0f19bc9,3708,618,9,1.45631067961,41.3828034428,1121.22283936,0,0,17.4797109878,187.780210644,9,1.45631067961,44.2346748047,1261.89677024,0,0,32.9012111166,1013.6913338,9,1.45631067961,25.2490842752,707.825685765,9,1.45631067961,6.87645885927,280.282659356
yolo11n,model_selection,400,9441ffdd-f06e-36e0-839e-b836b0f19bc9,3630,605,9,1.48760330579,52.7863611951,1280.32007286,0,0,23.6336748038,233.494896386,9,1.48760330579,55.2293610648,1331.04083527,0,0,42.971340891,1113.7849558,9,1.48760330579,32.7507703877,504.619635367,11,1.81818181818,9.16900107871,331.629997426
yolo11n,model_selection,500,9441ffdd-f06e-36e0-839e-b836b0f19bc9,3558,593,9,1.51770657673,63.0181662782,1388.51197815,0,0,30.1206311927,272.070524198,9,1.51770657673,65.0616100393,1432.72583197,0,0,50.8489039515,1191.67616583,9,1.51770657673,42.4094530411,820.620796946,11,1.85497470489,11.8310225634,483.968293011
yolo11n,model_selection,100,a059b6b9-ca26-4881-bcf7-d202433de0c2,4206,701,4,0.570613409415,20.2063238559,891.588685458,0,0,10.203486528,99.6911124652,3,0.427960057061,25.6365875105,1087.10449904,0,0,16.0139671704,875.291085794,4,0.570613409415,10.8075096473,213.76359546,4,0.570613409415,2.77919461512,90.3467503715
yolo11n,model_selection,200,a059b6b9-ca26-4881-bcf7-d202433de0c2,4134,689,4,0.580551523948,35.3979058428,1126.76257324,0,0,19.9139914571,191.413621426,3,0.435413642961,40.119660402,1294.61618846,0,0,26.9632585963,1095.58130608,4,0.580551523948,21.2645116448,454.097301083,4,0.580551523948,5.90431160071,598.334106445
yolo11n,model_selection,300,a059b6b9-ca26-4881-bcf7-d202433de0c2,4074,679,4,0.589101620029,47.1406944276,1126.76257324,0,0,30.0214680808,297.555370596,3,0.441826215022,51.2067223139,1277.47307564,0,0,35.84821595,1092.30740769,4,0.589101620029,32.1821618979,724.724356543,5,0.736377025037,8.2172617124,421.482227106
yolo11n,model_selection,400,a059b6b9-ca26-4881-bcf7-d202433de0c2,3984,664,4,0.602409638554,56.8806144827,1224.70324135,0,0,40.9253786351,402.726574187,3,0.451807228916,60.360139414,1273.24869171,0,0,43.2026820152,1106.3724514,4,0.602409638554,42.6259601283,1035.53278157,4,0.602409638554,10.6258752744,790.991781472
yolo11n,model_selection,500,a059b6b9-ca26-4881-bcf7-d202433de0c2,3882,647,3,0.463678516229,65.065870108,1375.31481934,0,0,52.9728146092,584.935424805,3,0.463678516229,67.9684237363,1415.07193531,0,0,50.0875314172,1100.6374956,3,0.463678516229,53.7548860826,1180.19311912,5,0.772797527048,11.788495039,350.972337252
yolo11n,model_selection,100,a1c1d559-0480-39d2-94f0-1a89f0226c4f,5334,889,6,0.674915635546,25.3004393856,972.314345108,0,0,10.3830741148,122.399749884,6,0.674915635546,31.7128486675,1184.10278418,0,0,22.0268404885,969.454876995,6,0.674915635546,14.1735036616,221.575110245,6,0.674915635546,4.4717794852,143.574751566
yolo11n,model_selection,200,a1c1d559-0480-39d2-94f0-1a89f0226c4f,5196,866,6,0.692840646651,45.359482554,1095.98178016,0,0,20.9956181134,244.230593361,6,0.692840646651,50.9051250778,1243.65226015,0,0,39.1801617321,1062.11690871,6,0.692840646651,29.4816188243,997.825976116,6,0.692840646651,9.6890786439,803.506169927
yolo11n,model_selection,300,a1c1d559-0480-39d2-94f0-1a89f0226c4f,5052,842,6,0.712589073634,63.75351794,1215.83230591,0,0,31.7257006912,488.511051869,6,0.712589073634,68.5842028629,1298.65436646,0,0,54.9876381919,1082.67894174,6,0.712589073634,46.8297248933,938.809367577,8,0.950118764846,15.0910469524,773.128086972
yolo11n,model_selection,400,a1c1d559-0480-39d2-94f0-1a89f0226c4f,4902,817,5,0.611995104039,79.4924209547,1364.76830903,0,0,42.6099394595,581.687135666,5,0.611995104039,83.6347671158,1418.84905443,0,0,72.8166969707,1374.09689056,5,0.611995104039,60.837461905,1549,8,0.979192166463,22.4445354383,1111.33697501
yolo11n,model_selection,500,a1c1d559-0480-39d2-94f0-1a89f0226c4f,4764,794,5,0.629722921914,93.524929274,1400.25720215,0,0,54.4631547407,635.744262695,5,0.629722921914,97.0663744361,1441.69680926,0,0,88.3175572489,1473.20299957,5,0.629722921914,74.3534166749,1549,14,1.76322418136,28.7544479272,1549
yolo11n,model_selection,100,a47ba6a9-ffa1-3979-bb40-512339284b8b,11148,1858,21,1.13024757804,14.3829860994,620.026201715,0,0,2.08564732214,37.7415794678,21,1.13024757804,18.7911858896,749.313049508,0,0,11.4114671312,589.717203406,21,1.13024757804,7.42042436336,437.002267823,21,1.13024757804,2.35134952606,268.238881084
yolo11n,model_selection,200,a47ba6a9-ffa1-3979-bb40-512339284b8b,11040,1840,21,1.14130434783,26.04409027,1020.63861574,0,0,3.95602979483,76.6550786838,21,1.14130434783,29.8027769995,1122.14929089,0,0,20.3928404636,1107.76501436,21,1.14130434783,14.080974341,1127.44172443,21,1.14130434783,4.73588024938,723.835191893
yolo11n,model_selection,300,a47ba6a9-ffa1-3979-bb40-512339284b8b,10908,1818,20,1.100110011,35.9893766919,1116.96504028,0,0,5.58658800986,113.430273136,20,1.100110011,39.1744117795,1186.76084137,0,0,28.6696913133,1076.98173894,20,1.100110011,20.3586432102,1065.70662076,21,1.15511551155,7.21324763913,1139.45080566
yolo11n,model_selection,400,a47ba6a9-ffa1-3979-bb40-512339284b8b,10776,1796,20,1.1135857461,45.3736693369,1313.98933549,0,0,6.90068193592,134.327027312,20,1.1135857461,48.0834514676,1365.58671473,0,0,36.3691290488,1306.48616212,20,1.1135857461,27.1103831518,1006.31053199,24,1.33630289532,8.05831500466,639.543151855
yolo11n,model_selection,500,a47ba6a9-ffa1-3979-bb40-512339284b8b,10656,1776,20,1.12612612613,53.7815371663,1365.43383789,0,0,8.13638154565,155.030083781,20,1.12612612613,56.0729892811,1411.14405298,0,0,42.9298927906,1359.98791005,20,1.12612612613,33.5297737899,1145.46021494,26,1.46396396396,10.3168680599,1048.97790832
yolo11n,model_selection,100,a88da814-ecc6-39c0-93ba-8a81f403a7e4,7614,1269,9,0.709219858156,19.8915033344,1078.35844847,0,0,5.34452172619,68.7169189453,9,0.709219858156,24.8643850979,1305.68950387,0,0,16.2478749959,1072.96294467,9,0.709219858156,7.52181569683,323.132075854,9,0.709219858156,2.5032411852,80.6419955592
yolo11n,model_selection,200,a88da814-ecc6-39c0-93ba-8a81f403a7e4,7506,1251,9,0.719424460432,36.6924926793,1147.42840576,0,0,10.4536014505,141.134380059,9,0.719424460432,40.9940679952,1345.03352141,0,0,29.9286658413,1127.76389934,9,0.719424460432,14.964236064,878.650165563,10,0.799360511591,5.01091464324,197.705786956
yolo11n,model_selection,300,a88da814-ecc6-39c0-93ba-8a81f403a7e4,7398,1233,9,0.729927007299,51.6261943522,1447.02060613,0,0,15.3512861776,239.511453269,9,0.729927007299,55.3879118248,1531.81592009,0,0,42.4890876764,1504.44341661,9,0.729927007299,22.9024399702,1565.13272402,10,0.81103000811,7.71161347762,380.261448172
yolo11n,model_selection,400,a88da814-ecc6-39c0-93ba-8a81f403a7e4,7248,1208,9,0.745033112583,64.4772857981,1375.42781067,0,0,19.8701159273,310.018773178,9,0.745033112583,67.7576980505,1430.37929207,0,0,53.618982207,1313.54371089,9,0.745033112583,30.0638432062,783.328885471,11,0.91059602649,10.8570207011,480.451230089
yolo11n,model_selection,500,a88da814-ecc6-39c0-93ba-8a81f403a7e4,7122,1187,9,0.758213984836,76.1451870297,1383.24272156,0,0,24.2090536269,328.108001709,9,0.758213984836,78.9328123063,1427.83309005,0,0,64.1958350423,1305.90208934,9,0.758213984836,38.1506043207,956.136379691,12,1.01095197978,14.5541017799,599.361543349
yolo11n,model_selection,100,b29b43d7-3af9-363e-aaeb-8805d958f982,1830,305,7,2.29508196721,17.2781211341,767.592498779,0,0,4.34285191342,45.3288601704,7,2.29508196721,22.0334497072,934.00935513,0,0,12.6455729984,752.281235674,7,2.29508196721,5.26622630773,193.716456872,7,2.29508196721,1.66919953703,84.5386696088
yolo11n,model_selection,200,b29b43d7-3af9-363e-aaeb-8805d958f982,1824,304,7,2.30263157895,32.2552367149,1001.66888428,0,0,8.62727819366,87.2177734375,7,2.30263157895,36.263476149,1153.10767811,0,0,23.4636598518,972.657653091,7,2.30263157895,10.9954571271,387.039200521,7,2.30263157895,3.50639930377,167.220121306
yolo11n,model_selection,300,b29b43d7-3af9-363e-aaeb-8805d958f982,1794,299,7,2.34113712375,45.1321244672,1001.66888428,0,0,12.7187504512,132.241105572,7,2.34113712375,48.433355516,1138.12961304,0,0,33.0770394228,960.116219164,7,2.34113712375,17.3371382333,580.339922613,7,2.34113712375,5.59585891994,247.935314707
yolo11n,model_selection,400,b29b43d7-3af9-363e-aaeb-8805d958f982,1764,294,7,2.38095238095,56.8074092415,1078.87792969,0,0,16.6583399368,162.815135639,7,2.38095238095,59.4922119139,1123.15155126,0,0,42.7627223233,1052.16808715,7,2.38095238095,24.9482638204,921.544246835,7,2.38095238095,8.16131852369,330.352745097
yolo11n,model_selection,500,b29b43d7-3af9-363e-aaeb-8805d958f982,1734,289,7,2.42214532872,65.8463439052,1078.87792969,0,0,20.5652342753,204.689405638,7,2.42214532872,67.9464208191,1116.74744869,0,0,49.114519905,1046.11222802,7,2.42214532872,30.7239736026,790.933967289,8,2.76816608997,10.837826116,341.864219918
yolo11n,model_selection,100,d0ba7a1b-f5ca-39d6-98d0-29c671baec65,6954,1159,14,1.20793787748,14.0874024089,648.195182905,0,0,7.90323163104,98.7628522161,14,1.20793787748,17.6630625607,790.789815742,0,0,9.05142554522,624.863578288,14,1.20793787748,6.18714365838,368.170227232,14,1.20793787748,1.07453019857,71.8929908143
yolo11n,model_selection,200,d0ba7a1b-f5ca-39d6-98d0-29c671baec65,6864,1144,14,1.22377622378,27.5184218193,1222.66104126,0,0,15.4984211085,187.362786183,14,1.22377622378,30.5857451857,1351.98611286,0,0,18.0686661928,1229.50639023,14,1.22377622378,12.621417274,927.852449952,14,1.22377622378,2.20882991077,510.501146304
yolo11n,model_selection,300,d0ba7a1b-f5ca-39d6-98d0-29c671baec65,6756,1126,12,1.06571936057,40.169095234,1319.67236328,0,0,22.7238035624,275.963813567,12,1.06571936057,42.7759894073,1404.11895049,0,0,26.1823255345,1320.02136437,12,1.06571936057,18.625797404,926.078856594,13,1.15452930728,3.16646464556,215.591910668
yolo11n,model_selection,400,d0ba7a1b-f5ca-39d6-98d0-29c671baec65,6636,1106,12,1.08499095841,51.1458405892,1351.10279846,0,0,29.370169709,386.622808409,12,1.08499095841,53.3193783006,1413.4817733,0,0,33.9511199433,1390.19846455,12,1.08499095841,24.7309983107,1144.23028621,13,1.17540687161,4.25581974966,256.448400352
yolo11n,model_selection,500,d0ba7a1b-f5ca-39d6-98d0-29c671baec65,6528,1088,12,1.10294117647,61.0737661365,1390.66205344,0,0,35.9055905398,473.720778917,12,1.10294117647,62.8257383393,1429.12518756,0,0,42.0994481143,1485.95461561,12,1.10294117647,31.732811891,1332.94834047,13,1.19485294118,5.92093455801,716.315791587
yolo11n,model_selection,100,e0cfd042-ae29-3d21-bb47-81eb8f933ec8,4128,688,10,1.45348837209,17.3434596458,795.830107327,0,0,5.81860941636,84.1397998688,10,1.45348837209,21.8515516029,969.586384113,0,0,13.5579976437,796.144227447,10,1.45348837209,7.85194443829,268.985340149,10,1.45348837209,1.67032819389,138.937936623
yolo11n,model_selection,200,e0cfd042-ae29-3d21-bb47-81eb8f933ec8,4080,680,10,1.47058823529,30.8916480444,1040.09362793,0,0,11.7356030679,197.253089631,10,1.47058823529,34.7958293374,1137.50576129,0,0,22.6885240923,1042.50117301,10,1.47058823529,16.7325910687,551.803543262,10,1.47058823529,3.37643155076,230.208529843
yolo11n,model_selection,300,e0cfd042-ae29-3d21-bb47-81eb8f933ec8,4026,671,10,1.49031296572,40.8942797108,1302.27516174,0,0,17.576707277,361.269963867,10,1.49031296572,44.1097062151,1393.12595025,0,0,28.5010077547,1322.4419386,10,1.49031296572,26.2973013552,818.160586757,10,1.49031296572,5.63606338396,873.570194621
yolo11n,model_selection,400,e0cfd042-ae29-3d21-bb47-81eb8f933ec8,3984,664,10,1.50602409639,50.0590908024,1302.27516174,0,0,23.2897175233,342.616363968,10,1.50602409639,52.7850066853,1386.10190259,0,0,39.8388623728,1330.3156615,10,1.50602409639,29.8839059895,943.846819416,12,1.80722891566,10.6911529435,1054.72009277
yolo11n,model_selection,500,e0cfd042-ae29-3d21-bb47-81eb8f933ec8,3930,655,10,1.52671755725,58.6332237614,1302.27516174,0,0,29.2932315234,474.071063704,10,1.52671755725,60.915765918,1379.0778552,0,0,48.2793830632,1336.84930038,10,1.52671755725,37.6464195735,1087.90661803,18,2.74809160305,8.44578060883,943.487210035
yolo11n,model_selection,100,e2043284-6122-3cc9-a7e7-f091a16361b7,9372,1562,4,0.256081946223,13.3073789024,728.368459189,0,0,7.16569375273,123.164058082,4,0.256081946223,16.8702044864,886.730014395,0,0,9.70291658832,707.997235621,4,0.256081946223,7.39476768876,229.809814068,4,0.256081946223,2.44651070233,137.256554578
yolo11n,model_selection,200,e2043284-6122-3cc9-a7e7-f091a16361b7,9222,1537,4,0.260247234873,25.2234835953,1074.54064941,0,0,14.1755761626,232.198364258,4,0.260247234873,28.2285523584,1218.59195497,0,0,18.3022027149,1034.70536611,4,0.260247234873,15.104398558,457.978183469,4,0.260247234873,5.26639333049,562.861450195
yolo11n,model_selection,300,e2043284-6122-3cc9-a7e7-f091a16361b7,9030,1505,4,0.265780730897,35.8991952397,1238.54167159,0,0,21.2416372035,378.687014449,4,0.265780730897,38.3921254849,1311.03858596,0,0,26.4652822867,1218.18083488,4,0.265780730897,23.944654726,748.635296899,6,0.398671096346,7.99629780081,451.222721295
yolo11n,model_selection,400,e2043284-6122-3cc9-a7e7-f091a16361b7,8832,1472,4,0.271739130435,46.0531390096,1300.38668823,0,0,28.3464857085,489.814575195,4,0.271739130435,48.1142900585,1355.59372724,0,0,36.2890217692,1275.79655507,4,0.271739130435,32.5435057116,803.656175679,5,0.339673913043,11.8963102432,999.206665039
yolo11n,model_selection,500,e2043284-6122-3cc9-a7e7-f091a16361b7,8640,1440,4,0.277777777778,55.2736715624,1383.8208506,0,0,35.404360457,555.34375,4,0.277777777778,56.925885233,1422.05117508,0,0,46.0493563092,1407.59929653,4,0.277777777778,42.7052164803,1061.05549285,6,0.416666666667,15.9903952581,926.893466319
yolo11n,model_selection,100,e424d4f7-4b28-322f-b630-31d42ae528eb,5610,935,8,0.855614973262,12.199780637,695.102380395,0,0,2.22611536133,29.8807689376,8,0.855614973262,15.3840495908,847.810652846,0,0,9.34058793413,681.740728528,8,0.855614973262,5.12768580258,404.599291211,8,0.855614973262,1.52085838545,72.3550529042
yolo11n,model_selection,200,e424d4f7-4b28-322f-b630-31d42ae528eb,5526,921,7,0.760043431053,23.4723945903,1201.44082642,0,0,4.32294548107,59.8347167969,7,0.760043431053,26.1811719599,1339.71602119,0,0,18.9274723308,1178.23017119,7,0.760043431053,10.2027396413,567.361103065,8,0.868621064061,3.22450548463,301.146678282
yolo11n,model_selection,300,e424d4f7-4b28-322f-b630-31d42ae528eb,5454,909,7,0.770077007701,33.404165792,1201.44082642,0,0,6.28636437548,86.2437435042,7,0.770077007701,35.7089046075,1325.56368288,0,0,26.4128517209,1169.41049622,7,0.770077007701,14.6701091982,699.219547906,9,0.990099009901,4.47009638599,216.566331897
yolo11n,model_selection,400,e424d4f7-4b28-322f-b630-31d42ae528eb,5382,897,7,0.780379041249,42.4529171571,1333.19104004,0,0,8.20980219649,110.547416687,7,0.780379041249,44.3938644837,1388.37091836,0,0,34.2627278336,1279.01293791,7,0.780379041249,19.9223403111,893.69962415,10,1.11482720178,6.27521672333,528.671762128
yolo11n,model_selection,500,e424d4f7-4b28-322f-b630-31d42ae528eb,5310,885,6,0.677966101695,50.5694003158,1367.44006348,0,0,10.0976001205,109.710943551,6,0.677966101695,52.1604663159,1406.70138283,0,0,41.7033050592,1285.55032607,6,0.677966101695,24.2623173082,1115.20241817,9,1.01694915254,8.16291915308,643.858463227
yolo11s,development,100,01bb304d-7bd8-35f8-bbef-7086b688e35e,5016,836,9,1.07655502392,21.07488926,717.085363169,0,0,8.53114157043,66.4815272119,9,1.07655502392,27.0510794109,878.124347736,0,0,13.9278698058,657.376629627,9,1.07655502392,6.31074163601,166.704704593,9,1.07655502392,1.87938252106,59.6096831716
yolo11s,development,200,01bb304d-7bd8-35f8-bbef-7086b688e35e,4920,820,9,1.09756097561,39.4697479686,1138.16467285,0,0,16.7195392037,129.102203916,9,1.09756097561,44.5101167193,1273.67299105,0,0,26.7983208902,1118.65949753,9,1.09756097561,12.9755120127,571.768175052,9,1.09756097561,3.93456374691,366.472083765
yolo11s,development,300,01bb304d-7bd8-35f8-bbef-7086b688e35e,4824,804,9,1.11940298507,55.779997254,1313.37687683,0,0,24.4396348044,177.508426073,9,1.11940298507,60.0595053742,1394.76398995,0,0,38.7327685697,1292.18948187,9,1.11940298507,20.342681801,587.624580154,9,1.11940298507,6.57735746918,680.872070312
yolo11s,development,400,01bb304d-7bd8-35f8-bbef-7086b688e35e,4680,780,9,1.15384615385,70.2814890025,1313.37687683,0,0,31.74997756,227.568989628,9,1.15384615385,73.7807579586,1385.98476569,0,0,50.100386641,1386.16320681,9,1.15384615385,29.255053773,969.219949787,9,1.15384615385,9.6033295757,495.100086663
yolo11s,development,500,01bb304d-7bd8-35f8-bbef-7086b688e35e,4530,755,9,1.19205298013,84.4932704832,1313.37687683,0,0,38.6158282533,269.417622086,9,1.19205298013,87.2655489126,1377.20554248,0,0,61.0292756854,1507.16111133,9,1.19205298013,37.9190156936,1232.28019908,9,1.19205298013,13.2542466372,795.781993398
yolo11s,development,100,16af3863-0d31-3cd1-8fa2-58053ffb953a,12264,2044,3,0.146771037182,13.6391914834,589.639892578,0,0,6.53410968328,114.134291271,3,0.146771037182,17.302717895,725.556110546,0,0,9.83058561461,583.277800851,3,0.146771037182,6.62192888009,434.667641276,3,0.146771037182,2.20538228165,191.416326856
yolo11s,development,200,16af3863-0d31-3cd1-8fa2-58053ffb953a,12048,2008,3,0.149402390438,25.2555941586,1114.27009337,0,0,12.9610437431,233.951171875,3,0.149402390438,28.3236259607,1223.56909001,0,0,18.8539967618,1094.08597636,3,0.149402390438,13.3950826397,683.121037708,3,0.149402390438,4.66958598349,822.373657227
yolo11s,development,300,16af3863-0d31-3cd1-8fa2-58053ffb953a,11808,1968,3,0.15243902439,35.5601238653,1247.36044312,0,0,19.3585962755,415.955271876,3,0.15243902439,38.1186656405,1329.8557652,0,0,27.1539246765,1235.90104284,3,0.15243902439,20.6273343958,582.776170665,3,0.15243902439,6.91878625113,344.978489568
yolo11s,development,400,16af3863-0d31-3cd1-8fa2-58053ffb953a,11562,1927,3,0.155682407888,44.8603079565,1342.34037781,0,0,25.5944767244,590.965820312,3,0.155682407888,46.9780103562,1407.70490167,0,0,35.4948324094,1290.99805109,3,0.155682407888,28.2433082564,1017.81630692,4,0.207576543851,9.73241564302,711.426513672
yolo11s,development,500,16af3863-0d31-3cd1-8fa2-58053ffb953a,11292,1882,3,0.159404888417,53.2340487206,1385.03007507,0,0,31.3956330143,645.301012535,3,0.159404888417,54.9119816298,1430.04373735,0,0,43.9098388154,1282.86097008,3,0.159404888417,35.7645680876,1077.6058168,6,0.318809776833,13.3834042914,998.615844727
yolo11s,development,100,1d43ed4e-e705-308a-bdfa-49d99285c42a,13920,2320,22,0.948275862069,7.81939055193,554.792508224,0,0,1.29617143562,42.1128602579,21,0.905172413793,9.88948753922,677.068784072,0,0,5.46940088625,527.14428109,22,0.948275862069,5.11174549835,186.064159641,22,0.948275862069,0.841064014714,48.0297731716
yolo11s,development,200,1d43ed4e-e705-308a-bdfa-49d99285c42a,13794,2299,22,0.956937799043,14.6514002947,1109.58506083,0,0,2.38964853665,78.0678111753,21,0.913440626359,16.3963932996,1220.42803962,0,0,10.4929614343,839.427305875,22,0.956937799043,10.2550408555,348.295262364,22,0.956937799043,1.73165070202,115.41813548
yolo11s,development,300,1d43ed4e-e705-308a-bdfa-49d99285c42a,13662,2277,21,0.922266139657,21.0223301368,1319.97082478,0,0,3.3015620667,115.829223633,20,0.878348704436,22.5110671373,1398.85083533,0,0,15.7112897719,968.512631982,21,0.922266139657,15.5032500519,998.311824246,22,0.966183574879,2.70580648155,168.247383869
yolo11s,development,400,1d43ed4e-e705-308a-bdfa-49d99285c42a,13512,2252,21,0.932504440497,26.8909788595,1325.63301086,0,0,4.04457142563,151.82096351,20,0.88809946714,28.1600490207,1395.42531575,0,0,20.4169438124,1337.44811182,21,0.932504440497,20.7404541553,1059.16123945,23,1.02131438721,3.82332348672,479.820246951
yolo11s,development,500,1d43ed4e-e705-308a-bdfa-49d99285c42a,13356,2226,21,0.943396226415,32.0306886007,1325.63301086,0,0,4.69824723186,177.488664023,20,0.898472596586,33.0873942647,1386.33760899,0,0,25.7606251932,1193.35032634,21,0.943396226415,27.1604451966,1089.66705083,23,1.03324348607,6.01049972668,1153.3215332
yolo11s,development,100,1e6f21fd-5c8a-3526-ac50-72adae89d6a8,12222,2037,14,0.687285223368,10.7471910492,590.790543072,0,0,4.86863934547,96.3711987335,14,0.687285223368,13.4582555371,719.313722637,0,0,8.11109214564,589.411432994,14,0.687285223368,4.90011898578,303.982700483,14,0.687285223368,2.10958610898,120.390084665
yolo11s,development,200,1e6f21fd-5c8a-3526-ac50-72adae89d6a8,12060,2010,14,0.696517412935,20.7344523732,1027.5715332,0,0,9.4789011244,184.65299296,14,0.696517412935,23.050725888,1132.74211445,0,0,15.9506169396,1028.70190436,14,0.696517412935,9.97306903428,345.825484384,14,0.696517412935,4.49201338528,522.913482021
yolo11s,development,300,1e6f21fd-5c8a-3526-ac50-72adae89d6a8,11868,1978,14,0.707785642063,29.9839176845,1081.98034668,0,0,13.842380262,325.833316382,14,0.707785642063,31.9616728721,1149.89749753,0,0,24.2910460054,1120.19445136,14,0.707785642063,15.7741793386,1191.96020489,14,0.707785642063,6.95760286184,912.915993832
yolo11s,development,400,1e6f21fd-5c8a-3526-ac50-72adae89d6a8,11658,1943,14,0.720535254761,38.6105868328,1297.42914289,0,0,17.9620615649,454.685173253,14,0.720535254761,40.2574353636,1348.87251098,0,0,32.1104797632,1373.15110714,14,0.720535254761,20.8419500549,1481.88271003,15,0.772002058672,9.734771656,1218.92735487
yolo11s,development,500,1e6f21fd-5c8a-3526-ac50-72adae89d6a8,11466,1911,13,0.680272108844,46.88570806,1385.90596008,0,0,21.8049946768,539.137648592,13,0.680272108844,48.2389401929,1430.70396691,0,0,40.101119837,1326.92775478,13,0.680272108844,26.2297366348,1513.14307876,16,0.837257980115,12.4778567852,1090.49533428
yolo11s,development,100,2772dd5f-bc0a-47ea-ae19-a5e0dbef8f41,8454,1409,7,0.496806245564,17.6508953296,571.446271919,0,0,6.08517639106,71.9425048828,7,0.496806245564,22.5397946438,707.362249919,0,0,12.0007610885,568.576649642,7,0.496806245564,6.83066785897,489.342227306,7,0.496806245564,2.03205249373,94.2366788726
yolo11s,development,200,2772dd5f-bc0a-47ea-ae19-a5e0dbef8f41,8334,1389,6,0.431965442765,33.371567976,1122.07046443,0,0,11.8983204222,133.918873337,6,0.431965442765,37.5062181641,1232.50067304,0,0,23.4204206767,1105.49480079,6,0.431965442765,14.391775172,944.427715085,6,0.431965442765,4.42886626355,310.345351228
yolo11s,development,300,2772dd5f-bc0a-47ea-ae19-a5e0dbef8f41,8172,1362,6,0.440528634361,46.1627034927,1248.05337524,0,0,17.3868811715,209.55741657,6,0.440528634361,49.6020573423,1347.65898013,0,0,33.0675913477,1166.82130315,6,0.440528634361,21.7327915493,1062.17472481,6,0.440528634361,7.03352456573,719.700317383
yolo11s,development,400,2772dd5f-bc0a-47ea-ae19-a5e0dbef8f41,8004,1334,6,0.449775112444,57.5555939852,1248.05337524,0,0,22.6779006744,309.827485058,6,0.449775112444,60.3532549704,1336.83437597,0,0,41.8252134874,1222.42325231,6,0.449775112444,30.3972690171,1303.76512229,6,0.449775112444,9.8014673301,712.316040039
yolo11s,development,500,2772dd5f-bc0a-47ea-ae19-a5e0dbef8f41,7830,1305,6,0.459770114943,67.9482657192,1248.05337524,0,0,27.6345910853,456.63272835,6,0.459770114943,70.1402921779,1326.00977333,0,0,50.0081207448,1296.58249981,6,0.459770114943,38.9983373036,1360.95238479,7,0.536398467433,13.1675806461,849.623973675
yolo11s,development,100,286790ed-9dec-305b-bcad-4f8153301e7c,6312,1052,11,1.04562737643,17.5855335559,749.35769599,0,0,5.07200508776,98.2281494141,11,1.04562737643,22.7343276291,912.323438654,0,0,12.4016594692,748.132007384,11,1.04562737643,5.64717307915,429.639390178,11,1.04562737643,1.5622641543,175.027439316
yolo11s,development,200,286790ed-9dec-305b-bcad-4f8153301e7c,6234,1039,11,1.05871029836,31.9312890468,1108.64355469,0,0,10.0572688951,194.741672748,11,1.05871029836,36.3139983701,1256.87821984,0,0,22.4721890802,1106.57278367,11,1.05871029836,11.5160062174,926.478828781,11,1.05871029836,3.67007971117,451.0625
yolo11s,development,300,286790ed-9dec-305b-bcad-4f8153301e7c,6156,1026,11,1.07212475634,44.1688504495,1207.78781362,0,0,14.9731342739,334.297959893,11,1.07212475634,47.8809075742,1279.47107353,0,0,30.7801332186,1184.13495882,11,1.07212475634,16.8757702174,1173.11978279,14,1.36452241715,5.32246603449,1118.52734375
yolo11s,development,400,286790ed-9dec-305b-bcad-4f8153301e7c,6036,1006,11,1.09343936382,54.4818621238,1357.95959473,0,0,19.8462201761,444.804941083,11,1.09343936382,57.554644984,1418.33125338,0,0,38.0845531429,1305.9739336,11,1.09343936382,22.536922458,1179.66220586,15,1.49105367793,7.0886173571,771.188232422
yolo11s,development,500,286790ed-9dec-305b-bcad-4f8153301e7c,5922,987,11,1.11448834853,62.7495534871,1357.95959473,0,0,24.4248434972,534.565551758,11,1.11448834853,65.1538328218,1410.5674037,1,0.101317122594,45.9936749317,1296.18262838,11,1.11448834853,28.1118524594,1171.61589511,16,1.6210739615,8.77276345736,619.600293409
yolo11s,development,100,2a9b2658-097e-3f8b-a817-22f2553c5de8,7158,1193,4,0.335289186924,13.6215688359,856.927490234,0,0,4.8240268283,132.786512508,4,0.335289186924,17.6326718826,1049.6118208,0,0,11.1925972894,851.10474875,4,0.335289186924,7.83536208467,426.820318548,4,0.335289186924,1.9378775428,175.637185582
yolo11s,development,200,2a9b2658-097e-3f8b-a817-22f2553c5de8,7074,1179,3,0.254452926209,26.1038636309,1098.67038818,0,0,9.40308941936,224.733520508,3,0.254452926209,29.5459629283,1271.48939993,0,0,22.4438535583,1225.85107422,3,0.254452926209,16.3968299738,1085.40485499,3,0.254452926209,4.76690951195,799.84679726
yolo11s,development,300,2a9b2658-097e-3f8b-a817-22f2553c5de8,6972,1162,3,0.25817555938,37.1058304831,1284.81864209,0,0,13.8549514362,287.284669386,3,0.25817555938,40.066816708,1371.71141736,0,0,30.5986116189,1273.07459979,3,0.25817555938,22.9908772685,1054.03260003,6,0.516351118761,5.91663176989,840.834282065
yolo11s,development,400,2a9b2658-097e-3f8b-a817-22f2553c5de8,6852,1142,3,0.262697022767,46.4478976585,1332.64123535,0,0,18.2215105733,439.2265625,3,0.262697022767,48.9750621937,1391.20130044,0,0,38.5402847079,1275.60586865,3,0.262697022767,30.4971185763,1107.02839174,6,0.525394045534,8.27294219114,1051.2199707
yolo11s,development,500,2a9b2658-097e-3f8b-a817-22f2553c5de8,6738,1123,3,0.26714158504,55.0867630988,1386.33215332,0,0,22.6094996634,561.681274414,3,0.26714158504,57.20695765,1430.84073913,0,0,45.6387677607,1278.55312512,3,0.26714158504,37.6609254882,1052.14858399,8,0.712377560107,10.259265203,841.413841266
yolo11s,development,100,3153b5b3-d381-3664-8f82-1d3c5ca841d2,4728,788,15,1.90355329949,9.96289260014,547.418212891,0,0,4.06193921291,46.8936767578,15,1.90355329949,12.6491418269,666.718420129,0,0,6.96948146903,440.17018904,15,1.90355329949,4.32657145944,197.459942401,15,1.90355329949,1.4768004213,124.693289783
yolo11s,development,200,3153b5b3-d381-3664-8f82-1d3c5ca841d2,4668,778,15,1.92802056555,18.7649076286,877.586007707,0,0,7.96100062255,88.7132568359,15,1.92802056555,21.0489481699,974.018507079,0,0,12.9559396174,859.228417194,15,1.92802056555,8.75410827939,397.808923009,15,1.92802056555,3.0287777004,249.707357252
yolo11s,development,300,3153b5b3-d381-3664-8f82-1d3c5ca841d2,4608,768,15,1.953125,26.8410454296,1124.71801758,0,0,11.6442156498,108.667407512,15,1.953125,28.7739827932,1210.70687707,0,0,18.4828839619,1056.70482511,15,1.953125,13.2521544816,600.584951559,15,1.953125,4.56730364712,374.592048873
yolo11s,development,400,3153b5b3-d381-3664-8f82-1d3c5ca841d2,4530,755,15,1.98675496689,34.2181154113,1124.71801758,0,0,15.1130820285,152.263306314,15,1.98675496689,35.8135462013,1197.03318651,0,0,23.7615340436,1051.67237499,15,1.98675496689,17.7841910791,788.577132715,15,1.98675496689,6.0730421193,499.02622967
yolo11s,development,500,3153b5b3-d381-3664-8f82-1d3c5ca841d2,4446,741,15,2.02429149798,40.7309456617,1199.47418213,0,0,18.4908960729,196.616210938,15,2.02429149798,41.980547945,1233.65225093,0,0,28.6891614561,1220.78217335,15,2.02429149798,22.9029748992,1180.87882394,15,2.02429149798,7.76928714946,806.590935611
yolo11s,development,100,349c4c1c-9561-360f-9ae7-59772335d54b,11868,1978,19,0.960566228514,11.7298202474,772.0001158,0,0,1.89240934873,81.3926823666,19,0.960566228514,14.8882356031,941.552203669,0,0,9.69268951429,734.454229395,19,0.960566228514,6.20612072282,478.72393273,19,0.960566228514,1.76259850551,164.221458777
yolo11s,development,200,349c4c1c-9561-360f-9ae7-59772335d54b,11790,1965,19,0.966921119593,22.0611017351,1185.73474121,0,0,3.72586393073,179.211958203,19,0.966921119593,24.783515492,1315.92604522,0,0,19.0163553093,1357.41833292,19,0.966921119593,13.0940404505,1424.58998531,19,0.966921119593,4.03184691752,1202.02924927
yolo11s,development,300,349c4c1c-9561-360f-9ae7-59772335d54b,11694,1949,19,0.974858902001,30.4866896266,1303.11462402,0,0,5.5101889947,226.288085938,19,0.974858902001,32.8031677124,1390.23081157,0,0,27.6806625286,1293.661003,19,0.974858902001,18.0120004153,1123.18346681,21,1.07747562853,7.13325844585,1170.77661133
yolo11s,development,400,349c4c1c-9561-360f-9ae7-59772335d54b,11598,1933,19,0.98292809105,37.1987820011,1335.30371094,0,0,7.25805805785,226.288085938,19,0.98292809105,39.1511522409,1389.49234831,0,0,33.4014406852,1112.73236891,19,0.98292809105,23.6065844474,1126.34139988,32,1.65545783756,7.51629420262,955.743306007
yolo11s,development,500,349c4c1c-9561-360f-9ae7-59772335d54b,11496,1916,19,0.991649269311,43.1571574186,1335.30371094,0,0,8.9961985,226.288085938,19,0.991649269311,44.7986670385,1382.944069,0,0,37.0297007078,1190.25454285,19,0.991649269311,26.1706547949,1209.23001017,32,1.67014613779,9.60803097271,1022.74981689
yolo11s,development,100,3576c0f5-c1b5-35bb-a0c4-ee95cba5c754,4254,709,10,1.41043723554,20.4410786636,963.041905514,0,0,6.69773028503,80.2154701398,10,1.41043723554,25.7402399877,1166.73293651,0,0,15.7152989027,961.569157343,10,1.41043723554,8.52804192053,179.581739444,10,1.41043723554,3.18170976409,68.9595124063
yolo11s,development,200,3576c0f5-c1b5-35bb-a0c4-ee95cba5c754,4110,685,9,1.31386861314,37.1700574294,1084.89001465,0,0,12.8743515904,153.220296542,9,1.31386861314,41.5307076399,1231.42458284,0,0,29.5504535347,1084.20959942,9,1.31386861314,17.9769133886,1110.92116168,9,1.31386861314,7.12853839356,719.847929533
yolo11s,development,300,3576c0f5-c1b5-35bb-a0c4-ee95cba5c754,3972,662,9,1.35951661631,52.00030073,1084.89001465,0,0,18.613952807,223.446975771,9,1.35951661631,55.6257552638,1216.4890269,0,0,39.9404645949,1078.99555068,9,1.35951661631,25.385304911,990.575731167,9,1.35951661631,11.4552114013,1237.96716309
yolo11s,development,400,3576c0f5-c1b5-35bb-a0c4-ee95cba5c754,3822,637,9,1.41287284144,65.6165851864,1241.26928711,0,0,23.6404553175,287.462581361,9,1.41287284144,68.5985096615,1295.30634878,0,0,51.0651288731,1299.49652211,9,1.41287284144,32.9146750617,1037.78373434,11,1.72684458399,13.5152713326,585.383544922
yolo11s,development,500,3576c0f5-c1b5-35bb-a0c4-ee95cba5c754,3672,612,9,1.47058823529,77.551232096,1241.26928711,0,0,28.0486823876,344.659586289,9,1.47058823529,79.9589036079,1288.76071383,0,0,60.571719479,1310.63297963,9,1.47058823529,39.7348648677,1070.76856181,12,1.96078431373,18.7879693823,1088.52209473
yolo11s,development,100,366ceb72-9f11-385a-8bc9-a26a18dbdd22,11418,1903,21,1.1035207567,10.9288212934,715.75818626,0,0,4.51314437467,83.4438702904,21,1.1035207567,13.8598127286,873.05706835,0,0,7.50107834128,675.035655156,21,1.1035207567,5.86276778268,189.256823721,21,1.1035207567,2.1248914891,115.639173335
yolo11s,development,200,366ceb72-9f11-385a-8bc9-a26a18dbdd22,11244,1874,20,1.06723585912,20.9453838148,1233.80163574,0,0,8.89454444385,193.493951716,20,1.06723585912,23.4315185143,1358.88704406,0,0,14.5416114299,1162.7664648,20,1.06723585912,11.9602857672,626.181899461,20,1.06723585912,4.32711355454,373.993490514
yolo11s,development,300,366ceb72-9f11-385a-8bc9-a26a18dbdd22,11052,1842,20,1.08577633008,29.5201376675,1233.80163574,0,0,13.1341079064,255.771471989,20,1.08577633008,31.5676306143,1346.09354222,0,0,21.4633543931,1136.86496567,20,1.08577633008,18.1070886995,1056.50846889,20,1.08577633008,6.85019633012,918.818602816
yolo11s,development,400,366ceb72-9f11-385a-8bc9-a26a18dbdd22,10854,1809,18,0.995024875622,37.0093069553,1233.80163574,0,0,17.2064001217,300.619351047,18,0.995024875622,38.6986962426,1333.3000414,0,0,28.2853996313,1115.93169198,18,0.995024875622,25.4734834303,1135.79707458,19,1.05030403538,10.256227886,1058.58178711
yolo11s,development,500,366ceb72-9f11-385a-8bc9-a26a18dbdd22,10668,1778,18,1.01237345332,44.3315695561,1233.80163574,0,0,21.2083281121,337.873911574,18,1.01237345332,45.7018764171,1320.50654021,0,0,34.2435973568,1278.67352884,18,1.01237345332,31.1099260214,1406.12049361,20,1.12485939258,12.6752161299,1010.3069726
yolo11s,development,100,380e5bf0-1c68-36a4-ac64-09a03b60bebf,7818,1303,12,0.920951650038,10.4024986776,991.860147096,0,0,2.16009107659,31.3983258631,12,0.920951650038,13.021570989,1208.4317658,0,0,9.55819209474,963.633916914,12,0.920951650038,7.46765334052,372.753283524,12,0.920951650038,2.44853897262,227.918358081
yolo11s,development,200,380e5bf0-1c68-36a4-ac64-09a03b60bebf,7764,1294,12,0.927357032457,19.8172416187,1140.95629883,0,0,4.11835191577,62.489205428,12,0.927357032457,22.1079142913,1337.68550349,0,0,19.9965742885,1090.88740627,12,0.927357032457,16.2663513169,1153.48645469,12,0.927357032457,6.24846137699,1124.98657227
yolo11s,development,300,380e5bf0-1c68-36a4-ac64-09a03b60bebf,7680,1280,12,0.9375,28.060954442,1292.08401489,0,0,5.97505647315,94.2549689187,12,0.9375,29.9774336871,1383.98838923,0,0,25.41541417,1257.0217991,12,0.9375,19.579776742,1016.18003221,15,1.171875,7.7981064447,1296.83947754
yolo11s,development,400,380e5bf0-1c68-36a4-ac64-09a03b60bebf,7608,1268,11,0.867507886435,36.6144869455,1292.08401489,0,0,7.83907334239,130.357348044,11,0.867507886435,38.2746084484,1373.52546529,0,0,33.7002756202,1247.01645698,11,0.867507886435,26.3419423593,1021.40235681,17,1.34069400631,9.89775899875,1230.18252563
yolo11s,development,500,380e5bf0-1c68-36a4-ac64-09a03b60bebf,7536,1256,11,0.875796178344,44.7169643487,1292.08401489,0,0,9.77342530345,176.436232644,11,0.875796178344,46.1472809054,1363.06254134,0,0,40.9628746157,1238.55529471,11,0.875796178344,32.3228539485,1306.6527323,20,1.5923566879,12.0737579376,1022.51660156
yolo11s,development,100,3dd173a6-8b21-3189-bd53-132919b96a48,3360,560,8,1.42857142857,16.9398243419,742.204441797,0,0,12.3428450929,178.567662028,8,1.42857142857,21.3507153137,905.019736357,0,0,15.9904635075,730.537061182,8,1.42857142857,13.7114069869,252.255654083,8,1.42857142857,3.18734381001,71.046385612
yolo11s,development,200,3dd173a6-8b21-3189-bd53-132919b96a48,3276,546,8,1.4652014652,30.8565788608,1176.29443359,0,0,27.9977984605,421.494750977,8,1.4652014652,34.5993374397,1324.02355591,0,0,29.7131383147,1154.71866505,8,1.4652014652,31.3976615257,1110.81807274,8,1.4652014652,7.29208176085,1029.66882324
yolo11s,development,300,3dd173a6-8b21-3189-bd53-132919b96a48,3192,532,8,1.5037593985,40.5532725652,1176.29443359,0,0,45.8469005246,526.655883789,8,1.5037593985,43.7057389827,1308.93738276,0,0,39.8242364698,1145.73803045,8,1.5037593985,52.0572083063,591.970399668,10,1.87969924812,10.1449208673,182.228941952
yolo11s,development,400,3dd173a6-8b21-3189-bd53-132919b96a48,3120,520,8,1.53846153846,49.035183345,1176.29443359,0,0,65.3734648783,792.271118164,8,1.53846153846,51.6437532144,1293.85121142,0,0,50.9070337371,1137.25851458,8,1.53846153846,76.2030235022,877.291260607,10,1.92307692308,14.5918911355,531.285744937
yolo11s,development,500,3dd173a6-8b21-3189-bd53-132919b96a48,3048,508,8,1.57480314961,55.815040219,1176.29443359,10,1.96850393701,74.3399931582,819.449829102,8,1.57480314961,57.877319731,1278.76503767,0,0,60.1131332684,1128.57689594,10,1.96850393701,91.5204661403,982.199494875,11,2.16535433071,19.3453315685,723.318171337
yolo11s,development,100,3f9796e9-c892-3915-b719-3292df878ece,6624,1104,18,1.63043478261,18.4245942031,758.720654587,0,0,11.285232602,153.393420766,18,1.63043478261,23.5502443778,925.306850119,0,0,12.8641703151,855.14023271,18,1.63043478261,6.84867348017,189.790511636,18,1.63043478261,2.24624628641,97.3561580228
yolo11s,development,200,3f9796e9-c892-3915-b719-3292df878ece,6504,1084,18,1.66051660517,35.4127368309,1183.85420516,0,0,21.833504315,306.293701172,18,1.66051660517,39.830550759,1320.87934587,0,0,25.3793747461,1356.6436331,18,1.66051660517,13.9135997828,427.995116647,18,1.66051660517,4.57294451968,220.675940516
yolo11s,development,300,3f9796e9-c892-3915-b719-3292df878ece,6366,1061,18,1.69651272385,50.2771124407,1252.09082031,0,0,31.3881543643,446.77432251,18,1.69651272385,53.9336028796,1358.01983275,0,0,37.3893128654,1440.63902222,18,1.69651272385,20.6975949544,919.134475013,18,1.69651272385,6.99294186822,471.315265679
yolo11s,development,400,3f9796e9-c892-3915-b719-3292df878ece,6234,1039,18,1.73243503369,64.0915829497,1375.1598053,0,0,40.0752175,579.191772461,18,1.73243503369,67.0807440575,1430.26040832,0,0,47.9432364143,1515.89373898,18,1.73243503369,26.9081136746,829.911914981,19,1.82868142445,9.69589526002,513.22171409
yolo11s,development,500,3f9796e9-c892-3915-b719-3292df878ece,6078,1013,18,1.77690029615,76.8027772658,1375.1598053,0,0,48.0955318775,701.265686035,18,1.77690029615,79.2353559404,1423.30489626,0,0,60.0314108272,1549,18,1.77690029615,31.5857609102,766.116232059,21,2.07305034551,13.6217124105,1009.80566406
yolo11s,development,100,3fbdfb6c-927f-4aaa-81b1-21b02efd4c01,9498,1583,12,0.758054327227,8.67328184806,551.30859375,0,0,3.0036653685,97.2918727528,12,0.758054327227,11.0427566408,689.028551714,0,0,6.94017302977,424.07788118,12,0.758054327227,5.79798359909,475.356990367,12,0.758054327227,1.69670313275,82.3017298523
yolo11s,development,200,3fbdfb6c-927f-4aaa-81b1-21b02efd4c01,9438,1573,12,0.762873490146,16.8271992446,848.677269578,0,0,5.797779155,182.465178754,12,0.762873490146,18.8871543341,933.55884681,0,0,14.9314007789,1131.89672823,12,0.762873490146,11.804201939,1127.63493043,14,0.890019071837,3.81247062654,743.392778452
yolo11s,development,300,3fbdfb6c-927f-4aaa-81b1-21b02efd4c01,9342,1557,12,0.770712909441,24.5780924614,1030.29141766,0,0,8.47081216827,329.991349614,12,0.770712909441,26.3532719827,1091.31371846,0,0,20.3848688101,932.199267258,12,0.770712909441,16.3723275995,382.389772678,16,1.02761721259,5.06233757893,341.302315875
yolo11s,development,400,3fbdfb6c-927f-4aaa-81b1-21b02efd4c01,9234,1539,12,0.779727095517,31.9566877893,1245.47439575,0,0,11.205344191,551.30859375,12,0.779727095517,33.464870992,1299.97306086,0,0,27.0385490906,1116.16411511,12,0.779727095517,22.501979539,637.681136837,15,0.974658869396,7.212950417,764.918897654
yolo11s,development,500,3fbdfb6c-927f-4aaa-81b1-21b02efd4c01,9126,1521,12,0.788954635108,38.8365827971,1302.4564117,0,0,13.7335987687,609.596069336,12,0.788954635108,40.0907260681,1338.68895272,0,0,33.9283070871,1297.88691843,12,0.788954635108,29.2013922252,1042.38663476,15,0.986193293886,10.0653813488,1257.11636353
yolo11s,development,100,40bfcbec-ec59-3731-8e75-67f0bddc3b01,12102,2017,14,0.694100148736,6.75078233311,259.808392458,0,0,1.08393509863,38.2178645625,14,0.694100148736,8.40048807613,316.96957833,0,0,5.53109922912,252.896090611,14,0.694100148736,3.59434320327,228.609188328,14,0.694100148736,1.3299159388,75.3060017135
yolo11s,development,200,40bfcbec-ec59-3731-8e75-67f0bddc3b01,12000,2000,14,0.7,13.4012825988,519.616740748,0,0,2.01275607728,73.2355815239,14,0.7,14.8337145129,571.460247261,0,0,11.6345462143,1121.53748006,14,0.7,7.691925793,1089.72638273,14,0.7,2.86082691567,645.829504401
yolo11s,development,300,40bfcbec-ec59-3731-8e75-67f0bddc3b01,11892,1982,14,0.706357214934,19.6430034702,779.425141001,0,0,2.80343337141,105.639118474,14,0.706357214934,20.8688532462,825.95096709,0,0,16.5555323163,1136.08629379,14,0.706357214934,10.851644484,1089.22218172,15,0.756811301715,4.73053111746,1089.61560059
yolo11s,development,400,40bfcbec-ec59-3731-8e75-67f0bddc3b01,11778,1963,14,0.713194090678,25.6076115725,936.834655762,0,0,3.514171939,130.93740606,14,0.713194090678,26.6536971649,978.042801375,0,0,21.6108316667,1143.54867789,14,0.713194090678,14.3748553463,1341.34017393,16,0.815078960774,5.8426718747,1243.00498655
yolo11s,development,500,40bfcbec-ec59-3731-8e75-67f0bddc3b01,11658,1943,14,0.720535254761,31.5174319552,936.834655762,0,0,4.15993231111,157.696277896,14,0.720535254761,32.4073479619,972.725121537,0,0,26.7044084391,1342.05229963,14,0.720535254761,18.001193423,1186.8278135,16,0.823468862584,7.48222882703,1147.05117742
yolo11s,development,100,41b6f7d7-e431-3992-b783-74b9edf42215,9120,1520,24,1.57894736842,14.0133522579,761.983581314,0,0,2.85218147932,144.473642845,24,1.57894736842,17.9093409426,929.363209847,0,0,10.3838413097,756.020083542,24,1.57894736842,7.05872333171,266.311236834,24,1.57894736842,1.93295170355,122.820067385
yolo11s,development,200,41b6f7d7-e431-3992-b783-74b9edf42215,9006,1501,24,1.59893404397,26.2118726932,1096.17285156,0,0,5.50427488225,220.651000977,24,1.59893404397,29.5547842302,1240.48979293,0,0,19.6902660447,1232.07668813,24,1.59893404397,14.3721399824,1160.89285944,24,1.59893404397,3.98370653731,812.845306953
yolo11s,development,300,41b6f7d7-e431-3992-b783-74b9edf42215,8892,1482,23,1.55195681511,37.4620145422,1186.41482544,0,0,8.01948711042,220.651000977,23,1.55195681511,40.3381183122,1259.06813504,0,0,28.3925435457,1294.28283493,23,1.55195681511,21.7543695036,1262.89792591,24,1.61943319838,6.20194127553,1173.83800511
yolo11s,development,400,41b6f7d7-e431-3992-b783-74b9edf42215,8760,1460,23,1.57534246575,47.9786882058,1368.63500977,0,0,10.3867085518,259.790112234,23,1.57534246575,50.4316523649,1425.45859901,0,0,36.8713017638,1355.06082503,23,1.57534246575,29.3990831731,1117.90965382,24,1.64383561644,8.52135691576,1039.84479255
yolo11s,development,500,41b6f7d7-e431-3992-b783-74b9edf42215,8628,1438,23,1.59944367177,57.9020135029,1378.27661133,0,0,12.6440044317,357.408946462,23,1.59944367177,59.967661816,1418.12901879,0,0,45.4552901047,1467.88749402,23,1.59944367177,37.3352744688,1483.11589424,26,1.80806675939,11.7303365994,1158.99144028
yolo11s,development,100,41d69427-364c-366e-94a5-8e556bcac39f,13944,2324,9,0.387263339071,9.86681765633,764.929516554,0,0,3.50515962457,104.044869426,9,0.387263339071,12.3794493188,932.962270146,0,0,7.33261077349,766.017363345,9,0.387263339071,5.49024884546,367.075900254,9,0.387263339071,1.50229620697,243.133678083
yolo11s,development,200,41d69427-364c-366e-94a5-8e556bcac39f,13830,2305,9,0.390455531453,18.9373125387,1165.46942139,0,0,6.98260260199,198.964935751,9,0.390455531453,21.0808307605,1317.89607283,0,0,14.3557784551,1221.78989618,9,0.390455531453,11.3915305675,1124.21133961,9,0.390455531453,3.16988618916,937.964642995
yolo11s,development,300,41d69427-364c-366e-94a5-8e556bcac39f,13704,2284,9,0.394045534151,27.1813426541,1257.62750244,0,0,10.3623391352,286.777830149,9,0.394045534151,29.0015645764,1334.17129168,0,0,20.690880689,1167.45609172,9,0.394045534151,16.6609545616,793.147498307,10,0.437828371278,4.91821368238,1002.35290527
yolo11s,development,400,41d69427-364c-366e-94a5-8e556bcac39f,13524,2254,9,0.399290150843,34.8157760559,1277.12943856,0,0,13.7392172858,426.657592773,9,0.399290150843,36.3428642273,1327.17059369,0,0,27.2798343244,1271.35833904,9,0.399290150843,23.1088556314,1280.16895287,12,0.532386867791,6.53841754534,815.936882279
yolo11s,development,500,41d69427-364c-366e-94a5-8e556bcac39f,13350,2225,9,0.404494382022,41.6916217632,1350.12753296,0,0,17.1729675793,490.297211245,9,0.404494382022,42.9449813281,1395.46701217,0,0,33.2481481726,1342.40255232,9,0.404494382022,28.7198198834,1201.57098011,15,0.674157303371,8.89873879334,1251.09420776
yolo11s,development,100,4207ef92-0b3b-4708-8868-4ffcaef308e0,6102,1017,8,0.7866273353,13.6794315559,825.921823627,0,0,2.71672957103,26.2070985861,8,0.7866273353,17.5234186693,1006.26912283,0,0,10.9501924102,805.150714436,8,0.7866273353,4.96648599138,144.004637444,8,0.7866273353,1.59818780207,49.5689440853
yolo11s,development,200,4207ef92-0b3b-4708-8868-4ffcaef308e0,6048,1008,8,0.793650793651,25.1736561069,1204.87786865,0,0,5.34531861893,50.8238176732,8,0.793650793651,28.5042919385,1327.29226008,0,0,19.9540270586,1196.75008111,8,0.793650793651,9.87980097117,293.610525452,8,0.793650793651,3.13093780992,104.787223907
yolo11s,development,300,4207ef92-0b3b-4708-8868-4ffcaef308e0,5988,998,8,0.801603206413,34.5353812007,1204.87786865,0,0,7.86833431606,75.8820310491,8,0.801603206413,37.4277496587,1314.34903555,0,0,26.8955673205,1192.84813942,8,0.801603206413,14.9911853328,448.927175801,8,0.801603206413,4.76457949793,173.720238412
yolo11s,development,400,4207ef92-0b3b-4708-8868-4ffcaef308e0,5922,987,8,0.81053698075,42.8256020403,1204.87786865,0,0,10.2895554926,101.751216267,8,0.81053698075,45.3181366979,1301.40580844,0,0,32.6930157735,1189.37933611,8,0.81053698075,20.4518097655,610.498340646,8,0.81053698075,6.58259648852,331.774146833
yolo11s,development,500,4207ef92-0b3b-4708-8868-4ffcaef308e0,5838,973,7,0.719424460432,50.8444630331,1250.03825327,0,0,12.6894700135,125.66031028,7,0.719424460432,52.9887464191,1288.46258107,0,0,38.6631390458,1269.28139053,7,0.719424460432,25.8313219219,778.173464804,7,0.719424460432,8.46539451832,363.905888781
yolo11s,development,100,453e5558-6363-38e3-bf9b-42b5ba0a6f1d,8442,1407,7,0.497512437811,15.7571871441,596.203142886,0,0,7.54169638607,113.859741211,7,0.497512437811,20.1638314068,727.097884099,0,0,10.9105071276,534.600091322,7,0.497512437811,5.66916337073,366.517532637,7,0.497512437811,1.97351445263,167.004875727
yolo11s,development,200,453e5558-6363-38e3-bf9b-42b5ba0a6f1d,8304,1384,7,0.505780346821,28.7128281022,944.294573112,0,0,14.7317442608,217.684634137,7,0.505780346821,32.4614309969,1037.30068591,0,0,20.3478540874,917.548988575,7,0.505780346821,11.8496457246,768.800160911,7,0.505780346821,4.15794154342,481.789804438
yolo11s,development,300,453e5558-6363-38e3-bf9b-42b5ba0a6f1d,8106,1351,7,0.518134715026,40.6141134043,1283.03738403,0,0,21.7124107922,405.278463533,7,0.518134715026,43.7700170587,1366.92261722,0,0,28.9557224704,1242.64465859,7,0.518134715026,17.974617322,1078.02276688,7,0.518134715026,6.54192830199,912.82984148
yolo11s,development,400,453e5558-6363-38e3-bf9b-42b5ba0a6f1d,7902,1317,7,0.531511009871,51.4572476563,1399.53503418,0,0,28.1883360386,577.622180787,7,0.531511009871,54.0358887887,1458.58422032,0,0,37.0921473003,1265.81633618,7,0.531511009871,24.5935138718,1758.4607805,8,0.607441154138,8.29485971341,824.18520527
yolo11s,development,500,453e5558-6363-38e3-bf9b-42b5ba0a6f1d,7698,1283,7,0.545596258769,61.6545398209,1399.53503418,0,0,33.9479465056,647.46496582,7,0.545596258769,63.7380835207,1453.71831853,0,0,44.9238664996,1337.53943139,7,0.545596258769,31.4038155378,2047,8,0.62353858145,11.067684436,988.935871188
yolo11s,development,100,46d917cd-531c-330b-8d7b-979b51a8927f,9504,1584,14,0.883838383838,18.8800026023,752.342285156,0,0,7.50981974897,78.3098891116,14,0.883838383838,24.2325231349,919.964923061,0,0,12.3797670976,710.866212766,14,0.883838383838,5.8333775039,232.03039914,14,0.883838383838,1.44834011414,100.087810691
yolo11s,development,200,46d917cd-531c-330b-8d7b-979b51a8927f,9408,1568,14,0.892857142857,34.0920303833,1125.18359375,0,0,14.8354403599,162.072670108,14,0.892857142857,38.6946734849,1256.52060988,0,0,22.0355009414,1090.46036628,14,0.892857142857,11.7349731392,669.407809114,15,0.956632653061,2.91546524754,210.009250491
yolo11s,development,300,46d917cd-531c-330b-8d7b-979b51a8927f,9258,1543,12,0.777705767984,47.3929027101,1298.16247559,0,0,22.0442200326,239.939806483,12,0.777705767984,51.2947114676,1381.99340267,0,0,31.6830439398,1362.11987067,12,0.777705767984,17.4953472134,1357.31177401,14,0.907323395982,4.63466877137,1054.61995365
yolo11s,development,400,46d917cd-531c-330b-8d7b-979b51a8927f,9096,1516,12,0.791556728232,59.4625677749,1342.92671204,0,0,28.9764513484,298.551632181,12,0.791556728232,62.7638759479,1405.66617723,0,0,39.1149663152,1326.55364357,12,0.791556728232,22.2489315233,686.053987507,15,0.98944591029,5.64717645941,559.385699796
yolo11s,development,500,46d917cd-531c-330b-8d7b-979b51a8927f,8934,1489,12,0.805910006716,70.8109745762,1400.0546875,0,0,35.7053874474,356.581970862,12,0.805910006716,73.5805018026,1440.92803423,0,0,46.6675207381,1409.14639453,12,0.805910006716,27.7777717837,836.582216616,15,1.00738750839,7.09741250241,681.071541307
yolo11s,development,100,47167c79-2ba4-369c-8db8-760a30b4c38a,2958,493,8,1.62271805274,11.5725277137,772.276597003,0,0,6.14044934278,61.5846705596,8,1.62271805274,14.5333836004,934.595857299,0,0,8.8060860338,341.282267534,8,1.62271805274,8.06346505397,453.652517564,8,1.62271805274,1.40101669185,136.379577507
yolo11s,development,200,47167c79-2ba4-369c-8db8-760a30b4c38a,2922,487,7,1.43737166324,22.2298648178,1000.26446533,0,0,12.3223708022,120.90461731,7,1.43737166324,24.773091244,1148.99247677,0,0,17.0093723176,663.928887114,7,1.43737166324,16.7912854906,1048.47441965,7,1.43737166324,3.04862451126,343.114673674
yolo11s,development,300,47167c79-2ba4-369c-8db8-760a30b4c38a,2886,481,7,1.4553014553,31.2969688317,1000.26446533,0,0,18.5245365919,152.006242478,7,1.4553014553,33.4565644099,1135.40122927,0,0,25.8489438856,1146.7462732,7,1.4553014553,27.7414445973,1549,7,1.4553014553,5.89663629969,656.099807341
yolo11s,development,400,47167c79-2ba4-369c-8db8-760a30b4c38a,2844,474,7,1.47679324895,39.5478263587,1004.91126848,0,0,24.6920785817,210.041900635,7,1.47679324895,41.3459056702,1121.8099796,0,0,30.0937536436,1329.67188454,7,1.47679324895,35.7996048318,1549,7,1.47679324895,8.4173688211,1314.42988676
yolo11s,development,500,47167c79-2ba4-369c-8db8-760a30b4c38a,2796,466,7,1.50214592275,46.1807942505,1207.80288897,0,0,30.9118819757,236.892233787,7,1.50214592275,47.5768103199,1242.06470001,0,0,37.0893536446,984.763808756,7,1.50214592275,37.0415302132,1508.15095657,8,1.71673819742,9.47756613554,863.06640625
yolo11s,development,100,47358aac-2ec0-3d45-a837-f2069ca7cee3,14574,2429,10,0.411692054343,11.0152771206,862.529194688,0,0,4.07000728005,87.4684845914,10,0.411692054343,14.1657262269,1086.78115924,0,0,7.90260878278,853.738792069,10,0.411692054343,5.92331937585,473.113697568,10,0.411692054343,1.53773793436,122.581197943
yolo11s,development,200,47358aac-2ec0-3d45-a837-f2069ca7cee3,14394,2399,10,0.416840350146,20.4212145648,1005.32403564,0,0,8.08343734116,186.961827445,10,0.416840350146,23.1059694966,1174.82688951,0,0,15.1418451788,1173.59911822,10,0.416840350146,12.1491707748,1108.44362703,11,0.45852438516,3.50957197514,798.893554688
yolo11s,development,300,47358aac-2ec0-3d45-a837-f2069ca7cee3,14172,2362,10,0.423370025402,29.0876051849,1081.96313477,0,0,12.0185992594,275.258136743,10,0.423370025402,31.371571278,1162.1561245,0,0,21.1625733098,1075.73538612,10,0.423370025402,16.6071888538,1029.55633966,16,0.677392040644,4.93727900143,1254.80332175
yolo11s,development,400,47358aac-2ec0-3d45-a837-f2069ca7cee3,13962,2327,10,0.429737859905,37.4132785125,1314.33850098,0,0,16.0008406327,410.296682611,10,0.429737859905,39.3383553691,1367.6196257,0,0,28.0017811442,1355.49344817,10,0.429737859905,22.9239867302,1566.29405226,19,0.81650193382,6.39508936958,1101.45558564
yolo11s,development,500,47358aac-2ec0-3d45-a837-f2069ca7cee3,13716,2286,10,0.437445319335,45.0469820778,1398.71870422,0,0,20.0647398376,486.836815471,10,0.437445319335,46.6528616685,1439.94760878,0,0,34.0651910031,1409.1197605,10,0.437445319335,29.3431721897,1640.79844921,20,0.87489063867,8.20616720219,617.559932578
yolo11s,development,100,575d8d24-ba88-3b18-84c0-df5b29dccfde,13152,2192,3,0.136861313869,9.95404181645,686.166015625,0,0,4.0496509536,85.0638654722,3,0.136861313869,12.4519793023,886.193605423,0,0,7.12846681675,613.708646723,3,0.136861313869,4.62321097266,177.622445258,3,0.136861313869,1.66176656304,44.7396547792
yolo11s,development,200,575d8d24-ba88-3b18-84c0-df5b29dccfde,12996,2166,3,0.138504155125,18.8716230341,1209.44628906,0,0,7.88372808664,143.532392027,3,0.138504155125,21.0196965297,1344.02344747,0,0,13.648845771,1098.6073226,3,0.138504155125,9.43556170876,403.61150229,3,0.138504155125,3.43440213911,130.289479698
yolo11s,development,300,575d8d24-ba88-3b18-84c0-df5b29dccfde,12804,2134,3,0.140581068416,26.9227371048,1209.44628906,0,0,11.4587517462,234.850952148,3,0.140581068416,28.7672351163,1330.39236751,0,0,19.6867100175,1066.88043434,3,0.140581068416,14.4805956061,700.316127594,3,0.140581068416,5.30737807264,201.511114865
yolo11s,development,400,575d8d24-ba88-3b18-84c0-df5b29dccfde,12600,2100,3,0.142857142857,34.5198822157,1354.89001465,0,0,14.8608744732,278.159179688,3,0.142857142857,36.0994292398,1416.01433946,0,0,25.4953479204,1143.60350617,3,0.142857142857,19.5914653705,920.202482263,3,0.142857142857,7.28328176971,563.55337461
yolo11s,development,500,575d8d24-ba88-3b18-84c0-df5b29dccfde,12396,2066,3,0.145208131655,41.721086176,1362.89297646,0,0,18.1415738265,318.056274414,3,0.145208131655,43.0635486827,1408.15060576,0,0,31.1571514156,1392.73031535,3,0.145208131655,24.5829602916,1085.163214,3,0.145208131655,9.19876720445,443.498217766
yolo11s,development,100,5b1d8b11-4f90-3577-be0b-193e102fda82,6024,1004,12,1.19521912351,25.4116456896,988.968566895,0,0,15.6694747651,145.847986888,11,1.09561752988,32.5179973782,1234.60150764,0,0,16.6293980032,1088.53339991,12,1.19521912351,8.13579065522,297.443262299,12,1.19521912351,2.38032750509,136.007174556
yolo11s,development,200,5b1d8b11-4f90-3577-be0b-193e102fda82,5856,976,12,1.22950819672,48.0494680747,1215.7442627,0,0,30.8081909738,280.824005835,11,1.12704918033,54.0786686784,1265.72026887,0,0,31.8440892165,1185.23770838,12,1.22950819672,16.2979263515,649.334325795,12,1.22950819672,4.6898328162,221.347770513
yolo11s,development,300,5b1d8b11-4f90-3577-be0b-193e102fda82,5664,944,12,1.27118644068,69.3164004208,1215.7442627,0,0,45.3158533175,402.628894615,11,1.16525423729,74.4304000985,1249.42419755,0,0,46.9136597501,1276.95133675,12,1.27118644068,25.0047413693,1056.57909156,13,1.37711864407,7.17657534603,499.897303738
yolo11s,development,400,5b1d8b11-4f90-3577-be0b-193e102fda82,5490,915,12,1.31147540984,88.5358404698,1277.52364829,0,0,59.2269986424,517.097442505,11,1.20218579235,92.8249854696,1331.2795071,0,0,60.1866869167,1364.19051877,12,1.31147540984,31.9035238451,1400.60660123,14,1.53005464481,10.1717829794,899.215164491
yolo11s,development,500,5b1d8b11-4f90-3577-be0b-193e102fda82,5322,887,12,1.35287485908,106.002834796,1388.89221191,0,0,72.6493644206,635.177053495,11,1.24013528749,109.458952961,1433.01236444,0,0,72.2507287876,1449.26122991,12,1.35287485908,38.7266265526,1549,15,1.69109357384,12.0361594574,932.301452637
yolo11s,development,100,62a1e53b-b55c-36c2-bc5b-e216d494875a,11910,1985,5,0.251889168766,10.0058511722,470.478473282,0,0,4.92338769193,86.0389615092,5,0.251889168766,12.6652410055,571.98454872,0,0,7.31040159111,462.130652966,5,0.251889168766,5.70779978906,189.295521703,5,0.251889168766,1.49696862151,89.1256317324
yolo11s,development,200,62a1e53b-b55c-36c2-bc5b-e216d494875a,11796,1966,5,0.254323499491,19.6979830161,940.956984202,0,0,9.81358430555,196.413131539,5,0.254323499491,22.0080154133,1033.44197503,0,0,14.7960876925,1151.85876507,5,0.254323499491,11.7229708536,1114.09394634,5,0.254323499491,3.20905266311,822.88898078
yolo11s,development,300,62a1e53b-b55c-36c2-bc5b-e216d494875a,11640,1940,5,0.257731958763,28.5408004789,1137.54638672,0,0,14.6142533992,264.802098464,5,0.257731958763,30.5115357553,1209.3870031,0,0,21.3758183125,1354.42275218,5,0.257731958763,17.4071519017,1183.94577156,5,0.257731958763,5.04708728532,1109.9564209
yolo11s,development,400,62a1e53b-b55c-36c2-bc5b-e216d494875a,11466,1911,5,0.261643118786,36.6783383273,1155.0642395,0,0,19.3456474851,304.542973946,5,0.261643118786,38.3432705288,1201.03681606,0,0,27.6080936952,1150.42052968,5,0.261643118786,23.3288149626,1129.30065258,6,0.313971742543,6.58082365776,794.504249033
yolo11s,development,500,62a1e53b-b55c-36c2-bc5b-e216d494875a,11274,1879,5,0.266098988824,43.5159099527,1155.0642395,0,0,24.0664325533,380.632964601,5,0.266098988824,44.8605165585,1195.021011,0,0,32.7761658934,1137.98973928,5,0.266098988824,28.7932744945,1057.89192356,7,0.372538584353,8.22745859305,784.508217922
yolo11s,development,100,633addf9-441c-35e7-868a-738aa612d51c,12768,2128,18,0.845864661654,14.2638248284,978.744738456,0,0,3.6570176527,66.2105329462,18,0.845864661654,17.9057470754,1193.04669024,0,0,11.468549915,977.058910978,18,0.845864661654,5.96141146814,711.230708946,18,0.845864661654,1.56336767951,149.145363664
yolo11s,development,200,633addf9-441c-35e7-868a-738aa612d51c,12636,2106,18,0.854700854701,26.1554396652,1178.87719727,0,0,7.25949616715,147.458513783,18,0.854700854701,29.2781671259,1314.55498234,0,0,21.1300178262,1179.43654581,18,0.854700854701,11.611180471,856.366036605,19,0.902184235518,3.20147378237,721.263793945
yolo11s,development,300,633addf9-441c-35e7-868a-738aa612d51c,12486,2081,18,0.864968765017,35.9385565472,1287.18774414,0,0,10.7645148785,225.51953125,18,0.864968765017,38.6563033886,1379.95632633,0,0,29.2945459048,1194.61268858,18,0.864968765017,17.5339509634,992.989570837,21,1.00913022585,5.24379036821,930.574829102
yolo11s,development,400,633addf9-441c-35e7-868a-738aa612d51c,12324,2054,18,0.876338851022,44.0590543199,1287.18774414,0,0,14.2004567067,225.51953125,18,0.876338851022,46.3962678922,1369.52267301,0,0,36.1079278923,1296.65136652,18,0.876338851022,23.5494511574,1279.32005745,25,1.21713729309,7.35375479944,1222.17009104
yolo11s,development,500,633addf9-441c-35e7-868a-738aa612d51c,12138,2023,18,0.889767671775,50.9957329801,1323.49729063,0,0,17.5965830152,271.174210001,18,0.889767671775,52.964465724,1360.64756561,0,0,41.3489583535,1178.26747201,18,0.889767671775,29.3960034367,1369.61707441,27,1.33465150766,9.11897788926,1012.69299316
yolo11s,development,100,639d4834-f922-3e27-9913-20aa649f815d,12462,2077,25,1.20365912374,12.3880209692,659.787762622,0,0,6.8882145292,141.108362227,25,1.20365912374,15.6455770416,796.82294934,0,0,9.04628393292,663.322670355,25,1.20365912374,6.26584822505,359.315368288,25,1.20365912374,2.07815460603,178.23111927
yolo11s,development,200,639d4834-f922-3e27-9913-20aa649f815d,12240,2040,25,1.22549019608,23.661982756,1148.30970686,0,0,13.648127473,300.951933442,25,1.22549019608,26.4053956031,1262.04733722,0,0,17.462184174,1309.09251122,25,1.22549019608,12.4822396539,1173.70159709,25,1.22549019608,4.50315958723,1047.18355377
yolo11s,development,300,639d4834-f922-3e27-9913-20aa649f815d,11982,1997,25,1.25187781673,33.6984860597,1267.51422119,0,0,20.2345614437,399.478271097,25,1.25187781673,36.0027299079,1369.83202556,0,0,25.1585036923,1272.43319173,25,1.25187781673,18.4297864298,770.899280425,27,1.35202804206,6.12175448712,1107.74121094
yolo11s,development,400,639d4834-f922-3e27-9913-20aa649f815d,11742,1957,24,1.22636688809,43.1112220588,1337.04042053,0,0,26.8869299509,549.880004883,24,1.22636688809,45.0299890556,1403.91332176,0,0,32.7985611185,1345.97004843,24,1.22636688809,24.3612579855,646.937109676,27,1.37966274911,7.75393902234,853.014770508
yolo11s,development,500,639d4834-f922-3e27-9913-20aa649f815d,11484,1914,24,1.2539184953,51.4435825835,1392.62976074,0,0,33.2014762544,675.768313182,24,1.2539184953,52.9840548482,1435.48005927,0,0,40.3116546754,1372.45524738,24,1.2539184953,30.3035485318,742.259442885,28,1.46290491118,9.5054648547,464.18594863
yolo11s,development,100,6937b4e5-b5b4-3970-b5dd-9ad194e6c338,7992,1332,22,1.65165165165,21.3990274,817.525633649,0,0,9.15662469302,191.349295047,22,1.65165165165,27.0279890395,993.57367404,0,0,16.2140062451,797.131605568,22,1.65165165165,10.531802496,563.922366706,23,1.72672672673,2.93737078478,159.723385309
yolo11s,development,200,6937b4e5-b5b4-3970-b5dd-9ad194e6c338,7824,1304,22,1.68711656442,39.4892852151,1226.08401489,0,0,18.1162765864,367.044832941,22,1.68711656442,44.2836181983,1354.05107049,0,0,31.6092741011,1220.60587423,22,1.68711656442,22.0810938429,1147.83662342,25,1.91717791411,6.63293927277,894.949349692
yolo11s,development,300,6937b4e5-b5b4-3970-b5dd-9ad194e6c338,7632,1272,22,1.72955974843,54.2684459845,1311.96234549,0,0,27.0858584722,580.715995414,22,1.72955974843,58.3826638031,1390.1911143,0,0,41.1680674264,1310.01101258,22,1.72955974843,31.1083944281,1017.24099528,28,2.20125786164,8.50755227387,898.047851562
yolo11s,development,400,6937b4e5-b5b4-3970-b5dd-9ad194e6c338,7416,1236,21,1.69902912621,67.0533736095,1330.33959961,0,0,36.0309435427,670.651489258,21,1.69902912621,70.5598182558,1399.65416284,0,0,51.5161881393,1346.93991735,21,1.69902912621,41.8699492885,1113.15865723,30,2.42718446602,10.4711565781,466.653984692
yolo11s,development,500,6937b4e5-b5b4-3970-b5dd-9ad194e6c338,7176,1196,18,1.50501672241,78.9062419599,1396.37194824,1,0.0836120401338,44.3624254849,748.7890625,18,1.50501672241,81.8818047087,1438.40199852,0,0,62.5240323605,1499.82804726,19,1.58862876254,52.789513203,1126.19735033,29,2.42474916388,13.6781189515,953.726928711
yolo11s,development,100,69c0ec7c-e289-3c4d-ade3-d2287ec34026,2898,483,5,1.03519668737,20.339266252,570.34621422,0,0,9.54661147789,182.767258077,5,1.03519668737,26.095080359,702.043407757,0,0,13.916038172,440.974414995,5,1.03519668737,7.30990943768,90.0523928873,5,1.03519668737,2.6147061537,33.7522384797
yolo11s,development,200,69c0ec7c-e289-3c4d-ade3-d2287ec34026,2844,474,5,1.05485232068,38.2064695285,858.350585938,0,0,18.2240218729,329.185432198,5,1.05485232068,43.1363942219,976.383020096,0,0,26.8722008467,608.742102944,5,1.05485232068,14.9707918404,277.767470745,5,1.05485232068,5.4162130846,93.6821598529
yolo11s,development,300,69c0ec7c-e289-3c4d-ade3-d2287ec34026,2790,465,5,1.0752688172,55.4608327176,858.350585938,0,0,25.853597582,477.920127846,5,1.0752688172,59.6800039299,962.718260172,0,0,42.8631824058,1020.92326259,5,1.0752688172,25.8992705811,918.869167238,5,1.0752688172,10.1728705684,466.24362781
yolo11s,development,400,69c0ec7c-e289-3c4d-ade3-d2287ec34026,2748,458,5,1.09170305677,72.7140085913,1036.09881592,0,0,32.7193150161,604.829701281,5,1.09170305677,76.2277604342,1078.83525622,0,0,54.3793103619,1028.93115234,5,1.09170305677,29.7819761157,1012.08186238,8,1.74672489083,16.3031368196,961.154771255
yolo11s,development,500,69c0ec7c-e289-3c4d-ade3-d2287ec34026,2706,451,4,0.886917960089,90.3199852285,1226.40139771,0,0,38.6415816128,591.84666858,4,0.886917960089,93.1496671719,1261.35428081,0,0,69.1355439609,1562.63220693,4,0.886917960089,39.5909252993,1085.48241129,9,1.9955654102,19.0903651645,1047.28959757
yolo11s,development,100,6aa2ac89-6b25-3af6-ad59-221351189f4b,5910,985,6,0.609137055838,14.2869783843,1024.7520752,0,0,6.72619024921,110.255737305,6,0.609137055838,18.1053744535,1255.01018702,0,0,12.7196918467,1006.07372164,6,0.609137055838,6.90707855432,431.622166317,6,0.609137055838,2.18438732752,138.559230558
yolo11s,development,200,6aa2ac89-6b25-3af6-ad59-221351189f4b,5808,968,6,0.619834710744,25.2455174293,1137.29364014,0,0,13.4851038815,249.070657035,6,0.619834710744,28.523802817,1263.42133755,1,0.103305785124,24.3509749496,1127.34846267,6,0.619834710744,15.0806638331,1082.97803781,8,0.826446280992,5.63681678097,1195.29296875
yolo11s,development,300,6aa2ac89-6b25-3af6-ad59-221351189f4b,5694,949,6,0.632244467861,34.2977765727,1137.29364014,0,0,20.5113890683,505.026838682,6,0.632244467861,37.1217221581,1246.43682566,0,0,30.9619167177,1123.77284218,6,0.632244467861,20.1750889446,511.299813626,8,0.842992623815,8.62056617951,1176.83569336
yolo11s,development,400,6aa2ac89-6b25-3af6-ad59-221351189f4b,5598,933,6,0.64308681672,42.2855498049,1314.63303072,0,0,28.1531360469,537.5703125,6,0.64308681672,44.6956044081,1366.74657422,0,0,38.6273095242,1322.63527994,6,0.64308681672,28.6140183249,1024.32994032,14,1.50053590568,7.84879356447,975.091340583
yolo11s,development,500,6aa2ac89-6b25-3af6-ad59-221351189f4b,5496,916,6,0.655021834061,49.2916560994,1398.94908142,0,0,36.5896189281,775.602905273,6,0.655021834061,51.2529132188,1440.13243977,0,0,44.6358454538,1406.13154485,6,0.655021834061,37.4749398903,1088.95437685,13,1.4192139738,10.2143751103,1040.1156434
yolo11s,development,100,6cc0bb26-5afb-3688-b237-b9c64c2800e5,5766,961,6,0.624349635796,19.844387383,472.942596436,0,0,14.5718297847,106.20915889,6,0.624349635796,25.2998785093,609.977753856,0,0,10.4322488469,454.100403788,6,0.624349635796,7.90305930776,152.771613655,6,0.624349635796,1.04582415047,36.2210682864
yolo11s,development,200,6cc0bb26-5afb-3688-b237-b9c64c2800e5,5658,943,6,0.636267232238,37.3419170857,821.633163453,0,0,28.7564780668,204.753675829,6,0.636267232238,41.930317543,901.380287169,0,0,19.2667888623,705.738807437,6,0.636267232238,16.0598288642,340.407386611,6,0.636267232238,2.07754749638,73.4133652867
yolo11s,development,300,6cc0bb26-5afb-3688-b237-b9c64c2800e5,5562,927,6,0.647249190939,53.3492926486,1126.25206769,0,0,42.4954164065,298.062866211,6,0.647249190939,57.1746299991,1195.50913338,0,0,27.522745385,876.591049899,6,0.647249190939,24.4818730078,475.365206158,6,0.647249190939,3.11924668013,119.199778754
yolo11s,development,400,6cc0bb26-5afb-3688-b237-b9c64c2800e5,5460,910,6,0.659340659341,68.8822999495,1276.69584104,0,0,55.95969827,386.918457031,6,0.659340659341,72.0393542826,1320.40489232,0,0,36.07227436,1070.47543029,6,0.659340659341,33.4509093587,545.144151848,6,0.659340659341,4.26446367306,207.85259273
yolo11s,development,500,6cc0bb26-5afb-3688-b237-b9c64c2800e5,5328,888,6,0.675675675676,83.7425895229,1344.08573914,0,0,69.3798530991,469.98840332,6,0.675675675676,86.2252254488,1377.59948469,0,0,44.5405472592,1095.66432281,6,0.675675675676,42.8742626844,901.442919787,7,0.788288288288,5.43941126778,329.077336943
yolo11s,development,100,6dc6e668-549e-33b8-b952-ed8e807b1d48,6012,1002,9,0.898203592814,18.8726968719,791.70812528,0,0,4.95869285351,103.276732761,9,0.898203592814,23.8258181428,965.761092653,0,0,14.5069865083,744.518805403,9,0.898203592814,8.03349990882,207.601534436,9,0.898203592814,2.88934541978,82.2901428136
yolo11s,development,200,6dc6e668-549e-33b8-b952-ed8e807b1d48,5844,974,9,0.924024640657,35.8808346686,1205.38029274,0,0,9.48914629113,196.796679256,9,0.924024640657,40.1929506936,1323.56134275,0,0,28.6276986987,1077.32287662,9,0.924024640657,16.9213211835,969.861450464,9,0.924024640657,6.42112649423,499.83174477
yolo11s,development,300,6dc6e668-549e-33b8-b952-ed8e807b1d48,5682,947,9,0.950369588173,49.1475955746,1235.59729004,0,0,13.5686583767,242.10168457,9,0.950369588173,52.790000761,1342.38885994,0,0,38.2871061972,1274.34374847,9,0.950369588173,24.0047601774,1044.35825625,9,0.950369588173,10.1652922595,1096.83361816
yolo11s,development,400,6dc6e668-549e-33b8-b952-ed8e807b1d48,5526,921,8,0.868621064061,60.2936171156,1281.59896851,0,0,17.3530734777,242.10168457,8,0.868621064061,63.3185514047,1344.49105622,0,0,46.0262820313,1329.10472119,8,0.868621064061,31.2805941228,645.905217566,9,0.977198697068,12.3195494662,1047.4967041
yolo11s,development,500,6dc6e668-549e-33b8-b952-ed8e807b1d48,5376,896,8,0.892857142857,70.5020616584,1281.59896851,0,0,20.858095736,359.729811119,8,0.892857142857,72.9698703135,1337.04787178,0,0,54.4587951239,1350.37835108,8,0.892857142857,39.9347370034,971.798569855,10,1.11607142857,14.9635251264,780.151658739
yolo11s,development,100,74dd5c1d-7a9a-32d1-903a-fc57e07109b9,6552,1092,10,0.915750915751,24.0915290039,926.852345556,0,0,5.13272104997,59.0065786889,9,0.824175824176,30.3164960438,1122.20177113,0,0,18.2267402905,929.03888969,10,0.915750915751,7.9980099043,249.687248297,10,0.915750915751,2.35959063259,119.518658496
yolo11s,development,200,74dd5c1d-7a9a-32d1-903a-fc57e07109b9,6438,1073,10,0.931966449208,43.2740876953,1017.79199219,0,0,10.0920580338,130.000939611,9,0.838769804287,48.645880034,1185.56796507,0,0,32.1328284533,1014.59480392,10,0.931966449208,16.4270891663,533.099713601,10,0.931966449208,4.84895703169,256.585754794
yolo11s,development,300,74dd5c1d-7a9a-32d1-903a-fc57e07109b9,6300,1050,10,0.952380952381,59.1687988334,1205.4493103,0,0,14.7660819897,166.790429915,9,0.857142857143,63.824597925,1279.86832646,0,0,43.4607446883,1040.18803893,10,0.952380952381,25.8241609304,917.423614389,10,0.952380952381,7.87716707485,668.239641233
yolo11s,development,400,74dd5c1d-7a9a-32d1-903a-fc57e07109b9,6168,1028,10,0.972762645914,72.8272261521,1360.32633511,0,0,19.1999712901,227.702736548,9,0.875486381323,76.822490029,1414.36547891,0,0,52.7216732875,1366.38913637,10,0.972762645914,34.5413758497,981.912245179,11,1.07003891051,10.324568385,441.252508365
yolo11s,development,500,74dd5c1d-7a9a-32d1-903a-fc57e07109b9,6024,1004,10,0.996015936255,84.6661027576,1369.79223633,0,0,23.4437535565,263.041189106,9,0.896414342629,88.0559770304,1416.56172311,0,0,62.4596523739,1513.47022956,10,0.996015936255,44.965663504,1112.35271215,11,1.09561752988,15.0724888841,886.691711426
yolo11s,development,100,74f15437-b85e-314a-9d86-7294b98bf07f,8970,1495,20,1.33779264214,19.0050656509,1016.83258057,0,0,9.70913343581,126.361530203,20,1.33779264214,24.0495214099,1249.81240974,0,0,14.0342740901,1078.24103823,20,1.33779264214,7.14437384645,420.616021982,20,1.33779264214,2.58418308002,100.014987948
yolo11s,development,200,74f15437-b85e-314a-9d86-7294b98bf07f,8778,1463,20,1.36705399863,34.899747028,1152.11877441,0,0,18.7960050225,241.650459042,20,1.36705399863,39.2051792365,1312.61005559,0,0,26.3879181722,1283.4744974,20,1.36705399863,14.9699454396,1177.42022467,20,1.36705399863,5.90188699435,968.87802284
yolo11s,development,300,74f15437-b85e-314a-9d86-7294b98bf07f,8562,1427,20,1.40154169587,48.4738866171,1152.11877441,0,0,27.3459424516,350.480849027,20,1.40154169587,52.063967323,1295.30154418,0,0,36.0488034622,1283.06360924,20,1.40154169587,21.9098197249,1218.7579516,24,1.68185003504,8.37465549035,963.638761033
yolo11s,development,400,74f15437-b85e-314a-9d86-7294b98bf07f,8334,1389,20,1.43988480922,61.0917947213,1357.65536169,0,0,35.2126772487,456.881561279,20,1.43988480922,64.0769012358,1411.44462424,0,0,45.934821345,1350.03425189,20,1.43988480922,29.0972391635,1549,24,1.72786177106,11.6340853413,667.21484375
yolo11s,development,500,74f15437-b85e-314a-9d86-7294b98bf07f,8112,1352,19,1.40532544379,72.8079409501,1379.4744873,0,0,42.753802142,558.42771767,19,1.40532544379,75.2435236905,1425.81070423,0,0,56.5064113501,1376.71300572,19,1.40532544379,37.2925458346,1549,22,1.62721893491,16.0585552318,1064.4407959
yolo11s,development,100,768cf7e2-eb6c-3468-969e-e3b0fd87b34e,6336,1056,2,0.189393939394,13.6910644881,901.473025854,0,0,6.76190125161,118.352575703,2,0.189393939394,17.4597752762,1094.42964517,0,0,10.9031448282,878.793335217,2,0.189393939394,5.47131917068,234.866098875,2,0.189393939394,1.74447477173,123.472919469
yolo11s,development,200,768cf7e2-eb6c-3468-969e-e3b0fd87b34e,6252,1042,2,0.191938579655,24.7249840924,1188.75732422,0,0,13.1665193508,214.996704102,2,0.191938579655,27.9412296804,1360.54881068,0,0,20.4611554493,1060.58248856,2,0.191938579655,11.2511574019,454.368068691,2,0.191938579655,3.74789705126,548.661987305
yolo11s,development,300,768cf7e2-eb6c-3468-969e-e3b0fd87b34e,6168,1028,2,0.194552529183,34.5520843366,1188.75732422,0,0,19.0234243948,331.323003158,2,0.194552529183,37.2820662956,1344.12208814,0,0,28.7709725113,1127.64065822,2,0.194552529183,17.3428233797,771.849131443,2,0.194552529183,5.07366074674,296.743827553
yolo11s,development,400,768cf7e2-eb6c-3468-969e-e3b0fd87b34e,6072,1012,2,0.197628458498,43.5368021528,1188.75732422,0,0,24.5052673005,524.739379883,2,0.197628458498,45.8151593656,1327.69536428,0,0,37.3409597606,1125.87837912,2,0.197628458498,22.9126497498,1228.85688674,3,0.296442687747,6.88045482282,1067.88068531
yolo11s,development,500,768cf7e2-eb6c-3468-969e-e3b0fd87b34e,5976,996,2,0.200803212851,51.5563540406,1188.75732422,0,0,29.3077127101,598.737060547,2,0.200803212851,53.419158061,1311.26864173,0,0,43.7454971444,1129.16908725,2,0.200803212851,27.9259880164,1023.32215369,4,0.401606425703,8.39507483994,894.721538469
yolo11s,development,100,770a58e6-eff6-39b7-a265-fe7f202fe8b2,4128,688,18,2.61627906977,21.8932552507,977.717968981,0,0,12.0898530329,131.937663746,18,2.61627906977,28.0111823109,1192.6682908,0,0,14.0706144035,933.177574514,18,2.61627906977,11.0661564031,385.573285622,18,2.61627906977,3.08514002896,115.947743009
yolo11s,development,200,770a58e6-eff6-39b7-a265-fe7f202fe8b2,3996,666,18,2.7027027027,38.9799169332,1110.06408691,0,0,24.0366962281,349.059912963,18,2.7027027027,44.0212857106,1284.15964407,0,0,26.0745925083,1054.03699912,18,2.7027027027,23.3695168763,577.523705289,18,2.7027027027,7.10784144427,542.577880859
yolo11s,development,300,770a58e6-eff6-39b7-a265-fe7f202fe8b2,3846,641,18,2.80811232449,53.6360435466,1190.14294434,0,0,36.107636331,487.436645508,18,2.80811232449,57.7807679655,1273.05477005,0,0,38.5393224622,1122.56613048,18,2.80811232449,36.9516732091,855.455056195,18,2.80811232449,10.8677961162,678.96914645
yolo11s,development,400,770a58e6-eff6-39b7-a265-fe7f202fe8b2,3696,616,17,2.75974025974,67.12376976,1360.73474121,0,0,47.6181414552,741.098876953,17,2.75974025974,70.4844643525,1419.52388121,0,0,50.5268130859,1225.09722331,17,2.75974025974,48.4886776561,1173.65868032,17,2.75974025974,16.0746041138,826.810302734
yolo11s,development,500,770a58e6-eff6-39b7-a265-fe7f202fe8b2,3546,591,17,2.87648054146,79.2153692102,1360.73474121,0,0,58.2771518862,788.632446289,17,2.87648054146,81.8492660712,1411.90864323,0,0,64.3428584735,1204.5997037,17,2.87648054146,62.8350269954,1301.01911551,20,3.38409475465,21.1997010454,909.633784306
yolo11s,development,100,7ce2a2ce-eed6-36d7-ba62-dda9acddb070,6240,1040,10,0.961538461538,9.19112815541,891.134854738,0,0,3.00788096028,152.948681769,10,0.961538461538,11.6044522142,1086.63880132,0,0,6.16433119658,876.977149046,10,0.961538461538,4.57669087665,140.762906039,10,0.961538461538,1.65398757399,93.3825382766
yolo11s,development,200,7ce2a2ce-eed6-36d7-ba62-dda9acddb070,6162,1027,10,0.973709834469,17.6045416035,1187.15222168,0,0,5.84275003285,316.429641848,10,0.973709834469,19.642711955,1364.58248967,0,0,12.3747154382,1158.11478057,10,0.973709834469,9.43976312753,583.472306448,10,0.973709834469,3.4256600016,215.702871562
yolo11s,development,300,7ce2a2ce-eed6-36d7-ba62-dda9acddb070,6054,1009,10,0.991080277502,25.2406593276,1187.15222168,0,0,8.60965026122,384.989013672,10,0.991080277502,26.9551485582,1346.50881107,0,0,17.2661093995,1144.12418778,10,0.991080277502,13.583534765,469.214808904,11,1.09018830525,4.95310461417,346.368282182
yolo11s,development,400,7ce2a2ce-eed6-36d7-ba62-dda9acddb070,5952,992,8,0.806451612903,32.5392221125,1275.01085694,0,0,11.2784901984,500.509765625,8,0.806451612903,33.9723234702,1328.4351332,0,0,22.6762915529,1290.34983131,8,0.806451612903,18.0715080345,747.720788294,9,0.907258064516,6.86415196727,726.802410455
yolo11s,development,500,7ce2a2ce-eed6-36d7-ba62-dda9acddb070,5856,976,8,0.819672131148,39.4551956273,1387.99206543,0,0,13.7795496624,580.291748047,8,0.819672131148,40.62013924,1431.98682961,0,0,28.0573861567,1394.56064716,8,0.819672131148,21.3516109053,652.237043573,11,1.12704918033,7.36351598286,546.457293955
yolo11s,development,100,7e3d8631-3b7d-38c1-b833-ee7cfa7235ca,10998,1833,3,0.163666121113,14.1084764954,740.73814822,0,0,11.1663795583,179.841751882,3,0.163666121113,17.8991493581,906.831406907,0,0,9.27301481425,740.060190667,3,0.163666121113,6.90379172844,316.282123147,3,0.163666121113,2.17452986465,136.119545007
yolo11s,development,200,7e3d8631-3b7d-38c1-b833-ee7cfa7235ca,10836,1806,3,0.166112956811,27.3926750826,1151.06677246,0,0,21.9429342582,319.408846675,3,0.166112956811,30.6139778603,1275.37659327,0,0,18.2895610217,1130.22237983,3,0.166112956811,14.0230506974,818.284610719,3,0.166112956811,4.62583457059,1093.77954102
yolo11s,development,300,7e3d8631-3b7d-38c1-b833-ee7cfa7235ca,10614,1769,3,0.169587337479,39.7324791995,1151.06677246,0,0,32.2610364898,449.550703213,3,0.169587337479,42.4257080074,1262.81976581,0,0,27.6301459708,1128.15242849,3,0.169587337479,21.2521467696,893.465252824,4,0.226116449972,6.97306749432,592.422249758
yolo11s,development,400,7e3d8631-3b7d-38c1-b833-ee7cfa7235ca,10404,1734,3,0.173010380623,51.3446529574,1209.96936035,0,0,42.3345660929,583.726928711,3,0.173010380623,53.5471922465,1262.75920275,0,0,36.4193338745,1452.13169989,3,0.173010380623,28.6771811632,1549,4,0.230680507497,9.93449358221,982.474411974
yolo11s,development,500,7e3d8631-3b7d-38c1-b833-ee7cfa7235ca,10212,1702,3,0.176263219741,62.3882732945,1209.96936035,0,0,51.9739296098,637.905395508,3,0.176263219741,64.1140914372,1256.32315255,0,0,45.987445116,1117.1901621,3,0.176263219741,36.0146166751,1013.89002398,6,0.352526439483,12.884299997,731.404549804
yolo11s,development,100,7ef4a6cc-7266-3a31-8dd4-01c3d3c58dcb,6474,1079,8,0.741427247451,13.9261619803,1078.15256249,0,0,12.9317942729,188.155000349,8,0.741427247451,17.5387115616,1315.28143165,0,0,16.1801584243,1069.95394138,8,0.741427247451,15.6731929133,286.563724889,8,0.741427247451,4.90656288795,136.327893166
yolo11s,development,200,7ef4a6cc-7266-3a31-8dd4-01c3d3c58dcb,6360,1060,8,0.754716981132,24.8676650081,1081.02697979,0,0,27.9101636838,485.534301758,8,0.754716981132,27.9214959106,1187.94208198,0,0,26.7956594939,1226.02273468,8,0.754716981132,33.1452987539,1464.74183661,8,0.754716981132,15.3391777642,1143.45544434
yolo11s,development,300,7ef4a6cc-7266-3a31-8dd4-01c3d3c58dcb,6228,1038,8,0.770712909441,34.0906305824,1125.85876465,0,0,41.1518713325,712.875090455,8,0.770712909441,36.6914406274,1217.59835599,0,0,34.4767433475,1220.21792576,8,0.770712909441,47.6612550102,1549,34,3.27552986513,12.1059783798,1154.36266864
yolo11s,development,400,7ef4a6cc-7266-3a31-8dd4-01c3d3c58dcb,6102,1017,8,0.7866273353,42.5246552416,1148.71867533,0,0,50.783179334,834.142700195,8,0.7866273353,44.7062870986,1206.9503719,0,0,42.015573359,1330.02565346,8,0.7866273353,60.0406384067,1549,37,3.63815142576,14.9089938149,1479.81522651
yolo11s,development,500,7ef4a6cc-7266-3a31-8dd4-01c3d3c58dcb,5982,997,8,0.802407221665,49.7117154385,1308.47009583,57,5.71715145436,40.5000832415,903.795898438,8,0.802407221665,51.4665484104,1345.78471332,0,0,46.7452845968,1336.77869928,8,0.802407221665,53.1060877046,1596.69393869,43,4.31293881645,15.920391376,1549
yolo11s,development,100,80da8956-f418-319c-9f49-3d47d9002546,6390,1065,11,1.03286384977,14.458927098,739.339940023,0,0,4.71664624874,88.9077911377,11,1.03286384977,18.3548173328,901.744124973,0,0,11.2349782082,694.622705566,11,1.03286384977,4.84543834136,140.99280798,11,1.03286384977,1.52767287457,53.0815159728
yolo11s,development,200,80da8956-f418-319c-9f49-3d47d9002546,6294,1049,9,0.857959961868,27.043551639,971.059570312,0,0,9.06776797169,125.604003906,9,0.857959961868,30.356218127,1110.93048708,0,0,21.1720360007,895.333145956,9,0.857959961868,9.99880722208,288.84449921,9,0.857959961868,3.13163216084,111.275505639
yolo11s,development,300,80da8956-f418-319c-9f49-3d47d9002546,6180,1030,9,0.873786407767,38.1559871258,1216.46704102,0,0,13.2000638291,176.459060669,9,0.873786407767,40.9538079263,1297.42932417,0,0,30.3685673267,1150.56424212,9,0.873786407767,15.3384770439,438.584275666,9,0.873786407767,4.77083364963,277.330121216
yolo11s,development,400,80da8956-f418-319c-9f49-3d47d9002546,6060,1010,9,0.891089108911,47.954105189,1265.25424194,0,0,17.0798830081,242.023451982,9,0.891089108911,50.3090958595,1327.69930519,0,0,38.7298625481,1226.87991267,9,0.891089108911,21.1665451478,784.624305147,9,0.891089108911,6.47277793497,266.166537033
yolo11s,development,500,80da8956-f418-319c-9f49-3d47d9002546,5934,989,9,0.910010111223,55.9797350166,1265.25424194,0,0,20.7710143211,284.730155282,9,0.910010111223,57.8904382604,1320.77128716,0,0,44.9815167533,1219.38380604,9,0.910010111223,26.6043934088,959.940053483,10,1.0111223458,8.79181990936,1019.9107666
yolo11s,development,100,85026edc-5fdf-308e-a8ef-a1aad1151c50,9042,1507,9,0.597213005972,15.9768707534,753.838751199,0,0,6.95833454344,139.157741281,9,0.597213005972,20.2770237504,913.930659836,0,0,11.8973959346,753.94162257,9,0.597213005972,6.93917345153,405.415649216,9,0.597213005972,2.09510307642,119.061284018
yolo11s,development,200,85026edc-5fdf-308e-a8ef-a1aad1151c50,8880,1480,9,0.608108108108,29.9351108053,1173.56716919,0,0,13.7450914866,277.208255824,9,0.608108108108,33.5500112576,1295.33294031,0,0,22.4168115837,1180.40055768,9,0.608108108108,14.0371908382,508.857867617,10,0.675675675676,4.3413281222,547.317993164
yolo11s,development,300,85026edc-5fdf-308e-a8ef-a1aad1151c50,8658,1443,8,0.554400554401,41.5712440355,1325.24633789,0,0,20.7681650644,520.623046875,8,0.554400554401,44.5923267336,1404.67903521,0,0,30.9423739227,1348.83011611,8,0.554400554401,21.2100358732,671.226600172,9,0.623700623701,6.07297452796,531.999425853
yolo11s,development,400,85026edc-5fdf-308e-a8ef-a1aad1151c50,8460,1410,8,0.567375886525,51.3125117144,1325.24633789,0,0,27.2808227198,572.891601562,8,0.567375886525,53.8084467403,1395.59602742,0,0,38.7648495225,1355.61392526,8,0.567375886525,28.1578284992,598.260919866,11,0.780141843972,8.08420040007,528.01793403
yolo11s,development,500,85026edc-5fdf-308e-a8ef-a1aad1151c50,8250,1375,8,0.581818181818,60.0840440048,1325.24633789,0,0,33.6188657983,888.031982422,8,0.581818181818,62.0466498348,1386.51301764,0,0,47.2223174427,1364.65832011,9,0.654545454545,36.1385910341,1008.3029831,11,0.8,10.8575466243,944.247302276
yolo11s,development,100,8a0ff1a2-9045-3be3-b67f-3914d88178ec,14544,2424,16,0.660066006601,9.42759773539,866.295898438,0,0,4.64177410146,94.6962483307,16,0.660066006601,11.8400262507,1165.34478534,0,0,6.50260803264,865.29986811,16,0.660066006601,4.95381571,187.565077968,16,0.660066006601,1.68724875349,80.9123870825
yolo11s,development,200,8a0ff1a2-9045-3be3-b67f-3914d88178ec,14400,2400,16,0.666666666667,18.2109738593,1065.71032715,0,0,9.15985607987,182.410312878,16,0.666666666667,20.2938251291,1229.47832884,0,0,12.9958030941,1189.25841032,16,0.666666666667,10.1467860099,1087.57554472,16,0.666666666667,3.51461214781,867.701175062
yolo11s,development,300,8a0ff1a2-9045-3be3-b67f-3914d88178ec,14208,2368,16,0.675675675676,26.5357122759,1065.71032715,0,0,13.5175730077,264.341206898,16,0.675675675676,28.3263434868,1212.93766399,0,0,19.2079631226,1064.04401181,16,0.675675675676,15.2250922957,617.374400133,17,0.717905405405,5.22603418148,175.466024613
yolo11s,development,400,8a0ff1a2-9045-3be3-b67f-3914d88178ec,13998,2333,16,0.685812258894,34.4977572001,1255.03607947,0,0,17.7881316752,394.218406231,16,0.685812258894,35.9873673719,1304.76748398,0,0,25.6326997453,1295.39546815,16,0.685812258894,20.5334431645,972.973314641,16,0.685812258894,7.39546371775,642.493896484
yolo11s,development,500,8a0ff1a2-9045-3be3-b67f-3914d88178ec,13764,2294,16,0.697471665214,41.7487710683,1389.28222656,0,0,21.9210052883,533.710571289,16,0.697471665214,42.9710248206,1432.62245077,0,0,32.0850851919,1434.19939005,16,0.697471665214,26.2980844479,963.045167934,18,0.784655623365,9.60283285758,697.113091656
yolo11s,development,100,8c019de9-7043-37bc-9498-b5858e7240af,3540,590,4,0.677966101695,10.2815635342,284.272702235,0,0,6.85609949614,110.189185102,4,0.677966101695,13.1429156178,345.858155123,0,0,6.94236928082,269.32534442,4,0.677966101695,5.08448289478,130.791815975,4,0.677966101695,1.83941775838,82.5619094428
yolo11s,development,200,8c019de9-7043-37bc-9498-b5858e7240af,3486,581,4,0.688468158348,19.7138470588,568.545404471,0,0,13.0585525874,223.83203125,4,0.688468158348,22.0227131245,624.595066457,0,0,14.2244109908,601.395470067,4,0.688468158348,10.4337172695,448.942333329,4,0.688468158348,3.84551713682,332.10890154
yolo11s,development,300,8c019de9-7043-37bc-9498-b5858e7240af,3420,570,4,0.701754385965,28.3327822001,852.818132291,0,0,18.4791807457,265.596967099,4,0.701754385965,30.1809546239,903.332002877,0,0,21.7895147333,1099.15739932,4,0.701754385965,16.2406246768,1102.839912,4,0.701754385965,6.28078894625,1006.95097265
yolo11s,development,400,8c019de9-7043-37bc-9498-b5858e7240af,3354,559,3,0.536672629696,35.6669573647,1053.45593262,0,0,23.2166033793,351.066957201,3,0.536672629696,37.0991884765,1098.43401247,0,0,27.1630452717,1177.70447223,3,0.536672629696,20.7657691676,1122.01040081,3,0.536672629696,8.14326699777,1059.63713162
yolo11s,development,500,8c019de9-7043-37bc-9498-b5858e7240af,3288,548,3,0.547445255474,41.9689719999,1053.45593262,0,0,27.1631705319,433.743220025,3,0.547445255474,43.040432809,1092.89822135,0,0,31.3680951476,1006.50839751,3,0.547445255474,25.8181128176,794.693965825,3,0.547445255474,9.64986465615,510.449610661
yolo11s,development,100,8ee606e6-4cbd-3c07-8419-fbda836ccaac,8250,1375,22,1.6,12.2424797253,295.66284771,0,0,5.92018817255,83.1455507641,22,1.6,15.3432382962,358.665931805,0,0,8.75192828167,403.314700703,22,1.6,5.13819374934,299.951128923,22,1.6,1.29073884614,76.783635134
yolo11s,development,200,8ee606e6-4cbd-3c07-8419-fbda836ccaac,8178,1363,21,1.5407190022,24.173908027,591.32567768,0,0,11.6609519314,192.887588178,21,1.5407190022,26.8392447751,648.907261971,0,0,17.5740092128,564.071149761,21,1.5407190022,10.4575092437,669.021038051,22,1.61408657373,2.84452645131,551.563842773
yolo11s,development,300,8ee606e6-4cbd-3c07-8419-fbda836ccaac,8070,1345,21,1.56133828996,35.4003024943,886.988478085,0,0,17.0524589363,245.14679491,21,1.56133828996,37.6341892326,939.148563112,0,0,27.0667791813,847.744443572,21,1.56133828996,15.9897227342,737.025903989,22,1.63568773234,4.22280728226,338.720999239
yolo11s,development,400,8ee606e6-4cbd-3c07-8419-fbda836ccaac,7950,1325,20,1.50943396226,46.342976937,1119.4753418,0,0,22.2415560141,381.811586644,20,1.50943396226,48.1920822558,1166.21392675,0,0,36.6610769553,1022.63995114,20,1.50943396226,22.2253979958,966.165240012,21,1.58490566038,6.12703822769,761.385611929
yolo11s,development,500,8ee606e6-4cbd-3c07-8419-fbda836ccaac,7824,1304,20,1.53374233129,55.5532147783,1119.4753418,0,0,27.4223563571,422.807743014,20,1.53374233129,57.0165555262,1160.79242667,0,0,43.3546088914,1021.52130619,20,1.53374233129,26.1234711092,987.109818502,25,1.91717791411,7.4408529734,915.226229295
yolo11s,development,100,90f360d8-35f7-3c54-b2da-e99b354bc4cb,2976,496,3,0.604838709677,7.7661623492,625.587489926,0,0,3.5319246814,56.9078001838,3,0.604838709677,10.0232383601,762.929393039,0,0,5.81035094964,612.334240174,3,0.604838709677,3.76684705357,115.450128671,3,0.604838709677,1.216261138,61.2717088477
yolo11s,development,200,90f360d8-35f7-3c54-b2da-e99b354bc4cb,2940,490,3,0.612244897959,15.0590372144,1234.0090332,0,0,6.79487639971,110.771728516,3,0.612244897959,16.9787818911,1358.64737217,0,0,11.2602059802,1209.24249853,3,0.612244897959,7.76213190393,485.012632309,3,0.612244897959,2.45675480097,151.706592009
yolo11s,development,300,90f360d8-35f7-3c54-b2da-e99b354bc4cb,2898,483,3,0.621118012422,20.8000736314,1234.0090332,0,0,9.84543669955,158.325683594,3,0.621118012422,22.36364702,1345.94380815,0,0,16.1502330325,1198.21113103,3,0.621118012422,12.3949153411,1000.68123312,3,0.621118012422,3.93633926955,678.889514374
yolo11s,development,400,90f360d8-35f7-3c54-b2da-e99b354bc4cb,2838,473,3,0.634249471459,26.6774233584,1234.0090332,0,0,12.6966631762,197.493896484,3,0.634249471459,27.9335067371,1333.24024452,0,0,22.3694313695,1188.66810145,3,0.634249471459,16.0107824134,860.261113268,4,0.845665961945,5.94436255706,854.750366211
yolo11s,development,500,90f360d8-35f7-3c54-b2da-e99b354bc4cb,2790,465,3,0.645161290323,31.7634823907,1234.0090332,0,0,15.4936620057,234.065429688,3,0.645161290323,32.7039813352,1320.53667999,0,0,27.2727773479,1179.57790951,3,0.645161290323,17.9741059841,549.408881547,6,1.29032258065,6.72250602763,864.865140588
yolo11s,development,100,91923e20-9a05-32e0-ac53-8c09b0b60341,7578,1263,18,1.42517814727,15.0558542861,847.512323974,0,0,4.63373781993,57.6755402753,17,1.34600158353,19.2539355796,1034.97659223,0,0,12.4851372011,600.80679971,18,1.42517814727,6.60191322037,393.687772233,18,1.42517814727,1.53065273666,117.53940543
yolo11s,development,200,91923e20-9a05-32e0-ac53-8c09b0b60341,7482,1247,18,1.44346431435,27.3792667143,1219.17712402,0,0,9.35644760926,110.872056863,17,1.36327185245,30.9757599703,1388.94627313,0,0,22.8445541324,1039.90409421,18,1.44346431435,13.2875107888,735.590256417,18,1.44346431435,3.13887943617,306.690450283
yolo11s,development,300,91923e20-9a05-32e0-ac53-8c09b0b60341,7368,1228,18,1.4657980456,38.1436775472,1219.17712402,0,0,14.2263248015,175.246197684,17,1.38436482085,41.2068376259,1371.25115327,0,0,31.734291485,1063.29195435,18,1.4657980456,19.8531427191,1039.23163053,18,1.4657980456,4.97260962059,699.808215651
yolo11s,development,400,91923e20-9a05-32e0-ac53-8c09b0b60341,7260,1210,18,1.48760330579,47.7039169779,1219.17712402,0,0,19.2291337381,262.884384493,17,1.40495867769,50.2966448916,1353.5560327,0,0,40.0675868086,1189.2675121,18,1.48760330579,27.0166613708,1292.54325451,18,1.48760330579,6.99830969145,920.72295889
yolo11s,development,500,91923e20-9a05-32e0-ac53-8c09b0b60341,7170,1195,18,1.50627615063,56.794527928,1219.17712402,0,0,24.5306189677,363.667641214,17,1.42259414226,58.9685691006,1335.86091284,0,0,47.2198324239,1089.88904086,18,1.50627615063,33.5550732876,1319.35586845,20,1.67364016736,7.53067532649,695.603661645
yolo11s,development,100,919f13de-857f-3b1c-9f8e-7cbe500a60ae,9048,1508,4,0.26525198939,15.2202329323,738.24321626,0,0,5.029635045,127.996377549,4,0.26525198939,19.0738381005,879.500208991,0,0,11.890463579,622.458185122,4,0.26525198939,6.30533817031,220.552936456,4,0.26525198939,2.62415563587,111.415003007
yolo11s,development,200,919f13de-857f-3b1c-9f8e-7cbe500a60ae,8934,1489,4,0.268636668905,29.2388447953,1135.04211426,0,0,9.8602926642,330.384212233,4,0.268636668905,32.5330183822,1261.66758353,0,0,23.0070964748,1117.32458274,4,0.268636668905,12.6535149873,586.548580164,4,0.268636668905,5.20806849793,266.55570377
yolo11s,development,300,919f13de-857f-3b1c-9f8e-7cbe500a60ae,8820,1470,4,0.272108843537,41.8277766917,1310.65052795,0,0,14.554578446,507.662719727,4,0.272108843537,44.6666911052,1388.7315322,0,0,33.4819271886,1296.33605938,4,0.272108843537,19.1326386795,1142.33932015,4,0.272108843537,8.09382245961,784.914354585
yolo11s,development,400,919f13de-857f-3b1c-9f8e-7cbe500a60ae,8664,1444,4,0.277008310249,52.8109391381,1369.38891602,0,0,19.0641752749,679.476855287,4,0.277008310249,55.2413893392,1425.39556274,0,0,42.547552239,1367.83069312,4,0.277008310249,25.5092201334,1049.02402576,5,0.346260387812,10.8841758543,746.135493775
yolo11s,development,500,919f13de-857f-3b1c-9f8e-7cbe500a60ae,8502,1417,3,0.211714890614,62.6593646849,1383.33300781,0,0,23.5142439734,489.775067021,3,0.211714890614,64.72258808,1428.4837298,0,0,50.0364619948,1368.27093008,3,0.211714890614,32.4215061141,1104.26722067,4,0.282286520819,13.8541701199,1080.7590332
yolo11s,development,100,9239d493-31d7-3dd0-a05f-03d50a242392,7044,1174,5,0.425894378194,16.2244759924,808.738664395,0,0,6.84658246401,129.562828365,5,0.425894378194,21.0663255776,987.221409472,0,0,13.1644378282,803.806294966,5,0.425894378194,7.61547938445,397.804540208,5,0.425894378194,2.02035962697,91.9659725169
yolo11s,development,200,9239d493-31d7-3dd0-a05f-03d50a242392,6936,1156,5,0.432525951557,29.0474910053,986.759399414,0,0,13.8021071269,291.729369267,5,0.432525951557,33.1411602862,1148.48480947,0,0,22.8873581742,1028.26062198,5,0.432525951557,15.3830053794,1013.16260217,6,0.519031141869,4.86317524324,1067.52722168
yolo11s,development,300,9239d493-31d7-3dd0-a05f-03d50a242392,6792,1132,5,0.441696113074,40.2398013104,1186.26550293,0,0,21.0026924375,519.809208572,5,0.441696113074,43.5419274839,1261.67795053,0,0,31.2726285552,1167.77653637,5,0.441696113074,23.3714041776,642.592104403,10,0.883392226148,5.62462461463,220.242358894
yolo11s,development,400,9239d493-31d7-3dd0-a05f-03d50a242392,6666,1111,5,0.4500450045,50.6351809979,1225.02066883,0,0,28.3600672293,634.329956055,5,0.4500450045,53.3776482329,1273.56296009,0,0,39.4270858933,1243.39805569,5,0.4500450045,31.8682933958,718.748368698,9,0.810081008101,7.57299908864,330.431907266
yolo11s,development,500,9239d493-31d7-3dd0-a05f-03d50a242392,6516,1086,5,0.460405156538,59.9572985336,1395.87239075,0,0,35.6116999068,881.071899414,5,0.460405156538,62.1808981661,1438.18058417,0,0,46.8806712299,1418.34399092,5,0.460405156538,39.986819185,965.210912866,9,0.828729281768,9.26145705231,483.589954881
yolo11s,development,100,96284bbc-6b58-330f-a5a6-76cd518543f0,14136,2356,18,0.764006791171,11.7995544767,842.116151989,0,0,6.68845556056,155.288997343,18,0.764006791171,14.854561597,1020.75785635,0,0,8.64424700849,821.207954587,18,0.764006791171,7.16413054294,630.141451165,19,0.806451612903,2.33357949063,160.7057271
yolo11s,development,200,96284bbc-6b58-330f-a5a6-76cd518543f0,13908,2318,17,0.733390854185,22.5356935232,1097.09894007,0,0,13.3955006991,423.881401537,17,0.733390854185,25.1298784621,1204.35917473,0,0,16.5231929882,998.24536532,17,0.733390854185,14.14041016,446.121023724,18,0.776531492666,5.04628165359,613.953194053
yolo11s,development,300,96284bbc-6b58-330f-a5a6-76cd518543f0,13662,2277,17,0.74659639877,32.8571435322,1195.54547095,0,0,20.0247102615,535.49870066,17,0.74659639877,35.0625558414,1267.14778768,0,0,24.6565636142,1177.92052795,17,0.74659639877,21.452375861,751.520979521,23,1.0101010101,6.54216046974,254.961844448
yolo11s,development,400,96284bbc-6b58-330f-a5a6-76cd518543f0,13386,2231,16,0.717167189601,42.3243257079,1371.01303101,0,0,26.2854712163,776.576293945,16,0.717167189601,44.1576658343,1426.23343355,0,0,32.3908484903,1351.12430028,16,0.717167189601,28.5869828752,847.014306903,20,0.896458987001,9.11232781735,952.594848633
yolo11s,development,500,96284bbc-6b58-330f-a5a6-76cd518543f0,13110,2185,16,0.732265446224,51.1960056159,1371.01303101,4,0.183066361556,31.7872346246,874.645507812,16,0.732265446224,52.6877838003,1419.03047218,0,0,40.5235768148,1348.94759315,17,0.778032036613,36.2115467118,1489.00775096,20,0.91533180778,11.7782563926,1000.14558581
yolo11s,development,100,97738d01-b24f-365e-8818-2463149154d2,5466,911,1,0.109769484083,14.0013105586,1031.5687445,0,0,8.44725087257,119.726274783,1,0.109769484083,17.6475599146,1259.72857557,0,0,10.2015034523,1021.80415189,1,0.109769484083,7.1876431342,320.84144862,1,0.109769484083,2.49936957289,189.884549675
yolo11s,development,200,97738d01-b24f-365e-8818-2463149154d2,5358,893,1,0.111982082867,26.9359384536,1107.54589844,0,0,16.26017764,228.441264643,1,0.111982082867,30.0244585638,1314.1866985,0,0,21.9682803211,1165.06622045,1,0.111982082867,15.7599964941,1198.076268,1,0.111982082867,6.5732946385,1028.79672902
yolo11s,development,300,97738d01-b24f-365e-8818-2463149154d2,5250,875,1,0.114285714286,39.1771959369,1107.54589844,0,0,23.4414288175,329.000410116,1,0.114285714286,41.7883468559,1292.6676675,0,0,29.0518639764,1082.30857628,1,0.114285714286,19.6095959804,1077.00819002,1,0.114285714286,9.66453666107,1142.01538086
yolo11s,development,400,97738d01-b24f-365e-8818-2463149154d2,5136,856,1,0.116822429907,50.5257725156,1107.54589844,0,0,29.9538463095,422.73828125,1,0.116822429907,52.6879958305,1271.14863843,0,0,38.1007882976,1169.2391676,1,0.116822429907,25.4186197805,1179.50985783,5,0.584112149533,9.61684789205,1157.07928467
yolo11s,development,500,97738d01-b24f-365e-8818-2463149154d2,5028,838,1,0.119331742243,60.8388037175,1107.54589844,0,0,36.0456631706,524.709777832,1,0.119331742243,62.5964415866,1249.62960936,0,0,46.0737885208,1143.76028295,1,0.119331742243,30.649100435,1189.52402884,7,0.835322195704,9.40189329712,1096.09281853
yolo11s,development,100,9a25fd14-783b-35c3-ab2d-df4687f82b5e,13326,2221,18,0.81044574516,12.142568324,1106.62902832,0,0,4.60456856801,105.96401704,17,0.76542098154,15.3248744459,1373.39875567,0,0,9.08909804198,970.826645685,18,0.81044574516,6.49773985068,361.549483496,18,0.81044574516,2.14262205475,137.135610489
yolo11s,development,200,9a25fd14-783b-35c3-ab2d-df4687f82b5e,13152,2192,17,0.775547445255,23.0282189382,1201.16784668,0,0,9.08350465498,221.784790039,16,0.729927007299,25.7125427193,1348.61090427,0,0,17.4139077148,1159.55042144,17,0.775547445255,13.4568372969,871.317537682,17,0.775547445255,4.48046961385,640.045280078
yolo11s,development,300,9a25fd14-783b-35c3-ab2d-df4687f82b5e,12972,2162,17,0.786308973173,32.93779735,1327.03466797,0,0,13.2365733405,225.826904297,16,0.740055504163,35.1910318928,1406.16883057,0,0,25.9327591347,1639.10621349,17,0.786308973173,20.6322500119,1122.16924687,17,0.786308973173,7.10054462951,672.384521484
yolo11s,development,400,9a25fd14-783b-35c3-ab2d-df4687f82b5e,12768,2128,17,0.798872180451,41.7545133895,1327.03466797,0,0,17.2331273042,255.186763365,16,0.751879699248,43.6355325609,1397.16733263,0,0,33.4475205188,1276.63874758,17,0.798872180451,27.9399386617,1244.60405187,18,0.845864661654,11.0351558024,1097.39882645
yolo11s,development,500,9a25fd14-783b-35c3-ab2d-df4687f82b5e,12570,2095,17,0.811455847255,50.4260732066,1396.77471518,0,0,21.2491152494,314.501543018,16,0.763723150358,51.9587490728,1435.33124382,0,0,40.4413440988,1276.42212546,17,0.811455847255,34.5957812239,1188.98779813,23,1.09785202864,13.804962701,1043.25427246
yolo11s,development,100,9afab336-dbae-3f70-a669-46813f4570d7,7350,1225,12,0.979591836735,10.2856659755,830.955219387,0,0,3.14951965322,178.080693459,11,0.897959183673,13.0703582302,991.368506038,0,0,8.21964727174,811.696742042,12,0.979591836735,5.434948853,348.536644736,12,0.979591836735,1.29064124498,128.171648177
yolo11s,development,200,9afab336-dbae-3f70-a669-46813f4570d7,7236,1206,12,0.995024875622,18.8945510717,1201.515625,0,0,5.78443368295,235.857762083,11,0.912106135987,21.2200628141,1351.6921691,0,0,15.0740803088,1166.21736774,12,0.995024875622,11.0344931623,613.331529064,12,0.995024875622,2.72946235442,413.528018775
yolo11s,development,300,9afab336-dbae-3f70-a669-46813f4570d7,7122,1187,11,0.926705981466,26.9494069114,1201.515625,0,0,8.25235354935,297.411876309,10,0.842459983151,28.9034310636,1341.45542738,0,0,21.2087026323,1151.16521225,11,0.926705981466,16.8136454974,726.01919284,11,0.926705981466,3.82095457452,488.542902614
yolo11s,development,400,9afab336-dbae-3f70-a669-46813f4570d7,7020,1170,10,0.854700854701,33.8824914577,1361.81747437,0,0,10.8717022362,470.858724807,10,0.854700854701,35.4774891447,1420.13466725,0,0,27.4375923296,1397.27741239,10,0.854700854701,23.684142686,624.587924917,10,0.854700854701,5.5234554094,392.955009395
yolo11s,development,500,9afab336-dbae-3f70-a669-46813f4570d7,6918,1153,10,0.867302688638,40.3312111949,1361.81747437,0,0,13.508483646,545.758426838,10,0.867302688638,41.6032743646,1415.3210753,0,0,34.773310324,1404.62131634,10,0.867302688638,32.5224012922,1026.11801254,10,0.867302688638,8.00014158885,740.2450824
yolo11s,development,100,a160c635-aa67-352c-a5e6-03b113493090,5256,876,11,1.25570776256,20.3124965151,485.365901795,0,0,11.9013450507,141.321331686,11,1.25570776256,25.9661340834,584.32549408,0,0,12.5823640879,422.46520942,11,1.25570776256,8.06581662276,179.266663794,11,1.25570776256,2.0717092473,112.327457086
yolo11s,development,200,a160c635-aa67-352c-a5e6-03b113493090,5136,856,11,1.28504672897,38.3775920883,970.731784175,0,0,23.0383566799,256.774921141,11,1.28504672897,43.2686664829,1062.09522507,0,0,23.888715435,844.822279075,11,1.28504672897,16.0883768331,392.682323842,11,1.28504672897,3.97452249982,222.064189322
yolo11s,development,300,a160c635-aa67-352c-a5e6-03b113493090,5004,834,11,1.31894484412,54.06283909,1305.71655273,0,0,33.7204514065,378.501824918,11,1.31894484412,58.1219950869,1389.48384254,0,0,34.0407847317,1092.870151,11,1.31894484412,24.2023704514,675.675261837,11,1.31894484412,5.88893431824,328.636584154
yolo11s,development,400,a160c635-aa67-352c-a5e6-03b113493090,4884,814,11,1.35135135135,69.3071403228,1355.95216712,0,0,43.8120803513,496.825378229,11,1.35135135135,72.7547427551,1408.92588781,0,0,44.8622230501,1134.17700485,11,1.35135135135,32.859100629,981.847668291,11,1.35135135135,8.2669144056,431.258726727
yolo11s,development,500,a160c635-aa67-352c-a5e6-03b113493090,4752,792,11,1.38888888889,81.2891390038,1378.9054718,0,0,53.4896384252,609.034362793,11,1.38888888889,84.0607264799,1427.26823941,0,0,55.7134723133,1131.76028981,11,1.38888888889,44.0104936823,1378.62693647,11,1.38888888889,12.6548418225,878.385454793
yolo11s,development,100,a359e053-a350-36cf-ab1d-a7980afaffa2,8820,1470,16,1.08843537415,14.348487619,947.898947052,0,0,3.70995593696,88.3420023757,16,1.08843537415,18.1391977741,1156.26755517,0,0,10.4370411126,935.230018614,16,1.08843537415,6.01536756622,532.987148677,16,1.08843537415,1.77227429499,132.248212264
yolo11s,development,200,a359e053-a350-36cf-ab1d-a7980afaffa2,8706,1451,16,1.10268780152,26.6039852829,1143.74982387,0,0,7.3346093701,198.949030921,16,1.10268780152,29.8798353359,1323.62902539,0,0,19.7391001232,1129.73807066,16,1.10268780152,12.2445173252,1027.16262094,17,1.17160578911,3.73331536966,750.516917374
yolo11s,development,300,a359e053-a350-36cf-ab1d-a7980afaffa2,8580,1430,16,1.11888111888,37.0716346764,1262.13296509,0,0,10.7946397819,223.334992648,16,1.11888111888,39.9220577551,1364.40109327,0,0,27.1837528628,1244.18350187,16,1.11888111888,18.4021148861,880.45771633,17,1.18881118881,6.12860506031,1023.82891846
yolo11s,development,400,a359e053-a350-36cf-ab1d-a7980afaffa2,8448,1408,16,1.13636363636,46.5811257815,1370.47084045,0,0,14.1800701529,330.795031736,16,1.13636363636,49.0430860527,1426.72879552,0,0,34.5628031693,1340.72585897,16,1.13636363636,24.6970253638,942.994049564,20,1.42045454545,7.87513601266,628.074439187
yolo11s,development,500,a359e053-a350-36cf-ab1d-a7980afaffa2,8322,1387,16,1.15356885364,55.4013377129,1370.47084045,0,0,17.4582049474,394.133911133,16,1.15356885364,57.4756164605,1419.52055465,0,0,42.9573570711,1331.17605567,16,1.15356885364,31.3608586145,1020.65155996,23,1.65825522711,9.99639586618,797.787387685
yolo11s,development,100,a50b198c-4de2-3f8c-a2b9-ab280605b350,11946,1991,7,0.351582119538,11.0023308464,726.345281734,0,0,3.82501767767,49.3510976115,7,0.351582119538,13.8117720109,880.250019756,0,0,7.87552822841,516.821057906,7,0.351582119538,5.67223738535,350.796682127,7,0.351582119538,1.74403120402,222.107542036
yolo11s,development,200,a50b198c-4de2-3f8c-a2b9-ab280605b350,11796,1966,7,0.356052899288,21.2233718511,979.477573344,0,0,7.58692391125,103.377692582,7,0.356052899288,23.642764894,1116.71779705,0,0,15.3014276219,950.212224283,7,0.356052899288,11.7900232508,1019.60702014,7,0.356052899288,3.62799481493,541.129500992
yolo11s,development,300,a50b198c-4de2-3f8c-a2b9-ab280605b350,11622,1937,7,0.36138358286,30.6286407163,1311.93252444,0,0,11.2456314372,168.203272001,7,0.36138358286,32.7006970341,1389.59058643,0,0,22.9839310528,1683.58961044,7,0.36138358286,18.4530094986,1549,8,0.413009808983,5.92656867846,959.04645748
yolo11s,development,400,a50b198c-4de2-3f8c-a2b9-ab280605b350,11442,1907,7,0.367068694284,38.8864172685,1355.27201843,0,0,14.7902612609,245.573079886,7,0.367068694284,40.6115857894,1416.60083945,0,0,29.7530699813,1208.59634166,7,0.367068694284,23.8376670668,1511.58200835,8,0.419507079182,8.95658548752,1442.73320007
yolo11s,development,500,a50b198c-4de2-3f8c-a2b9-ab280605b350,11262,1877,7,0.372935535429,46.1839719633,1456.18432617,0,0,18.2599841817,329.508636475,7,0.372935535429,47.5555160186,1499.93552006,0,0,35.6622881095,1333.20085144,7,0.372935535429,29.2650755981,1422.59821352,11,0.586041555674,11.0466987295,1333.20085144
yolo11s,development,100,aa539866-29e4-353e-95a9-b6d321b53b33,10422,1737,24,1.3816925734,15.2422975397,1100.09655762,0,0,6.22531730862,79.2146431852,24,1.3816925734,19.2062277821,1333.10340369,0,0,10.9417014602,1096.42825772,24,1.3816925734,5.82442015229,226.67692089,24,1.3816925734,1.35505536223,92.2985062359
yolo11s,development,200,aa539866-29e4-353e-95a9-b6d321b53b33,10248,1708,23,1.34660421546,28.4292648264,1207.11999512,0,0,12.2665485713,178.884096407,23,1.34660421546,31.8027275859,1364.21473005,0,0,20.6573455543,1138.9204457,23,1.34660421546,12.0130720875,410.801406979,23,1.34660421546,2.88513235487,247.245341308
yolo11s,development,300,aa539866-29e4-353e-95a9-b6d321b53b33,10032,1672,23,1.37559808612,39.9292774511,1207.11999512,0,0,18.168915387,303.353772092,23,1.37559808612,42.836645399,1346.95349163,0,0,29.7504618319,1134.82149036,23,1.37559808612,19.1857653296,1078.92520483,24,1.43540669856,5.18643748491,985.74609375
yolo11s,development,400,aa539866-29e4-353e-95a9-b6d321b53b33,9768,1628,22,1.35135135135,50.2173102758,1331.57167053,0,0,23.854384792,490.216186523,22,1.35135135135,52.6679222906,1394.43210311,0,0,37.784589546,1236.99478804,22,1.35135135135,26.1799921309,1191.10469139,25,1.53562653563,7.44164070225,1011.32042631
yolo11s,development,500,aa539866-29e4-353e-95a9-b6d321b53b33,9522,1587,22,1.38626339004,59.6079450025,1331.57167053,0,0,29.317132575,549.41015625,22,1.38626339004,61.6376654793,1386.76842075,0,0,46.366192394,1236.55038169,22,1.38626339004,34.1399587044,2047,28,1.76433522369,9.72170229379,999.439996823
yolo11s,development,100,aa82b61f-7156-3c68-95a4-b79cebd120eb,9288,1548,11,0.710594315245,12.1898806892,749.648376465,0,0,6.82232631375,154.190427011,11,0.710594315245,15.4860626727,908.886755018,0,0,7.65215305056,760.593484003,11,0.710594315245,6.72891415774,268.620430031,11,0.710594315245,1.58630722213,133.650179521
yolo11s,development,200,aa82b61f-7156-3c68-95a4-b79cebd120eb,9204,1534,11,0.717079530639,23.5731057478,1053.94906616,0,0,13.6725932134,325.865571932,11,0.717079530639,26.4027556509,1178.63752733,0,0,15.6263295268,810.377135232,11,0.717079530639,13.8029722408,847.018649743,11,0.717079530639,3.22916799184,450.316243454
yolo11s,development,300,aa82b61f-7156-3c68-95a4-b79cebd120eb,9114,1519,11,0.724160631995,34.0660774804,1229.24285889,0,0,20.0778150808,404.391554506,11,0.724160631995,36.447878258,1311.3393668,0,0,23.3714849606,1067.77485594,11,0.724160631995,20.3704475953,1110.4171472,12,0.789993416722,4.88934939668,515.804797887
yolo11s,development,400,aa82b61f-7156-3c68-95a4-b79cebd120eb,9024,1504,11,0.731382978723,43.8191002178,1229.24285889,0,0,26.2055668289,595.539588826,11,0.731382978723,45.7552170188,1301.98927201,0,0,31.6041804638,1196.95525981,11,0.731382978723,27.1026872971,1420.10598733,12,0.797872340426,6.7361291805,874.745117188
yolo11s,development,500,aa82b61f-7156-3c68-95a4-b79cebd120eb,8940,1490,11,0.738255033557,53.1875062085,1297.01190719,0,0,32.274656773,763.842407227,11,0.738255033557,54.7256762934,1332.96344229,0,0,39.5623359003,1488.81293371,11,0.738255033557,33.8350863764,1549,13,0.872483221477,8.3506568094,1082.79321289
yolo11s,development,100,ab83611b-436e-3de7-aad1-f0c9ad254196,9954,1659,23,1.38637733574,8.91279897169,655.874243889,0,0,2.92678962813,72.7093047655,23,1.38637733574,11.2644636134,799.913668986,0,0,7.27211501543,640.841206209,23,1.38637733574,4.31268076043,287.276805118,23,1.38637733574,0.973768487803,127.125740725
yolo11s,development,200,ab83611b-436e-3de7-aad1-f0c9ad254196,9858,1643,23,1.39987827145,17.2915842684,1221.06292725,0,0,5.68585074898,161.728856357,23,1.39987827145,19.2808564101,1351.76063212,0,0,14.4836095347,1192.70860749,23,1.39987827145,8.84031600027,1067.07362188,24,1.46074254413,2.1422900167,778.273294355
yolo11s,development,300,ab83611b-436e-3de7-aad1-f0c9ad254196,9762,1627,22,1.35218192993,24.8582656726,1284.47805786,0,0,8.22613030627,270.645299239,22,1.35218192993,26.5551741257,1366.48466919,0,0,20.6947959496,1309.10657474,22,1.35218192993,13.087218938,1222.81692168,24,1.47510755993,3.17044701644,1095.78965519
yolo11s,development,400,ab83611b-436e-3de7-aad1-f0c9ad254196,9642,1607,22,1.36901057872,31.4535928444,1342.16694641,0,0,10.5050060707,357.271223977,22,1.36901057872,32.8781593911,1407.72321913,0,0,25.9127817954,1167.74728534,22,1.36901057872,17.1957693585,721.891652929,25,1.55569383945,4.52168440452,773.110527963
yolo11s,development,500,ab83611b-436e-3de7-aad1-f0c9ad254196,9540,1590,22,1.38364779874,37.6339015894,1342.16694641,0,0,12.6552060296,426.702079664,22,1.38364779874,38.8462149427,1399.28700094,0,0,30.1427312727,1156.43330067,22,1.38364779874,21.3142454889,1024.52117912,28,1.76100628931,6.20494508895,1130.25964355
yolo11s,development,100,ac1b1697-42b9-4225-a666-d17f72204fa8,9282,1547,16,1.03425985779,8.56697905565,752.556714889,0,0,3.4785744299,90.702531983,16,1.03425985779,10.8659523684,915.72179711,0,0,7.80502419016,732.250523848,16,1.03425985779,5.68478168606,213.387140801,16,1.03425985779,2.27532177249,101.350637177
yolo11s,development,200,ac1b1697-42b9-4225-a666-d17f72204fa8,9210,1535,16,1.04234527687,16.5309517044,1182.78027344,0,0,6.96128968124,165.121810913,16,1.04234527687,18.4651647017,1318.67460529,0,0,16.889808967,1173.12243472,16,1.04234527687,12.941638294,1159.02974095,16,1.04234527687,5.69812380364,828.024165628
yolo11s,development,300,ac1b1697-42b9-4225-a666-d17f72204fa8,9108,1518,16,1.05401844532,23.7376737953,1182.78027344,0,0,10.6510469658,276.505030605,16,1.05401844532,25.3819113847,1300.74916159,0,0,21.1331075202,1125.02319368,16,1.05401844532,16.5256636852,420.19021874,19,1.25164690382,8.34345425239,1201.04309082
yolo11s,development,400,ac1b1697-42b9-4225-a666-d17f72204fa8,9024,1504,16,1.06382978723,30.6474061038,1266.18184955,0,0,14.731995115,459.303705229,16,1.06382978723,32.0498102332,1316.38746057,0,0,28.348796814,1276.94414322,16,1.06382978723,23.2665678157,713.659747589,24,1.59574468085,9.9086233744,1092.17993164
yolo11s,development,500,ac1b1697-42b9-4225-a666-d17f72204fa8,8928,1488,16,1.0752688172,37.0923220556,1384.11853027,0,0,18.9553955713,578.927898697,16,1.0752688172,38.2772541165,1423.71872393,0,0,36.7144457375,1356.60678206,16,1.0752688172,31.6294193525,1362.90729239,25,1.68010752688,14.0422020836,1304.70468193
yolo11s,development,100,b21b7285-2199-3264-b10a-524e9b23502a,7218,1203,11,0.914380714879,10.703046551,680.481201172,0,0,5.20143691089,86.9053239978,11,0.914380714879,13.6049170643,829.664557665,0,0,7.7674546191,673.673400761,11,0.914380714879,7.92822251486,406.464828059,11,0.914380714879,1.69377972011,104.661773702
yolo11s,development,200,b21b7285-2199-3264-b10a-524e9b23502a,7164,1194,11,0.921273031826,19.7562227837,1125.63167272,0,0,10.4009525274,191.151039269,11,0.921273031826,22.2666978205,1241.4281285,0,0,16.0538651949,1116.11889648,11,0.921273031826,17.3305755408,1479.45572038,12,1.00502512563,4.67156513285,1138.56677246
yolo11s,development,300,b21b7285-2199-3264-b10a-524e9b23502a,7086,1181,11,0.931414055885,28.0568462499,1431.84277344,0,0,15.5999386274,222.108764648,11,0.931414055885,30.2150430022,1523.52281109,0,0,22.5452264704,1431.84277344,11,0.931414055885,22.2560902377,1372.28644789,16,1.35478408129,7.1793211224,1116.30529785
yolo11s,development,400,b21b7285-2199-3264-b10a-524e9b23502a,6984,1164,11,0.945017182131,35.6436034384,1431.84277344,0,0,20.709396545,222.108764648,11,0.945017182131,37.4799357588,1513.54273695,0,0,27.9941824853,1431.84277344,11,0.945017182131,27.1982324136,1306.5036581,20,1.71821305842,7.58218645322,1115.98852539
yolo11s,development,500,b21b7285-2199-3264-b10a-524e9b23502a,6882,1147,11,0.959023539669,42.7356299768,1431.84277344,0,0,25.6609741143,255.899390511,11,0.959023539669,44.2577835654,1503.56266271,2,0.174367916303,34.658457436,1467.09617209,11,0.959023539669,34.4094815443,1239.77492131,24,2.09241499564,8.80368026467,1115.57312012
yolo11s,development,100,b5ea60b0-2540-4efe-b60e-f421ade3c128,4524,754,17,2.25464190981,13.8245683626,661.84198513,0,0,5.727272767,74.4229865612,17,2.25464190981,17.0941408577,803.690950825,0,0,10.1086765656,653.569669925,17,2.25464190981,3.66967186488,151.797715602,17,2.25464190981,0.945317887083,66.1084539253
yolo11s,development,200,b5ea60b0-2540-4efe-b60e-f421ade3c128,4422,737,15,2.03527815468,26.3909380014,1219.16424561,0,0,10.9284052354,142.919100718,15,2.03527815468,29.1903699429,1346.91637472,0,0,19.2642982523,1222.63655848,15,2.03527815468,7.0911949631,309.747688714,15,2.03527815468,1.91212553148,128.603828828
yolo11s,development,300,b5ea60b0-2540-4efe-b60e-f421ade3c128,4338,723,15,2.07468879668,37.6268048481,1219.16424561,0,0,15.6213805239,206.498414395,15,2.07468879668,40.0076836516,1334.63082272,0,0,27.7604648976,1224.51889928,15,2.07468879668,10.6784125763,588.107468527,15,2.07468879668,2.96682514566,247.842217386
yolo11s,development,400,b5ea60b0-2540-4efe-b60e-f421ade3c128,4236,706,14,1.98300283286,47.7960624597,1219.16424561,0,0,19.853575561,266.741628053,14,1.98300283286,49.7697565984,1322.34527171,0,0,35.1816211846,1225.67720221,14,1.98300283286,13.8800881157,640.476956112,14,1.98300283286,4.55632376866,1014.47363281
yolo11s,development,500,b5ea60b0-2540-4efe-b60e-f421ade3c128,4134,689,14,2.03193033382,56.436087637,1219.16424561,0,0,23.8466500203,321.394323805,14,2.03193033382,57.9931929946,1310.05971971,0,0,42.2748685907,1227.20030387,14,2.03193033382,17.5597544113,809.902720824,15,2.1770682148,4.58011710509,285.533685247
yolo11s,development,100,bb9be2e6-8f0e-3bb3-8bb9-5d9aa9df384d,7482,1247,13,1.04250200481,23.8659580694,860.635341551,0,0,11.2270569567,82.0477062575,13,1.04250200481,30.8314228019,1045.2979613,0,0,16.4325614901,852.3168921,13,1.04250200481,9.12892494342,250.573774515,13,1.04250200481,2.42851355185,137.401763095
yolo11s,development,200,bb9be2e6-8f0e-3bb3-8bb9-5d9aa9df384d,7368,1228,13,1.05863192182,43.9399640535,1341.06719971,0,0,22.3063761764,178.346355929,13,1.05863192182,49.8087383146,1496.27191096,0,0,31.3123293007,1305.62660017,13,1.05863192182,18.9980941145,739.952257856,13,1.05863192182,5.00197061426,275.566894074
yolo11s,development,300,bb9be2e6-8f0e-3bb3-8bb9-5d9aa9df384d,7242,1207,13,1.07705053853,60.2604980888,1341.06719971,0,0,33.1457150209,277.443791996,13,1.07705053853,65.1311841955,1480.71621658,0,0,44.0809315089,1320.91086432,13,1.07705053853,28.3294448321,1205.32045782,17,1.40845070423,7.88262055711,719.586650433
yolo11s,development,400,bb9be2e6-8f0e-3bb3-8bb9-5d9aa9df384d,7104,1184,13,1.09797297297,74.8563906191,1375.62651062,0,0,43.8975728337,388.013371373,13,1.09797297297,78.7271389776,1465.1605222,0,0,53.4097227622,1410.68916918,13,1.09797297297,37.3278136592,1163.5748956,16,1.35135135135,11.2640028633,1244.30021298
yolo11s,development,500,bb9be2e6-8f0e-3bb3-8bb9-5d9aa9df384d,6954,1159,13,1.12165660052,88.9362824936,1375.62651062,0,0,55.5152554605,589.733463914,13,1.12165660052,91.9504736377,1449.60482782,0,0,63.0249743268,1528.0393262,13,1.12165660052,48.1903299778,1549,18,1.55306298533,12.6439592323,1125.98714236
yolo11s,development,100,c453a8e7-d3da-317a-946b-f8e9678a8582,6252,1042,20,1.91938579655,14.0557096745,862.276000977,0,0,6.72140894542,84.7656141928,20,1.91938579655,17.8921137212,1160.1125867,0,0,8.65013882139,852.670264267,20,1.91938579655,5.36656241229,210.237598766,20,1.91938579655,1.58007922281,69.0889239066
yolo11s,development,200,c453a8e7-d3da-317a-946b-f8e9678a8582,6138,1023,19,1.85728250244,26.1552476256,961.76751561,0,0,13.149616313,164.479690552,19,1.85728250244,29.428452254,1133.6457608,0,0,15.7349618623,960.140885618,19,1.85728250244,10.6469807649,456.125510687,19,1.85728250244,3.18333206624,231.659441594
yolo11s,development,300,c453a8e7-d3da-317a-946b-f8e9678a8582,6024,1004,18,1.79282868526,37.0754910337,1113.49450684,0,0,19.200446747,223.194244385,18,1.79282868526,39.814488652,1211.73919337,0,0,22.6881393402,1102.78791621,18,1.79282868526,16.2509026334,1141.33663625,18,1.79282868526,5.16134870604,721.956286941
yolo11s,development,400,c453a8e7-d3da-317a-946b-f8e9678a8582,5898,983,18,1.83112919634,47.2432474402,1339.59672546,0,0,25.0461070617,294.398162842,18,1.83112919634,49.4951702636,1463.96629064,0,0,30.0736699772,1542.79824206,18,1.83112919634,22.5702440444,1547.95422096,18,1.83112919634,7.62600527288,999.962986599
yolo11s,development,500,c453a8e7-d3da-317a-946b-f8e9678a8582,5760,960,17,1.77083333333,56.5086851893,1339.59672546,0,0,30.2624001202,361.069244385,17,1.77083333333,58.3220530314,1479.20500245,0,0,35.8141070096,1097.50059475,17,1.77083333333,26.4454096087,1154.96637344,17,1.77083333333,9.59929844117,1373.29378652
yolo11s,development,100,c7f5e5c1-dc52-3619-8998-420b2e280d8a,6810,1135,7,0.616740088106,10.2086458373,598.665649414,0,0,5.95191944678,44.582535815,7,0.616740088106,13.0432070383,768.082014144,0,0,7.63471580216,381.641181726,7,0.616740088106,6.50627542067,218.023003286,7,0.616740088106,2.37875866895,69.3746872371
yolo11s,development,200,c7f5e5c1-dc52-3619-8998-420b2e280d8a,6756,1126,7,0.621669626998,19.89059068,794.397460938,0,0,11.8408074613,90.5780811659,7,0.621669626998,22.3113100151,888.68427555,0,0,15.2484702433,763.213967368,7,0.621669626998,13.1015918642,594.000643001,7,0.621669626998,4.64824598815,297.168784864
yolo11s,development,300,c7f5e5c1-dc52-3619-8998-420b2e280d8a,6678,1113,7,0.62893081761,29.2692019004,1188.23017851,0,0,17.5853025057,129.657432078,7,0.62893081761,31.3278361034,1259.06408397,0,0,23.7457652043,1094.97502803,7,0.62893081761,19.647588936,724.695402693,7,0.62893081761,7.17746526669,794.397460938
yolo11s,development,400,c7f5e5c1-dc52-3619-8998-420b2e280d8a,6624,1104,7,0.634057971014,38.0564086279,1350.96166992,0,0,23.1636909053,173.926005643,7,0.634057971014,39.7769228114,1413.72374407,0,0,32.5243360917,1326.37263168,7,0.634057971014,26.639319762,1517.93713774,9,0.815217391304,9.6475733671,1259.93340764
yolo11s,development,500,c7f5e5c1-dc52-3619-8998-420b2e280d8a,6564,1094,7,0.639853747715,45.7531559242,1351.43725586,0,0,28.778887658,224.358843408,7,0.639853747715,47.121461426,1405.65191156,0,0,37.5355809993,1211.46832775,7,0.639853747715,31.4696625674,815.561539145,10,0.91407678245,11.3830205778,777.562255859
yolo11s,development,100,cf6a99cb-b8bc-34d7-bdca-30e50e66cd74,12876,2146,4,0.186393289842,7.33570774517,1088.73535156,0,0,1.43464762499,29.6929599825,4,0.186393289842,9.26675082362,1331.35281624,0,0,5.76866070527,1081.19718989,4,0.186393289842,4.25514980798,222.632276848,4,0.186393289842,1.48879427183,73.3986139291
yolo11s,development,200,cf6a99cb-b8bc-34d7-bdca-30e50e66cd74,12792,2132,4,0.187617260788,13.9412584119,1093.51550293,0,0,2.75794473751,63.3914693442,4,0.187617260788,15.5812403627,1310.83580718,0,0,11.2038160542,1079.73916569,4,0.187617260788,8.49312272987,471.588468062,4,0.187617260788,2.97754023416,272.831336906
yolo11s,development,300,cf6a99cb-b8bc-34d7-bdca-30e50e66cd74,12714,2119,4,0.188768286928,20.3763099032,1281.19458008,0,0,3.99612679944,96.3379083647,4,0.188768286928,21.7914827428,1376.75157959,0,0,17.0314927455,1261.4074949,4,0.188768286928,13.144179883,1025.63167036,4,0.188768286928,4.74233270224,863.177949535
yolo11s,development,400,cf6a99cb-b8bc-34d7-bdca-30e50e66cd74,12624,2104,4,0.190114068441,26.1537928648,1369.70668197,0,0,5.23267584366,129.940010382,4,0.190114068441,27.365013526,1423.98119585,0,0,22.1147262919,1253.77474649,4,0.190114068441,17.643061773,994.70527442,4,0.190114068441,6.54318256595,686.513061523
yolo11s,development,500,cf6a99cb-b8bc-34d7-bdca-30e50e66cd74,12528,2088,4,0.191570881226,31.9055873043,1398.62133789,0,0,6.45742937741,59.288719403,4,0.191570881226,32.946699876,1439.8646179,0,0,28.2195549376,1261.65193056,4,0.191570881226,23.0406102085,1079.70660977,5,0.239463601533,8.72323578099,925.152341553
yolo11s,development,100,d20c3612-a64d-3aa8-bd4a-58890413afbb,8820,1470,14,0.952380952381,15.3331325494,872.943007286,0,0,5.69660945486,82.5580542267,14,0.952380952381,19.5095142443,1064.72784778,0,0,14.4789411809,874.647420641,14,0.952380952381,8.63778067384,265.856161621,14,0.952380952381,2.58604139047,102.48312261
yolo11s,development,200,d20c3612-a64d-3aa8-bd4a-58890413afbb,8670,1445,14,0.968858131488,28.1380733924,1127.19003296,0,0,11.5800498724,191.16139984,14,0.968858131488,31.6863503475,1285.78457972,0,0,27.5410308535,1238.13232884,14,0.968858131488,18.5943956816,1346.73321487,14,0.968858131488,6.01862648716,1183.56251448
yolo11s,development,300,d20c3612-a64d-3aa8-bd4a-58890413afbb,8532,1422,14,0.98452883263,38.9298769873,1157.53381348,0,0,17.725779487,242.6407377,14,0.98452883263,41.9480429049,1267.97358985,0,0,36.1472971002,1158.70605258,14,0.98452883263,26.8153839316,1145.57014039,18,1.26582278481,7.60879175956,605.348783616
yolo11s,development,400,d20c3612-a64d-3aa8-bd4a-58890413afbb,8394,1399,14,1.00071479628,48.3212816546,1157.53381348,0,0,24.2568000299,381.953005063,14,1.00071479628,50.907301007,1250.16259784,0,0,44.5983174267,1193.81371719,14,1.00071479628,36.3304734015,1202.03703827,19,1.35811293781,10.2408913903,1074.33447368
yolo11s,development,500,d20c3612-a64d-3aa8-bd4a-58890413afbb,8256,1376,14,1.01744186047,56.5949389991,1277.82131958,0,0,31.6245304469,535.76184082,14,1.01744186047,58.7984817766,1313.73477371,0,0,53.8577222358,1228.92138215,14,1.01744186047,46.1407246844,1252.41954936,21,1.5261627907,13.0939653312,1081.5017395
yolo11s,development,100,d37be0e2-8223-3eeb-a0e2-c4b75d5ff87b,4650,775,15,1.93548387097,13.8367575365,761.874626,0,0,6.38477579014,109.494321617,15,1.93548387097,17.7144366106,970.503431513,0,0,10.54034779,750.218191269,15,1.93548387097,5.59622637945,268.665561927,15,1.93548387097,1.78536074511,116.447130444
yolo11s,development,200,d37be0e2-8223-3eeb-a0e2-c4b75d5ff87b,4584,764,15,1.96335078534,24.3470157441,1117.96557617,0,0,12.7413001979,240.6815489,15,1.96335078534,27.6117456822,1264.87374505,0,0,18.5909719106,1065.95607551,15,1.96335078534,11.0094457109,558.747903702,15,1.96335078534,3.77364337081,545.753417969
yolo11s,development,300,d37be0e2-8223-3eeb-a0e2-c4b75d5ff87b,4494,749,14,1.8691588785,33.0166618465,1117.96557617,0,0,18.6954279504,358.020252715,14,1.8691588785,35.7118302466,1247.37540645,0,0,25.9683484729,1113.7893015,14,1.8691588785,16.8289656799,1056.3882708,15,2.00267022697,5.37738271814,882.490413455
yolo11s,development,400,d37be0e2-8223-3eeb-a0e2-c4b75d5ff87b,4410,735,14,1.90476190476,40.9234291095,1117.96557617,0,0,24.4344959113,499.065241075,14,1.90476190476,43.1021889656,1229.87707012,0,0,32.0634961902,1022.88873886,14,1.90476190476,21.1130291982,831.195094761,14,1.90476190476,6.89531412385,558.664733887
yolo11s,development,500,d37be0e2-8223-3eeb-a0e2-c4b75d5ff87b,4326,721,14,1.94174757282,48.5131141833,1152.03834612,0,0,30.0364550655,570.84866594,14,1.94174757282,50.24219469,1212.37872959,0,0,39.6314305622,1047.42807634,14,1.94174757282,25.6245639445,972.985966566,15,2.08044382802,8.55592530925,1056.70068359
yolo11s,development,100,d3efe9ba-f10a-35e7-b17e-6850c66693fe,1482,247,7,2.83400809717,12.5456816472,299.679047181,0,0,8.39089175044,80.8287279071,7,2.83400809717,16.4924197611,364.898114972,0,0,8.02030376003,299.394090537,7,2.83400809717,5.98471986296,87.7457608484,7,2.83400809717,1.66692432385,58.1272367234
yolo11s,development,200,d3efe9ba-f10a-35e7-b17e-6850c66693fe,1446,241,7,2.90456431535,23.8315374622,599.358124329,0,0,16.2747437105,146.110807184,7,2.90456431535,27.204958333,658.652386127,0,0,17.3658070734,599.981998521,7,2.90456431535,12.4124154263,162.257998694,7,2.90456431535,3.35249329959,69.5476163621
yolo11s,development,300,d3efe9ba-f10a-35e7-b17e-6850c66693fe,1404,234,7,2.99145299145,33.9582945373,687.449035645,0,0,23.2323417,210.068389265,7,2.99145299145,36.8585669486,740.818491687,0,0,28.4447756565,689.628123575,7,2.99145299145,20.5913592077,630.040277841,7,2.99145299145,6.08254910627,378.189339844
yolo11s,development,400,d3efe9ba-f10a-35e7-b17e-6850c66693fe,1362,227,7,3.08370044053,41.8929194282,687.449035645,0,0,29.4657551019,362.737768152,7,3.08370044053,44.133755456,734.893686049,0,0,36.7757951645,691.979215697,7,3.08370044053,28.1872279042,684.474570633,8,3.52422907489,9.8018672733,698.944688416
yolo11s,development,500,d3efe9ba-f10a-35e7-b17e-6850c66693fe,1320,220,7,3.18181818182,49.8122468922,687.449035645,0,0,35.3501163761,604.679483934,7,3.18181818182,51.6679513154,728.968880056,0,0,45.257955213,694.256874354,7,3.18181818182,36.4858690924,715.208755034,9,4.09090909091,10.8877134272,481.313336698
yolo11s,development,100,dc9c2d63-083f-32c3-90ff-943ca823a245,9510,1585,17,1.07255520505,13.2364487202,774.831116674,0,0,2.55924950322,36.708334995,17,1.07255520505,16.7735646125,947.012766306,0,0,10.4634629222,767.5626362,17,1.07255520505,6.10731485705,111.169358614,17,1.07255520505,2.17812427956,74.1698229243
yolo11s,development,200,dc9c2d63-083f-32c3-90ff-943ca823a245,9396,1566,16,1.02171136654,24.9694171804,1123.51123047,0,0,5.01934360527,75.3343798997,16,1.02171136654,27.9800493569,1279.24036669,0,0,19.827841919,1107.74183671,16,1.02171136654,12.4259066861,323.996692111,16,1.02171136654,4.44296059131,195.716623405
yolo11s,development,300,dc9c2d63-083f-32c3-90ff-943ca823a245,9288,1548,16,1.03359173127,35.4089386644,1251.26940918,0,0,7.37241883024,116.809276056,16,1.03359173127,37.9528600256,1326.16123864,0,0,28.6116529904,1160.55915006,16,1.03359173127,19.3682975229,1022.18884251,16,1.03359173127,7.1597187925,848.205974209
yolo11s,development,400,dc9c2d63-083f-32c3-90ff-943ca823a245,9174,1529,15,0.981033355134,44.9819762372,1356.50941467,0,0,9.58682250833,123.16796875,15,0.981033355134,47.1028291196,1397.60391247,0,0,36.0588765458,1326.91310807,15,0.981033355134,26.0026537818,739.946198845,15,0.981033355134,10.0206505024,610.303566468
yolo11s,development,500,dc9c2d63-083f-32c3-90ff-943ca823a245,9072,1512,15,0.992063492063,53.3099266934,1401.62094116,0,0,11.6888641389,147.748316047,15,0.992063492063,54.9848501157,1440.93089307,0,0,43.4914872404,1364.02000422,15,0.992063492063,33.4066738352,973.639183916,16,1.0582010582,13.3683279983,1100.60501099
yolo11s,development,100,dd251cc5-736d-3b76-8ad3-3f6cb138178e,12726,2121,12,0.565770862801,14.623767084,835.138865907,0,0,5.71773854422,61.9851904529,12,0.565770862801,18.4408199491,1017.40078676,0,0,11.4130838114,823.189396402,12,0.565770862801,8.15856762873,159.244561247,12,0.565770862801,2.47234415041,134.145967661
yolo11s,development,200,dd251cc5-736d-3b76-8ad3-3f6cb138178e,12516,2086,11,0.527325023969,27.3497997206,1220.17736816,0,0,11.420801584,137.301394077,11,0.527325023969,30.5839715251,1377.60824977,0,0,21.696900188,1188.91412919,11,0.527325023969,17.0154917969,361.385397521,11,0.527325023969,5.06162125207,207.338916805
yolo11s,development,300,dd251cc5-736d-3b76-8ad3-3f6cb138178e,12294,2049,10,0.488042947779,37.9853365853,1324.71546936,0,0,16.9504853551,222.838084913,10,0.488042947779,40.720747813,1404.23698482,0,0,31.6690089133,1315.99578385,10,0.488042947779,27.3890835373,1096.25449744,10,0.488042947779,8.62030122336,1008.2398135
yolo11s,development,400,dd251cc5-736d-3b76-8ad3-3f6cb138178e,12048,2008,10,0.498007968127,46.7127503208,1334.46302795,0,0,22.3503154149,343.233425776,10,0.498007968127,48.9999634874,1395.1825712,0,0,41.7334877442,1313.43195559,10,0.498007968127,38.7378126787,1215.19896124,10,0.498007968127,13.3069038892,922.501630139
yolo11s,development,500,dd251cc5-736d-3b76-8ad3-3f6cb138178e,11778,1963,10,0.509424350484,54.4633199832,1334.46302795,0,0,27.8180137603,470.789097856,10,0.509424350484,56.3346530805,1386.12815859,0,0,47.9350533657,1310.95168703,10,0.509424350484,47.4057314065,1354.62685958,13,0.662251655629,17.1155211179,1060.78924561
yolo11s,development,100,e66d1403-755b-3f63-938b-a2a69446a48a,5856,976,8,0.819672131148,24.0596772972,705.850189001,0,0,11.4942573757,112.301897133,8,0.819672131148,31.3178865266,855.250469253,0,0,14.033089538,714.734156491,8,0.819672131148,8.04072247026,238.798358311,8,0.819672131148,2.03162914754,81.5042436974
yolo11s,development,200,e66d1403-755b-3f63-938b-a2a69446a48a,5718,953,8,0.839454354669,43.7946941181,1094.30749512,0,0,22.5320920832,229.691811191,8,0.839454354669,49.9538758409,1227.0186236,0,0,25.6439289398,1080.91746478,8,0.839454354669,15.9828490099,433.220315473,8,0.839454354669,4.05546286128,163.484142934
yolo11s,development,300,e66d1403-755b-3f63-938b-a2a69446a48a,5598,933,8,0.85744908896,60.5120370577,1305.47836287,0,0,32.8805918615,312.913873267,8,0.85744908896,65.6901812062,1383.29666443,0,0,36.4493609628,1276.92249004,8,0.85744908896,23.5932393166,616.607960593,8,0.85744908896,5.88563573247,364.788973735
yolo11s,development,400,e66d1403-755b-3f63-938b-a2a69446a48a,5466,911,8,0.878155872667,74.706948744,1358.8684082,0,0,42.5299829104,435.916048947,8,0.878155872667,79.0054876432,1416.12623242,0,0,46.3089316814,1357.7463578,8,0.878155872667,30.8764098827,1010.27411747,8,0.878155872667,7.84684311256,573.130142656
yolo11s,development,500,e66d1403-755b-3f63-938b-a2a69446a48a,5346,891,8,0.897867564534,85.383769381,1329.49536133,0,0,51.7109516143,499.868170727,8,0.897867564534,88.7757618632,1389.54202677,0,0,54.7637846865,1384.33634301,8,0.897867564534,38.1350693461,1070.36621866,8,0.897867564534,10.5755499452,964.994960584
yolo11s,development,100,ec3133b4-2b17-3d49-b78a-4bc480ac5137,6822,1137,10,0.879507475814,15.34346696,775.239344565,0,0,3.8438952968,35.0462003425,10,0.879507475814,19.6507141928,943.578286593,0,0,11.9370009788,749.8273597,10,0.879507475814,6.89756532032,161.410424016,10,0.879507475814,1.72034817659,71.9363068731
yolo11s,development,200,ec3133b4-2b17-3d49-b78a-4bc480ac5137,6774,1129,10,0.88573959256,28.2940881553,1069.26236742,0,0,7.40970227171,60.9979295911,10,0.88573959256,31.9936394256,1176.44150366,0,0,21.9969200109,1044.18379541,10,0.88573959256,13.8458374769,621.051526308,10,0.88573959256,3.4234477469,130.286077502
yolo11s,development,300,ec3133b4-2b17-3d49-b78a-4bc480ac5137,6690,1115,10,0.896860986547,38.9585197643,1321.3984375,0,0,10.6833279694,86.6428865017,10,0.896860986547,42.1672750306,1402.29362209,0,0,30.4908967731,1293.9645855,10,0.896860986547,21.091674638,857.80794307,11,0.986547085202,5.37674361975,504.87009086
yolo11s,development,400,ec3133b4-2b17-3d49-b78a-4bc480ac5137,6588,1098,10,0.910746812386,48.3537320792,1354.27587891,0,0,13.7752016039,112.614022445,10,0.910746812386,51.1437796007,1415.27444112,0,0,37.0141454574,1328.9840533,10,0.910746812386,27.0575577395,496.528636654,11,1.00182149362,7.16952776519,717.182006836
yolo11s,development,500,ec3133b4-2b17-3d49-b78a-4bc480ac5137,6492,1082,10,0.924214417745,56.8310035005,1407.04647827,0,0,16.7701528434,137.015054941,10,0.924214417745,59.2299669535,1445.94035224,0,0,43.3682313121,1323.42951903,10,0.924214417745,34.2380868702,613.710784794,13,1.20147874307,8.67397132523,388.990705906
yolo11s,development,100,ef4a46c4-138e-3478-b94e-3e60a567ec7d,5814,969,8,0.825593395253,28.2312627886,922.110168457,0,0,7.79985045475,128.366083316,8,0.825593395253,36.408007087,1135.33454585,0,0,19.4699174554,905.034683294,8,0.825593395253,9.84466558431,295.195236882,8,0.825593395253,2.55814653044,109.390681758
yolo11s,development,200,ef4a46c4-138e-3478-b94e-3e60a567ec7d,5682,947,8,0.844772967265,50.099334679,1168.74902344,0,0,15.1029077778,257.200966403,8,0.844772967265,56.9946835021,1319.78398705,0,0,33.9213694885,1132.78018169,8,0.844772967265,20.3118291565,679.541841898,8,0.844772967265,5.1325323942,183.098440285
yolo11s,development,300,ef4a46c4-138e-3478-b94e-3e60a567ec7d,5532,922,8,0.867678958785,68.5961739083,1275.20909778,0,0,21.8925764887,337.837806571,8,0.867678958785,74.4724571381,1358.53289083,0,0,49.2719106481,1335.12092456,8,0.867678958785,32.7166752495,1101.15901426,10,1.08459869848,8.64746083376,441.156361494
yolo11s,development,400,ef4a46c4-138e-3478-b94e-3e60a567ec7d,5394,899,8,0.889877641824,83.5081082585,1369.73730469,0,0,28.5304020968,424.883512905,8,0.889877641824,88.4851394942,1424.78232431,0,0,57.1391716297,1405.66528857,8,0.889877641824,38.3634071017,1461.56445171,18,2.0022246941,12.3252993915,1046.09069824
yolo11s,development,500,ef4a46c4-138e-3478-b94e-3e60a567ec7d,5256,876,8,0.913242009132,95.1091240841,1395.64326477,0,0,34.4115801154,506.255435979,8,0.913242009132,99.2832274592,1434.65882307,0,0,65.9963412584,1549,8,0.913242009132,47.0438760978,1549,21,2.39726027397,15.0638880853,1259.07480937
yolo11s,development,100,f3cc42c7-84a8-35c5-8683-13878bb9beeb,12696,2116,16,0.756143667297,12.3163686748,596.628417969,0,0,6.67379787608,159.667406573,16,0.756143667297,15.6255276014,758.189701486,0,0,8.73056085502,573.538821704,16,0.756143667297,6.38056266358,221.904555058,16,0.756143667297,1.87421516026,103.541212089
yolo11s,development,200,f3cc42c7-84a8-35c5-8683-13878bb9beeb,12510,2085,16,0.767386091127,23.9158239526,1074.53881836,0,0,13.202620827,395.55090332,16,0.767386091127,26.7666434263,1189.64041814,0,0,17.9209310379,1062.93312309,16,0.767386091127,13.4423382674,509.180860377,16,0.767386091127,3.9275826032,216.263630575
yolo11s,development,300,f3cc42c7-84a8-35c5-8683-13878bb9beeb,12288,2048,16,0.78125,34.6898302915,1155.64660645,0,0,19.349503622,519.848548656,16,0.78125,37.1230643131,1229.7442933,0,0,27.2653439445,1121.58191641,16,0.78125,21.2767708407,895.484240272,17,0.830078125,6.27048207628,455.738656947
yolo11s,development,400,f3cc42c7-84a8-35c5-8683-13878bb9beeb,12030,2005,15,0.74812967581,44.548595646,1364.37333679,0,0,25.0929125773,749.654296875,15,0.74812967581,46.5805650737,1422.75230426,0,0,36.1916377766,1388.74550242,15,0.74812967581,29.281095597,1424.38751282,20,0.997506234414,8.83430119845,916.965344311
yolo11s,development,500,f3cc42c7-84a8-35c5-8683-13878bb9beeb,11790,1965,14,0.712468193384,53.4222167713,1364.37333679,3,0.152671755725,30.4694098721,859.170370675,14,0.712468193384,55.0181140323,1416.88182564,0,0,44.4071775559,1456.80507135,14,0.712468193384,37.71269456,2026.70613728,22,1.11959287532,12.6262635852,1549
yolo11s,development,100,f7cdc2d1-f59a-30a2-aae8-8bb81c769e6e,11274,1879,15,0.798296966472,10.2104282905,887.385924211,0,0,4.51921930992,180.466867051,15,0.798296966472,12.8682740406,1078.71112335,0,0,7.51179308602,885.553408488,15,0.798296966472,4.78813002724,396.871540301,15,0.798296966472,1.53413273523,140.57718104
yolo11s,development,200,f7cdc2d1-f59a-30a2-aae8-8bb81c769e6e,11196,1866,15,0.8038585209,19.8151003263,1065.14904785,0,0,8.92000851461,221.848388672,15,0.8038585209,22.0982250245,1224.10687984,0,0,14.7968336439,1351.86478204,15,0.8038585209,9.72093821651,1187.35466479,15,0.8038585209,3.42145078509,1009.45468228
yolo11s,development,300,f7cdc2d1-f59a-30a2-aae8-8bb81c769e6e,11022,1837,15,0.81654872074,28.440864165,1318.84567675,0,0,13.1896071393,297.457614973,15,0.81654872074,30.3219275093,1397.48393933,0,0,21.2682370959,1331.98146941,15,0.81654872074,14.3203973595,748.285240798,19,1.03429504627,4.65990818852,314.79911138
yolo11s,development,400,f7cdc2d1-f59a-30a2-aae8-8bb81c769e6e,10872,1812,15,0.827814569536,36.7695700899,1353.07556152,0,0,17.5660186265,485.100341797,15,0.827814569536,38.3365350711,1414.73126676,0,0,27.9053665625,1375.45580144,15,0.827814569536,19.2965310134,900.742325263,18,0.993377483444,6.35805812278,409.724734323
yolo11s,development,500,f7cdc2d1-f59a-30a2-aae8-8bb81c769e6e,10716,1786,15,0.839865621501,44.4068913038,1353.07556152,0,0,21.9960724268,499.216918945,15,0.839865621501,45.6664017902,1406.81547136,0,0,34.2337222195,1388.15788358,15,0.839865621501,24.6402645408,1123.75551005,17,0.951847704367,8.30978372401,433.042896523
yolo11s,development,100,fa9ec72a-cbcf-35dc-be20-4d0d9e7215ef,4044,674,2,0.296735905045,15.0877969926,612.336791992,0,0,3.14863543963,46.7700868137,2,0.296735905045,18.9419344178,784.260297242,0,0,12.302722976,605.384876146,2,0.296735905045,5.41693208565,161.235377334,2,0.296735905045,1.98929885286,73.3156008992
yolo11s,development,200,fa9ec72a-cbcf-35dc-be20-4d0d9e7215ef,4002,667,2,0.299850074963,28.3710816529,763.372524242,0,0,6.09961787129,80.4580078125,2,0.299850074963,31.6873635348,839.719510009,0,0,23.0318234593,732.63092255,2,0.299850074963,11.2553251698,451.23687762,2,0.299850074963,4.15217093915,148.964475162
yolo11s,development,300,fa9ec72a-cbcf-35dc-be20-4d0d9e7215ef,3948,658,2,0.303951367781,39.1597965499,1002.06013208,0,0,8.90219344265,93.512755709,2,0.303951367781,41.9869293044,1062.28794889,0,0,31.312410643,1001.11418027,2,0.303951367781,18.3582264831,1229.92263581,3,0.455927051672,7.23998383611,460.660337035
yolo11s,development,400,fa9ec72a-cbcf-35dc-be20-4d0d9e7215ef,3894,649,2,0.308166409861,48.4147458551,1084.07543945,0,0,11.4498152987,132.4349169,2,0.308166409861,50.8220820712,1136.24298955,0,0,38.6888493599,1127.09380637,2,0.308166409861,26.5009088604,1456.68027848,3,0.462249614792,10.8392734811,724.975049261
yolo11s,development,500,fa9ec72a-cbcf-35dc-be20-4d0d9e7215ef,3828,638,2,0.313479623824,56.022839657,1084.07543945,0,0,13.757908344,162.535581925,2,0.313479623824,58.0674130777,1129.0577076,0,0,50.5669086163,1062.06429341,2,0.313479623824,27.5489946183,1046.28992691,4,0.626959247649,15.8102623662,981.108093262
yolo11s,development,100,fb149ce0-7706-3bb5-9860-8c63d1c77592,8034,1339,8,0.597460791636,14.1594712088,536.934584448,0,0,5.33017762909,102.66077431,8,0.597460791636,18.0666831108,646.790544353,0,0,10.2135151268,508.844224265,8,0.597460791636,5.71723287156,589.089428235,8,0.597460791636,1.57625874183,124.048078203
yolo11s,development,200,fb149ce0-7706-3bb5-9860-8c63d1c77592,7920,1320,7,0.530303030303,27.4169252126,1021.84162937,0,0,10.4644126168,178.670564645,7,0.530303030303,30.7375966171,1122.08479142,0,0,20.2861034291,966.9797441,7,0.530303030303,11.7648382535,1189.38315477,7,0.530303030303,3.26285199576,283.3383103
yolo11s,development,300,fb149ce0-7706-3bb5-9860-8c63d1c77592,7812,1302,7,0.537634408602,38.6878632085,1279.82470694,0,0,15.3117582942,269.358972638,7,0.537634408602,41.4731727349,1355.26248253,1,0.0768049155146,29.1866659491,1193.39112457,7,0.537634408602,17.7295146584,1200.29800423,9,0.691244239631,5.11129223813,535.619523285
yolo11s,development,400,fb149ce0-7706-3bb5-9860-8c63d1c77592,7686,1281,7,0.546448087432,48.8508618653,1354.14051819,0,0,20.0668172746,296.123851935,7,0.546448087432,51.157587201,1415.67933398,1,0.0780640124902,37.4269040805,1297.51233495,7,0.546448087432,24.5598533313,1220.96701248,11,0.858704137393,7.52825564888,711.675058622
yolo11s,development,500,fb149ce0-7706-3bb5-9860-8c63d1c77592,7518,1253,6,0.47885075818,57.6961988681,1354.14051819,0,0,24.6604644598,322.686155264,6,0.47885075818,59.5486052331,1407.73288668,1,0.0798084596967,43.4055890886,1292.65703066,6,0.47885075818,30.932405783,1474.71841698,14,1.11731843575,10.1454528866,885.201619281
yolo11s,development,100,ff52c01e-3d7b-32b1-b6a1-bcff3459ccdd,7854,1309,17,1.2987012987,25.8656869631,691.017811322,0,0,12.9222403297,115.797476083,17,1.2987012987,33.1656279729,839.756152019,0,0,15.7969582704,696.516710444,17,1.2987012987,7.75834839727,205.407662732,17,1.2987012987,2.23514914303,70.784631012
yolo11s,development,200,ff52c01e-3d7b-32b1-b6a1-bcff3459ccdd,7674,1279,17,1.32916340891,47.57653532,1084.95809937,0,0,25.5469021071,226.593236577,17,1.32916340891,53.8090466583,1209.44970783,0,0,28.6431797766,1016.48249117,17,1.32916340891,15.4713856563,445.968290002,17,1.32916340891,4.47667872177,190.074638987
yolo11s,development,300,ff52c01e-3d7b-32b1-b6a1-bcff3459ccdd,7470,1245,17,1.36546184739,66.0734610438,1267.123721,0,0,37.7604009247,327.633489704,17,1.36546184739,71.4248782987,1342.91542796,0,0,39.520631826,1144.43188415,17,1.36546184739,22.8438230637,594.92075953,17,1.36546184739,6.66920402162,285.465616632
yolo11s,development,400,ff52c01e-3d7b-32b1-b6a1-bcff3459ccdd,7230,1205,17,1.41078838174,82.5197793514,1283.38757324,0,0,49.6235239276,420.797839692,17,1.41078838174,86.9620560818,1350.31623353,0,0,49.4601882018,1205.56348451,17,1.41078838174,30.7982539468,757.268194487,17,1.41078838174,9.08179405022,378.511328213
yolo11s,development,500,ff52c01e-3d7b-32b1-b6a1-bcff3459ccdd,7014,1169,17,1.45423438837,97.8417997989,1301.01550293,0,0,61.1205764862,508.5235016,17,1.45423438837,101.456762269,1396.47186649,0,0,59.5545093649,1275.77494863,17,1.45423438837,38.3374937168,922.326172304,17,1.45423438837,11.4260208818,344.767815613
yolo11s,development,100,ff8e7fdb-1073-3592-ba5e-8111bc3ce48b,12084,2014,23,1.14200595829,13.8589390439,772.486118055,0,0,6.91010782467,111.680003345,23,1.14200595829,17.521600189,942.164164576,0,0,9.06236040833,737.418294713,23,1.14200595829,6.00253327118,449.442554267,23,1.14200595829,1.77760303582,164.430545775
yolo11s,development,200,ff8e7fdb-1073-3592-ba5e-8111bc3ce48b,11892,1982,23,1.16044399596,26.5195689615,1162.2192688,0,0,13.6760064296,210.273730368,23,1.16044399596,29.6224601904,1316.14275824,0,0,17.7984658853,1138.73348564,23,1.16044399596,12.0377390145,588.806412396,24,1.21089808274,3.79056391314,609.644876668
yolo11s,development,300,ff8e7fdb-1073-3592-ba5e-8111bc3ce48b,11634,1939,23,1.1861784425,37.2448079239,1320.60299683,0,0,20.1701090253,330.820753652,23,1.1861784425,39.8227318468,1402.14131268,0,0,25.9478290625,1219.73870092,23,1.1861784425,17.9573228325,765.734064579,26,1.34089736978,5.65808734285,993.65234375
yolo11s,development,400,ff8e7fdb-1073-3592-ba5e-8111bc3ce48b,11370,1895,23,1.21372031662,47.0011311488,1372.45043945,0,0,26.5872485717,492.986328125,23,1.21372031662,49.1156519474,1432.64114671,0,0,33.7873161915,1221.31139783,23,1.21372031662,23.4985663168,882.04411883,29,1.53034300792,7.76044629885,1000.95391846
yolo11s,development,500,ff8e7fdb-1073-3592-ba5e-8111bc3ce48b,11106,1851,22,1.1885467315,55.9977599556,1372.45043945,0,0,32.6706127715,627.373230808,22,1.1885467315,57.6681290585,1426.77013083,0,0,41.5135888538,1266.35496811,22,1.1885467315,28.8714973892,1147.28632887,30,1.62074554295,9.40999649746,832.534790039
yolo11s,heldout,100,0b86f508-5df9-4a46-bc59-5b9536dbde9f,9204,1534,12,0.782268578879,13.250448959,751.346909729,0,0,7.63736744374,90.5453753436,12,0.782268578879,16.7797391721,916.04312018,0,0,10.7317657918,744.101067226,12,0.782268578879,7.92247918481,186.596883313,12,0.782268578879,2.24508181719,132.487891284
yolo11s,heldout,200,0b86f508-5df9-4a46-bc59-5b9536dbde9f,9060,1510,12,0.794701986755,25.2662640367,1307.50689697,0,0,15.6424741415,220.857773644,12,0.794701986755,28.2007020939,1440.03654505,0,0,20.9950553056,1292.21525674,12,0.794701986755,16.6255024005,711.658128413,14,0.927152317881,4.48766682975,272.336428365
yolo11s,heldout,300,0b86f508-5df9-4a46-bc59-5b9536dbde9f,8880,1480,12,0.810810810811,35.9093144209,1313.87097168,0,0,24.3036645166,423.62482882,12,0.810810810811,38.3951795177,1427.60125805,0,0,29.6621437678,1293.56730899,12,0.810810810811,25.6936204661,486.192259635,15,1.01351351351,6.82834507125,359.66198126
yolo11s,heldout,400,0b86f508-5df9-4a46-bc59-5b9536dbde9f,8706,1451,12,0.827015851137,45.5532881892,1361.61572266,0,0,34.0040119445,607.724609375,12,0.827015851137,47.63906194,1420.6395255,0,0,38.522687913,1310.9452866,12,0.827015851137,36.8560817457,809.939416088,15,1.03376981392,9.48780053052,637.067778846
yolo11s,heldout,500,0b86f508-5df9-4a46-bc59-5b9536dbde9f,8508,1418,12,0.846262341326,54.5074633086,1390.02540588,0,0,44.1428514806,711.553833008,12,0.846262341326,56.2183343618,1433.65050082,0,0,46.8533302932,1371.81490681,12,0.846262341326,48.6522293041,1034.06476346,19,1.33991537377,12.4664525689,418.398803711
yolo11s,heldout,100,0c3bad78-9f1e-395d-a376-2eb7499229fd,5154,859,14,1.62980209546,13.2384799618,388.834350586,0,0,10.3059999197,143.965595355,14,1.62980209546,16.9407089401,546.474714884,0,0,6.7279173258,286.916058143,14,1.62980209546,3.78338100232,110.065592568,14,1.62980209546,0.889659366353,61.4532422599
yolo11s,heldout,200,0c3bad78-9f1e-395d-a376-2eb7499229fd,5070,845,14,1.65680473373,25.5144402426,601.697711787,0,0,20.1178514894,270.854644775,14,1.65680473373,28.6659511906,661.966391908,0,0,13.4526831901,572.680604425,14,1.65680473373,7.78308688958,404.907734242,14,1.65680473373,1.8747509956,176.346126955
yolo11s,heldout,300,0c3bad78-9f1e-395d-a376-2eb7499229fd,4968,828,14,1.69082125604,37.3800977062,902.546591749,0,0,29.3704076865,382.050292969,14,1.69082125604,39.9962606619,956.514368984,0,0,20.4027475996,856.872998976,14,1.69082125604,11.5408437234,382.050292969,14,1.69082125604,3.75075362179,1183.50219727
yolo11s,heldout,400,0c3bad78-9f1e-395d-a376-2eb7499229fd,4860,810,13,1.6049382716,48.3884268619,1016.65146377,0,0,38.024804099,491.964366568,13,1.6049382716,50.4872872764,1056.88916141,0,0,27.4220965063,1014.03589043,13,1.6049382716,15.1105523961,455.696105957,14,1.72839506173,3.24531420794,137.675177937
yolo11s,heldout,500,0c3bad78-9f1e-395d-a376-2eb7499229fd,4770,795,13,1.63522012579,58.4428907258,1015.10845947,0,0,46.4883233312,587.782836914,13,1.63522012579,60.0394680069,1044.88863363,0,0,34.6655549344,963.684966184,13,1.63522012579,18.9472371222,490.799904965,14,1.76100628931,3.99773269705,189.917086492
yolo11s,heldout,100,0fb7276f-ecb5-3e5b-87a8-cc74c709c715,8424,1404,10,0.712250712251,13.3238913871,599.026701182,0,0,8.03526582716,77.4058950339,9,0.641025641026,16.8302737391,730.261221501,0,0,9.26117908795,594.179336978,10,0.712250712251,5.69976131029,275.645194256,10,0.712250712251,1.69560457552,105.58695093
yolo11s,heldout,200,0fb7276f-ecb5-3e5b-87a8-cc74c709c715,8322,1387,10,0.720980533526,25.724838399,1037.42315034,0,0,15.9057259597,169.856374623,9,0.648882480173,28.7336387447,1140.32384636,0,0,18.3152892732,1324.81306809,10,0.720980533526,12.005657364,1331.23000313,10,0.720980533526,3.79969427433,1074.90459514
yolo11s,heldout,300,0fb7276f-ecb5-3e5b-87a8-cc74c709c715,8208,1368,10,0.730994152047,37.3961451916,1257.82626343,0,0,23.5331277713,218.748413086,9,0.657894736842,39.9629417065,1350.36866553,0,0,25.6862783905,1188.95529716,10,0.730994152047,16.5438288136,547.135919872,11,0.804093567251,5.38310676494,845.709553438
yolo11s,heldout,400,0fb7276f-ecb5-3e5b-87a8-cc74c709c715,8088,1348,10,0.741839762611,48.2392254946,1257.82626343,0,0,30.9828641964,265.960694012,9,0.66765578635,50.3834441751,1340.01037161,0,0,33.7838433734,1235.22725899,10,0.741839762611,22.2872383627,1101.0925209,13,0.964391691395,6.69021646549,670.26249695
yolo11s,heldout,500,0fb7276f-ecb5-3e5b-87a8-cc74c709c715,7986,1331,9,0.676183320811,58.9219817731,1257.82626343,0,0,38.2162388905,322.810590224,8,0.601051840721,60.6801926523,1329.65207863,0,0,41.4057870909,1282.93109538,9,0.676183320811,27.9139915537,1198.15324883,12,0.901577761082,8.63143119772,815.15445824
yolo11s,heldout,100,15ec0778-826e-3ed7-9775-54fbf66997f4,4170,695,8,1.15107913669,13.9551805832,675.717475239,0,0,9.50765656047,85.2216298191,8,1.15107913669,17.8486456918,822.049216733,0,0,7.88200094757,620.890540452,8,1.15107913669,4.37143494533,116.73417822,8,1.15107913669,1.17717416509,35.1356315113
yolo11s,heldout,200,15ec0778-826e-3ed7-9775-54fbf66997f4,4110,685,8,1.16788321168,26.659439769,1087.40612793,0,0,18.639352239,170.099817785,8,1.16788321168,30.0358630479,1220.61275,0,0,15.593181959,1008.49322238,8,1.16788321168,8.710253378,226.940364704,8,1.16788321168,2.34899747349,62.9665321024
yolo11s,heldout,300,15ec0778-826e-3ed7-9775-54fbf66997f4,4038,673,8,1.18870728083,38.2477293453,1244.64404297,0,0,27.3991781782,254.083299817,8,1.18870728083,41.106903871,1335.24658484,0,0,23.3083495211,1226.33556294,8,1.18870728083,13.1887012228,470.625598654,8,1.18870728083,3.67087508326,196.890095918
yolo11s,heldout,400,15ec0778-826e-3ed7-9775-54fbf66997f4,3954,659,8,1.21396054628,48.8424795132,1244.64404297,0,0,35.8483912319,334.405776098,8,1.21396054628,51.1913623084,1325.3676204,0,0,31.2689343804,1221.9690293,8,1.21396054628,18.6234872147,1011.9452503,8,1.21396054628,5.58259190185,920.861791944
yolo11s,heldout,500,15ec0778-826e-3ed7-9775-54fbf66997f4,3876,646,7,1.08359133127,58.6161887163,1244.64404297,0,0,44.1935171518,426.115742778,7,1.08359133127,60.44775949,1315.48865714,0,0,37.7574999162,1219.28624192,7,1.08359133127,22.3235078036,827.807366349,7,1.08359133127,6.65873129314,484.152513077
yolo11s,heldout,100,182ba3f7-b89a-36cc-ae40-32a341b0d3e9,3936,656,7,1.06707317073,10.025402438,625.202871326,0,0,1.85992405814,18.3504543076,7,1.06707317073,12.6147637396,762.19721314,0,0,7.86716183782,414.191382337,7,1.06707317073,4.20662695939,286.673479739,7,1.06707317073,1.3122115409,175.910647627
yolo11s,heldout,200,182ba3f7-b89a-36cc-ae40-32a341b0d3e9,3912,652,7,1.0736196319,18.4870914922,862.236835008,0,0,3.58210595052,36.3538589478,7,1.0736196319,20.7214088903,947.731340267,0,0,14.3225256039,828.781841684,7,1.0736196319,8.44337417662,587.495451029,7,1.0736196319,2.64247620901,357.26750259
yolo11s,heldout,300,182ba3f7-b89a-36cc-ae40-32a341b0d3e9,3894,649,7,1.07858243451,25.6007574094,1083.55575562,0,0,5.16461588624,52.4764387239,7,1.07858243451,27.5559179284,1160.43891742,0,0,19.6805552197,1034.59199339,7,1.07858243451,12.5684688133,777.922969202,7,1.07858243451,3.84731390515,507.146070671
yolo11s,heldout,400,182ba3f7-b89a-36cc-ae40-32a341b0d3e9,3876,646,7,1.08359133127,32.2263683236,1083.55575562,0,0,6.66884482978,68.9263839722,7,1.08359133127,33.9365144523,1151.82757543,0,0,25.3017940366,1061.26398454,7,1.08359133127,16.5840772539,817.776350984,7,1.08359133127,4.98230797223,687.085174394
yolo11s,heldout,500,182ba3f7-b89a-36cc-ae40-32a341b0d3e9,3858,643,7,1.08864696734,38.3373238876,1104.29373169,0,0,8.16953978503,85.2178279854,7,1.08864696734,39.8434644183,1143.21623309,0,0,29.9678243642,1096.87696238,7,1.08864696734,19.8167934119,777.294584639,7,1.08864696734,5.63739249264,456.499036629
yolo11s,heldout,100,19350c96-623d-4d77-af96-f8c23f00c358,5460,910,7,0.769230769231,16.64778504,754.913112183,0,0,7.81054934155,90.7088174598,7,0.769230769231,21.2461517295,920.844654986,0,0,11.4040053472,550.026047323,7,0.769230769231,5.89101896283,404.432022842,7,0.769230769231,2.29182529092,161.428775742
yolo11s,heldout,200,19350c96-623d-4d77-af96-f8c23f00c358,5340,890,7,0.786516853933,31.9802556452,1169.70291138,0,0,15.4891595428,178.180482085,7,0.786516853933,35.9478382614,1320.20161963,0,0,22.6395100203,868.308302482,7,0.786516853933,11.2724750673,384.050176337,7,0.786516853933,4.71087550959,713.621887207
yolo11s,heldout,300,19350c96-623d-4d77-af96-f8c23f00c358,5226,871,7,0.803673938002,45.6254378588,1245.29397583,0,0,23.0144448373,306.809814924,7,0.803673938002,48.9448447952,1323.73946122,0,0,32.5998973404,1134.85430458,7,0.803673938002,17.6488985528,542.176287427,8,0.918484500574,6.670328677,301.254241594
yolo11s,heldout,400,19350c96-623d-4d77-af96-f8c23f00c358,5100,850,7,0.823529411765,58.0830215022,1370.08769226,0,0,30.4695819806,497.137620792,7,0.823529411765,60.8665168124,1426.23806608,0,0,42.4696890039,1372.47103476,7,0.823529411765,25.1338558214,807.870656431,8,0.941176470588,9.76572323518,380.266988727
yolo11s,heldout,500,19350c96-623d-4d77-af96-f8c23f00c358,4980,830,7,0.843373493976,69.3793224218,1370.08769226,0,0,37.5122355228,493.361938477,7,0.843373493976,71.647752339,1419.68831236,0,0,51.1065234341,1372.7465666,7,0.843373493976,31.863175838,808.668559928,9,1.0843373494,14.1617857418,1006.46502686
yolo11s,heldout,100,1da4a0aa-22ae-3958-856d-05303de1f576,10470,1745,5,0.286532951289,14.4896105923,659.379399434,0,0,4.98672722591,74.9371305997,5,0.286532951289,18.3035618419,804.153103436,0,0,11.4735285667,649.150659993,5,0.286532951289,7.03827448119,437.148869053,5,0.286532951289,1.97063420698,92.1657685252
yolo11s,heldout,200,1da4a0aa-22ae-3958-856d-05303de1f576,10356,1726,5,0.289687137891,27.3349487216,1219.31033325,0,0,9.95032614117,152.387289144,5,0.289687137891,30.6465061044,1350.67571596,0,0,21.9967283469,1200.88586236,5,0.289687137891,13.9720473146,493.369014894,6,0.347624565469,3.88757877666,201.058852697
yolo11s,heldout,300,1da4a0aa-22ae-3958-856d-05303de1f576,10170,1695,5,0.294985250737,38.1180396349,1319.58159879,0,0,14.9294755277,233.150627328,5,0.294985250737,40.9203559513,1399.38753416,0,0,30.8168914801,1193.51458064,5,0.294985250737,21.231219527,745.207498107,6,0.353982300885,5.82545168,330.624724048
yolo11s,heldout,400,1da4a0aa-22ae-3958-856d-05303de1f576,10020,1670,5,0.299401197605,49.2858040953,1323.94471741,0,0,19.9479701961,368.119653962,5,0.299401197605,51.7138772589,1395.40548177,0,0,40.3097214176,1186.88257759,5,0.299401197605,28.9061702769,1001.20571889,7,0.419161676647,7.93976804925,413.809440382
yolo11s,heldout,500,1da4a0aa-22ae-3958-856d-05303de1f576,9858,1643,5,0.30432136336,58.3562759519,1323.94471741,0,0,25.1570403284,494.396069689,5,0.30432136336,60.3698619578,1387.06031075,0,0,47.7890564586,1181.20380047,5,0.30432136336,36.710238925,1252.59403361,8,0.486914181376,10.0777205577,592.507085025
yolo11s,heldout,100,20dd185d-b4eb-3024-a17a-b4e5d8b15b65,7830,1305,18,1.37931034483,25.8619887192,627.514587402,0,0,11.1891554389,161.156255407,18,1.37931034483,32.6659142661,805.460512086,0,0,16.0628032177,608.967060122,18,1.37931034483,8.35568081934,273.830805233,18,1.37931034483,1.98493963754,145.164842261
yolo11s,heldout,200,20dd185d-b4eb-3024-a17a-b4e5d8b15b65,7620,1270,15,1.1811023622,47.6047912822,1077.10723698,0,0,21.6304743929,292.998678668,15,1.1811023622,53.3218475565,1183.80847629,0,0,28.9117013754,1042.15487451,15,1.1811023622,16.4387384135,672.049708633,15,1.1811023622,4.04728541482,309.318794633
yolo11s,heldout,300,20dd185d-b4eb-3024-a17a-b4e5d8b15b65,7416,1236,15,1.21359223301,65.5178582637,1227.16308594,0,0,31.5633708195,408.163970947,15,1.21359223301,70.4182079027,1302.95717845,0,0,39.1022967445,1073.3289704,15,1.21359223301,24.5935119145,871.116017472,16,1.29449838188,6.13173605467,423.482765388
yolo11s,heldout,400,20dd185d-b4eb-3024-a17a-b4e5d8b15b65,7212,1202,15,1.24792013311,81.1065322898,1227.31994629,0,0,41.0485092853,546.653126169,15,1.24792013311,85.1974958471,1292.97091638,0,0,48.1151883362,1130.66960603,15,1.24792013311,33.0090218299,975.271810392,17,1.41430948419,8.23856939248,569.759551588
yolo11s,heldout,500,20dd185d-b4eb-3024-a17a-b4e5d8b15b65,6990,1165,15,1.28755364807,95.2597081059,1299.63847351,0,0,50.2066610484,638.088656781,15,1.28755364807,98.6642115579,1337.27447741,2,0.171673819742,56.7394474227,1316.01594731,15,1.28755364807,41.1500101158,1056.41509995,17,1.45922746781,10.5918945788,717.018573569
yolo11s,heldout,100,24642607-2a51-384a-90a7-228067956d05,6582,1097,9,0.820419325433,17.8630396634,660.263457525,0,0,5.68335081351,158.659069067,9,0.820419325433,22.7616280202,805.38147747,0,0,14.5020524636,610.993478298,9,0.820419325433,6.28807721433,337.554974214,9,0.820419325433,2.2782726125,118.001356463
yolo11s,heldout,200,24642607-2a51-384a-90a7-228067956d05,6450,1075,9,0.837209302326,32.6648114346,1145.4071292,0,0,10.875695981,270.331306138,9,0.837209302326,36.8474847491,1256.77482369,0,0,26.4122139957,1110.06392962,9,0.837209302326,12.9246184354,338.815620718,9,0.837209302326,5.1815773934,1136.95202637
yolo11s,heldout,300,24642607-2a51-384a-90a7-228067956d05,6312,1052,9,0.855513307985,44.5757379531,1320.18884277,0,0,15.9225060969,462.822265625,9,0.855513307985,48.1592925525,1401.93645745,0,0,36.1447366011,1182.60541272,9,0.855513307985,19.9910639181,652.108093489,9,0.855513307985,7.69319701632,530.482113283
yolo11s,heldout,400,24642607-2a51-384a-90a7-228067956d05,6186,1031,8,0.775945683802,54.4420358314,1332.65100098,0,0,20.869155218,526.900512695,8,0.775945683802,57.5222729936,1401.1637305,0,0,44.5045480616,1158.35395992,8,0.775945683802,27.0529042236,1066.6365744,8,0.775945683802,10.8453146722,936.927227955
yolo11s,heldout,500,24642607-2a51-384a-90a7-228067956d05,6060,1010,8,0.792079207921,62.3410435631,1332.65100098,0,0,25.6245149119,641.574510378,8,0.792079207921,64.8992551382,1394.17696506,0,0,49.7300451287,1147.85711325,8,0.792079207921,31.7441029669,1062.87031121,9,0.891089108911,12.7506644923,987.539499464
yolo11s,heldout,100,27c03d98-6ac3-38a3-ba5e-102b184d01ef,3552,592,6,1.01351351351,13.21556906,866.717388432,0,0,5.16415938817,38.3474711568,6,1.01351351351,16.657037956,1056.62615171,0,0,10.0154248775,859.905461525,6,1.01351351351,3.84626041246,72.2354038658,6,1.01351351351,1.35652753197,60.1497575947
yolo11s,heldout,200,27c03d98-6ac3-38a3-ba5e-102b184d01ef,3486,581,5,0.860585197935,25.0584025139,961.082399396,0,0,10.2113904094,78.7273737511,5,0.860585197935,28.0202709579,1062.35415513,0,0,19.3895971712,963.018090426,5,0.860585197935,7.79138959139,151.398602892,5,0.860585197935,2.73732651465,125.390108377
yolo11s,heldout,300,27c03d98-6ac3-38a3-ba5e-102b184d01ef,3408,568,5,0.880281690141,35.9661358204,1275.25964355,0,0,15.1149366721,121.678554014,5,0.880281690141,38.4773275453,1291.17160559,0,0,28.1365648734,1277.03231431,5,0.880281690141,11.9825856069,268.539837771,5,0.880281690141,4.23777674516,196.400120266
yolo11s,heldout,400,27c03d98-6ac3-38a3-ba5e-102b184d01ef,3330,555,5,0.900900900901,46.6471299479,1328.1043033,0,0,19.8682139155,170.240978311,5,0.900900900901,48.6979069403,1381.05504151,0,0,36.9216783381,1345.16786682,5,0.900900900901,16.5521297429,442.069164939,5,0.900900900901,5.87058706295,274.165664451
yolo11s,heldout,500,27c03d98-6ac3-38a3-ba5e-102b184d01ef,3222,537,4,0.744878957169,56.8211450409,1378.91020203,0,0,24.1898286303,124.745924712,4,0.744878957169,58.5069304549,1425.51408659,0,0,45.1969647991,1401.75372463,4,0.744878957169,21.6680422532,723.152613054,4,0.744878957169,7.88313001532,359.688548243
yolo11s,heldout,100,29a00842-ead2-3050-b587-c5ef507e4125,12618,2103,28,1.33143128864,12.3683805293,1031.82951762,0,0,5.52536534661,114.633673562,28,1.33143128864,15.5958281748,1253.92627981,0,0,9.23518004933,1025.33997239,28,1.33143128864,6.06836102687,328.812724856,28,1.33143128864,1.97953476646,261.302165505
yolo11s,heldout,200,29a00842-ead2-3050-b587-c5ef507e4125,12486,2081,28,1.3455069678,23.0969192768,1232.17529297,0,0,11.0367222978,224.907348633,28,1.3455069678,25.8701143775,1358.19266482,0,0,17.3057719526,1222.25737443,28,1.3455069678,12.442348445,759.292688459,28,1.3455069678,4.14998407995,480.653815973
yolo11s,heldout,300,29a00842-ead2-3050-b587-c5ef507e4125,12318,2053,28,1.36385776912,32.7246518003,1302.37280273,0,0,16.3747544044,305.717509322,28,1.36385776912,35.0971667523,1381.53435191,0,0,24.1551216163,1974.02721526,28,1.36385776912,17.9707354683,1100.19495582,30,1.4612761812,5.9509942197,1008.40571888
yolo11s,heldout,400,29a00842-ead2-3050-b587-c5ef507e4125,12120,2020,28,1.38613861386,41.4869101745,1302.37280273,0,0,21.7108904029,362.949806095,28,1.38613861386,43.4746464761,1372.63110261,0,0,31.1617428565,2047,28,1.38613861386,24.145076063,1150.30401648,30,1.48514851485,7.68356438111,1088.17974853
yolo11s,heldout,500,29a00842-ead2-3050-b587-c5ef507e4125,11904,1984,28,1.41129032258,49.4582149747,1370.7349205,0,0,26.9855048768,393.565429688,28,1.41129032258,51.0853163755,1408.58446404,0,0,37.7324031556,2047,28,1.41129032258,30.3423492584,1411.49887259,29,1.46169354839,9.56001226838,838.003780802
yolo11s,heldout,100,2c652f9e-8db8-3572-aa49-fae1344a875b,6222,1037,12,1.15718418515,13.6169455016,796.230578891,0,0,3.35799539431,40.6073889899,12,1.15718418515,17.538122213,966.803792144,0,0,10.122921576,794.37823279,12,1.15718418515,7.4698245034,105.023533497,12,1.15718418515,2.11296817032,61.47950795
yolo11s,heldout,200,2c652f9e-8db8-3572-aa49-fae1344a875b,6144,1024,12,1.171875,25.6182882404,1108.51330566,0,0,6.69960214059,86.0879017745,12,1.171875,28.9911346574,1260.10108108,0,0,18.8476000043,1063.65103545,12,1.171875,14.993723737,191.063414512,12,1.171875,4.2578508407,123.537028175
yolo11s,heldout,300,2c652f9e-8db8-3572-aa49-fae1344a875b,6054,1009,12,1.189296333,35.775323889,1157.04138184,0,0,10.1160479175,139.446400979,12,1.189296333,38.6699966408,1255.44893492,0,0,25.9785924471,1090.4537403,12,1.189296333,22.7186804184,299.473458059,12,1.189296333,6.43480737041,187.44019264
yolo11s,heldout,400,2c652f9e-8db8-3572-aa49-fae1344a875b,5964,994,11,1.10663983903,44.7340864419,1277.40026855,0,0,13.6522898839,200.558859212,11,1.10663983903,47.1722552411,1330.29374101,0,0,32.2440099994,1075.983749,11,1.10663983903,30.6200109212,490.69619865,11,1.10663983903,8.58650304579,252.812074767
yolo11s,heldout,500,2c652f9e-8db8-3572-aa49-fae1344a875b,5892,982,11,1.12016293279,52.7028144573,1277.40026855,0,0,17.2853691066,253.571735639,11,1.12016293279,54.7137115462,1321.32711599,0,0,37.7407453127,1098.98308278,11,1.12016293279,38.6467898044,767.402991931,11,1.12016293279,10.7335674853,365.676028823
yolo11s,heldout,100,36aec72e-5086-376c-b109-295b128e77e1,6534,1089,12,1.10192837466,13.3682447627,691.200418717,0,0,2.46714436938,30.5847367308,12,1.10192837466,16.9178006437,841.978623116,0,0,10.2672991596,650.287142512,12,1.10192837466,4.85938744827,160.027963474,12,1.10192837466,1.31284395374,52.7969931452
yolo11s,heldout,200,36aec72e-5086-376c-b109-295b128e77e1,6462,1077,12,1.11420612813,24.7952487905,1165.19195557,0,0,4.86598026158,59.4761727506,12,1.11420612813,27.847480635,1302.20307092,0,0,18.4797276185,1128.62935551,12,1.11420612813,10.0477288319,511.682570747,12,1.11420612813,2.69750996596,100.501237011
yolo11s,heldout,300,36aec72e-5086-376c-b109-295b128e77e1,6378,1063,12,1.12888052681,34.2754299441,1285.19335938,0,0,7.21606945221,86.0736536843,12,1.12888052681,36.8613761455,1379.21825433,0,0,24.688716108,1217.16934064,12,1.12888052681,15.8010792698,743.576107971,12,1.12888052681,4.23054647127,195.421769277
yolo11s,heldout,400,36aec72e-5086-376c-b109-295b128e77e1,6300,1050,12,1.14285714286,42.7546592629,1285.19335938,0,0,9.5406857234,110.993497774,12,1.14285714286,44.9469073555,1368.49649009,0,0,31.0633259415,1278.67975675,12,1.14285714286,21.3640307053,1106.80417354,13,1.2380952381,5.56928811788,369.975836962
yolo11s,heldout,500,36aec72e-5086-376c-b109-295b128e77e1,6210,1035,12,1.15942028986,49.7866599608,1398.25016785,0,0,11.8432958506,141.060668945,12,1.15942028986,51.6057187875,1439.88199467,0,0,38.247980882,1412.76158347,12,1.15942028986,23.0939295242,430.879941581,17,1.64251207729,7.9788182254,1057.68395996
yolo11s,heldout,100,3de5b5d6-68c4-3c95-84ed-be7c83d829f8,7200,1200,10,0.833333333333,20.3720229076,988.770996094,0,0,13.2189539915,202.466556694,9,0.75,26.298569296,1233.58725801,0,0,13.2560303531,1080.59884381,10,0.833333333333,8.63504754357,337.277362593,10,0.833333333333,1.89448582683,162.584335627
yolo11s,heldout,200,3de5b5d6-68c4-3c95-84ed-be7c83d829f8,7044,1174,10,0.851788756388,37.4143480466,1039.10813727,0,0,25.3374016075,390.352142334,9,0.76660988075,42.4950593961,1210.92415116,0,0,24.6447560821,1191.8316874,10,0.851788756388,17.3645384186,845.788011824,10,0.851788756388,3.84675722215,440.071674489
yolo11s,heldout,300,3de5b5d6-68c4-3c95-84ed-be7c83d829f8,6840,1140,10,0.877192982456,52.439127812,1281.75018311,0,0,36.3602196713,568.97644043,9,0.789473684211,56.677406108,1374.60482772,0,0,36.8078095145,1292.28425866,10,0.877192982456,27.1033261374,1502.44538369,11,0.964912280702,6.58098120618,787.796658403
yolo11s,heldout,400,3de5b5d6-68c4-3c95-84ed-be7c83d829f8,6648,1108,9,0.812274368231,65.8322446407,1281.75018311,0,0,46.3844307539,727.421691895,8,0.72202166065,69.3092267578,1364.08719498,0,0,44.590945734,1370.19420645,9,0.812274368231,30.4678252296,1292.48641051,14,1.26353790614,9.76933624252,1547.66049802
yolo11s,heldout,500,3de5b5d6-68c4-3c95-84ed-be7c83d829f8,6444,1074,9,0.837988826816,77.1955126926,1290.44754028,0,0,55.0703458584,880.546020508,8,0.744878957169,79.9634525799,1353.56956287,0,0,55.0072366139,1547.43566964,9,0.837988826816,37.0790333311,1549,18,1.67597765363,8.55944340911,766.375677825
yolo11s,heldout,100,44adf4c4-6064-362f-94d3-323ed42cfda9,5610,935,14,1.49732620321,18.7230937678,739.506700952,0,0,7.54263179243,81.5537734997,14,1.49732620321,23.8373575501,902.936549722,0,0,12.8039253498,636.905006962,14,1.49732620321,6.78881609873,185.242339542,14,1.49732620321,2.57501439403,126.251551921
yolo11s,heldout,200,44adf4c4-6064-362f-94d3-323ed42cfda9,5514,919,13,1.41458106638,35.3772952603,1171.50985718,0,0,14.8693524412,136.23401373,13,1.41458106638,39.6857839245,1318.71870496,0,0,24.8706110712,999.054061268,13,1.41458106638,13.8757358955,468.280684283,13,1.41458106638,5.30265435987,263.947454515
yolo11s,heldout,300,44adf4c4-6064-362f-94d3-323ed42cfda9,5412,902,12,1.33037694013,49.8836528355,1211.88796773,0,0,21.9039598492,202.820768784,12,1.33037694013,53.4638483207,1303.44634274,0,0,36.0367681177,1243.38623841,12,1.33037694013,21.8929540453,619.765207851,12,1.33037694013,8.44845030869,348.745912731
yolo11s,heldout,400,44adf4c4-6064-362f-94d3-323ed42cfda9,5298,883,11,1.24575311438,63.7100535055,1346.64916992,0,0,28.6380211536,266.441645051,11,1.24575311438,66.6568073667,1410.95137533,0,0,47.9293609511,1381.76559579,11,1.24575311438,31.581792022,812.508597057,11,1.24575311438,12.5784715213,581.317992314
yolo11s,heldout,500,44adf4c4-6064-362f-94d3-323ed42cfda9,5172,862,11,1.27610208817,75.309108148,1389.00660706,0,0,35.2114507657,328.393343796,11,1.27610208817,77.5528274693,1432.96211647,0,0,60.1133241879,1383.884154,11,1.27610208817,42.2547699171,1116.63492283,11,1.27610208817,17.407413678,880.810730422
yolo11s,heldout,100,47286726-5dd4-4e26-bd2d-5324f429e445,11976,1996,4,0.200400801603,10.3636692618,807.64506799,0,0,2.93765599921,39.5788328983,4,0.200400801603,13.0031546333,982.79658138,0,0,8.59345135586,801.221279005,4,0.200400801603,4.78925156603,484.16578484,4,0.200400801603,1.55562945863,161.22124269
yolo11s,heldout,200,47286726-5dd4-4e26-bd2d-5324f429e445,11910,1985,4,0.201511335013,20.1298344604,1070.13830566,0,0,5.77518340593,75.6383056641,4,0.201511335013,22.3943229273,1229.54386578,0,0,17.237112205,1214.48572109,4,0.201511335013,9.802614955,1174.13775559,5,0.251889168766,3.3956646815,808.532225039
yolo11s,heldout,300,47286726-5dd4-4e26-bd2d-5324f429e445,11832,1972,4,0.202839756592,28.666163541,1287.0324707,0,0,8.56037722881,104.266601562,4,0.202839756592,30.5807636088,1379.88435161,0,0,23.9290538855,1287.94202311,4,0.202839756592,14.2917932535,897.501748293,6,0.304259634888,5.09489838193,652.777555765
yolo11s,heldout,400,47286726-5dd4-4e26-bd2d-5324f429e445,11754,1959,4,0.204185809086,36.3095477545,1371.32921127,0,0,11.3658780364,133.329860698,4,0.204185809086,37.931296758,1425.68993409,0,0,30.4165072582,1287.62223629,4,0.204185809086,19.3455638948,1112.92569023,7,0.357325165901,7.75358845503,985.266851773
yolo11s,heldout,500,47286726-5dd4-4e26-bd2d-5324f429e445,11664,1944,4,0.205761316872,42.9677106585,1375.47387695,0,0,14.1695034245,169.929453797,4,0.205761316872,44.3141511468,1422.7898437,1,0.0514403292181,36.4980798586,1287.71535664,4,0.205761316872,25.2375634173,1133.86262594,8,0.411522633745,9.98787743144,857.584084514
yolo11s,heldout,100,4e3fedbb-847c-3d5b-8a62-c9ff84550985,5202,867,5,0.576701268743,12.6277306402,863.160102005,0,0,7.15516971627,136.574355705,4,0.461361014994,15.849851307,1053.36744992,0,0,12.5077367181,861.070913554,5,0.576701268743,11.3759417534,231.745904431,5,0.576701268743,2.74850718117,115.239698312
yolo11s,heldout,200,4e3fedbb-847c-3d5b-8a62-c9ff84550985,5136,856,5,0.584112149533,23.9511054289,1233.62731934,0,0,15.1587874168,357.091234091,4,0.467289719626,26.6984918914,1358.94377792,0,0,22.9901236738,1240.48570299,5,0.584112149533,23.1465194803,409.178844963,5,0.584112149533,6.25690399476,604.682983398
yolo11s,heldout,300,4e3fedbb-847c-3d5b-8a62-c9ff84550985,5076,846,5,0.591016548463,33.732845126,1233.62731934,0,0,24.7679291797,516.906860352,4,0.472813238771,36.1006690579,1346.13222352,0,0,32.8695043138,1243.39685233,5,0.591016548463,37.1553683756,646.951811799,8,0.945626477541,7.88505696061,576.373453064
yolo11s,heldout,400,4e3fedbb-847c-3d5b-8a62-c9ff84550985,5016,836,5,0.598086124402,42.6245043092,1233.62731934,0,0,33.3317308146,794.897054499,4,0.478468899522,44.6270870788,1333.32067078,0,0,42.5524369355,1246.3421307,5,0.598086124402,50.4499230145,1028.88064225,8,0.956937799043,10.9842916202,918.321784426
yolo11s,heldout,500,4e3fedbb-847c-3d5b-8a62-c9ff84550985,4956,826,5,0.605326876513,50.5629680761,1233.62731934,0,0,40.2711315203,862.889038086,4,0.484261501211,52.2394238758,1320.50911702,0,0,50.1881525395,1249.63050541,5,0.605326876513,61.8847097113,925.482264013,8,0.968523002421,13.6689308179,697.092048883
yolo11s,heldout,100,52071780-5758-3ed4-8835-0d64ecdc5575,12270,2045,11,0.537897310513,12.1840371845,794.800370201,0,0,5.40644682635,123.906656585,11,0.537897310513,15.4940613839,963.196832702,0,0,8.38896819086,777.037679865,11,0.537897310513,5.95462842027,304.735016442,11,0.537897310513,1.99453220035,116.653681732
yolo11s,heldout,200,52071780-5758-3ed4-8835-0d64ecdc5575,12048,2008,11,0.54780876494,22.9289454321,1181.48083496,0,0,10.5006704777,191.879066775,11,0.54780876494,25.7040804387,1327.29856431,0,0,16.5071886699,1144.49883097,11,0.54780876494,12.3067365056,668.358930137,11,0.54780876494,4.40684949939,592.98449707
yolo11s,heldout,300,52071780-5758-3ed4-8835-0d64ecdc5575,11814,1969,11,0.558659217877,32.0469697285,1320.72167969,0,0,15.4595135706,365.491734372,11,0.558659217877,34.3480626965,1401.53884672,0,0,24.3390314968,1179.57287007,11,0.558659217877,19.3066792508,1437.47904745,11,0.558659217877,7.08897655438,1113.42127926
yolo11s,heldout,400,52071780-5758-3ed4-8835-0d64ecdc5575,11574,1929,11,0.570243649559,40.618860986,1320.72167969,0,0,20.3496099766,593.770263672,11,0.570243649559,42.5328179029,1392.30570705,0,0,32.7214094054,1238.33394103,11,0.570243649559,26.0006100248,995.80291244,11,0.570243649559,10.2746134126,1259.48950195
yolo11s,heldout,500,52071780-5758-3ed4-8835-0d64ecdc5575,11322,1887,11,0.582935877054,48.1491459508,1354.91573626,0,0,24.8136636931,593.770263672,11,0.582935877054,49.6971792178,1392.21694959,0,0,41.4113523082,1435.98861391,11,0.582935877054,32.7814518359,1273.66866736,14,0.741918388977,13.1553613661,1049.69272143
yolo11s,heldout,100,58e82365-03bc-3b2f-b55a-a4ad0e3e792d,5748,958,1,0.104384133612,12.0917934132,692.574232601,0,0,3.50348545646,67.0119343705,1,0.104384133612,15.1835381698,843.428132656,0,0,9.79267540248,690.982049798,1,0.104384133612,5.8196786791,147.006829089,1,0.104384133612,1.68507688696,75.3681763331
yolo11s,heldout,200,58e82365-03bc-3b2f-b55a-a4ad0e3e792d,5670,945,1,0.10582010582,23.2576396596,1033.34851074,0,0,6.5937400693,141.504091696,1,0.10582010582,25.8792228773,1170.49764696,0,0,20.8300078091,1030.54103314,1,0.10582010582,12.9311240333,583.382640225,1,0.10582010582,4.14179574594,424.785269655
yolo11s,heldout,300,58e82365-03bc-3b2f-b55a-a4ad0e3e792d,5574,929,1,0.10764262648,33.4867024678,1106.2689209,0,0,9.04577005896,180.936965858,1,0.10764262648,35.6890611898,1196.82767975,0,0,29.5102314029,1031.64900302,1,0.10764262648,17.8598147839,660.857144999,1,0.10764262648,6.47910878266,611.638532019
yolo11s,heldout,400,58e82365-03bc-3b2f-b55a-a4ad0e3e792d,5484,914,1,0.109409190372,43.3923868181,1106.2689209,0,0,10.969220536,197.676100322,1,0.109409190372,45.2292555134,1185.78623545,0,0,39.4866960085,1030.38806782,1,0.109409190372,24.6685828587,774.44022259,2,0.218818380744,8.76079661123,1055.77697754
yolo11s,heldout,500,58e82365-03bc-3b2f-b55a-a4ad0e3e792d,5400,900,1,0.111111111111,52.8265506957,1106.2689209,0,0,12.5852942729,224.043945312,1,0.111111111111,54.3254931501,1174.74479215,0,0,48.3834655637,1088.68076546,1,0.111111111111,31.2556494779,1027.88645279,3,0.333333333333,10.3247875449,1050.28552246
yolo11s,heldout,100,58fed0d4-97d5-469b-89a4-4394838e10c7,4788,798,15,1.87969924812,13.6305152656,515.437469074,0,0,6.0599308799,43.176141052,15,1.87969924812,17.2791857737,628.499670173,0,0,9.80919300289,468.13993209,15,1.87969924812,7.07430781092,120.774079166,15,1.87969924812,2.27039293609,61.4279048964
yolo11s,heldout,200,58fed0d4-97d5-469b-89a4-4394838e10c7,4716,786,15,1.90839694656,26.522023082,1030.87491753,0,0,11.9487017434,84.8646554626,15,1.90839694656,29.6055676159,1133.45940197,0,0,19.5812943162,942.694314161,15,1.90839694656,14.3658012738,257.599505091,15,1.90839694656,4.62211499425,117.230541841
yolo11s,heldout,300,58fed0d4-97d5-469b-89a4-4394838e10c7,4626,771,15,1.94552529183,38.9602657117,1288.96911621,0,0,17.6468416641,118.695168807,15,1.94552529183,41.5852298123,1381.07588263,0,0,29.645096182,1166.42424966,15,1.94552529183,22.6085716587,736.93433957,15,1.94552529183,7.49020133119,414.667978842
yolo11s,heldout,400,58fed0d4-97d5-469b-89a4-4394838e10c7,4530,755,15,1.98675496689,50.661100798,1356.14477539,0,0,23.2286048813,150.045203404,15,1.98675496689,52.9032487048,1416.82705664,0,0,40.2025917142,1207.54653655,15,1.98675496689,31.4481068454,1076.83130289,15,1.98675496689,10.6054947893,935.754013973
yolo11s,heldout,500,58fed0d4-97d5-469b-89a4-4394838e10c7,4428,738,15,2.0325203252,61.6305605743,1356.14477539,0,0,28.6309710598,188.870517989,15,2.0325203252,63.4288427413,1408.9847819,0,0,47.9784793991,1182.83748547,15,2.0325203252,37.9914281848,1058.69275279,16,2.16802168022,13.8586222814,1058.38024902
yolo11s,heldout,100,6c932547-4c11-31d7-b8ef-0c16a13dbfc3,12756,2126,16,0.752587017874,11.4931515557,773.86102557,0,0,4.97361059589,122.742993391,16,0.752587017874,14.5421417378,943.249882047,0,0,7.95982203493,735.412800191,16,0.752587017874,5.65519662613,230.071649167,16,0.752587017874,1.79219845557,115.224507862
yolo11s,heldout,200,6c932547-4c11-31d7-b8ef-0c16a13dbfc3,12570,2095,16,0.763723150358,22.0561085716,1138.49545288,0,0,9.82351461939,229.85455501,16,0.763723150358,24.6736323714,1259.97656815,0,0,15.8276327693,1157.08324918,16,0.763723150358,11.6728535705,627.118489726,16,0.763723150358,3.77752913794,428.072209367
yolo11s,heldout,300,6c932547-4c11-31d7-b8ef-0c16a13dbfc3,12336,2056,16,0.778210116732,31.185728118,1278.66464233,0,0,14.4773655181,382.269047362,16,0.778210116732,33.3886466977,1375.17401678,0,0,22.4167765494,1269.22747724,16,0.778210116732,16.7503227712,692.382145252,16,0.778210116732,6.10043776988,1007.98947709
yolo11s,heldout,400,6c932547-4c11-31d7-b8ef-0c16a13dbfc3,12102,2017,15,0.743678730788,39.2908241636,1306.86845398,0,0,18.907879663,457.96535155,15,0.743678730788,41.1321095778,1364.1701725,0,0,29.6266583165,1269.36902134,15,0.743678730788,22.9084803372,1053.38874305,18,0.892414476946,7.95459812715,954.557250977
yolo11s,heldout,500,6c932547-4c11-31d7-b8ef-0c16a13dbfc3,11892,1982,15,0.756811301715,46.4337340556,1306.86845398,0,0,23.1730042117,496.646039894,15,0.756811301715,47.9160050921,1353.16632822,0,0,37.2332086243,1272.29031121,15,0.756811301715,29.6695092471,1056.55250477,18,0.908173562059,10.7147438736,965.380535292
yolo11s,heldout,100,7039e410-b5ab-35aa-96bc-2c4b89d3c5e3,7296,1216,13,1.06907894737,15.7123155533,804.376937037,0,0,3.92799601908,56.4989839885,13,1.06907894737,20.0148888605,981.175993808,0,0,12.4497768467,803.648748226,13,1.06907894737,4.58666055655,192.622024534,13,1.06907894737,1.25125260839,94.8520445778
yolo11s,heldout,200,7039e410-b5ab-35aa-96bc-2c4b89d3c5e3,7176,1196,13,1.08695652174,28.1501946151,1085.77624512,0,0,7.65029724089,114.178912977,13,1.08695652174,31.7737490848,1217.87826205,0,0,22.594289573,1070.29443756,13,1.08695652174,9.57778188231,406.646888705,13,1.08695652174,2.67981455261,192.40480199
yolo11s,heldout,300,7039e410-b5ab-35aa-96bc-2c4b89d3c5e3,7038,1173,13,1.10826939471,37.8797251804,1310.39904785,0,0,11.1188792388,177.454660496,13,1.10826939471,40.9086849782,1395.03981057,0,0,31.3661734351,1178.20954956,13,1.10826939471,15.2202401491,588.195253694,13,1.10826939471,4.57057385976,385.455976304
yolo11s,heldout,400,7039e410-b5ab-35aa-96bc-2c4b89d3c5e3,6894,1149,12,1.04438642298,46.4439796303,1310.39904785,0,0,14.3539561424,240.253956175,12,1.04438642298,48.9581714988,1385.49775928,0,0,39.5172721434,1191.32420781,12,1.04438642298,21.1517566936,1052.50962598,12,1.04438642298,6.46311135945,815.171571776
yolo11s,heldout,500,7039e410-b5ab-35aa-96bc-2c4b89d3c5e3,6738,1123,12,1.06856634016,53.4343607647,1310.39904785,0,0,17.3918653447,301.558227539,12,1.06856634016,55.4218017048,1375.95570876,0,0,45.1668188667,1274.68866427,12,1.06856634016,25.6581351321,982.522806832,13,1.15761353517,8.31267383172,564.351512112
yolo11s,heldout,100,78683234-e6f1-3e4e-af52-6f839254e4c0,4932,822,8,0.973236009732,11.290216467,536.745826146,0,0,4.92491376159,104.895874023,8,0.973236009732,14.4659772642,718.868889757,0,0,8.28602561761,534.49561661,8,0.973236009732,4.52418027767,376.89388335,8,0.973236009732,1.35092139176,135.955041499
yolo11s,heldout,200,78683234-e6f1-3e4e-af52-6f839254e4c0,4872,812,8,0.985221674877,21.5296878472,845.368225098,0,0,9.62930806467,199.160842149,8,0.985221674877,24.168165006,951.691882087,0,0,16.3141201726,840.981483148,8,0.985221674877,9.10082286953,448.705512633,9,1.10837438424,2.65041970328,334.322763518
yolo11s,heldout,300,78683234-e6f1-3e4e-af52-6f839254e4c0,4800,800,8,1,30.1935652961,897.928527832,0,0,14.1152477808,361.363379133,8,1,32.3791589711,953.218629049,0,0,23.6102660614,839.09946277,8,1,13.8505487086,666.712092809,9,1.125,4.12002643474,464.285578461
yolo11s,heldout,400,78683234-e6f1-3e4e-af52-6f839254e4c0,4728,788,8,1.0152284264,37.3716377016,1118.55478258,0,0,18.5017802192,480.141357422,8,1.0152284264,39.1519087306,1163.04184613,0,0,30.9875813146,1231.7002215,8,1.0152284264,19.5508736467,1150.57857999,10,1.26903553299,5.67034356915,929.199998336
yolo11s,heldout,500,78683234-e6f1-3e4e-af52-6f839254e4c0,4656,776,8,1.03092783505,44.3911162897,1398.19348801,0,0,22.5194314126,565.666137695,8,1.03092783505,45.8211452344,1437.7387911,0,0,38.143843098,1137.32214303,8,1.03092783505,23.6739567311,1060.21038697,11,1.4175257732,9.07895012362,1042.57067871
yolo11s,heldout,100,78da7b7e-8ddf-3c7d-8716-eaa890106dd3,7698,1283,11,0.857365549493,11.7237570372,904.567437087,0,0,4.4499585559,122.160264038,11,0.857365549493,14.9852104222,1090.14323781,0,0,8.85674608575,887.929240986,11,0.857365549493,4.98321866443,448.333719715,11,0.857365549493,1.43703336376,125.502599018
yolo11s,heldout,200,78da7b7e-8ddf-3c7d-8716-eaa890106dd3,7572,1262,11,0.871632329635,21.680924741,1154.6991272,0,0,8.61673417094,216.831613243,11,0.871632329635,24.4149640808,1311.48501915,0,0,16.6596558692,1157.06908206,11,0.871632329635,9.92013885598,553.803313726,11,0.871632329635,3.09289168854,567.602172852
yolo11s,heldout,300,78da7b7e-8ddf-3c7d-8716-eaa890106dd3,7428,1238,11,0.888529886914,30.1555338157,1296.97665405,0,0,12.6735202425,371.227633417,11,0.888529886914,32.379708208,1383.31623882,0,0,24.0413816166,1305.70850724,11,0.888529886914,15.6416765268,1280.9675366,11,0.888529886914,4.81098757511,927.630299907
yolo11s,heldout,400,78da7b7e-8ddf-3c7d-8716-eaa890106dd3,7296,1216,11,0.904605263158,37.9645036305,1296.97665405,0,0,16.4585318081,511.580199305,11,0.904605263158,39.7737771023,1375.92787493,0,0,30.8472790615,1307.63421938,11,0.904605263158,20.4580460942,787.183386698,11,0.904605263158,6.59400930667,1037.74014282
yolo11s,heldout,500,78da7b7e-8ddf-3c7d-8716-eaa890106dd3,7164,1194,11,0.921273031826,45.7386315411,1296.97665405,0,0,20.1469379725,606.674926758,11,0.921273031826,47.2590107035,1368.53950934,0,0,38.5312450503,1309.0503374,11,0.921273031826,25.7068807436,1034.57763898,11,0.921273031826,8.94904299305,969.362845198
yolo11s,heldout,100,7a2c222d-addc-30b2-aac6-596cb65a22e3,1122,187,5,2.67379679144,16.7969467758,258.162813399,0,0,12.2902536831,81.0484751013,5,2.67379679144,22.014707099,320.578754418,0,0,8.34910020452,135.653967295,5,2.67379679144,11.5770496634,110.143230598,5,2.67379679144,3.11314706694,49.222882739
yolo11s,heldout,200,7a2c222d-addc-30b2-aac6-596cb65a22e3,1092,182,5,2.74725274725,32.4262077976,516.325634543,0,0,23.643537261,160.282752061,5,2.74725274725,36.5203015057,571.674212257,0,0,16.5340075259,272.519203367,5,2.74725274725,23.4784944109,236.839624537,5,2.74725274725,6.24786630077,94.4223928746
yolo11s,heldout,300,7a2c222d-addc-30b2-aac6-596cb65a22e3,1056,176,5,2.84090909091,46.7698346295,774.488437615,0,0,34.2153056581,238.469199895,5,2.84090909091,49.7025973118,822.769652518,0,0,24.7310309559,408.937472391,5,2.84090909091,36.0018985084,388.110835852,5,2.84090909091,9.60952296331,135.839557463
yolo11s,heldout,400,7a2c222d-addc-30b2-aac6-596cb65a22e3,1020,170,5,2.94117647059,60.392684787,1032.65125876,0,0,43.8804336786,315.407567727,5,2.94117647059,62.1518274327,1073.86511036,0,0,32.2683524659,547.438617361,5,2.94117647059,49.0796112878,574.036818044,5,2.94117647059,13.3432070034,173.531816681
yolo11s,heldout,500,7a2c222d-addc-30b2-aac6-596cb65a22e3,984,164,5,3.0487804878,72.0497878289,1127.52429199,0,0,53.3025795536,390.210118822,5,3.0487804878,72.7658130882,1161.67078078,0,0,39.0767293793,681.935287483,5,3.0487804878,61.5918287543,678.75286016,5,3.0487804878,16.9849825322,213.120540975
yolo11s,heldout,100,858d739b-a0ba-35aa-bafc-4f7988bcad17,6228,1038,5,0.481695568401,22.918636804,859.803842694,0,0,7.63559857064,155.175788665,5,0.481695568401,28.9477177982,1044.91032437,0,0,18.0656023694,774.926017476,5,0.481695568401,7.6426500889,284.02000929,5,0.481695568401,3.43988146757,178.588567716
yolo11s,heldout,200,858d739b-a0ba-35aa-bafc-4f7988bcad17,6126,1021,5,0.48971596474,41.7163227009,1090.68768311,0,0,14.6993317541,244.290170893,5,0.48971596474,46.7564277946,1231.10862103,0,0,32.4641717983,1072.70145291,5,0.48971596474,15.4947059032,890.797662913,5,0.48971596474,7.35016441317,549.353619359
yolo11s,heldout,300,858d739b-a0ba-35aa-bafc-4f7988bcad17,6018,1003,5,0.49850448654,56.9438119512,1267.30157281,0,0,21.7239227855,350.009917802,5,0.49850448654,61.214571519,1340.51166298,0,0,44.8451203315,1125.99381965,5,0.49850448654,23.5594392689,1149.25195204,5,0.49850448654,11.0522422065,1062.36611938
yolo11s,heldout,400,858d739b-a0ba-35aa-bafc-4f7988bcad17,5916,986,5,0.507099391481,70.7356581965,1337.61918075,0,0,28.4622315985,451.373046875,5,0.507099391481,74.3278987663,1389.09128974,0,0,55.3871096469,1336.85052649,5,0.507099391481,32.0759286919,1017.34530408,7,0.709939148073,14.1108972915,971.79859577
yolo11s,heldout,500,858d739b-a0ba-35aa-bafc-4f7988bcad17,5778,963,5,0.519210799585,82.8872597494,1359.38500977,0,0,34.4869117589,531.726196289,5,0.519210799585,85.8422785438,1404.86490084,0,0,65.7459246088,1358.28530804,5,0.519210799585,40.6761916144,1549,9,0.934579439252,19.2984085387,1059.84031919
yolo11s,heldout,100,95bf6003-7068-3a78-a0c0-9e470a06e60f,10350,1725,4,0.231884057971,11.9790894832,869.552302698,0,0,7.26261524588,128.571667082,4,0.231884057971,15.1615992916,1062.94027608,0,0,7.57300227991,867.65546281,4,0.231884057971,4.50332049096,194.698033758,4,0.231884057971,1.46936162165,115.677808923
yolo11s,heldout,200,95bf6003-7068-3a78-a0c0-9e470a06e60f,10200,1700,4,0.235294117647,23.088547594,1104.7578125,0,0,14.1364893522,239.874796886,4,0.235294117647,25.8176961478,1225.55048879,0,0,14.9159402951,1089.55990759,4,0.235294117647,9.18435372292,553.36125507,4,0.235294117647,2.98706017024,237.294788694
yolo11s,heldout,300,95bf6003-7068-3a78-a0c0-9e470a06e60f,10038,1673,4,0.239091452481,32.9850831359,1104.7578125,0,0,20.4926140254,345.902072177,4,0.239091452481,35.2831863358,1214.11839827,0,0,21.6145936551,1081.59763613,4,0.239091452481,13.76176055,915.880111753,4,0.239091452481,4.55753951369,514.290460483
yolo11s,heldout,400,95bf6003-7068-3a78-a0c0-9e470a06e60f,9870,1645,4,0.243161094225,42.5694264757,1265.85742188,0,0,26.552908996,446.894779984,4,0.243161094225,44.5074596327,1318.45734367,0,0,28.9661442681,1106.49907472,4,0.243161094225,18.4011405823,858.21465535,5,0.303951367781,6.66699998522,939.832336426
yolo11s,heldout,500,95bf6003-7068-3a78-a0c0-9e470a06e60f,9690,1615,4,0.247678018576,51.6725739249,1300.49454418,0,0,32.3079545368,539.687032538,4,0.247678018576,53.2667745931,1336.41149436,0,0,36.9224099654,1247.92039792,4,0.247678018576,23.0506050504,1108.24676656,6,0.371517027864,8.37373571054,904.922526233
yolo11s,heldout,100,a7636fca-4d9e-3052-bef2-af0ce5d1df74,7122,1187,1,0.0842459983151,27.5426034652,647.867342988,0,0,17.3248717716,115.402169736,1,0.0842459983151,35.4377308189,839.114175757,0,0,15.9500894056,654.748735645,1,0.0842459983151,8.47171780782,326.848344131,1,0.0842459983151,2.52134905916,179.216929182
yolo11s,heldout,200,a7636fca-4d9e-3052-bef2-af0ce5d1df74,6960,1160,1,0.0862068965517,51.8119935106,1161.16703863,0,0,34.2524326078,223.262374878,1,0.0862068965517,58.5957011905,1273.7962151,0,0,29.7593006157,1173.03627976,1,0.0862068965517,16.7811310363,584.213321366,1,0.0862068965517,4.7555054555,396.057881438
yolo11s,heldout,300,a7636fca-4d9e-3052-bef2-af0ce5d1df74,6786,1131,1,0.0884173297966,73.2406847035,1317.91516113,0,0,50.9027375491,330.987250778,1,0.0884173297966,78.9494036396,1400.03688301,0,0,42.3262269413,1179.03057809,1,0.0884173297966,24.0415399388,727.323034923,1,0.0884173297966,7.47219331969,614.729025049
yolo11s,heldout,400,a7636fca-4d9e-3052-bef2-af0ce5d1df74,6612,1102,1,0.0907441016334,93.6769173047,1362.82263184,0,0,67.2555650892,426.570470603,1,0.0907441016334,98.3672724553,1421.44410518,0,0,54.8776719917,1193.55342787,1,0.0907441016334,31.9153951834,1189.48427759,5,0.453720508167,8.96773738478,691.066894531
yolo11s,heldout,500,a7636fca-4d9e-3052-bef2-af0ce5d1df74,6438,1073,1,0.0931966449208,112.678283207,1385.03808594,0,0,83.3234653148,519.398799864,1,0.0931966449208,116.352897747,1430.13447804,0,0,67.115095104,1184.66807223,1,0.0931966449208,40.8245708925,1311.54307862,7,0.652376514445,10.9052065954,634.695475387
yolo11s,heldout,100,a91d4c7b-bf55-3a0e-9eba-1a43577bcca8,8706,1451,4,0.275671950379,16.48870718,754.05682373,0,0,4.71771310692,54.9940185547,4,0.275671950379,20.8026323566,952.231849724,0,0,14.2590952681,752.05996368,4,0.275671950379,6.1315450214,215.332807292,4,0.275671950379,1.99828435203,67.5351198473
yolo11s,heldout,200,a91d4c7b-bf55-3a0e-9eba-1a43577bcca8,8532,1422,4,0.28129395218,29.3887676022,1216.71762085,0,0,9.41403902804,109.263793945,4,0.28129395218,33.1178667783,1346.05479729,0,0,25.1721020809,1234.67089591,4,0.28129395218,12.2334594045,446.788948964,4,0.28129395218,3.93801143407,149.294854103
yolo11s,heldout,300,a91d4c7b-bf55-3a0e-9eba-1a43577bcca8,8352,1392,4,0.287356321839,39.6445109417,1269.83596802,0,0,14.1790593806,157.553955078,4,0.287356321839,42.8598744503,1362.87157692,0,0,33.7222857289,1275.68223225,4,0.287356321839,18.5793444047,567.592956428,4,0.287356321839,5.92054905575,206.468321549
yolo11s,heldout,400,a91d4c7b-bf55-3a0e-9eba-1a43577bcca8,8148,1358,4,0.294550810015,48.2330737898,1329.80741882,0,0,19.1644330001,197.436157227,4,0.294550810015,50.9769958944,1387.5043034,0,0,40.9767515025,1337.42635898,4,0.294550810015,25.1608210268,615.660030758,4,0.294550810015,7.83337641963,228.432134556
yolo11s,heldout,500,a91d4c7b-bf55-3a0e-9eba-1a43577bcca8,7950,1325,4,0.301886792453,55.2852449954,1329.8790804,0,0,24.4264684617,234.072387695,4,0.301886792453,57.5814860721,1380.01778494,0,0,47.0198177505,1343.42554178,4,0.301886792453,32.2007444511,844.307538932,4,0.301886792453,9.86532832584,359.544775035
yolo11s,heldout,100,b19f3c1a-a84a-3a2d-8d1b-8a4ae201020b,10998,1833,1,0.0545553737043,9.10385484669,532.081829676,0,0,1.50727185921,28.25488229,1,0.0545553737043,11.3400596212,648.523148096,0,0,6.63249124495,515.06034316,1,0.0545553737043,5.85384147831,233.840734454,1,0.0545553737043,1.72418917981,69.38840036
yolo11s,heldout,200,b19f3c1a-a84a-3a2d-8d1b-8a4ae201020b,10902,1817,1,0.0550357732526,17.8168508069,984.619288318,0,0,2.9046132222,58.2737520821,1,0.0550357732526,19.7662142935,1080.98474656,0,0,12.9937957985,945.374178441,1,0.0550357732526,12.0532131822,645.652408932,1,0.0550357732526,3.56809079802,262.396432142
yolo11s,heldout,300,b19f3c1a-a84a-3a2d-8d1b-8a4ae201020b,10806,1801,1,0.0555247084953,25.862201257,1200.49963379,0,0,4.24506665347,91.3006244256,1,0.0555247084953,27.5696502823,1285.72085295,0,0,19.3127185613,1163.66442401,1,0.0555247084953,18.5128918879,712.974477513,1,0.0555247084953,5.74134728955,674.511108398
yolo11s,heldout,400,b19f3c1a-a84a-3a2d-8d1b-8a4ae201020b,10704,1784,1,0.0560538116592,33.4027219063,1200.49963379,0,0,5.55702263339,125.937253555,1,0.0560538116592,34.8804673232,1277.21225492,0,0,25.5083986817,1155.77477558,1,0.0560538116592,25.7685840622,989.360311985,2,0.112107623318,8.39086919681,828.348881103
yolo11s,heldout,500,b19f3c1a-a84a-3a2d-8d1b-8a4ae201020b,10602,1767,1,0.0565930956423,40.3592899348,1200.49963379,0,0,6.87073625374,162.194673034,1,0.0565930956423,41.6164789823,1268.70365655,0,0,31.0369708223,1492.35500745,1,0.0565930956423,32.4819328944,1104.54954779,2,0.113186191285,11.0200912636,924.378295898
yolo11s,heldout,100,b2053fdc-0b94-30bc-aee7-5bc6fb7e9f52,10560,1760,5,0.284090909091,14.9639470119,763.253715487,0,0,7.17937169366,94.6641011643,5,0.284090909091,18.8029414796,935.055786926,0,0,10.8522151853,746.174579813,5,0.284090909091,6.24801198935,203.508334052,5,0.284090909091,2.179892896,73.4642910622
yolo11s,heldout,200,b2053fdc-0b94-30bc-aee7-5bc6fb7e9f52,10362,1727,5,0.2895193978,28.2490435487,1196.51916504,0,0,14.0584024604,191.598778683,5,0.2895193978,31.5128157484,1344.28763395,0,0,21.4699925641,1166.95810957,5,0.2895193978,13.2648255561,818.201263076,5,0.2895193978,4.75962472101,703.217950252
yolo11s,heldout,300,b2053fdc-0b94-30bc-aee7-5bc6fb7e9f52,10134,1689,4,0.236826524571,40.1721299212,1316.24691772,0,0,20.8112184566,254.244479916,4,0.236826524571,42.9448433933,1399.25165066,0,0,30.897474195,1310.80041469,4,0.236826524571,20.0612952832,534.882680739,5,0.296033155713,7.21733223788,425.574344503
yolo11s,heldout,400,b2053fdc-0b94-30bc-aee7-5bc6fb7e9f52,9918,1653,4,0.241984271022,50.9111464527,1344.35786438,0,0,27.4468631244,313.010753382,4,0.241984271022,53.221184205,1408.87129088,0,0,40.6280615371,1313.82781225,4,0.241984271022,28.334701503,1269.32831955,6,0.362976406534,10.3936900681,1066.53508821
yolo11s,heldout,500,b2053fdc-0b94-30bc-aee7-5bc6fb7e9f52,9726,1621,4,0.246761258482,61.1071601953,1403.88632202,0,0,33.842204141,403.013569895,4,0.246761258482,63.001771008,1443.89136217,0,0,49.5359230399,1316.73184381,4,0.246761258482,36.4049629224,829.648536434,6,0.370141887724,13.87227311,966.593566895
yolo11s,heldout,100,b50c4763-5d1e-37f4-a009-2244aeebabcd,4302,717,15,2.09205020921,11.3024247006,449.333129883,0,0,3.48288891169,49.4856844304,15,2.09205020921,14.2286272887,600.455136663,0,0,8.07123010584,375.530356951,15,2.09205020921,5.15111885689,122.27122508,15,2.09205020921,1.75304477095,47.0816686707
yolo11s,heldout,200,b50c4763-5d1e-37f4-a009-2244aeebabcd,4218,703,15,2.13371266003,21.3744416021,714.426226357,0,0,6.74709426582,94.4164087177,15,2.13371266003,23.8871101714,785.280421964,0,0,15.3809001472,678.557730263,15,2.13371266003,10.156731047,247.662880736,15,2.13371266003,3.48960022918,96.7236162243
yolo11s,heldout,300,b50c4763-5d1e-37f4-a009-2244aeebabcd,4122,687,15,2.18340611354,30.9516801292,1071.63934132,0,0,9.85646609772,134.32410534,15,2.18340611354,33.0920211459,1135.64807305,0,0,22.696404683,1020.42464335,15,2.18340611354,15.1445600528,376.744502636,15,2.18340611354,5.17868854375,163.835119301
yolo11s,heldout,400,b50c4763-5d1e-37f4-a009-2244aeebabcd,4032,672,14,2.08333333333,40.1124584247,1189.60632324,0,0,12.7886619999,180.416468833,14,2.08333333333,41.8999991169,1240.82568107,0,0,30.1569526584,1220.13051191,14,2.08333333333,19.8322781383,508.063615441,14,2.08333333333,6.82175258849,246.861564566
yolo11s,heldout,500,b50c4763-5d1e-37f4-a009-2244aeebabcd,3948,658,14,2.12765957447,47.9289231769,1221.5369873,0,0,15.5466004099,225.956693092,14,2.12765957447,49.3635190934,1258.99439726,0,0,36.8336345301,1272.16054283,14,2.12765957447,23.9682600545,640.022214814,14,2.12765957447,8.2162234299,260.925809156
yolo11s,heldout,100,b87683ae-14c5-321f-8af3-623e7bafc3a7,4632,772,13,1.68393782383,21.2015515789,804.041417748,0,0,9.66375608119,101.675182095,13,1.68393782383,27.2281534518,929.316426343,0,0,13.8586874653,613.465332817,13,1.68393782383,7.20318574232,273.809788542,13,1.68393782383,1.96777359625,90.3597391864
yolo11s,heldout,200,b87683ae-14c5-321f-8af3-623e7bafc3a7,4548,758,13,1.71503957784,39.7085754438,1236.3079834,0,0,18.7056534816,191.988581642,13,1.71503957784,44.7402098679,1360.31640594,0,0,27.3476264866,1099.21586325,13,1.71503957784,15.0532732505,546.477498038,13,1.71503957784,4.29111784532,194.728998358
yolo11s,heldout,300,b87683ae-14c5-321f-8af3-623e7bafc3a7,4458,743,13,1.74966352624,54.7636992912,1265.71325684,0,0,27.1018194808,274.178023253,13,1.74966352624,58.9749105233,1347.61230304,0,0,39.8276286852,1115.13316843,13,1.74966352624,24.2114292622,695.683388287,13,1.74966352624,7.58690043449,409.615712357
yolo11s,heldout,400,b87683ae-14c5-321f-8af3-623e7bafc3a7,4368,728,13,1.78571428571,67.9799550943,1265.71325684,0,0,35.0134904561,353.076222934,13,1.78571428571,71.4150113901,1334.90819926,0,0,51.5686532698,1071.9259018,13,1.78571428571,34.1901398075,1004.46519683,13,1.78571428571,11.421450828,747.639404297
yolo11s,heldout,500,b87683ae-14c5-321f-8af3-623e7bafc3a7,4278,713,13,1.82328190743,79.9449271169,1272.1550293,0,0,42.5075456266,425.04837091,13,1.82328190743,82.6576755564,1322.20409649,0,0,61.1813146779,1215.14655615,13,1.82328190743,42.1921694514,1051.06688795,13,1.82328190743,15.409638544,985.501098633
yolo11s,heldout,100,c8ec7be0-92aa-3222-946e-fbcf398c841e,6558,1093,10,0.914913083257,15.929389677,714.923993091,0,0,9.88684963026,143.107903907,10,0.914913083257,20.291206798,872.320752037,0,0,10.125120551,704.348646682,10,0.914913083257,6.01589046936,160.41042524,10,0.914913083257,1.12823749214,98.3807255205
yolo11s,heldout,200,c8ec7be0-92aa-3222-946e-fbcf398c841e,6420,1070,9,0.841121495327,30.0989297943,1100.45446777,0,0,19.0590025472,276.450651395,9,0.841121495327,33.8215301442,1209.33283169,0,0,19.6130423661,1081.86469722,9,0.841121495327,12.5020017876,923.599560028,9,0.841121495327,2.61739250817,636.289024743
yolo11s,heldout,300,c8ec7be0-92aa-3222-946e-fbcf398c841e,6276,1046,8,0.764818355641,42.8095999212,1100.45446777,0,0,27.5565680725,398.059275039,8,0.764818355641,45.9270178423,1198.72111956,0,0,28.1822511371,1137.55822299,8,0.764818355641,19.2480444971,1138.35172021,8,0.764818355641,5.03831405421,1115.49963379
yolo11s,heldout,400,c8ec7be0-92aa-3222-946e-fbcf398c841e,6144,1024,8,0.78125,54.07913087,1241.07155904,0,0,35.6319972423,513.320119542,8,0.78125,56.5993846337,1290.07189618,0,0,34.0159953347,1276.58735511,8,0.78125,24.6446120529,960.055013752,9,0.87890625,5.89119488045,671.836359168
yolo11s,heldout,500,c8ec7be0-92aa-3222-946e-fbcf398c841e,6012,1002,8,0.798403193613,64.8581012115,1303.91151428,0,0,43.4100946135,627.891038941,8,0.798403193613,66.81583755,1347.62984083,0,0,41.5614109467,1346.71284266,8,0.798403193613,31.3476925305,664.451642226,11,1.09780439122,7.72715086659,1116.25134277
yolo11s,heldout,100,cae56e40-8470-3c9c-af75-6e444189488f,11898,1983,8,0.403429147756,13.9774218002,649.297324323,0,0,6.19910161405,96.0433849105,8,0.403429147756,17.7096734123,783.706714913,0,0,10.2111494545,625.908222053,8,0.403429147756,4.43720923238,146.005167233,8,0.403429147756,1.69420612492,71.3739351304
yolo11s,heldout,200,cae56e40-8470-3c9c-af75-6e444189488f,11670,1945,8,0.411311053985,26.4417793537,1029.93261719,0,0,12.0259701701,212.053939819,8,0.411311053985,29.5697580008,1151.0187327,0,0,20.427587131,984.292401457,8,0.411311053985,9.32434595483,409.568883221,8,0.411311053985,3.61627995919,138.652920924
yolo11s,heldout,300,cae56e40-8470-3c9c-af75-6e444189488f,11406,1901,8,0.420831141504,37.9171917547,1239.1886862,0,0,17.1805283172,278.538725042,8,0.420831141504,40.5483358634,1310.10184072,0,0,29.8723862519,1254.3239517,8,0.420831141504,14.5182276521,446.035100104,13,0.683850604945,5.74079905887,294.028868338
yolo11s,heldout,400,cae56e40-8470-3c9c-af75-6e444189488f,11142,1857,8,0.430802369413,48.5574557261,1319.26493835,0,0,21.6301060789,303.801762603,8,0.430802369413,50.7396692465,1382.32227019,0,0,39.0209477744,1342.14056723,8,0.430802369413,19.7620682295,540.190951409,13,0.700053850296,7.81417055707,351.815727912
yolo11s,heldout,500,cae56e40-8470-3c9c-af75-6e444189488f,10860,1810,8,0.441988950276,58.3028108138,1383.4732666,0,0,25.6079131932,369.280426025,8,0.441988950276,60.0897487244,1429.53726645,0,0,47.9360428504,1382.1676952,8,0.441988950276,25.9094935935,815.893525032,13,0.718232044199,10.5217070663,596.090353798
yolo11s,heldout,100,d1395998-7e8a-417d-91e9-5ca6ec045ee1,5970,995,5,0.502512562814,5.3337284278,365.445039124,0,0,1.11070046998,22.4956240986,4,0.402010050251,6.78170505076,444.904437384,0,0,4.0960773004,360.490141673,5,0.502512562814,4.21906491541,261.410232846,5,0.502512562814,1.00921339212,41.1247514167
yolo11s,heldout,200,d1395998-7e8a-417d-91e9-5ca6ec045ee1,5874,979,5,0.510725229826,9.91652460182,672.80069715,0,0,2.13758831206,45.5693162598,4,0.408580183861,11.1210136053,739.67393356,0,0,7.75174044452,632.670736658,5,0.510725229826,8.34275509499,320.120763108,5,0.510725229826,2.11963805731,168.802531494
yolo11s,heldout,300,d1395998-7e8a-417d-91e9-5ca6ec045ee1,5784,964,4,0.414937759336,14.5200408951,1009.20107432,0,0,3.1424133209,67.0175499344,3,0.311203319502,15.5520524327,1069.244146,0,0,12.3916998591,1197.80431373,4,0.414937759336,13.2755939375,1317.95208974,4,0.414937759336,4.0245613977,1140.86398483
yolo11s,heldout,400,d1395998-7e8a-417d-91e9-5ca6ec045ee1,5700,950,3,0.315789473684,19.0238741294,1225.62005052,0,0,4.1393486856,88.0775110512,3,0.315789473684,19.9036124776,1274.36688706,0,0,15.3890806546,1184.43256053,3,0.315789473684,16.3325051613,1068.44621888,3,0.315789473684,5.57946517095,1108.38928223
yolo11s,heldout,500,d1395998-7e8a-417d-91e9-5ca6ec045ee1,5610,935,3,0.320855614973,23.3153596646,1358.91304016,0,0,5.10241614993,107.133114416,3,0.320855614973,24.0569534597,1401.83525554,0,0,17.8849135497,1310.16025347,3,0.320855614973,18.8445405935,429.79583892,4,0.427807486631,5.22440166733,829.194223661
yolo11s,heldout,100,d3ca0450-2167-38fb-b34b-449741cb38f3,3336,556,6,1.07913669065,21.1735503178,749.187836243,0,0,17.0879630201,106.929331231,6,1.07913669065,27.1966019752,913.001838451,0,0,10.8057961521,665.938634901,6,1.07913669065,10.0404644969,243.189926466,6,1.07913669065,1.93174304894,71.8262646043
yolo11s,heldout,200,d3ca0450-2167-38fb-b34b-449741cb38f3,3282,547,6,1.09689213894,38.9926578807,1076.68005371,0,0,33.4961982612,203.049134202,6,1.09689213894,44.2354607876,1199.79048979,0,0,19.5674846223,1086.32994886,6,1.09689213894,19.3333657,473.864605234,6,1.09689213894,3.85417552932,152.391229687
yolo11s,heldout,300,d3ca0450-2167-38fb-b34b-449741cb38f3,3210,535,5,0.934579439252,55.6620120831,1301.41247559,0,0,49.1104630429,304.868692184,5,0.934579439252,60.1685132861,1386.85349326,0,0,28.6403745846,1283.84594414,5,0.934579439252,29.3059703503,783.598701056,5,0.934579439252,6.78523339258,501.155309464
yolo11s,heldout,400,d3ca0450-2167-38fb-b34b-449741cb38f3,3150,525,5,0.952380952381,71.6025999657,1301.41247559,0,0,63.9745750501,420.906204656,5,0.952380952381,75.2739129252,1377.5241324,0,0,36.930568268,1279.90017069,5,0.952380952381,37.2962107029,899.32753778,9,1.71428571429,8.78809989402,684.87085669
yolo11s,heldout,500,d3ca0450-2167-38fb-b34b-449741cb38f3,3090,515,5,0.970873786408,87.5325800312,1312.42788402,0,0,78.0725958924,501.014587608,5,0.970873786408,90.4759477817,1368.19477154,0,0,46.2142454912,1278.8701572,5,0.970873786408,46.2222545348,838.369900971,11,2.1359223301,11.9995118824,914.598144531
yolo11s,heldout,100,d5d6f11c-3026-3e0e-9d67-c111233e22de,9612,1602,16,0.998751560549,18.9838428348,659.104508801,0,0,7.64136705972,80.2606685369,16,0.998751560549,24.0323182304,746.411731828,0,0,13.8982032032,649.392236173,16,0.998751560549,5.28557722317,192.316545932,16,0.998751560549,1.93513798159,61.8076599569
yolo11s,heldout,200,d5d6f11c-3026-3e0e-9d67-c111233e22de,9390,1565,16,1.02236421725,35.1912596507,1204.91055298,0,0,15.016701433,154.103417893,16,1.02236421725,39.4819809634,1296.61658851,0,0,25.9521162547,1185.61453768,16,1.02236421725,10.7085956818,379.0685311,16,1.02236421725,3.94510407566,125.412216804
yolo11s,heldout,300,d5d6f11c-3026-3e0e-9d67-c111233e22de,9174,1529,16,1.04643557881,49.6184635255,1250.16934204,0,0,22.0520762896,218.068030853,16,1.04643557881,53.2802830127,1352.00594457,0,0,37.149572071,1176.50143071,16,1.04643557881,16.2037216611,565.7347612,16,1.04643557881,6.01911356636,323.292091048
yolo11s,heldout,400,d5d6f11c-3026-3e0e-9d67-c111233e22de,8940,1490,15,1.0067114094,62.5491707024,1273.42721558,0,0,28.748428602,264.874328613,15,1.0067114094,65.6661350137,1341.22391949,0,0,47.6601359714,1291.37021382,15,1.0067114094,21.8485283189,820.856827688,15,1.0067114094,8.42105944213,810.964599609
yolo11s,heldout,500,d5d6f11c-3026-3e0e-9d67-c111233e22de,8712,1452,14,0.964187327824,73.5266231676,1296.08007812,0,0,35.2782805354,316.079028275,14,0.964187327824,76.1022376953,1336.22134716,0,0,56.4684532466,1297.75041744,14,0.964187327824,27.0395962491,928.75338887,15,1.03305785124,10.3054800626,589.183735972
yolo11s,heldout,100,da036982-92bf-36a8-b880-4ccf4e20b74e,5544,924,7,0.757575757576,22.6213720127,669.088989258,0,0,11.726554701,120.183135474,7,0.757575757576,28.9958256812,846.181344987,0,0,15.000617748,653.679244675,7,0.757575757576,9.2371796654,242.912881419,7,0.757575757576,2.947282717,110.484170664
yolo11s,heldout,200,da036982-92bf-36a8-b880-4ccf4e20b74e,5400,900,7,0.777777777778,42.7481793421,1101.6144104,0,0,23.1230183486,293.588431287,7,0.777777777778,48.2031074511,1210.73202047,0,0,29.5403036002,1168.40613369,7,0.777777777778,20.2424657581,1411.75843374,7,0.777777777778,6.83032179028,1310.96793838
yolo11s,heldout,300,da036982-92bf-36a8-b880-4ccf4e20b74e,5226,871,7,0.803673938002,59.6199422347,1229.79502026,0,0,34.0673049805,410.523071289,7,0.803673938002,64.2107864435,1304.79018752,0,0,40.0301960114,1043.39525415,7,0.803673938002,29.1451445015,748.284227724,10,1.14810562572,9.37693846713,710.046020508
yolo11s,heldout,400,da036982-92bf-36a8-b880-4ccf4e20b74e,5040,840,6,0.714285714286,75.2029737115,1287.47058105,0,0,44.2858261921,484.124633789,6,0.714285714286,78.9849329982,1355.94440776,0,0,51.7731772616,1093.74485929,6,0.714285714286,40.230222196,936.856324439,10,1.19047619048,12.8078357627,798.812133789
yolo11s,heldout,500,da036982-92bf-36a8-b880-4ccf4e20b74e,4884,814,6,0.737100737101,88.7508186692,1336.69941711,0,0,54.5324654248,786.403930664,6,0.737100737101,91.7008597419,1375.10064094,0,0,62.8332974479,1365.04948161,6,0.737100737101,53.1035434515,1113.98413901,11,1.35135135135,16.2785997746,664.604927693
yolo11s,heldout,100,dafe14f5-825c-4e7a-9009-6dfdfdd5b030,7368,1228,5,0.407166123779,15.728450796,693.599906226,0,0,4.55452426157,66.2248361819,5,0.407166123779,20.1122621234,844.287904745,0,0,11.8974356672,685.984129562,5,0.407166123779,5.19297455284,160.734038477,5,0.407166123779,1.70061069734,75.7534856913
yolo11s,heldout,200,dafe14f5-825c-4e7a-9009-6dfdfdd5b030,7236,1206,5,0.414593698176,28.0879796725,1123.82373047,0,0,8.86281529764,126.577113816,5,0.414593698176,31.8102866418,1255.62138494,0,0,21.2171938798,924.783047456,5,0.414593698176,10.9561267807,540.652733811,5,0.414593698176,3.67377794925,246.24634811
yolo11s,heldout,300,dafe14f5-825c-4e7a-9009-6dfdfdd5b030,7086,1181,5,0.423370025402,38.8708577121,1207.21811818,0,0,12.9146408958,183.674618433,5,0.423370025402,41.9875524564,1279.40179479,0,0,30.5450519117,1135.37159179,5,0.423370025402,17.9862221916,1134.40038686,5,0.423370025402,6.33631185327,420.959139566
yolo11s,heldout,400,dafe14f5-825c-4e7a-9009-6dfdfdd5b030,6942,1157,5,0.432152117545,48.4452666294,1251.16467285,0,0,16.8250396146,232.222702026,5,0.432152117545,51.0132966913,1315.22940944,0,0,39.7082717807,1159.43442211,5,0.432152117545,24.3096785277,802.656642583,5,0.432152117545,9.971575743,1123.82373047
yolo11s,heldout,500,dafe14f5-825c-4e7a-9009-6dfdfdd5b030,6780,1130,5,0.442477876106,57.6693353969,1251.16467285,0,0,20.534444171,271.081939697,5,0.442477876106,59.7657868888,1307.11046942,0,0,48.2146672505,1147.2011677,5,0.442477876106,28.9850384293,1057.14768813,6,0.530973451327,13.0552075567,1025.39696097
yolo11s,heldout,100,e1d68dde-22a9-3918-a526-0850b21ff2eb,4062,677,8,1.18168389956,22.3596170809,610.32957154,0,0,3.87922267214,36.0639171589,8,1.18168389956,28.4534387724,744.174941374,0,0,12.7174156999,574.112569403,8,1.18168389956,12.8252298245,221.649973503,8,1.18168389956,3.57300891854,104.173085783
yolo11s,heldout,200,e1d68dde-22a9-3918-a526-0850b21ff2eb,3960,660,8,1.21212121212,40.2487931203,880.247131348,0,0,7.65136180607,75.6309216388,8,1.21212121212,45.3626564344,987.783861384,0,0,21.4409675792,728.896590583,8,1.21212121212,25.6598787056,453.739344691,8,1.21212121212,6.88419728756,205.128892785
yolo11s,heldout,300,e1d68dde-22a9-3918-a526-0850b21ff2eb,3858,643,7,1.08864696734,55.4856575959,1072.56731131,0,0,11.3218089623,123.563932367,7,1.08864696734,59.8390778297,1135.46210284,0,0,28.8191629499,930.501712473,7,1.08864696734,38.1482859955,590.192060754,7,1.08864696734,10.066669407,302.322035781
yolo11s,heldout,400,e1d68dde-22a9-3918-a526-0850b21ff2eb,3774,629,7,1.11287758347,68.8476404614,1174.87329102,0,0,14.871594096,179.858576557,7,1.11287758347,72.5389932079,1223.10852102,0,0,35.3004385129,1005.93722122,7,1.11287758347,50.7121226576,784.770405916,7,1.11287758347,13.6803141672,395.40834978
yolo11s,heldout,500,e1d68dde-22a9-3918-a526-0850b21ff2eb,3690,615,6,0.975609756098,81.6226673577,1248.95864781,0,0,18.2794785931,247.287805089,6,0.975609756098,84.6815617518,1338.76364778,0,0,42.3361809026,1057.65041619,6,0.975609756098,63.185137253,977.280711637,7,1.13821138211,17.4650750504,736.862048266
yolo11s,heldout,100,e2e921fe-e489-3656-a0a2-5e17bd399ddf,5184,864,3,0.347222222222,13.5814978705,851.397050719,0,0,6.15200468669,55.4576989814,3,0.347222222222,17.4573430944,1034.46020969,0,0,10.7511531512,633.033979674,3,0.347222222222,7.48095035523,231.967055592,3,0.347222222222,2.07434874519,81.9276657332
yolo11s,heldout,200,e2e921fe-e489-3656-a0a2-5e17bd399ddf,5082,847,3,0.354191263282,25.2484588471,1102.3994552,0,0,12.3912753891,118.486629076,3,0.354191263282,28.5296302847,1214.47631059,0,0,20.6683257971,1027.17813101,3,0.354191263282,16.0302282868,628.26336919,3,0.354191263282,4.47604184828,220.752431076
yolo11s,heldout,300,e2e921fe-e489-3656-a0a2-5e17bd399ddf,4968,828,3,0.36231884058,35.7771014027,1300.31242371,0,0,18.5971797532,173.849912317,3,0.36231884058,38.5762124875,1388.94358496,0,0,30.8217455862,1039.74648691,3,0.36231884058,26.600793874,1043.88092434,3,0.36231884058,7.97838541915,557.380063854
yolo11s,heldout,400,e2e921fe-e489-3656-a0a2-5e17bd399ddf,4860,810,3,0.37037037037,45.4058693561,1300.31242371,0,0,24.5897729643,217.219689684,3,0.37037037037,47.7293598247,1378.80661475,0,0,44.03309238,1056.38404343,3,0.37037037037,38.2457105573,1463.35987595,3,0.37037037037,13.9718521458,1019.36914062
yolo11s,heldout,500,e2e921fe-e489-3656-a0a2-5e17bd399ddf,4758,793,3,0.378310214376,53.1014322549,1300.31242371,0,0,30.4752764208,251.174546287,3,0.378310214376,54.9774698753,1368.66964413,0,0,51.6104093128,1300.31242371,3,0.378310214376,43.4082314068,845.003817417,5,0.63051702396,17.8955931881,1300.31242371
yolo11s,heldout,100,e50e7698-de3d-355f-aca2-eddd09c09533,11172,1862,6,0.322234156821,14.2503575404,708.704406738,0,0,8.42054972936,118.933514205,6,0.322234156821,18.0108013033,867.376137745,0,0,9.37306915613,665.850295968,6,0.322234156821,5.62045568663,234.61003335,6,0.322234156821,1.72562521657,145.928303106
yolo11s,heldout,200,e50e7698-de3d-355f-aca2-eddd09c09533,10968,1828,6,0.328227571116,26.6256720972,997.030288393,0,0,16.6217085685,220.841452461,6,0.328227571116,29.8463752339,1089.91209735,0,0,17.5075557664,1205.63001315,6,0.328227571116,11.5743049185,1128.03372297,6,0.328227571116,3.63552267505,758.413461111
yolo11s,heldout,300,e50e7698-de3d-355f-aca2-eddd09c09533,10728,1788,5,0.279642058166,38.1775648655,1120.55963135,0,0,24.409781947,301.748100057,5,0.279642058166,40.9051334495,1202.56944701,0,0,24.9088452446,1110.27021453,5,0.279642058166,16.7280157009,662.409611095,6,0.335570469799,5.55950114423,1075.31970215
yolo11s,heldout,400,e50e7698-de3d-355f-aca2-eddd09c09533,10476,1746,5,0.28636884307,48.7316787952,1120.55963135,0,0,32.0699244094,445.249486382,5,0.28636884307,50.9671361498,1191.69745285,0,0,32.0183610418,1107.16605364,5,0.28636884307,22.3910025168,682.568062341,7,0.400916380298,6.72832097885,530.133640992
yolo11s,heldout,500,e50e7698-de3d-355f-aca2-eddd09c09533,10236,1706,5,0.293083235639,59.2073983503,1141.54937744,0,0,39.6005762772,535.317749023,5,0.293083235639,61.0003526162,1180.82545999,0,0,39.5917857304,1104.09130173,5,0.293083235639,28.4237509774,814.384164645,6,0.351699882767,8.67696370015,524.066589355
yolo11s,heldout,100,e72ef05c-8b94-3885-a34f-fff3b2b954b4,9222,1537,9,0.585556278465,5.61619704949,861.772705078,0,0,0.029296809403,0.19358851776,9,0.585556278465,7.11879753804,1047.30630938,0,0,3.91994588562,857.923518718,9,0.585556278465,3.11526919217,188.625113616,9,0.585556278465,0.377122408422,46.1204297586
yolo11s,heldout,200,e72ef05c-8b94-3885-a34f-fff3b2b954b4,9150,1525,9,0.590163934426,10.1389765243,1065.40310723,0,0,0.0376582387794,0.282314362428,9,0.590163934426,11.4100764954,1172.48274766,0,0,6.98277088303,946.690601861,9,0.590163934426,5.9204027993,374.03892087,9,0.590163934426,0.697865365262,82.2736136087
yolo11s,heldout,300,e72ef05c-8b94-3885-a34f-fff3b2b954b4,9072,1512,9,0.595238095238,14.1819396448,1152.79882812,0,0,0.0430344735283,0.259382124514,9,0.595238095238,15.2713382889,1246.98234078,0,0,9.7247305225,949.394376288,9,0.595238095238,8.6115728343,556.326788788,9,0.595238095238,0.994775192204,121.561912736
yolo11s,heldout,400,e72ef05c-8b94-3885-a34f-fff3b2b954b4,8988,1498,9,0.600801068091,17.4108359962,982.425741953,0,0,0.049027041287,0.228573917362,9,0.600801068091,18.301963882,1095.04599058,0,0,12.0559058127,977.629791109,9,0.600801068091,11.1471604607,851.012578564,9,0.600801068091,1.34363256766,211.531795936
yolo11s,heldout,500,e72ef05c-8b94-3885-a34f-fff3b2b954b4,8910,1485,9,0.606060606061,20.8002230241,1064.37329102,0,0,0.0568983144966,0.306412552927,9,0.606060606061,21.5475754793,1095.96823474,0,0,14.6672211427,1058.66095131,9,0.606060606061,13.9382224119,969.391483598,10,0.673400673401,1.730240242,326.678175874
yolo11s,heldout,100,e8c9fd64-fdd2-422d-a2a2-6f47500d1d12,7650,1275,8,0.627450980392,12.7726414075,675.008076038,0,0,7.16351377326,68.8771796726,8,0.627450980392,16.0552021976,829.433225233,0,0,10.1604635164,670.482537163,8,0.627450980392,7.40876266964,101.874650659,8,0.627450980392,2.79502421288,58.8221538258
yolo11s,heldout,200,e8c9fd64-fdd2-422d-a2a2-6f47500d1d12,7554,1259,8,0.635424940429,24.6999017853,1023.45037842,0,0,14.2802807782,130.909380894,8,0.635424940429,27.5225137068,1158.37766779,0,0,20.1543271757,1021.87070436,8,0.635424940429,15.29972273,196.931809717,8,0.635424940429,5.78474838287,114.699545908
yolo11s,heldout,300,e8c9fd64-fdd2-422d-a2a2-6f47500d1d12,7398,1233,8,0.648824006488,35.4872347563,1226.75864246,0,0,21.338697581,198.449330452,8,0.648824006488,37.9044684391,1297.42141724,0,0,29.9610529095,1220.22198248,8,0.648824006488,24.284449279,426.632867888,8,0.648824006488,9.3712098934,312.043459421
yolo11s,heldout,400,e8c9fd64-fdd2-422d-a2a2-6f47500d1d12,7212,1202,8,0.665557404326,45.0285585922,1289.10046387,0,0,28.4669936102,311.792238025,8,0.665557404326,47.0563110068,1353.37483072,0,0,39.8019151848,1281.88930442,8,0.665557404326,34.5687283285,1037.01315584,8,0.665557404326,14.6845550092,989.416569566
yolo11s,heldout,500,e8c9fd64-fdd2-422d-a2a2-6f47500d1d12,7044,1174,8,0.681431005111,54.1047105314,1289.10046387,0,0,35.9350066968,474.512008952,8,0.681431005111,55.7916387292,1346.98642272,0,0,45.6299331145,1280.87676045,8,0.681431005111,41.8408444878,522.862779836,11,0.936967632027,17.382007532,930.992919922
yolo11s,heldout,100,eec284b2-840a-3c75-aa42-04d2e309bbe1,3936,656,7,1.06707317073,11.1452033306,747.925616706,0,0,4.57101338765,68.3123553394,7,1.06707317073,14.3217955673,912.181866432,0,0,7.8214408135,731.018432668,7,1.06707317073,3.97363785974,89.966810504,7,1.06707317073,1.4156740369,44.7331078601
yolo11s,heldout,200,eec284b2-840a-3c75-aa42-04d2e309bbe1,3876,646,7,1.08359133127,21.1232973202,1173.9041748,0,0,8.62807094345,134.732310731,7,1.08359133127,23.7368822557,1322.9039629,0,0,16.1200741554,1142.82803654,7,1.08359133127,8.52561071116,179.788583003,7,1.08359133127,3.09305116826,90.239608359
yolo11s,heldout,300,eec284b2-840a-3c75-aa42-04d2e309bbe1,3822,637,7,1.0989010989,29.5211341969,1173.9041748,0,0,11.9954007664,182.381157128,7,1.0989010989,31.6378091547,1307.64750265,0,0,24.727541047,1128.85796258,7,1.0989010989,13.9474301613,314.980697827,7,1.0989010989,5.33209472254,138.484008158
yolo11s,heldout,400,eec284b2-840a-3c75-aa42-04d2e309bbe1,3762,627,7,1.11642743222,36.6190333479,1173.9041748,0,0,14.7533864662,234.88451889,7,1.11642743222,38.2167564164,1292.3910398,0,0,32.9173598527,1116.39998096,7,1.11642743222,19.7466484242,715.246308329,7,1.11642743222,7.58839012953,389.948234726
yolo11s,heldout,500,eec284b2-840a-3c75-aa42-04d2e309bbe1,3702,617,7,1.13452188006,43.342036221,1173.9041748,0,0,17.229291736,279.12492073,7,1.13452188006,44.5525845962,1277.13457894,0,0,39.7570781186,1105.54586117,7,1.13452188006,25.205912003,559.2027678,8,1.29659643436,10.6430361927,804.998779297
yolo11s,heldout,100,f1275002-842e-3571-8f7d-05816bc7cf56,9402,1567,9,0.574345883854,12.857456824,1077.91430664,0,0,4.96304416314,145.112452365,9,0.574345883854,16.1732215496,1364.58861382,0,0,11.9840068306,1059.35289527,9,0.574345883854,8.88544123834,491.174835497,9,0.574345883854,2.97119196879,187.984062596
yolo11s,heldout,200,f1275002-842e-3571-8f7d-05816bc7cf56,9282,1547,9,0.581771170006,24.0434529989,1202.07214355,0,0,9.84867928896,225.44675228,9,0.581771170006,26.8995993674,1337.07164096,0,0,23.2611013352,1360.95055626,9,0.581771170006,18.961214037,1386.12427646,10,0.646412411118,7.39479192319,1217.95946038
yolo11s,heldout,300,f1275002-842e-3571-8f7d-05816bc7cf56,9150,1525,9,0.590163934426,33.3429344591,1321.79003906,0,0,14.320486721,306.073315326,9,0.590163934426,35.7813752433,1402.49553043,0,0,29.8569920963,1549,9,0.590163934426,24.4476764886,1549,17,1.11475409836,8.84822970608,1054.50390625
yolo11s,heldout,400,f1275002-842e-3571-8f7d-05816bc7cf56,9042,1507,9,0.597213005972,41.5985850431,1350.80334473,0,0,18.8405775426,391.045085309,9,0.597213005972,43.6718364288,1413.20331452,0,0,37.5941730581,1549,9,0.597213005972,31.9510322731,1549,21,1.39349701393,10.8142372193,1202.12145996
yolo11s,heldout,500,f1275002-842e-3571-8f7d-05816bc7cf56,8910,1485,9,0.606060606061,48.7314098814,1350.80334473,0,0,23.3716085079,449.399536133,9,0.606060606061,50.4544520517,1405.23443879,0,0,42.6286969616,1549,9,0.606060606061,37.5152796083,1549,22,1.48148148148,13.501258895,1546.86845708
yolo11s,heldout,100,f2576c8a-da9b-450e-88cf-a70af1b0eadf,3582,597,5,0.837520938023,25.8701266492,935.213304581,0,0,5.51061020411,83.4138343877,5,0.837520938023,33.187631134,1136.28297226,0,0,20.5143427842,910.45837701,5,0.837520938023,9.02315687029,385.950336184,5,0.837520938023,2.24757787054,161.746785923
yolo11s,heldout,200,f2576c8a-da9b-450e-88cf-a70af1b0eadf,3552,592,5,0.844594594595,45.040585375,1100.35897827,0,0,10.882804628,183.028526523,5,0.844594594595,51.2074249807,1278.64797824,0,0,35.8677780788,1087.38265064,5,0.844594594595,18.2982997344,805.566137457,6,1.01351351351,4.75600871545,528.701406226
yolo11s,heldout,300,f2576c8a-da9b-450e-88cf-a70af1b0eadf,3504,584,5,0.856164383562,61.0942950224,1202.77624512,0,0,16.077948374,214.265380859,5,0.856164383562,66.2728282951,1278.67389207,0,0,49.0604060588,1175.97966344,5,0.856164383562,27.7929272381,1032.9747259,6,1.02739726027,8.14334472665,829.010253906
yolo11s,heldout,400,f2576c8a-da9b-450e-88cf-a70af1b0eadf,3456,576,5,0.868055555556,75.1708802964,1202.77624512,0,0,21.186557803,219.784912109,5,0.868055555556,79.4285463451,1268.33774877,0,0,61.4225289549,1171.69643771,5,0.868055555556,36.9447134921,788.206396026,7,1.21527777778,11.5809498909,1172.04564745
yolo11s,heldout,500,f2576c8a-da9b-450e-88cf-a70af1b0eadf,3408,568,5,0.880281690141,88.3500227311,1202.77624512,0,0,26.2670381477,305.413633113,5,0.880281690141,91.7737397823,1258.00160703,0,0,72.8711572853,1177.85134492,5,0.880281690141,48.1423749487,896.581049073,8,1.40845070423,14.1095733242,692.159057617
yolo11s,heldout,100,f292cc5c-7a90-360d-b62a-074c643bdf59,6324,1054,19,1.80265654649,18.0212748166,561.519730469,0,0,9.4093249103,163.712559105,19,1.80265654649,23.3161962711,684.927616709,0,0,11.0203014026,562.329893773,19,1.80265654649,5.99261569064,239.545265558,19,1.80265654649,1.87580791877,60.8834472847
yolo11s,heldout,200,f292cc5c-7a90-360d-b62a-074c643bdf59,6168,1028,19,1.84824902724,34.0542920409,1050.0234375,0,0,18.0258529436,263.093439152,19,1.84824902724,38.4793612754,1157.36784444,0,0,21.2568713095,1060.35590952,19,1.84824902724,11.9482703706,346.164812946,19,1.84824902724,3.80675790539,226.203603541
yolo11s,heldout,300,f292cc5c-7a90-360d-b62a-074c643bdf59,6012,1002,19,1.89620758483,48.0240415595,1298.81904602,0,0,25.8145989129,389.19480804,19,1.89620758483,51.6655661579,1387.98211288,0,0,31.4195114869,1324.51300375,19,1.89620758483,18.8299939719,1004.07343535,19,1.89620758483,6.03453709347,816.625975733
yolo11s,heldout,400,f292cc5c-7a90-360d-b62a-074c643bdf59,5844,974,19,1.95071868583,60.4155085138,1328.6669789,0,0,32.7348620718,507.675147274,19,1.95071868583,63.3533150256,1381.29800373,0,0,39.6689749246,1332.17155314,19,1.95071868583,24.3257660751,528.461474352,20,2.05338809035,8.16954130385,678.890625
yolo11s,heldout,500,f292cc5c-7a90-360d-b62a-074c643bdf59,5700,950,18,1.89473684211,71.4397703655,1386.18920898,0,0,38.9823741321,618.260070801,18,1.89473684211,73.7488371202,1430.53660964,0,0,48.5892867574,1376.83572571,18,1.89473684211,31.30236466,983.350305566,19,2,10.7762137272,957.584720066
yolo11s,heldout,100,f6cc0ebf-fc6a-3bf2-8bcb-76d8c43f194e,10872,1812,16,0.883002207506,15.5665066252,775.394667707,0,0,4.83634269536,82.0035634296,16,0.883002207506,19.8525654983,948.278204577,0,0,13.8872601713,775.299382639,16,0.883002207506,6.60008441348,241.084946771,16,0.883002207506,1.99482601072,89.2507747774
yolo11s,heldout,200,f6cc0ebf-fc6a-3bf2-8bcb-76d8c43f194e,10752,1792,16,0.892857142857,29.0389036931,1105.44970703,0,0,9.65040548837,168.784443894,16,0.892857142857,32.6487486563,1261.69287134,0,0,26.0087906503,1105.21406827,16,0.892857142857,13.502391392,859.905977808,16,0.892857142857,4.04574861755,618.099622677
yolo11s,heldout,300,f6cc0ebf-fc6a-3bf2-8bcb-76d8c43f194e,10632,1772,16,0.902934537246,40.977929713,1280.27087402,0,0,14.429876899,253.352636753,16,0.902934537246,44.0489350655,1360.31034372,0,0,36.5264780828,1202.0478988,16,0.902934537246,20.311214822,793.165442676,16,0.902934537246,6.19060199164,1083.4486084
yolo11s,heldout,400,f6cc0ebf-fc6a-3bf2-8bcb-76d8c43f194e,10506,1751,16,0.913763563678,50.932125144,1365.20614624,0,0,19.3639568898,396.490692554,16,0.913763563678,53.5376667129,1417.95931174,0,0,47.1574563293,1365.10440991,16,0.913763563678,29.5433020243,1112.78936751,17,0.970873786408,9.6100867332,773.152299059
yolo11s,heldout,500,f6cc0ebf-fc6a-3bf2-8bcb-76d8c43f194e,10374,1729,16,0.925390399075,59.1404209041,1365.20614624,0,0,24.493757431,460.078931672,16,0.925390399075,61.3132294571,1418.33549436,0,0,52.010510025,1364.55723523,16,0.925390399075,34.1889379287,1439.82627419,19,1.0989010989,10.9050485725,845.408203125
yolo11s,model_selection,100,069cc46d-38bb-309d-88cf-296a3d0c0820,9888,1648,20,1.21359223301,14.2784403207,582.216416206,0,0,7.15687723544,110.955718737,20,1.21359223301,18.2351620003,709.858873674,0,0,9.79464814937,590.177613065,20,1.21359223301,5.73886882167,181.765608948,20,1.21359223301,1.93782648848,67.4027527632
yolo11s,model_selection,200,069cc46d-38bb-309d-88cf-296a3d0c0820,9720,1620,19,1.17283950617,26.6866706684,1164.43280912,0,0,13.738238293,193.723462044,19,1.17283950617,30.0348763857,1280.52172309,0,0,19.7907972847,1178.99718058,19,1.17283950617,12.012693843,871.815297694,19,1.17283950617,4.20849770338,735.77909173
yolo11s,model_selection,300,069cc46d-38bb-309d-88cf-296a3d0c0820,9498,1583,19,1.20025268478,38.0424429165,1257.44839478,0,0,19.9751749909,311.930999756,19,1.20025268478,40.8883192133,1361.98376385,0,0,29.991626366,1278.26910656,19,1.20025268478,18.5470801048,692.22026994,19,1.20025268478,6.95141808125,1025.89845951
yolo11s,model_selection,400,069cc46d-38bb-309d-88cf-296a3d0c0820,9270,1545,18,1.16504854369,48.5464039247,1303.36366272,0,0,25.745952531,503.954782934,18,1.16504854369,50.8965487698,1354.72308329,0,0,41.1855517635,1307.02683986,18,1.16504854369,26.2075088236,825.290353628,19,1.22977346278,9.57600289501,575.476545746
yolo11s,model_selection,500,069cc46d-38bb-309d-88cf-296a3d0c0820,9066,1511,18,1.19126406353,58.1033837418,1381.50427246,0,0,31.1864275421,646.346245847,18,1.19126406353,60.0116875258,1431.70906018,0,0,51.2266849712,1307.99599561,18,1.19126406353,33.1053242726,1223.42921067,21,1.38980807412,13.1653606922,993.034814756
yolo11s,model_selection,100,0b324587-6097-3f92-a07a-a44f48c85d9e,3750,625,15,2.4,17.229672855,667.807327308,0,0,10.6138504884,83.0907604503,14,2.24,22.1323818395,813.902205267,0,0,10.1208170254,632.271733636,15,2.4,6.12795272789,180.427036518,15,2.4,1.82016087953,49.4775217541
yolo11s,model_selection,200,0b324587-6097-3f92-a07a-a44f48c85d9e,3648,608,15,2.46710526316,33.3137791799,1176.2376709,0,0,21.0751897927,135.430289487,14,2.30263157895,37.488752113,1299.14738278,0,0,20.5210458551,1312.07137328,15,2.46710526316,13.2107848058,1159.95347338,15,2.46710526316,4.31114739548,960.3755256
yolo11s,model_selection,300,0b324587-6097-3f92-a07a-a44f48c85d9e,3540,590,14,2.37288135593,47.5568909988,1176.2376709,0,0,31.2518542714,187.668532952,13,2.20338983051,50.9964246735,1287.50902352,0,0,27.4837830236,1181.36431155,14,2.37288135593,18.4591161928,407.55673687,14,2.37288135593,6.62375512487,678.650268555
yolo11s,model_selection,400,0b324587-6097-3f92-a07a-a44f48c85d9e,3426,571,14,2.45183887916,61.0574297143,1176.2376709,0,0,41.5075578873,263.835719622,13,2.27670753065,63.8320130904,1275.87066484,0,0,35.1566192455,1183.07922507,14,2.45183887916,25.584973618,751.417888777,14,2.45183887916,8.09010864109,521.43004948
yolo11s,model_selection,500,0b324587-6097-3f92-a07a-a44f48c85d9e,3294,549,13,2.3679417122,73.8769003498,1216.43178988,0,0,51.7849596146,324.308162445,12,2.18579234973,76.0328161487,1264.2323057,0,0,42.0832993621,1184.96468235,13,2.3679417122,32.5414263435,1062.35005624,13,2.3679417122,10.778711415,643.650776181
yolo11s,model_selection,100,12c3c14b-9cf2-3434-9a5d-e0bfa332f6ce,9738,1623,11,0.67775723968,12.3975026298,754.421769381,0,0,6.08468234897,106.373176807,11,0.67775723968,15.993643995,921.482720943,0,0,9.13154771194,752.120208673,11,0.67775723968,6.76419588951,405.509480185,11,0.67775723968,2.1617525006,74.7918804536
yolo11s,model_selection,200,12c3c14b-9cf2-3434-9a5d-e0bfa332f6ce,9570,1595,10,0.626959247649,23.6402058046,1123.6796875,0,0,12.1358072608,220.212457215,10,0.626959247649,26.7490920334,1274.91740739,0,0,18.0841939569,1426.90314017,10,0.626959247649,13.7159763993,1145.57348428,11,0.689655172414,4.84723746878,879.06752671
yolo11s,model_selection,300,12c3c14b-9cf2-3434-9a5d-e0bfa332f6ce,9372,1562,9,0.576184379001,33.8396757579,1325.7832429,0,0,18.094715753,418.2259783,9,0.576184379001,36.4562355092,1404.80475604,0,0,26.1571678725,1286.2274579,9,0.576184379001,21.0416059245,422.161059816,13,0.832266325224,6.56855922978,237.888131853
yolo11s,model_selection,400,12c3c14b-9cf2-3434-9a5d-e0bfa332f6ce,9186,1531,8,0.522534291313,43.0678793889,1342.17297363,0,0,24.0715594948,540.636108398,8,0.522534291313,45.265335183,1407.61125844,0,0,34.0006295378,1357.68981698,8,0.522534291313,29.5130573533,641.443484749,12,0.783801436969,9.15350222439,351.259234602
yolo11s,model_selection,500,12c3c14b-9cf2-3434-9a5d-e0bfa332f6ce,9018,1503,8,0.532268795742,51.8721854322,1394.36405945,0,0,29.8951758811,739.923095703,8,0.532268795742,53.6683621164,1435.54271176,0,0,42.7991602683,1361.44603239,8,0.532268795742,39.281496412,1549,12,0.798403193613,12.5402867884,825.622055429
yolo11s,model_selection,100,1842383a-1577-3b7a-90db-41a9a6668ee2,12708,2118,5,0.236071765817,14.4246670529,780.447004825,0,0,6.05728611628,63.7457965056,5,0.236071765817,18.2451100015,949.924872365,0,0,10.1160540154,769.042925653,5,0.236071765817,7.35653794313,177.677570643,5,0.236071765817,1.41004390222,133.666791883
yolo11s,model_selection,200,1842383a-1577-3b7a-90db-41a9a6668ee2,12426,2071,5,0.241429261226,27.2343060138,1126.37768555,0,0,12.0412249883,115.679453158,5,0.241429261226,30.5473258379,1280.55749871,0,0,19.1246295108,1104.5203423,5,0.241429261226,15.0863778415,546.813224696,5,0.241429261226,2.92646579525,288.385813168
yolo11s,model_selection,300,1842383a-1577-3b7a-90db-41a9a6668ee2,12138,2023,5,0.247157686604,38.4260656828,1272.7539978,0,0,18.0007975893,178.880478254,5,0.247157686604,41.2740494883,1351.65796975,0,0,27.7929792619,1210.62778143,5,0.247157686604,23.1286124638,878.203411815,5,0.247157686604,5.29845443787,975.917177781
yolo11s,model_selection,400,1842383a-1577-3b7a-90db-41a9a6668ee2,11784,1964,5,0.254582484725,48.5562756179,1307.69828796,0,0,23.8975411557,246.301101163,5,0.254582484725,51.0078809545,1368.57993099,0,0,36.2605127685,1244.35137908,5,0.254582484725,31.6422844295,1079.03322466,8,0.40733197556,6.55606956203,1019.41019242
yolo11s,model_selection,500,1842383a-1577-3b7a-90db-41a9a6668ee2,11442,1907,5,0.262191924489,57.9768519785,1307.69828796,0,0,29.7684568875,348.10074024,5,0.262191924489,60.0752353238,1361.01747414,0,0,43.7061962409,1231.02275156,5,0.262191924489,39.6965710729,993.200516845,9,0.47194546408,8.9113503334,874.94128418
yolo11s,model_selection,100,271f4204-dd77-350b-b9db-5dabc4191985,3822,637,3,0.470957613815,29.5262105527,607.378479004,0,0,13.4587466097,134.495634472,3,0.470957613815,37.3299183872,757.065330593,0,0,19.081176283,563.01551679,3,0.470957613815,5.4056725795,105.440435544,3,0.470957613815,1.3502780321,56.5565497043
yolo11s,model_selection,200,271f4204-dd77-350b-b9db-5dabc4191985,3768,628,3,0.477707006369,53.7249755262,719.4511395,0,0,26.6823886636,268.760001478,3,0.477707006369,60.3693329891,819.18172116,0,0,34.5106687522,811.539206134,3,0.477707006369,11.0501135327,215.898871746,3,0.477707006369,2.75372713623,115.057856141
yolo11s,model_selection,300,271f4204-dd77-350b-b9db-5dabc4191985,3690,615,3,0.487804878049,74.2832053327,1079.17666788,0,0,39.2847539587,388.943031531,3,0.487804878049,79.9692832484,1143.25869005,0,0,48.0911734531,1172.0969273,3,0.487804878049,16.8481969105,337.929558449,3,0.487804878049,4.16506692393,175.443469775
yolo11s,model_selection,400,271f4204-dd77-350b-b9db-5dabc4191985,3618,603,3,0.497512437811,92.2931451914,1250.3704834,0,0,51.52234724,491.25331198,3,0.497512437811,97.1472710355,1307.33175216,0,0,60.3630424609,1335.32509978,3,0.497512437811,23.0386741884,485.898029479,3,0.497512437811,5.73646194196,237.871318178
yolo11s,model_selection,500,271f4204-dd77-350b-b9db-5dabc4191985,3540,590,3,0.508474576271,108.206448312,1304.98974609,0,0,63.108552615,586.350552344,3,0.508474576271,112.293295972,1345.64436593,0,0,72.1156810852,1549,3,0.508474576271,29.3692443694,646.49765153,3,0.508474576271,7.36577849339,306.014587377
yolo11s,model_selection,100,8858428d-8fd5-3c3f-8ca4-d01f6e25e63c,4338,723,4,0.553250345781,10.3383703293,320.630339031,0,0,6.900966955,120.232147405,4,0.553250345781,13.0807485673,395.215932083,0,0,7.12372035611,305.584970293,4,0.553250345781,5.15374083186,293.343599798,4,0.553250345781,1.42474873491,80.4257497086
yolo11s,model_selection,200,8858428d-8fd5-3c3f-8ca4-d01f6e25e63c,4290,715,4,0.559440559441,20.2072497586,641.260652411,0,0,13.5296808519,205.759222688,4,0.559440559441,22.5398224489,707.989711343,0,0,15.071956616,612.328964662,4,0.559440559441,11.0842293051,850.693883454,4,0.559440559441,3.22326436141,300.828053281
yolo11s,model_selection,300,8858428d-8fd5-3c3f-8ca4-d01f6e25e63c,4236,706,4,0.56657223796,29.4057100621,961.890981823,0,0,19.7213797548,319.737057411,4,0.56657223796,31.3576623382,1020.76350624,0,0,26.0936920962,1063.03848467,4,0.56657223796,21.2293191173,1464.68349867,4,0.56657223796,7.47116113326,782.419981293
yolo11s,model_selection,400,8858428d-8fd5-3c3f-8ca4-d01f6e25e63c,4176,696,4,0.574712643678,37.7837952551,1186.9432373,0,0,25.5146239556,402.350882278,4,0.574712643678,39.3783927896,1237.95922721,0,0,32.9553610667,1276.36448459,4,0.574712643678,22.1513712844,1463.49277764,7,1.00574712644,13.6898239211,1367.97497559
yolo11s,model_selection,500,8858428d-8fd5-3c3f-8ca4-d01f6e25e63c,4116,686,4,0.583090379009,45.3194284895,1201.69458008,0,0,30.9559527789,471.428931661,4,0.583090379009,46.5893804814,1236.84192531,0,0,38.3629588796,1344.67968472,4,0.583090379009,23.8463697981,1301.30648243,11,1.60349854227,11.1619662845,1466.14453125
yolo11s,model_selection,100,8940f5f1-13e0-3094-99ba-da2d17639774,8556,1426,6,0.420757363254,17.213994037,920.693520653,0,0,6.03537719412,126.7241724,6,0.420757363254,21.8055516929,1101.34795821,0,0,13.9695745343,845.954353003,6,0.420757363254,8.83879900002,436.836497641,6,0.420757363254,2.61871539277,85.2311007179
yolo11s,model_selection,200,8940f5f1-13e0-3094-99ba-da2d17639774,8406,1401,6,0.428265524625,32.6269725173,1091.05892944,0,0,12.0995664379,322.725847961,6,0.428265524625,36.5862243477,1235.13695781,0,0,27.1856985541,1079.54743552,6,0.428265524625,18.1212493703,1088.24455622,8,0.5710206995,5.47490822758,764.162686139
yolo11s,model_selection,300,8940f5f1-13e0-3094-99ba-da2d17639774,8250,1375,6,0.436363636364,46.2063422325,1270.06412087,0,0,18.3221891729,493.72277832,6,0.436363636364,49.5603978091,1344.2653067,0,0,37.5254533808,1273.4453016,6,0.436363636364,27.1537197935,887.846818842,10,0.727272727273,7.92419268985,1052.40686035
yolo11s,model_selection,400,8940f5f1-13e0-3094-99ba-da2d17639774,8088,1348,6,0.445103857567,57.8721295801,1339.75117493,0,0,24.3679656304,556.484741211,6,0.445103857567,60.6434248622,1405.98419657,0,0,47.9865790157,1296.32413682,6,0.445103857567,36.4014697076,871.002432354,13,0.964391691395,10.231283926,381.931945801
yolo11s,model_selection,500,8940f5f1-13e0-3094-99ba-da2d17639774,7920,1320,6,0.454545454545,69.1479154858,1360.36349487,0,0,30.2707905527,888.11730957,6,0.454545454545,71.4226276131,1401.53642623,0,0,56.7222441984,1380.81323759,6,0.454545454545,46.3016018252,1100.73088532,14,1.06060606061,13.3361785708,1022.37091064
yolo11s,model_selection,100,8c52d911-fe34-3424-9864-d3fdfac38064,4116,686,5,0.728862973761,16.5183167277,583.743530273,0,0,5.09477945056,82.6441092711,5,0.728862973761,21.035657808,747.549051502,0,0,10.2049174946,458.045952434,5,0.728862973761,7.6724618219,221.065888113,5,0.728862973761,2.71722476868,105.312432201
yolo11s,model_selection,200,8c52d911-fe34-3424-9864-d3fdfac38064,4026,671,5,0.745156482861,30.6056169532,1094.50584843,0,0,10.0184106361,155.547919093,5,0.745156482861,34.4985354771,1202.78887562,0,0,18.2840204332,892.298701686,5,0.745156482861,15.6201447513,366.328697973,5,0.745156482861,5.93727824785,549.062255859
yolo11s,model_selection,300,8c52d911-fe34-3424-9864-d3fdfac38064,3930,655,5,0.763358778626,43.1991210294,1114.6640625,0,0,14.5973374466,262.487407042,5,0.763358778626,46.4789492366,1212.1605277,0,0,25.6998700445,907.464280081,5,0.763358778626,23.8249119104,576.038147067,6,0.916030534351,8.26347018053,367.88377994
yolo11s,model_selection,400,8c52d911-fe34-3424-9864-d3fdfac38064,3828,638,5,0.783699059561,55.1190546164,1209.90909499,0,0,19.0868571612,288.810429815,5,0.783699059561,57.8220736308,1257.7722959,0,0,33.0821781685,1119.67883838,5,0.783699059561,31.9641070196,634.569016569,5,0.783699059561,10.808166046,355.090131699
yolo11s,model_selection,500,8c52d911-fe34-3424-9864-d3fdfac38064,3702,617,5,0.810372771475,65.9308376484,1397.5423584,0,0,23.7000323527,421.512006725,5,0.810372771475,68.0658071752,1439.08719745,0,0,40.4685412375,1222.76721603,5,0.810372771475,40.9457405353,810.372166151,5,0.810372771475,13.876137879,748.035148967
yolo11s,model_selection,100,8feb3dbe-4450-3aeb-b22b-e65128aa696b,660,110,7,6.36363636364,15.2585198392,470.705106367,0,0,8.29099436747,73.0435333252,7,6.36363636364,19.6030287089,566.330469036,0,0,11.0014247491,440.198120869,7,6.36363636364,7.52089305706,118.852918696,7,6.36363636364,2.39223728042,48.7385645051
yolo11s,model_selection,200,8feb3dbe-4450-3aeb-b22b-e65128aa696b,642,107,7,6.54205607477,27.6201349451,728.627258301,0,0,15.765484755,137.828140259,7,6.54205607477,31.1057851847,811.531247262,0,0,21.6016102089,668.206757856,7,6.54205607477,15.565109373,317.68634142,7,6.54205607477,5.02746530315,177.931659183
yolo11s,model_selection,300,8feb3dbe-4450-3aeb-b22b-e65128aa696b,618,103,7,6.79611650485,37.9768710329,728.627258301,0,0,21.8369247249,189.309112549,7,6.79611650485,40.7087144071,798.809873047,0,0,33.5030143917,639.475010102,7,6.79611650485,23.4429167842,631.358157137,7,6.79611650485,8.04008551996,384.667156691
yolo11s,model_selection,400,8feb3dbe-4450-3aeb-b22b-e65128aa696b,588,98,7,7.14285714286,47.3986085475,728.627258301,0,0,27.0383730626,239.634996654,7,7.14285714286,49.5245074307,786.088498831,0,0,42.9816528528,612.404483902,7,7.14285714286,27.0818871502,411.564305201,7,7.14285714286,11.6005689179,691.084594727
yolo11s,model_selection,500,8feb3dbe-4450-3aeb-b22b-e65128aa696b,564,94,6,6.3829787234,55.6269288731,756.800535596,0,0,31.2678572614,271.54413248,6,6.3829787234,57.1512473877,773.367125124,0,0,52.7437270608,585.871438354,6,6.3829787234,38.2662206426,629.176851032,6,6.3829787234,13.0547387852,243.845809105
yolo11s,model_selection,100,902d5e72-b665-3615-af2d-a2b6164864b2,9804,1634,7,0.428396572827,10.9896109212,727.368200431,0,0,5.36621911518,68.2148224853,7,0.428396572827,13.895464746,888.228723743,0,0,7.5706681096,717.583094185,7,0.428396572827,7.19530961603,224.160557567,7,0.428396572827,1.91792111973,87.9210506005
yolo11s,model_selection,200,902d5e72-b665-3615-af2d-a2b6164864b2,9678,1613,7,0.433973961562,21.2807478929,1093.61315918,0,0,10.5828159213,132.722954314,7,0.433973961562,23.7444610126,1239.28376254,0,0,15.2944232975,1100.7150874,7,0.433973961562,14.9635878284,1117.69431955,7,0.433973961562,4.17631704395,860.04170158
yolo11s,model_selection,300,902d5e72-b665-3615-af2d-a2b6164864b2,9528,1588,7,0.44080604534,30.7325065766,1199.69989014,0,0,15.6401114303,179.891535857,7,0.44080604534,32.7911544313,1291.02784851,0,0,22.5427692962,1177.18778292,7,0.44080604534,22.5793495731,805.878952346,7,0.44080604534,6.65410701485,1117.10961914
yolo11s,model_selection,400,902d5e72-b665-3615-af2d-a2b6164864b2,9378,1563,7,0.447856685861,39.6413931273,1199.69989014,0,0,20.6008043907,257.860456947,7,0.447856685861,41.3392416511,1279.01967031,0,0,30.8089369943,1192.84015987,7,0.447856685861,30.6047659642,1083.18259127,9,0.575815738964,9.66490991214,775.052926277
yolo11s,model_selection,500,902d5e72-b665-3615-af2d-a2b6164864b2,9240,1540,7,0.454545454545,47.9827993146,1199.69989014,0,0,25.6121380298,365.088965018,7,0.454545454545,49.3370615063,1267.01149102,0,0,38.845917147,1205.53252082,7,0.454545454545,39.5952280652,1448.02427685,10,0.649350649351,12.9773681719,1218.97915649
yolo11s,model_selection,100,9441ffdd-f06e-36e0-839e-b836b0f19bc9,4860,810,9,1.11111111111,12.3167155017,660.428648306,0,0,4.98333744565,66.5018862486,9,1.11111111111,15.6406296228,804.068075622,0,0,9.3337693183,403.404752187,9,1.11111111111,6.61286198863,296.85403742,9,1.11111111111,1.60859149058,56.4224531012
yolo11s,model_selection,200,9441ffdd-f06e-36e0-839e-b836b0f19bc9,4776,796,9,1.13065326633,23.784390673,773.971252441,0,0,10.1008188801,134.175573051,9,1.13065326633,26.6315791815,903.494180843,0,0,17.9941217408,718.614328527,9,1.13065326633,13.4459106741,631.617034646,9,1.13065326633,3.21610072037,115.844581572
yolo11s,model_selection,300,9441ffdd-f06e-36e0-839e-b836b0f19bc9,4680,780,9,1.15384615385,33.8309042639,773.971252441,0,0,15.3292652677,187.363120714,9,1.15384615385,36.2552570034,890.605801711,0,0,25.6817250284,688.529621141,9,1.15384615385,20.1281958254,778.00549541,9,1.15384615385,4.87306556106,178.617108554
yolo11s,model_selection,400,9441ffdd-f06e-36e0-839e-b836b0f19bc9,4578,763,9,1.17955439056,42.9784519306,912.561706543,0,0,20.6850223843,233.375072816,9,1.17955439056,45.0133654747,958.90165738,0,0,32.7716028904,773.330003023,9,1.17955439056,26.9622745238,779.79104109,9,1.17955439056,6.50578111287,244.959780958
yolo11s,model_selection,500,9441ffdd-f06e-36e0-839e-b836b0f19bc9,4488,748,9,1.20320855615,51.1670373342,1076.66716453,0,0,26.319595077,272.881770451,9,1.20320855615,52.8338535295,1106.63164614,0,0,38.8004919649,971.516009982,9,1.20320855615,34.5157292912,853.232656819,9,1.20320855615,8.42480968086,489.69857351
yolo11s,model_selection,100,a059b6b9-ca26-4881-bcf7-d202433de0c2,5688,948,6,0.632911392405,15.2015816723,810.128356934,0,0,8.22437251061,99.7628088208,6,0.632911392405,19.6421212991,1036.3112688,0,0,12.3825539686,793.399176298,6,0.632911392405,7.03731022827,184.743455219,6,0.632911392405,2.01493822824,74.6566609199
yolo11s,model_selection,200,a059b6b9-ca26-4881-bcf7-d202433de0c2,5610,935,6,0.641711229947,26.971855157,1010.13623047,0,0,15.9939019888,193.797773376,6,0.641711229947,30.6123959218,1109.98680111,0,0,21.6534094654,1008.07362351,6,0.641711229947,13.4114430328,242.595724219,6,0.641711229947,4.25489750535,599.666015625
yolo11s,model_selection,300,a059b6b9-ca26-4881-bcf7-d202433de0c2,5508,918,5,0.544662309368,35.7617310251,1010.13623047,0,0,24.0400786469,296.085184751,5,0.544662309368,38.6671569047,1099.48545222,0,0,29.0255922984,1006.73074898,5,0.544662309368,19.8094044346,352.819531373,6,0.653594771242,6.00548561441,228.32857761
yolo11s,model_selection,400,a059b6b9-ca26-4881-bcf7-d202433de0c2,5412,902,5,0.554323725055,44.0793400036,1059.40720802,0,0,32.5206994012,408.320218301,5,0.554323725055,46.430763765,1101.41085862,0,0,36.0801231624,1102.33081011,5,0.554323725055,26.8919313298,477.872316554,5,0.554323725055,8.02085709469,331.242450933
yolo11s,model_selection,500,a059b6b9-ca26-4881-bcf7-d202433de0c2,5310,885,5,0.564971751412,50.0795602537,1306.62820107,0,0,42.3124795994,576.787719727,5,0.564971751412,51.8931318797,1342.73854045,0,0,41.1884490316,1375.73462061,5,0.564971751412,35.0123263133,607.275803204,5,0.564971751412,9.94260324037,388.485232306
yolo11s,model_selection,100,a1c1d559-0480-39d2-94f0-1a89f0226c4f,6828,1138,5,0.439367311072,16.7457130498,688.181640625,0,0,8.61095412212,118.752203667,5,0.439367311072,20.9794276329,837.995508906,0,0,15.1784715409,688.675498105,5,0.439367311072,10.4611909658,219.919154371,5,0.439367311072,3.56443095589,90.3205774848
yolo11s,model_selection,200,a1c1d559-0480-39d2-94f0-1a89f0226c4f,6654,1109,5,0.450856627592,31.3642231393,1190.234375,0,0,17.2084123992,255.37571911,5,0.450856627592,35.0528726611,1326.7162169,0,0,29.7385053768,1191.3831984,5,0.450856627592,22.7880372036,1027.79002861,5,0.450856627592,8.23607231561,829.427164747
yolo11s,model_selection,300,a1c1d559-0480-39d2-94f0-1a89f0226c4f,6498,1083,5,0.461680517082,44.8291972127,1316.56762695,0,0,25.6495909477,524.349258725,5,0.461680517082,48.0716590351,1399.97971974,0,0,40.374449949,1310.45668579,5,0.461680517082,32.9107189999,752.838154181,13,1.20036934441,11.2892497421,789.74609375
yolo11s,model_selection,400,a1c1d559-0480-39d2-94f0-1a89f0226c4f,6324,1054,4,0.379506641366,56.9376725112,1375.62704468,0,0,33.8710168821,570.828491211,4,0.379506641366,59.7489401937,1429.80506454,0,0,52.5250070879,1395.9474567,4,0.379506641366,44.6645665725,929.953517628,13,1.23339658444,15.4792660977,751.962917384
yolo11s,model_selection,500,a1c1d559-0480-39d2-94f0-1a89f0226c4f,6162,1027,4,0.389483933788,67.4864532957,1375.62704468,0,0,42.5671367914,851.279203832,4,0.389483933788,69.8905789943,1424.68024565,0,0,63.394818925,1400.81791172,4,0.389483933788,56.8730621185,1549,12,1.16845180136,21.8819457764,1104.73806057
yolo11s,model_selection,100,a47ba6a9-ffa1-3979-bb40-512339284b8b,15372,2562,18,0.702576112412,16.2751545876,616.995379838,0,0,1.94195762881,38.3267336095,18,0.702576112412,20.8838456428,747.755009894,0,0,13.3957426956,601.146553981,18,0.702576112412,6.29445597806,421.654689457,18,0.702576112412,2.09491374346,266.103810559
yolo11s,model_selection,200,a47ba6a9-ffa1-3979-bb40-512339284b8b,15210,2535,18,0.710059171598,29.4040010161,1094.48658237,0,0,3.64787279095,82.0835800243,18,0.710059171598,33.3516985004,1204.68979394,0,0,24.2315291205,1106.93397064,18,0.710059171598,12.5677096713,1127.49365486,18,0.710059171598,4.36227160212,750.94260655
yolo11s,model_selection,300,a47ba6a9-ffa1-3979-bb40-512339284b8b,15060,2510,18,0.717131474104,40.9538624683,1155.77911377,0,0,5.14732257339,107.751057103,18,0.717131474104,44.3311692186,1233.39760277,0,0,33.637228988,1160.31424429,18,0.717131474104,18.5285236179,1069.85952606,18,0.717131474104,7.08239558005,1139.97558594
yolo11s,model_selection,400,a47ba6a9-ffa1-3979-bb40-512339284b8b,14886,2481,18,0.725513905683,51.729008005,1345.44262695,0,0,6.36789942949,135.303247899,18,0.725513905683,54.598087302,1402.16836411,0,0,41.4862344743,1337.42316333,18,0.725513905683,23.9132713414,1076.2117971,22,0.886739218057,8.07280697113,1028.52758789
yolo11s,model_selection,500,a47ba6a9-ffa1-3979-bb40-512339284b8b,14706,2451,18,0.734394124847,61.1036813426,1360.76782227,0,0,7.48511787764,155.183515348,18,0.734394124847,63.5018867941,1406.76388719,0,0,47.6928341563,1356.2986069,18,0.734394124847,29.0136390644,1117.19018282,24,0.979192166463,9.88742105362,729.577453613
yolo11s,model_selection,100,a88da814-ecc6-39c0-93ba-8a81f403a7e4,8778,1463,11,0.751879699248,18.2446892913,613.626342773,0,0,5.27968353945,66.5830812424,11,0.751879699248,22.8221897135,756.645441254,0,0,14.4436712093,603.733285455,11,0.751879699248,6.96102406818,204.072324332,11,0.751879699248,2.35295044666,95.6652830332
yolo11s,model_selection,200,a88da814-ecc6-39c0-93ba-8a81f403a7e4,8658,1443,11,0.762300762301,33.690618647,786.500708501,0,0,10.4102817142,143.965976328,11,0.762300762301,37.6573559525,864.420683312,0,0,26.6212633159,781.36792072,11,0.762300762301,13.8550339468,394.009576997,12,0.831600831601,4.75204310697,189.686954084
yolo11s,model_selection,300,a88da814-ecc6-39c0-93ba-8a81f403a7e4,8508,1418,10,0.705218617772,47.7006911295,1179.75101163,0,0,15.2868129561,236.741307522,10,0.705218617772,51.1554330735,1249.77001447,0,0,38.0671336223,1073.89741562,10,0.705218617772,20.9862145997,677.21690046,11,0.775740479549,7.33508825679,282.120506481
yolo11s,model_selection,400,a88da814-ecc6-39c0-93ba-8a81f403a7e4,8352,1392,9,0.646551724138,60.8106383662,1532.21899414,0,0,19.9845205398,301.688293457,9,0.646551724138,63.7876525188,1594.33702406,0,0,49.345747575,1550.29046434,9,0.646551724138,28.518724165,1062.14044375,10,0.718390804598,10.2632131848,372.594462986
yolo11s,model_selection,500,a88da814-ecc6-39c0-93ba-8a81f403a7e4,8190,1365,8,0.586080586081,72.7930117361,1532.21899414,0,0,24.2071866118,302.745849609,8,0.586080586081,75.2976373527,1586.43605178,0,0,61.2060374039,1922.46927121,8,0.586080586081,37.8066985096,1408.72079538,9,0.659340659341,14.5144869168,808.361036517
yolo11s,model_selection,100,b29b43d7-3af9-363e-aaeb-8805d958f982,2526,421,13,3.08788598575,11.6756526235,491.490717741,0,0,4.15689059147,45.1295588908,13,3.08788598575,15.006837615,596.612893129,0,0,8.20562618011,467.35288261,13,3.08788598575,3.91587088532,93.0493375439,13,3.08788598575,1.26422165445,33.0596261474
yolo11s,model_selection,200,b29b43d7-3af9-363e-aaeb-8805d958f982,2508,418,13,3.11004784689,21.5729698227,713.610176728,0,0,8.18968754253,89.5819091797,13,3.11004784689,24.4410656777,784.272634684,0,0,15.139684816,709.636498876,13,3.11004784689,7.95779462283,197.3674612,13,3.11004784689,2.58352222124,77.6177537989
yolo11s,model_selection,300,b29b43d7-3af9-363e-aaeb-8805d958f982,2460,410,13,3.17073170732,30.3062457254,1034.36031914,0,0,11.9499276938,131.677227173,13,3.17073170732,32.6777560921,1095.81419091,0,0,21.5892950995,1006.20950034,13,3.17073170732,12.2230924429,314.812283938,13,3.17073170732,4.07170001577,145.28490645
yolo11s,model_selection,400,b29b43d7-3af9-363e-aaeb-8805d958f982,2400,400,12,3,37.9484004534,1123.39276123,0,0,15.4547721256,161.696284683,12,3,39.9219471625,1177.98980946,0,0,27.5630730892,1089.70277189,12,3,16.890108195,462.319996734,12,3,5.84737623729,383.248949199
yolo11s,model_selection,500,b29b43d7-3af9-363e-aaeb-8805d958f982,2346,391,11,2.81329923274,44.1456321801,1123.39276123,0,0,18.9066000914,187.098200491,11,2.81329923274,45.695909832,1171.13298592,0,0,32.9835070884,1082.47640532,11,2.81329923274,22.2714184337,901.410562279,11,2.81329923274,8.21726137347,776.924273932
yolo11s,model_selection,100,d0ba7a1b-f5ca-39d6-98d0-29c671baec65,8532,1422,14,0.98452883263,12.936617936,719.073888321,0,0,7.58214218067,98.7151600933,14,0.98452883263,16.5121422591,879.894423083,0,0,7.89077191499,645.984993773,14,0.98452883263,5.44689822264,294.547143302,14,0.98452883263,0.887376267539,87.3253746838
yolo11s,model_selection,200,d0ba7a1b-f5ca-39d6-98d0-29c671baec65,8436,1406,14,0.99573257468,24.6910932669,1216.22277832,0,0,15.0658798437,208.111109257,14,0.99573257468,27.7300100151,1346.65139619,0,0,15.6799395125,1509.15771484,14,0.99573257468,11.5413482906,1225.26903149,14,0.99573257468,2.04518958832,656.009581545
yolo11s,model_selection,300,d0ba7a1b-f5ca-39d6-98d0-29c671baec65,8316,1386,14,1.0101010101,35.1922395757,1309.81987,0,0,22.2438128183,306.945700282,14,1.0101010101,37.7448393995,1395.05960733,0,0,21.0447604149,1308.23975783,14,1.0101010101,16.0687358884,786.496209834,17,1.22655122655,2.51402731662,241.246910421
yolo11s,model_selection,400,d0ba7a1b-f5ca-39d6-98d0-29c671baec65,8196,1366,14,1.02489019034,44.8886122075,1351.50331116,0,0,29.0256562821,391.939166011,14,1.02489019034,47.0261613363,1413.47926401,0,0,27.3533536085,1346.93462774,14,1.02489019034,21.3778029461,993.400060504,17,1.24450951684,3.42168848668,311.480146885
yolo11s,model_selection,500,d0ba7a1b-f5ca-39d6-98d0-29c671baec65,8064,1344,13,0.967261904762,53.9782424191,1351.50331116,0,0,35.6394476456,475.173399559,13,0.967261904762,55.7137203251,1405.47909775,0,0,33.926573029,1358.50767779,13,0.967261904762,27.387157132,1210.66778425,16,1.19047619048,4.63201054115,530.19974914
yolo11s,model_selection,100,e0cfd042-ae29-3d21-bb47-81eb8f933ec8,4452,742,9,1.21293800539,16.6779338949,847.762329102,0,0,5.76899072527,176.384005118,9,1.21293800539,21.1619077774,1045.14485992,0,0,12.7970283445,847.357240663,9,1.21293800539,7.39375549408,278.975250334,9,1.21293800539,1.61636907701,91.7122773953
yolo11s,model_selection,200,e0cfd042-ae29-3d21-bb47-81eb8f933ec8,4416,736,9,1.22282608696,29.4993555014,1145.89941406,0,0,11.5365440545,244.11328125,9,1.22282608696,33.3920555105,1266.26979139,0,0,21.3931049107,1104.87930726,9,1.22282608696,15.5989128129,669.048999247,9,1.22282608696,3.45879179256,203.471677643
yolo11s,model_selection,300,e0cfd042-ae29-3d21-bb47-81eb8f933ec8,4362,727,9,1.23796423659,40.0454092893,1308.41413879,0,0,17.1568842462,364.94028059,9,1.23796423659,43.3680475873,1394.42410504,0,0,28.5349364823,1329.39826035,9,1.23796423659,24.0734907966,728.408055583,10,1.37551581843,5.86097560226,437.113647461
yolo11s,model_selection,400,e0cfd042-ae29-3d21-bb47-81eb8f933ec8,4308,718,9,1.25348189415,49.1247186345,1308.41413879,0,0,22.7259830583,318.49003718,9,1.25348189415,51.923063148,1384.63944428,0,0,35.2364103295,1337.46140942,9,1.25348189415,34.8258679112,1073.18441692,10,1.39275766017,9.88732244406,1052.515625
yolo11s,model_selection,500,e0cfd042-ae29-3d21-bb47-81eb8f933ec8,4254,709,9,1.26939351199,57.5841418702,1308.41413879,0,0,28.5196454756,471.328620771,9,1.26939351199,59.898835775,1374.85478391,0,0,45.714879023,1344.15975261,9,1.26939351199,37.6122215083,989.854807322,16,2.25669957687,12.2556361238,1080.37145996
yolo11s,model_selection,100,e2043284-6122-3cc9-a7e7-f091a16361b7,10764,1794,3,0.167224080268,11.7675388081,532.982209713,0,0,6.51955125188,150.114581417,3,0.167224080268,14.9061822248,659.944093355,0,0,7.71169737641,490.05904853,3,0.167224080268,6.92818862884,450.365977131,3,0.167224080268,2.38746210115,135.441517191
yolo11s,model_selection,200,e2043284-6122-3cc9-a7e7-f091a16361b7,10578,1763,3,0.170164492343,22.3805618831,951.983441277,0,0,12.8906702789,234.971435547,3,0.170164492343,25.0558492357,1044.35336228,0,0,15.1828641639,865.816150475,3,0.170164492343,13.8166046676,734.872885216,3,0.170164492343,5.32214518308,717.967152232
yolo11s,model_selection,300,e2043284-6122-3cc9-a7e7-f091a16361b7,10380,1730,2,0.115606936416,32.1245061678,1201.05636529,0,0,19.1708573298,381.162231445,2,0.115606936416,34.3904266139,1271.26265342,0,0,22.6835034754,1342.00964757,2,0.115606936416,21.4738878329,1369.12470477,5,0.28901734104,7.46821800887,1152.53587268
yolo11s,model_selection,400,e2043284-6122-3cc9-a7e7-f091a16361b7,10170,1695,2,0.117994100295,41.3840249596,1286.24588013,0,0,25.4631628126,488.066209163,2,0.117994100295,43.2747470551,1349.49003047,0,0,30.3401963342,1263.96659555,2,0.117994100295,29.1250770108,1061.483344,6,0.353982300885,10.8623394692,1039.21057129
yolo11s,model_selection,500,e2043284-6122-3cc9-a7e7-f091a16361b7,9972,1662,2,0.120336943442,50.1328501975,1286.24588013,0,0,31.579898799,556.137817383,2,0.120336943442,51.6625332047,1342.52789158,0,0,38.946984918,1261.33171423,2,0.120336943442,37.6389464061,953.702426325,8,0.481347773767,14.2698288572,813.263671875
yolo11s,model_selection,100,e424d4f7-4b28-322f-b630-31d42ae528eb,7200,1200,5,0.416666666667,11.1719388289,704.849121094,0,0,2.48142091312,36.9309828312,5,0.416666666667,14.2256258326,860.02740521,0,0,7.9581501574,683.77826307,5,0.416666666667,4.9691344285,464.224716631,5,0.416666666667,1.51132878664,262.38374849
yolo11s,model_selection,200,e424d4f7-4b28-322f-b630-31d42ae528eb,7110,1185,5,0.42194092827,20.7262226454,1200.30258179,0,0,4.85367989231,79.0311269464,5,0.42194092827,23.2715533973,1339.22856204,0,0,15.2065565661,1175.40208111,5,0.42194092827,10.0201422839,602.030140083,5,0.42194092827,3.14472417609,492.650019217
yolo11s,model_selection,300,e424d4f7-4b28-322f-b630-31d42ae528eb,7026,1171,4,0.341588385995,29.0688988754,1200.30258179,0,0,7.10927985202,102.120727539,4,0.341588385995,31.2243071653,1325.02623057,0,0,20.859473684,1165.96419208,4,0.341588385995,14.5825008554,1017.55151412,5,0.426985482494,4.35156141893,870.118104912
yolo11s,model_selection,400,e424d4f7-4b28-322f-b630-31d42ae528eb,6942,1157,4,0.345721694036,36.640385121,1200.30258179,0,0,9.30469923177,110.377662659,4,0.345721694036,38.4429482763,1310.82390037,0,0,26.9482542372,1184.33183211,4,0.345721694036,19.4547604241,1057.89051703,5,0.432152117545,6.19556921729,816.189313173
yolo11s,model_selection,500,e424d4f7-4b28-322f-b630-31d42ae528eb,6852,1142,4,0.350262697023,43.5862013031,1366.37792969,0,0,11.4959458474,137.294113159,4,0.350262697023,45.053668145,1404.73642327,0,0,33.1499350917,1806.94131959,4,0.350262697023,23.3870206332,1246.82544863,7,0.61295971979,7.79859281599,765.479492188
