detector,role,delta_ms,model,model_label,metric,reported_value,independently_recalculated_value,absolute_difference,status
yolo11n,development,100,B4,B4,median_normalized_center_error,,,,not_available_in_frozen_parquet
yolo11n,development,100,B4,B4,median_center_error_px,72372.4264619,72372.4264619,0,agreement_within_1e-12
yolo11n,development,100,B4,B4,median_iou,0,0,0,agreement_within_1e-12
yolo11n,development,100,B4,B4,recall_iou_0_3,0,0,0,agreement_within_1e-12
yolo11n,development,100,B4,B4,recall_iou_0_5,0,0,0,agreement_within_1e-12
yolo11n,development,100,B4,B4,recall_iou_0_7,0,0,0,agreement_within_1e-12
yolo11n,development,100,B4,B4,median_scale_error,,,,not_available_in_frozen_parquet
yolo11n,development,100,B5,B5,median_normalized_center_error,,,,not_available_in_frozen_parquet
yolo11n,development,100,B5,B5,median_center_error_px,72304.7918397,72304.7918397,0,agreement_within_1e-12
yolo11n,development,100,B5,B5,median_iou,0,0,0,agreement_within_1e-12
yolo11n,development,100,B5,B5,recall_iou_0_3,0,0,0,agreement_within_1e-12
yolo11n,development,100,B5,B5,recall_iou_0_5,0,0,0,agreement_within_1e-12
yolo11n,development,100,B5,B5,recall_iou_0_7,0,0,0,agreement_within_1e-12
yolo11n,development,100,B5,B5,median_scale_error,,,,not_available_in_frozen_parquet
yolo11n,development,100,constant_velocity,B1,median_normalized_center_error,,,,not_available_in_frozen_parquet
yolo11n,development,100,constant_velocity,B1,median_center_error_px,72372.4264619,72372.4264619,0,agreement_within_1e-12
yolo11n,development,100,constant_velocity,B1,median_iou,0,0,0,agreement_within_1e-12
yolo11n,development,100,constant_velocity,B1,recall_iou_0_3,0,0,0,agreement_within_1e-12
yolo11n,development,100,constant_velocity,B1,recall_iou_0_5,0,0,0,agreement_within_1e-12
yolo11n,development,100,constant_velocity,B1,recall_iou_0_7,0,0,0,agreement_within_1e-12
yolo11n,development,100,constant_velocity,B1,median_scale_error,,,,not_available_in_frozen_parquet
yolo11n,development,100,ego_motion_only,B3,median_normalized_center_error,,,,not_available_in_frozen_parquet
yolo11n,development,100,ego_motion_only,B3,median_center_error_px,72179.2187306,72179.2187306,0,agreement_within_1e-12
yolo11n,development,100,ego_motion_only,B3,median_iou,0,0,0,agreement_within_1e-12
yolo11n,development,100,ego_motion_only,B3,recall_iou_0_3,0,0,0,agreement_within_1e-12
yolo11n,development,100,ego_motion_only,B3,recall_iou_0_5,0,0,0,agreement_within_1e-12
yolo11n,development,100,ego_motion_only,B3,recall_iou_0_7,0,0,0,agreement_within_1e-12
yolo11n,development,100,ego_motion_only,B3,median_scale_error,,,,not_available_in_frozen_parquet
yolo11n,development,100,kalman,B2,median_normalized_center_error,,,,not_available_in_frozen_parquet
yolo11n,development,100,kalman,B2,median_center_error_px,72372.4264619,72372.4264619,0,agreement_within_1e-12
yolo11n,development,100,kalman,B2,median_iou,0,0,0,agreement_within_1e-12
yolo11n,development,100,kalman,B2,recall_iou_0_3,0,0,0,agreement_within_1e-12
yolo11n,development,100,kalman,B2,recall_iou_0_5,0,0,0,agreement_within_1e-12
yolo11n,development,100,kalman,B2,recall_iou_0_7,0,0,0,agreement_within_1e-12
yolo11n,development,100,kalman,B2,median_scale_error,,,,not_available_in_frozen_parquet
yolo11n,development,100,stale,B0,median_normalized_center_error,,,,not_available_in_frozen_parquet
yolo11n,development,100,stale,B0,median_center_error_px,72179.2187306,72179.2187306,0,agreement_within_1e-12
yolo11n,development,100,stale,B0,median_iou,0,0,0,agreement_within_1e-12
yolo11n,development,100,stale,B0,recall_iou_0_3,0,0,0,agreement_within_1e-12
yolo11n,development,100,stale,B0,recall_iou_0_5,0,0,0,agreement_within_1e-12
yolo11n,development,100,stale,B0,recall_iou_0_7,0,0,0,agreement_within_1e-12
yolo11n,development,100,stale,B0,median_scale_error,,,,not_available_in_frozen_parquet
yolo11n,development,200,B4,B4,median_normalized_center_error,,,,not_available_in_frozen_parquet
yolo11n,development,200,B4,B4,median_center_error_px,71946.0693534,71946.0693534,0,agreement_within_1e-12
yolo11n,development,200,B4,B4,median_iou,0,0,0,agreement_within_1e-12
yolo11n,development,200,B4,B4,recall_iou_0_3,0,0,0,agreement_within_1e-12
yolo11n,development,200,B4,B4,recall_iou_0_5,0,0,0,agreement_within_1e-12
yolo11n,development,200,B4,B4,recall_iou_0_7,0,0,0,agreement_within_1e-12
yolo11n,development,200,B4,B4,median_scale_error,,,,not_available_in_frozen_parquet
yolo11n,development,200,B5,B5,median_normalized_center_error,,,,not_available_in_frozen_parquet
yolo11n,development,200,B5,B5,median_center_error_px,72032.4361037,72032.4361037,0,agreement_within_1e-12
yolo11n,development,200,B5,B5,median_iou,0,0,0,agreement_within_1e-12
yolo11n,development,200,B5,B5,recall_iou_0_3,0,0,0,agreement_within_1e-12
yolo11n,development,200,B5,B5,recall_iou_0_5,0,0,0,agreement_within_1e-12
yolo11n,development,200,B5,B5,recall_iou_0_7,0,0,0,agreement_within_1e-12
yolo11n,development,200,B5,B5,median_scale_error,,,,not_available_in_frozen_parquet
yolo11n,development,200,constant_velocity,B1,median_normalized_center_error,,,,not_available_in_frozen_parquet
yolo11n,development,200,constant_velocity,B1,median_center_error_px,71946.0693534,71946.0693534,0,agreement_within_1e-12
yolo11n,development,200,constant_velocity,B1,median_iou,0,0,0,agreement_within_1e-12
yolo11n,development,200,constant_velocity,B1,recall_iou_0_3,0,0,0,agreement_within_1e-12
yolo11n,development,200,constant_velocity,B1,recall_iou_0_5,0,0,0,agreement_within_1e-12
yolo11n,development,200,constant_velocity,B1,recall_iou_0_7,0,0,0,agreement_within_1e-12
yolo11n,development,200,constant_velocity,B1,median_scale_error,,,,not_available_in_frozen_parquet
yolo11n,development,200,ego_motion_only,B3,median_normalized_center_error,,,,not_available_in_frozen_parquet
yolo11n,development,200,ego_motion_only,B3,median_center_error_px,72159.918225,72159.918225,0,agreement_within_1e-12
yolo11n,development,200,ego_motion_only,B3,median_iou,0,0,0,agreement_within_1e-12
yolo11n,development,200,ego_motion_only,B3,recall_iou_0_3,0,0,0,agreement_within_1e-12
yolo11n,development,200,ego_motion_only,B3,recall_iou_0_5,0,0,0,agreement_within_1e-12
yolo11n,development,200,ego_motion_only,B3,recall_iou_0_7,0,0,0,agreement_within_1e-12
yolo11n,development,200,ego_motion_only,B3,median_scale_error,,,,not_available_in_frozen_parquet
yolo11n,development,200,kalman,B2,median_normalized_center_error,,,,not_available_in_frozen_parquet
yolo11n,development,200,kalman,B2,median_center_error_px,71946.0693534,71946.0693534,0,agreement_within_1e-12
yolo11n,development,200,kalman,B2,median_iou,0,0,0,agreement_within_1e-12
yolo11n,development,200,kalman,B2,recall_iou_0_3,0,0,0,agreement_within_1e-12
yolo11n,development,200,kalman,B2,recall_iou_0_5,0,0,0,agreement_within_1e-12
yolo11n,development,200,kalman,B2,recall_iou_0_7,0,0,0,agreement_within_1e-12
yolo11n,development,200,kalman,B2,median_scale_error,,,,not_available_in_frozen_parquet
yolo11n,development,200,stale,B0,median_normalized_center_error,,,,not_available_in_frozen_parquet
yolo11n,development,200,stale,B0,median_center_error_px,72159.918225,72159.918225,0,agreement_within_1e-12
yolo11n,development,200,stale,B0,median_iou,0,0,0,agreement_within_1e-12
yolo11n,development,200,stale,B0,recall_iou_0_3,0,0,0,agreement_within_1e-12
yolo11n,development,200,stale,B0,recall_iou_0_5,0,0,0,agreement_within_1e-12
yolo11n,development,200,stale,B0,recall_iou_0_7,0,0,0,agreement_within_1e-12
yolo11n,development,200,stale,B0,median_scale_error,,,,not_available_in_frozen_parquet
yolo11n,development,300,B4,B4,median_normalized_center_error,,,,not_available_in_frozen_parquet
yolo11n,development,300,B4,B4,median_center_error_px,70727.0177458,70727.0177458,0,agreement_within_1e-12
yolo11n,development,300,B4,B4,median_iou,0,0,0,agreement_within_1e-12
yolo11n,development,300,B4,B4,recall_iou_0_3,0,0,0,agreement_within_1e-12
yolo11n,development,300,B4,B4,recall_iou_0_5,0,0,0,agreement_within_1e-12
yolo11n,development,300,B4,B4,recall_iou_0_7,0,0,0,agreement_within_1e-12
yolo11n,development,300,B4,B4,median_scale_error,,,,not_available_in_frozen_parquet
yolo11n,development,300,B5,B5,median_normalized_center_error,,,,not_available_in_frozen_parquet
yolo11n,development,300,B5,B5,median_center_error_px,70887.414126,70887.414126,0,agreement_within_1e-12
yolo11n,development,300,B5,B5,median_iou,0,0,0,agreement_within_1e-12
yolo11n,development,300,B5,B5,recall_iou_0_3,0,0,0,agreement_within_1e-12
yolo11n,development,300,B5,B5,recall_iou_0_5,0,0,0,agreement_within_1e-12
yolo11n,development,300,B5,B5,recall_iou_0_7,0,0,0,agreement_within_1e-12
yolo11n,development,300,B5,B5,median_scale_error,,,,not_available_in_frozen_parquet
yolo11n,development,300,constant_velocity,B1,median_normalized_center_error,,,,not_available_in_frozen_parquet
yolo11n,development,300,constant_velocity,B1,median_center_error_px,70727.0177458,70727.0177458,0,agreement_within_1e-12
yolo11n,development,300,constant_velocity,B1,median_iou,0,0,0,agreement_within_1e-12
yolo11n,development,300,constant_velocity,B1,recall_iou_0_3,0,0,0,agreement_within_1e-12
yolo11n,development,300,constant_velocity,B1,recall_iou_0_5,0,0,0,agreement_within_1e-12
yolo11n,development,300,constant_velocity,B1,recall_iou_0_7,0,0,0,agreement_within_1e-12
yolo11n,development,300,constant_velocity,B1,median_scale_error,,,,not_available_in_frozen_parquet
yolo11n,development,300,ego_motion_only,B3,median_normalized_center_error,,,,not_available_in_frozen_parquet
yolo11n,development,300,ego_motion_only,B3,median_center_error_px,70845.9323132,70845.9323132,0,agreement_within_1e-12
yolo11n,development,300,ego_motion_only,B3,median_iou,0,0,0,agreement_within_1e-12
yolo11n,development,300,ego_motion_only,B3,recall_iou_0_3,0,0,0,agreement_within_1e-12
yolo11n,development,300,ego_motion_only,B3,recall_iou_0_5,0,0,0,agreement_within_1e-12
yolo11n,development,300,ego_motion_only,B3,recall_iou_0_7,0,0,0,agreement_within_1e-12
yolo11n,development,300,ego_motion_only,B3,median_scale_error,,,,not_available_in_frozen_parquet
yolo11n,development,300,kalman,B2,median_normalized_center_error,,,,not_available_in_frozen_parquet
yolo11n,development,300,kalman,B2,median_center_error_px,70727.0177458,70727.0177458,0,agreement_within_1e-12
yolo11n,development,300,kalman,B2,median_iou,0,0,0,agreement_within_1e-12
yolo11n,development,300,kalman,B2,recall_iou_0_3,0,0,0,agreement_within_1e-12
yolo11n,development,300,kalman,B2,recall_iou_0_5,0,0,0,agreement_within_1e-12
yolo11n,development,300,kalman,B2,recall_iou_0_7,0,0,0,agreement_within_1e-12
yolo11n,development,300,kalman,B2,median_scale_error,,,,not_available_in_frozen_parquet
yolo11n,development,300,stale,B0,median_normalized_center_error,,,,not_available_in_frozen_parquet
yolo11n,development,300,stale,B0,median_center_error_px,70845.9323132,70845.9323132,0,agreement_within_1e-12
yolo11n,development,300,stale,B0,median_iou,0,0,0,agreement_within_1e-12
yolo11n,development,300,stale,B0,recall_iou_0_3,0,0,0,agreement_within_1e-12
yolo11n,development,300,stale,B0,recall_iou_0_5,0,0,0,agreement_within_1e-12
yolo11n,development,300,stale,B0,recall_iou_0_7,0,0,0,agreement_within_1e-12
yolo11n,development,300,stale,B0,median_scale_error,,,,not_available_in_frozen_parquet
yolo11n,development,400,B4,B4,median_normalized_center_error,,,,not_available_in_frozen_parquet
yolo11n,development,400,B4,B4,median_center_error_px,71248.120536,71248.120536,0,agreement_within_1e-12
yolo11n,development,400,B4,B4,median_iou,0,0,0,agreement_within_1e-12
yolo11n,development,400,B4,B4,recall_iou_0_3,0,0,0,agreement_within_1e-12
yolo11n,development,400,B4,B4,recall_iou_0_5,0,0,0,agreement_within_1e-12
yolo11n,development,400,B4,B4,recall_iou_0_7,0,0,0,agreement_within_1e-12
yolo11n,development,400,B4,B4,median_scale_error,,,,not_available_in_frozen_parquet
yolo11n,development,400,B5,B5,median_normalized_center_error,,,,not_available_in_frozen_parquet
yolo11n,development,400,B5,B5,median_center_error_px,71119.4241381,71119.4241381,0,agreement_within_1e-12
yolo11n,development,400,B5,B5,median_iou,0,0,0,agreement_within_1e-12
yolo11n,development,400,B5,B5,recall_iou_0_3,0,0,0,agreement_within_1e-12
yolo11n,development,400,B5,B5,recall_iou_0_5,0,0,0,agreement_within_1e-12
yolo11n,development,400,B5,B5,recall_iou_0_7,0,0,0,agreement_within_1e-12
yolo11n,development,400,B5,B5,median_scale_error,,,,not_available_in_frozen_parquet
yolo11n,development,400,constant_velocity,B1,median_normalized_center_error,,,,not_available_in_frozen_parquet
yolo11n,development,400,constant_velocity,B1,median_center_error_px,71248.120536,71248.120536,0,agreement_within_1e-12
yolo11n,development,400,constant_velocity,B1,median_iou,0,0,0,agreement_within_1e-12
yolo11n,development,400,constant_velocity,B1,recall_iou_0_3,0,0,0,agreement_within_1e-12
yolo11n,development,400,constant_velocity,B1,recall_iou_0_5,0,0,0,agreement_within_1e-12
yolo11n,development,400,constant_velocity,B1,recall_iou_0_7,0,0,0,agreement_within_1e-12
yolo11n,development,400,constant_velocity,B1,median_scale_error,,,,not_available_in_frozen_parquet
yolo11n,development,400,ego_motion_only,B3,median_normalized_center_error,,,,not_available_in_frozen_parquet
yolo11n,development,400,ego_motion_only,B3,median_center_error_px,71277.8062009,71277.8062009,0,agreement_within_1e-12
yolo11n,development,400,ego_motion_only,B3,median_iou,0,0,0,agreement_within_1e-12
yolo11n,development,400,ego_motion_only,B3,recall_iou_0_3,0,0,0,agreement_within_1e-12
yolo11n,development,400,ego_motion_only,B3,recall_iou_0_5,0,0,0,agreement_within_1e-12
yolo11n,development,400,ego_motion_only,B3,recall_iou_0_7,0,0,0,agreement_within_1e-12
yolo11n,development,400,ego_motion_only,B3,median_scale_error,,,,not_available_in_frozen_parquet
yolo11n,development,400,kalman,B2,median_normalized_center_error,,,,not_available_in_frozen_parquet
yolo11n,development,400,kalman,B2,median_center_error_px,71248.120536,71248.120536,0,agreement_within_1e-12
yolo11n,development,400,kalman,B2,median_iou,0,0,0,agreement_within_1e-12
yolo11n,development,400,kalman,B2,recall_iou_0_3,0,0,0,agreement_within_1e-12
yolo11n,development,400,kalman,B2,recall_iou_0_5,0,0,0,agreement_within_1e-12
yolo11n,development,400,kalman,B2,recall_iou_0_7,0,0,0,agreement_within_1e-12
yolo11n,development,400,kalman,B2,median_scale_error,,,,not_available_in_frozen_parquet
yolo11n,development,400,stale,B0,median_normalized_center_error,,,,not_available_in_frozen_parquet
yolo11n,development,400,stale,B0,median_center_error_px,71277.8062009,71277.8062009,0,agreement_within_1e-12
yolo11n,development,400,stale,B0,median_iou,0,0,0,agreement_within_1e-12
yolo11n,development,400,stale,B0,recall_iou_0_3,0,0,0,agreement_within_1e-12
yolo11n,development,400,stale,B0,recall_iou_0_5,0,0,0,agreement_within_1e-12
yolo11n,development,400,stale,B0,recall_iou_0_7,0,0,0,agreement_within_1e-12
yolo11n,development,400,stale,B0,median_scale_error,,,,not_available_in_frozen_parquet
yolo11n,development,500,B4,B4,median_normalized_center_error,,,,not_available_in_frozen_parquet
yolo11n,development,500,B4,B4,median_center_error_px,71131.7915764,71131.7915764,0,agreement_within_1e-12
yolo11n,development,500,B4,B4,median_iou,0,0,0,agreement_within_1e-12
yolo11n,development,500,B4,B4,recall_iou_0_3,0,0,0,agreement_within_1e-12
yolo11n,development,500,B4,B4,recall_iou_0_5,0,0,0,agreement_within_1e-12
yolo11n,development,500,B4,B4,recall_iou_0_7,0,0,0,agreement_within_1e-12
yolo11n,development,500,B4,B4,median_scale_error,,,,not_available_in_frozen_parquet
yolo11n,development,500,B5,B5,median_normalized_center_error,,,,not_available_in_frozen_parquet
yolo11n,development,500,B5,B5,median_center_error_px,71083.2583761,71083.2583761,0,agreement_within_1e-12
yolo11n,development,500,B5,B5,median_iou,0,0,0,agreement_within_1e-12
yolo11n,development,500,B5,B5,recall_iou_0_3,0,0,0,agreement_within_1e-12
yolo11n,development,500,B5,B5,recall_iou_0_5,0,0,0,agreement_within_1e-12
yolo11n,development,500,B5,B5,recall_iou_0_7,0,0,0,agreement_within_1e-12
yolo11n,development,500,B5,B5,median_scale_error,,,,not_available_in_frozen_parquet
yolo11n,development,500,constant_velocity,B1,median_normalized_center_error,,,,not_available_in_frozen_parquet
yolo11n,development,500,constant_velocity,B1,median_center_error_px,71131.7915764,71131.7915764,0,agreement_within_1e-12
yolo11n,development,500,constant_velocity,B1,median_iou,0,0,0,agreement_within_1e-12
yolo11n,development,500,constant_velocity,B1,recall_iou_0_3,0,0,0,agreement_within_1e-12
yolo11n,development,500,constant_velocity,B1,recall_iou_0_5,0,0,0,agreement_within_1e-12
yolo11n,development,500,constant_velocity,B1,recall_iou_0_7,0,0,0,agreement_within_1e-12
yolo11n,development,500,constant_velocity,B1,median_scale_error,,,,not_available_in_frozen_parquet
yolo11n,development,500,ego_motion_only,B3,median_normalized_center_error,,,,not_available_in_frozen_parquet
yolo11n,development,500,ego_motion_only,B3,median_center_error_px,71296.7965808,71296.7965808,0,agreement_within_1e-12
yolo11n,development,500,ego_motion_only,B3,median_iou,0,0,0,agreement_within_1e-12
yolo11n,development,500,ego_motion_only,B3,recall_iou_0_3,0,0,0,agreement_within_1e-12
yolo11n,development,500,ego_motion_only,B3,recall_iou_0_5,0,0,0,agreement_within_1e-12
yolo11n,development,500,ego_motion_only,B3,recall_iou_0_7,0,0,0,agreement_within_1e-12
yolo11n,development,500,ego_motion_only,B3,median_scale_error,,,,not_available_in_frozen_parquet
yolo11n,development,500,kalman,B2,median_normalized_center_error,,,,not_available_in_frozen_parquet
yolo11n,development,500,kalman,B2,median_center_error_px,71131.7915764,71131.7915764,0,agreement_within_1e-12
yolo11n,development,500,kalman,B2,median_iou,0,0,0,agreement_within_1e-12
yolo11n,development,500,kalman,B2,recall_iou_0_3,0,0,0,agreement_within_1e-12
yolo11n,development,500,kalman,B2,recall_iou_0_5,0,0,0,agreement_within_1e-12
yolo11n,development,500,kalman,B2,recall_iou_0_7,0,0,0,agreement_within_1e-12
yolo11n,development,500,kalman,B2,median_scale_error,,,,not_available_in_frozen_parquet
yolo11n,development,500,stale,B0,median_normalized_center_error,,,,not_available_in_frozen_parquet
yolo11n,development,500,stale,B0,median_center_error_px,71296.7965808,71296.7965808,0,agreement_within_1e-12
yolo11n,development,500,stale,B0,median_iou,0,0,0,agreement_within_1e-12
yolo11n,development,500,stale,B0,recall_iou_0_3,0,0,0,agreement_within_1e-12
yolo11n,development,500,stale,B0,recall_iou_0_5,0,0,0,agreement_within_1e-12
yolo11n,development,500,stale,B0,recall_iou_0_7,0,0,0,agreement_within_1e-12
yolo11n,development,500,stale,B0,median_scale_error,,,,not_available_in_frozen_parquet
yolo11n,heldout,100,B4,B4,median_normalized_center_error,,,,not_available_in_frozen_parquet
yolo11n,heldout,100,B4,B4,median_center_error_px,66711.5473024,66711.5473024,0,agreement_within_1e-12
yolo11n,heldout,100,B4,B4,median_iou,0,0,0,agreement_within_1e-12
yolo11n,heldout,100,B4,B4,recall_iou_0_3,0,0,0,agreement_within_1e-12
yolo11n,heldout,100,B4,B4,recall_iou_0_5,0,0,0,agreement_within_1e-12
yolo11n,heldout,100,B4,B4,recall_iou_0_7,0,0,0,agreement_within_1e-12
yolo11n,heldout,100,B4,B4,median_scale_error,,,,not_available_in_frozen_parquet
yolo11n,heldout,100,B5,B5,median_normalized_center_error,,,,not_available_in_frozen_parquet
yolo11n,heldout,100,B5,B5,median_center_error_px,66746.8744548,66746.8744548,0,agreement_within_1e-12
yolo11n,heldout,100,B5,B5,median_iou,0,0,0,agreement_within_1e-12
yolo11n,heldout,100,B5,B5,recall_iou_0_3,0,0,0,agreement_within_1e-12
yolo11n,heldout,100,B5,B5,recall_iou_0_5,0,0,0,agreement_within_1e-12
yolo11n,heldout,100,B5,B5,recall_iou_0_7,0,0,0,agreement_within_1e-12
yolo11n,heldout,100,B5,B5,median_scale_error,,,,not_available_in_frozen_parquet
yolo11n,heldout,100,constant_velocity,B1,median_normalized_center_error,,,,not_available_in_frozen_parquet
yolo11n,heldout,100,constant_velocity,B1,median_center_error_px,66711.5473024,66711.5473024,0,agreement_within_1e-12
yolo11n,heldout,100,constant_velocity,B1,median_iou,0,0,0,agreement_within_1e-12
yolo11n,heldout,100,constant_velocity,B1,recall_iou_0_3,0,0,0,agreement_within_1e-12
yolo11n,heldout,100,constant_velocity,B1,recall_iou_0_5,0,0,0,agreement_within_1e-12
yolo11n,heldout,100,constant_velocity,B1,recall_iou_0_7,0,0,0,agreement_within_1e-12
yolo11n,heldout,100,constant_velocity,B1,median_scale_error,,,,not_available_in_frozen_parquet
yolo11n,heldout,100,ego_motion_only,B3,median_normalized_center_error,,,,not_available_in_frozen_parquet
yolo11n,heldout,100,ego_motion_only,B3,median_center_error_px,66690.5836449,66690.5836449,0,agreement_within_1e-12
yolo11n,heldout,100,ego_motion_only,B3,median_iou,0,0,0,agreement_within_1e-12
yolo11n,heldout,100,ego_motion_only,B3,recall_iou_0_3,0,0,0,agreement_within_1e-12
yolo11n,heldout,100,ego_motion_only,B3,recall_iou_0_5,0,0,0,agreement_within_1e-12
yolo11n,heldout,100,ego_motion_only,B3,recall_iou_0_7,0,0,0,agreement_within_1e-12
yolo11n,heldout,100,ego_motion_only,B3,median_scale_error,,,,not_available_in_frozen_parquet
yolo11n,heldout,100,kalman,B2,median_normalized_center_error,,,,not_available_in_frozen_parquet
yolo11n,heldout,100,kalman,B2,median_center_error_px,66711.5473024,66711.5473024,0,agreement_within_1e-12
yolo11n,heldout,100,kalman,B2,median_iou,0,0,0,agreement_within_1e-12
yolo11n,heldout,100,kalman,B2,recall_iou_0_3,0,0,0,agreement_within_1e-12
yolo11n,heldout,100,kalman,B2,recall_iou_0_5,0,0,0,agreement_within_1e-12
yolo11n,heldout,100,kalman,B2,recall_iou_0_7,0,0,0,agreement_within_1e-12
yolo11n,heldout,100,kalman,B2,median_scale_error,,,,not_available_in_frozen_parquet
yolo11n,heldout,100,stale,B0,median_normalized_center_error,,,,not_available_in_frozen_parquet
yolo11n,heldout,100,stale,B0,median_center_error_px,66690.5836449,66690.5836449,0,agreement_within_1e-12
yolo11n,heldout,100,stale,B0,median_iou,0,0,0,agreement_within_1e-12
yolo11n,heldout,100,stale,B0,recall_iou_0_3,0,0,0,agreement_within_1e-12
yolo11n,heldout,100,stale,B0,recall_iou_0_5,0,0,0,agreement_within_1e-12
yolo11n,heldout,100,stale,B0,recall_iou_0_7,0,0,0,agreement_within_1e-12
yolo11n,heldout,100,stale,B0,median_scale_error,,,,not_available_in_frozen_parquet
yolo11n,heldout,200,B4,B4,median_normalized_center_error,,,,not_available_in_frozen_parquet
yolo11n,heldout,200,B4,B4,median_center_error_px,66821.3758491,66821.3758491,0,agreement_within_1e-12
yolo11n,heldout,200,B4,B4,median_iou,0,0,0,agreement_within_1e-12
yolo11n,heldout,200,B4,B4,recall_iou_0_3,0,0,0,agreement_within_1e-12
yolo11n,heldout,200,B4,B4,recall_iou_0_5,0,0,0,agreement_within_1e-12
yolo11n,heldout,200,B4,B4,recall_iou_0_7,0,0,0,agreement_within_1e-12
yolo11n,heldout,200,B4,B4,median_scale_error,,,,not_available_in_frozen_parquet
yolo11n,heldout,200,B5,B5,median_normalized_center_error,,,,not_available_in_frozen_parquet
yolo11n,heldout,200,B5,B5,median_center_error_px,66864.7095321,66864.7095321,0,agreement_within_1e-12
yolo11n,heldout,200,B5,B5,median_iou,0,0,0,agreement_within_1e-12
yolo11n,heldout,200,B5,B5,recall_iou_0_3,0,0,0,agreement_within_1e-12
yolo11n,heldout,200,B5,B5,recall_iou_0_5,0,0,0,agreement_within_1e-12
yolo11n,heldout,200,B5,B5,recall_iou_0_7,0,0,0,agreement_within_1e-12
yolo11n,heldout,200,B5,B5,median_scale_error,,,,not_available_in_frozen_parquet
yolo11n,heldout,200,constant_velocity,B1,median_normalized_center_error,,,,not_available_in_frozen_parquet
yolo11n,heldout,200,constant_velocity,B1,median_center_error_px,66821.3758491,66821.3758491,0,agreement_within_1e-12
yolo11n,heldout,200,constant_velocity,B1,median_iou,0,0,0,agreement_within_1e-12
yolo11n,heldout,200,constant_velocity,B1,recall_iou_0_3,0,0,0,agreement_within_1e-12
yolo11n,heldout,200,constant_velocity,B1,recall_iou_0_5,0,0,0,agreement_within_1e-12
yolo11n,heldout,200,constant_velocity,B1,recall_iou_0_7,0,0,0,agreement_within_1e-12
yolo11n,heldout,200,constant_velocity,B1,median_scale_error,,,,not_available_in_frozen_parquet
yolo11n,heldout,200,ego_motion_only,B3,median_normalized_center_error,,,,not_available_in_frozen_parquet
yolo11n,heldout,200,ego_motion_only,B3,median_center_error_px,66966.9404559,66966.9404559,0,agreement_within_1e-12
yolo11n,heldout,200,ego_motion_only,B3,median_iou,0,0,0,agreement_within_1e-12
yolo11n,heldout,200,ego_motion_only,B3,recall_iou_0_3,0,0,0,agreement_within_1e-12
yolo11n,heldout,200,ego_motion_only,B3,recall_iou_0_5,0,0,0,agreement_within_1e-12
yolo11n,heldout,200,ego_motion_only,B3,recall_iou_0_7,0,0,0,agreement_within_1e-12
yolo11n,heldout,200,ego_motion_only,B3,median_scale_error,,,,not_available_in_frozen_parquet
yolo11n,heldout,200,kalman,B2,median_normalized_center_error,,,,not_available_in_frozen_parquet
yolo11n,heldout,200,kalman,B2,median_center_error_px,66821.3758491,66821.3758491,0,agreement_within_1e-12
yolo11n,heldout,200,kalman,B2,median_iou,0,0,0,agreement_within_1e-12
yolo11n,heldout,200,kalman,B2,recall_iou_0_3,0,0,0,agreement_within_1e-12
yolo11n,heldout,200,kalman,B2,recall_iou_0_5,0,0,0,agreement_within_1e-12
yolo11n,heldout,200,kalman,B2,recall_iou_0_7,0,0,0,agreement_within_1e-12
yolo11n,heldout,200,kalman,B2,median_scale_error,,,,not_available_in_frozen_parquet
yolo11n,heldout,200,stale,B0,median_normalized_center_error,,,,not_available_in_frozen_parquet
yolo11n,heldout,200,stale,B0,median_center_error_px,66966.9404559,66966.9404559,0,agreement_within_1e-12
yolo11n,heldout,200,stale,B0,median_iou,0,0,0,agreement_within_1e-12
yolo11n,heldout,200,stale,B0,recall_iou_0_3,0,0,0,agreement_within_1e-12
yolo11n,heldout,200,stale,B0,recall_iou_0_5,0,0,0,agreement_within_1e-12
yolo11n,heldout,200,stale,B0,recall_iou_0_7,0,0,0,agreement_within_1e-12
yolo11n,heldout,200,stale,B0,median_scale_error,,,,not_available_in_frozen_parquet
yolo11n,heldout,300,B4,B4,median_normalized_center_error,,,,not_available_in_frozen_parquet
yolo11n,heldout,300,B4,B4,median_center_error_px,67152.1161344,67152.1161344,0,agreement_within_1e-12
yolo11n,heldout,300,B4,B4,median_iou,0,0,0,agreement_within_1e-12
yolo11n,heldout,300,B4,B4,recall_iou_0_3,0,0,0,agreement_within_1e-12
yolo11n,heldout,300,B4,B4,recall_iou_0_5,0,0,0,agreement_within_1e-12
yolo11n,heldout,300,B4,B4,recall_iou_0_7,0,0,0,agreement_within_1e-12
yolo11n,heldout,300,B4,B4,median_scale_error,,,,not_available_in_frozen_parquet
yolo11n,heldout,300,B5,B5,median_normalized_center_error,,,,not_available_in_frozen_parquet
yolo11n,heldout,300,B5,B5,median_center_error_px,67135.0189426,67135.0189426,0,agreement_within_1e-12
yolo11n,heldout,300,B5,B5,median_iou,0,0,0,agreement_within_1e-12
yolo11n,heldout,300,B5,B5,recall_iou_0_3,0,0,0,agreement_within_1e-12
yolo11n,heldout,300,B5,B5,recall_iou_0_5,0,0,0,agreement_within_1e-12
yolo11n,heldout,300,B5,B5,recall_iou_0_7,0,0,0,agreement_within_1e-12
yolo11n,heldout,300,B5,B5,median_scale_error,,,,not_available_in_frozen_parquet
yolo11n,heldout,300,constant_velocity,B1,median_normalized_center_error,,,,not_available_in_frozen_parquet
yolo11n,heldout,300,constant_velocity,B1,median_center_error_px,67152.1161344,67152.1161344,0,agreement_within_1e-12
yolo11n,heldout,300,constant_velocity,B1,median_iou,0,0,0,agreement_within_1e-12
yolo11n,heldout,300,constant_velocity,B1,recall_iou_0_3,0,0,0,agreement_within_1e-12
yolo11n,heldout,300,constant_velocity,B1,recall_iou_0_5,0,0,0,agreement_within_1e-12
yolo11n,heldout,300,constant_velocity,B1,recall_iou_0_7,0,0,0,agreement_within_1e-12
yolo11n,heldout,300,constant_velocity,B1,median_scale_error,,,,not_available_in_frozen_parquet
yolo11n,heldout,300,ego_motion_only,B3,median_normalized_center_error,,,,not_available_in_frozen_parquet
yolo11n,heldout,300,ego_motion_only,B3,median_center_error_px,67173.9488008,67173.9488008,0,agreement_within_1e-12
yolo11n,heldout,300,ego_motion_only,B3,median_iou,0,0,0,agreement_within_1e-12
yolo11n,heldout,300,ego_motion_only,B3,recall_iou_0_3,0,0,0,agreement_within_1e-12
yolo11n,heldout,300,ego_motion_only,B3,recall_iou_0_5,0,0,0,agreement_within_1e-12
yolo11n,heldout,300,ego_motion_only,B3,recall_iou_0_7,0,0,0,agreement_within_1e-12
yolo11n,heldout,300,ego_motion_only,B3,median_scale_error,,,,not_available_in_frozen_parquet
yolo11n,heldout,300,kalman,B2,median_normalized_center_error,,,,not_available_in_frozen_parquet
yolo11n,heldout,300,kalman,B2,median_center_error_px,67152.1161344,67152.1161344,0,agreement_within_1e-12
yolo11n,heldout,300,kalman,B2,median_iou,0,0,0,agreement_within_1e-12
yolo11n,heldout,300,kalman,B2,recall_iou_0_3,0,0,0,agreement_within_1e-12
yolo11n,heldout,300,kalman,B2,recall_iou_0_5,0,0,0,agreement_within_1e-12
yolo11n,heldout,300,kalman,B2,recall_iou_0_7,0,0,0,agreement_within_1e-12
yolo11n,heldout,300,kalman,B2,median_scale_error,,,,not_available_in_frozen_parquet
yolo11n,heldout,300,stale,B0,median_normalized_center_error,,,,not_available_in_frozen_parquet
yolo11n,heldout,300,stale,B0,median_center_error_px,67173.9488008,67173.9488008,0,agreement_within_1e-12
yolo11n,heldout,300,stale,B0,median_iou,0,0,0,agreement_within_1e-12
yolo11n,heldout,300,stale,B0,recall_iou_0_3,0,0,0,agreement_within_1e-12
yolo11n,heldout,300,stale,B0,recall_iou_0_5,0,0,0,agreement_within_1e-12
yolo11n,heldout,300,stale,B0,recall_iou_0_7,0,0,0,agreement_within_1e-12
yolo11n,heldout,300,stale,B0,median_scale_error,,,,not_available_in_frozen_parquet
yolo11n,heldout,400,B4,B4,median_normalized_center_error,,,,not_available_in_frozen_parquet
yolo11n,heldout,400,B4,B4,median_center_error_px,67329.2103236,67329.2103236,0,agreement_within_1e-12
yolo11n,heldout,400,B4,B4,median_iou,0,0,0,agreement_within_1e-12
yolo11n,heldout,400,B4,B4,recall_iou_0_3,0,0,0,agreement_within_1e-12
yolo11n,heldout,400,B4,B4,recall_iou_0_5,0,0,0,agreement_within_1e-12
yolo11n,heldout,400,B4,B4,recall_iou_0_7,0,0,0,agreement_within_1e-12
yolo11n,heldout,400,B4,B4,median_scale_error,,,,not_available_in_frozen_parquet
yolo11n,heldout,400,B5,B5,median_normalized_center_error,,,,not_available_in_frozen_parquet
yolo11n,heldout,400,B5,B5,median_center_error_px,67285.3926197,67285.3926197,0,agreement_within_1e-12
yolo11n,heldout,400,B5,B5,median_iou,0,0,0,agreement_within_1e-12
yolo11n,heldout,400,B5,B5,recall_iou_0_3,0,0,0,agreement_within_1e-12
yolo11n,heldout,400,B5,B5,recall_iou_0_5,0,0,0,agreement_within_1e-12
yolo11n,heldout,400,B5,B5,recall_iou_0_7,0,0,0,agreement_within_1e-12
yolo11n,heldout,400,B5,B5,median_scale_error,,,,not_available_in_frozen_parquet
yolo11n,heldout,400,constant_velocity,B1,median_normalized_center_error,,,,not_available_in_frozen_parquet
yolo11n,heldout,400,constant_velocity,B1,median_center_error_px,67329.2103236,67329.2103236,0,agreement_within_1e-12
yolo11n,heldout,400,constant_velocity,B1,median_iou,0,0,0,agreement_within_1e-12
yolo11n,heldout,400,constant_velocity,B1,recall_iou_0_3,0,0,0,agreement_within_1e-12
yolo11n,heldout,400,constant_velocity,B1,recall_iou_0_5,0,0,0,agreement_within_1e-12
yolo11n,heldout,400,constant_velocity,B1,recall_iou_0_7,0,0,0,agreement_within_1e-12
yolo11n,heldout,400,constant_velocity,B1,median_scale_error,,,,not_available_in_frozen_parquet
yolo11n,heldout,400,ego_motion_only,B3,median_normalized_center_error,,,,not_available_in_frozen_parquet
yolo11n,heldout,400,ego_motion_only,B3,median_center_error_px,67240.8788684,67240.8788684,0,agreement_within_1e-12
yolo11n,heldout,400,ego_motion_only,B3,median_iou,0,0,0,agreement_within_1e-12
yolo11n,heldout,400,ego_motion_only,B3,recall_iou_0_3,0,0,0,agreement_within_1e-12
yolo11n,heldout,400,ego_motion_only,B3,recall_iou_0_5,0,0,0,agreement_within_1e-12
yolo11n,heldout,400,ego_motion_only,B3,recall_iou_0_7,0,0,0,agreement_within_1e-12
yolo11n,heldout,400,ego_motion_only,B3,median_scale_error,,,,not_available_in_frozen_parquet
yolo11n,heldout,400,kalman,B2,median_normalized_center_error,,,,not_available_in_frozen_parquet
yolo11n,heldout,400,kalman,B2,median_center_error_px,67329.2103236,67329.2103236,0,agreement_within_1e-12
yolo11n,heldout,400,kalman,B2,median_iou,0,0,0,agreement_within_1e-12
yolo11n,heldout,400,kalman,B2,recall_iou_0_3,0,0,0,agreement_within_1e-12
yolo11n,heldout,400,kalman,B2,recall_iou_0_5,0,0,0,agreement_within_1e-12
yolo11n,heldout,400,kalman,B2,recall_iou_0_7,0,0,0,agreement_within_1e-12
yolo11n,heldout,400,kalman,B2,median_scale_error,,,,not_available_in_frozen_parquet
yolo11n,heldout,400,stale,B0,median_normalized_center_error,,,,not_available_in_frozen_parquet
yolo11n,heldout,400,stale,B0,median_center_error_px,67240.8788684,67240.8788684,0,agreement_within_1e-12
yolo11n,heldout,400,stale,B0,median_iou,0,0,0,agreement_within_1e-12
yolo11n,heldout,400,stale,B0,recall_iou_0_3,0,0,0,agreement_within_1e-12
yolo11n,heldout,400,stale,B0,recall_iou_0_5,0,0,0,agreement_within_1e-12
yolo11n,heldout,400,stale,B0,recall_iou_0_7,0,0,0,agreement_within_1e-12
yolo11n,heldout,400,stale,B0,median_scale_error,,,,not_available_in_frozen_parquet
yolo11n,heldout,500,B4,B4,median_normalized_center_error,,,,not_available_in_frozen_parquet
yolo11n,heldout,500,B4,B4,median_center_error_px,67602.592961,67602.592961,0,agreement_within_1e-12
yolo11n,heldout,500,B4,B4,median_iou,0,0,0,agreement_within_1e-12
yolo11n,heldout,500,B4,B4,recall_iou_0_3,0,0,0,agreement_within_1e-12
yolo11n,heldout,500,B4,B4,recall_iou_0_5,0,0,0,agreement_within_1e-12
yolo11n,heldout,500,B4,B4,recall_iou_0_7,0,0,0,agreement_within_1e-12
yolo11n,heldout,500,B4,B4,median_scale_error,,,,not_available_in_frozen_parquet
yolo11n,heldout,500,B5,B5,median_normalized_center_error,,,,not_available_in_frozen_parquet
yolo11n,heldout,500,B5,B5,median_center_error_px,67555.2241145,67555.2241145,0,agreement_within_1e-12
yolo11n,heldout,500,B5,B5,median_iou,0,0,0,agreement_within_1e-12
yolo11n,heldout,500,B5,B5,recall_iou_0_3,0,0,0,agreement_within_1e-12
yolo11n,heldout,500,B5,B5,recall_iou_0_5,0,0,0,agreement_within_1e-12
yolo11n,heldout,500,B5,B5,recall_iou_0_7,0,0,0,agreement_within_1e-12
yolo11n,heldout,500,B5,B5,median_scale_error,,,,not_available_in_frozen_parquet
yolo11n,heldout,500,constant_velocity,B1,median_normalized_center_error,,,,not_available_in_frozen_parquet
yolo11n,heldout,500,constant_velocity,B1,median_center_error_px,67602.592961,67602.592961,0,agreement_within_1e-12
yolo11n,heldout,500,constant_velocity,B1,median_iou,0,0,0,agreement_within_1e-12
yolo11n,heldout,500,constant_velocity,B1,recall_iou_0_3,0,0,0,agreement_within_1e-12
yolo11n,heldout,500,constant_velocity,B1,recall_iou_0_5,0,0,0,agreement_within_1e-12
yolo11n,heldout,500,constant_velocity,B1,recall_iou_0_7,0,0,0,agreement_within_1e-12
yolo11n,heldout,500,constant_velocity,B1,median_scale_error,,,,not_available_in_frozen_parquet
yolo11n,heldout,500,ego_motion_only,B3,median_normalized_center_error,,,,not_available_in_frozen_parquet
yolo11n,heldout,500,ego_motion_only,B3,median_center_error_px,67476.4003944,67476.4003944,0,agreement_within_1e-12
yolo11n,heldout,500,ego_motion_only,B3,median_iou,0,0,0,agreement_within_1e-12
yolo11n,heldout,500,ego_motion_only,B3,recall_iou_0_3,0,0,0,agreement_within_1e-12
yolo11n,heldout,500,ego_motion_only,B3,recall_iou_0_5,0,0,0,agreement_within_1e-12
yolo11n,heldout,500,ego_motion_only,B3,recall_iou_0_7,0,0,0,agreement_within_1e-12
yolo11n,heldout,500,ego_motion_only,B3,median_scale_error,,,,not_available_in_frozen_parquet
yolo11n,heldout,500,kalman,B2,median_normalized_center_error,,,,not_available_in_frozen_parquet
yolo11n,heldout,500,kalman,B2,median_center_error_px,67602.592961,67602.592961,0,agreement_within_1e-12
yolo11n,heldout,500,kalman,B2,median_iou,0,0,0,agreement_within_1e-12
yolo11n,heldout,500,kalman,B2,recall_iou_0_3,0,0,0,agreement_within_1e-12
yolo11n,heldout,500,kalman,B2,recall_iou_0_5,0,0,0,agreement_within_1e-12
yolo11n,heldout,500,kalman,B2,recall_iou_0_7,0,0,0,agreement_within_1e-12
yolo11n,heldout,500,kalman,B2,median_scale_error,,,,not_available_in_frozen_parquet
yolo11n,heldout,500,stale,B0,median_normalized_center_error,,,,not_available_in_frozen_parquet
yolo11n,heldout,500,stale,B0,median_center_error_px,67476.4003944,67476.4003944,0,agreement_within_1e-12
yolo11n,heldout,500,stale,B0,median_iou,0,0,0,agreement_within_1e-12
yolo11n,heldout,500,stale,B0,recall_iou_0_3,0,0,0,agreement_within_1e-12
yolo11n,heldout,500,stale,B0,recall_iou_0_5,0,0,0,agreement_within_1e-12
yolo11n,heldout,500,stale,B0,recall_iou_0_7,0,0,0,agreement_within_1e-12
yolo11n,heldout,500,stale,B0,median_scale_error,,,,not_available_in_frozen_parquet
yolo11n,model_selection,100,B4,B4,median_normalized_center_error,,,,not_available_in_frozen_parquet
yolo11n,model_selection,100,B4,B4,median_center_error_px,73766.2071071,73766.2071071,0,agreement_within_1e-12
yolo11n,model_selection,100,B4,B4,median_iou,0,0,0,agreement_within_1e-12
yolo11n,model_selection,100,B4,B4,recall_iou_0_3,0,0,0,agreement_within_1e-12
yolo11n,model_selection,100,B4,B4,recall_iou_0_5,0,0,0,agreement_within_1e-12
yolo11n,model_selection,100,B4,B4,recall_iou_0_7,0,0,0,agreement_within_1e-12
yolo11n,model_selection,100,B4,B4,median_scale_error,,,,not_available_in_frozen_parquet
yolo11n,model_selection,100,B5,B5,median_normalized_center_error,,,,not_available_in_frozen_parquet
yolo11n,model_selection,100,B5,B5,median_center_error_px,73777.6913592,73777.6913592,0,agreement_within_1e-12
yolo11n,model_selection,100,B5,B5,median_iou,0,0,0,agreement_within_1e-12
yolo11n,model_selection,100,B5,B5,recall_iou_0_3,0,0,0,agreement_within_1e-12
yolo11n,model_selection,100,B5,B5,recall_iou_0_5,0,0,0,agreement_within_1e-12
yolo11n,model_selection,100,B5,B5,recall_iou_0_7,0,0,0,agreement_within_1e-12
yolo11n,model_selection,100,B5,B5,median_scale_error,,,,not_available_in_frozen_parquet
yolo11n,model_selection,100,constant_velocity,B1,median_normalized_center_error,,,,not_available_in_frozen_parquet
yolo11n,model_selection,100,constant_velocity,B1,median_center_error_px,73766.2071071,73766.2071071,0,agreement_within_1e-12
yolo11n,model_selection,100,constant_velocity,B1,median_iou,0,0,0,agreement_within_1e-12
yolo11n,model_selection,100,constant_velocity,B1,recall_iou_0_3,0,0,0,agreement_within_1e-12
yolo11n,model_selection,100,constant_velocity,B1,recall_iou_0_5,0,0,0,agreement_within_1e-12
yolo11n,model_selection,100,constant_velocity,B1,recall_iou_0_7,0,0,0,agreement_within_1e-12
yolo11n,model_selection,100,constant_velocity,B1,median_scale_error,,,,not_available_in_frozen_parquet
yolo11n,model_selection,100,ego_motion_only,B3,median_normalized_center_error,,,,not_available_in_frozen_parquet
yolo11n,model_selection,100,ego_motion_only,B3,median_center_error_px,73781.0122164,73781.0122164,0,agreement_within_1e-12
yolo11n,model_selection,100,ego_motion_only,B3,median_iou,0,0,0,agreement_within_1e-12
yolo11n,model_selection,100,ego_motion_only,B3,recall_iou_0_3,0,0,0,agreement_within_1e-12
yolo11n,model_selection,100,ego_motion_only,B3,recall_iou_0_5,0,0,0,agreement_within_1e-12
yolo11n,model_selection,100,ego_motion_only,B3,recall_iou_0_7,0,0,0,agreement_within_1e-12
yolo11n,model_selection,100,ego_motion_only,B3,median_scale_error,,,,not_available_in_frozen_parquet
yolo11n,model_selection,100,kalman,B2,median_normalized_center_error,,,,not_available_in_frozen_parquet
yolo11n,model_selection,100,kalman,B2,median_center_error_px,73766.2071071,73766.2071071,0,agreement_within_1e-12
yolo11n,model_selection,100,kalman,B2,median_iou,0,0,0,agreement_within_1e-12
yolo11n,model_selection,100,kalman,B2,recall_iou_0_3,0,0,0,agreement_within_1e-12
yolo11n,model_selection,100,kalman,B2,recall_iou_0_5,0,0,0,agreement_within_1e-12
yolo11n,model_selection,100,kalman,B2,recall_iou_0_7,0,0,0,agreement_within_1e-12
yolo11n,model_selection,100,kalman,B2,median_scale_error,,,,not_available_in_frozen_parquet
yolo11n,model_selection,100,stale,B0,median_normalized_center_error,,,,not_available_in_frozen_parquet
yolo11n,model_selection,100,stale,B0,median_center_error_px,73781.0122164,73781.0122164,0,agreement_within_1e-12
yolo11n,model_selection,100,stale,B0,median_iou,0,0,0,agreement_within_1e-12
yolo11n,model_selection,100,stale,B0,recall_iou_0_3,0,0,0,agreement_within_1e-12
yolo11n,model_selection,100,stale,B0,recall_iou_0_5,0,0,0,agreement_within_1e-12
yolo11n,model_selection,100,stale,B0,recall_iou_0_7,0,0,0,agreement_within_1e-12
yolo11n,model_selection,100,stale,B0,median_scale_error,,,,not_available_in_frozen_parquet
yolo11n,model_selection,200,B4,B4,median_normalized_center_error,,,,not_available_in_frozen_parquet
yolo11n,model_selection,200,B4,B4,median_center_error_px,74760.3985504,74760.3985504,0,agreement_within_1e-12
yolo11n,model_selection,200,B4,B4,median_iou,0,0,0,agreement_within_1e-12
yolo11n,model_selection,200,B4,B4,recall_iou_0_3,0,0,0,agreement_within_1e-12
yolo11n,model_selection,200,B4,B4,recall_iou_0_5,0,0,0,agreement_within_1e-12
yolo11n,model_selection,200,B4,B4,recall_iou_0_7,0,0,0,agreement_within_1e-12
yolo11n,model_selection,200,B4,B4,median_scale_error,,,,not_available_in_frozen_parquet
yolo11n,model_selection,200,B5,B5,median_normalized_center_error,,,,not_available_in_frozen_parquet
yolo11n,model_selection,200,B5,B5,median_center_error_px,74840.3889171,74840.3889171,0,agreement_within_1e-12
yolo11n,model_selection,200,B5,B5,median_iou,0,0,0,agreement_within_1e-12
yolo11n,model_selection,200,B5,B5,recall_iou_0_3,0,0,0,agreement_within_1e-12
yolo11n,model_selection,200,B5,B5,recall_iou_0_5,0,0,0,agreement_within_1e-12
yolo11n,model_selection,200,B5,B5,recall_iou_0_7,0,0,0,agreement_within_1e-12
yolo11n,model_selection,200,B5,B5,median_scale_error,,,,not_available_in_frozen_parquet
yolo11n,model_selection,200,constant_velocity,B1,median_normalized_center_error,,,,not_available_in_frozen_parquet
yolo11n,model_selection,200,constant_velocity,B1,median_center_error_px,74760.3985504,74760.3985504,0,agreement_within_1e-12
yolo11n,model_selection,200,constant_velocity,B1,median_iou,0,0,0,agreement_within_1e-12
yolo11n,model_selection,200,constant_velocity,B1,recall_iou_0_3,0,0,0,agreement_within_1e-12
yolo11n,model_selection,200,constant_velocity,B1,recall_iou_0_5,0,0,0,agreement_within_1e-12
yolo11n,model_selection,200,constant_velocity,B1,recall_iou_0_7,0,0,0,agreement_within_1e-12
yolo11n,model_selection,200,constant_velocity,B1,median_scale_error,,,,not_available_in_frozen_parquet
yolo11n,model_selection,200,ego_motion_only,B3,median_normalized_center_error,,,,not_available_in_frozen_parquet
yolo11n,model_selection,200,ego_motion_only,B3,median_center_error_px,74887.3511284,74887.3511284,0,agreement_within_1e-12
yolo11n,model_selection,200,ego_motion_only,B3,median_iou,0,0,0,agreement_within_1e-12
yolo11n,model_selection,200,ego_motion_only,B3,recall_iou_0_3,0,0,0,agreement_within_1e-12
yolo11n,model_selection,200,ego_motion_only,B3,recall_iou_0_5,0,0,0,agreement_within_1e-12
yolo11n,model_selection,200,ego_motion_only,B3,recall_iou_0_7,0,0,0,agreement_within_1e-12
yolo11n,model_selection,200,ego_motion_only,B3,median_scale_error,,,,not_available_in_frozen_parquet
yolo11n,model_selection,200,kalman,B2,median_normalized_center_error,,,,not_available_in_frozen_parquet
yolo11n,model_selection,200,kalman,B2,median_center_error_px,74760.3985504,74760.3985504,0,agreement_within_1e-12
yolo11n,model_selection,200,kalman,B2,median_iou,0,0,0,agreement_within_1e-12
yolo11n,model_selection,200,kalman,B2,recall_iou_0_3,0,0,0,agreement_within_1e-12
yolo11n,model_selection,200,kalman,B2,recall_iou_0_5,0,0,0,agreement_within_1e-12
yolo11n,model_selection,200,kalman,B2,recall_iou_0_7,0,0,0,agreement_within_1e-12
yolo11n,model_selection,200,kalman,B2,median_scale_error,,,,not_available_in_frozen_parquet
yolo11n,model_selection,200,stale,B0,median_normalized_center_error,,,,not_available_in_frozen_parquet
yolo11n,model_selection,200,stale,B0,median_center_error_px,74887.3511284,74887.3511284,0,agreement_within_1e-12
yolo11n,model_selection,200,stale,B0,median_iou,0,0,0,agreement_within_1e-12
yolo11n,model_selection,200,stale,B0,recall_iou_0_3,0,0,0,agreement_within_1e-12
yolo11n,model_selection,200,stale,B0,recall_iou_0_5,0,0,0,agreement_within_1e-12
yolo11n,model_selection,200,stale,B0,recall_iou_0_7,0,0,0,agreement_within_1e-12
yolo11n,model_selection,200,stale,B0,median_scale_error,,,,not_available_in_frozen_parquet
yolo11n,model_selection,300,B4,B4,median_normalized_center_error,,,,not_available_in_frozen_parquet
yolo11n,model_selection,300,B4,B4,median_center_error_px,74817.3093112,74817.3093112,0,agreement_within_1e-12
yolo11n,model_selection,300,B4,B4,median_iou,0,0,0,agreement_within_1e-12
yolo11n,model_selection,300,B4,B4,recall_iou_0_3,0,0,0,agreement_within_1e-12
yolo11n,model_selection,300,B4,B4,recall_iou_0_5,0,0,0,agreement_within_1e-12
yolo11n,model_selection,300,B4,B4,recall_iou_0_7,0,0,0,agreement_within_1e-12
yolo11n,model_selection,300,B4,B4,median_scale_error,,,,not_available_in_frozen_parquet
yolo11n,model_selection,300,B5,B5,median_normalized_center_error,,,,not_available_in_frozen_parquet
yolo11n,model_selection,300,B5,B5,median_center_error_px,75091.7867036,75091.7867036,0,agreement_within_1e-12
yolo11n,model_selection,300,B5,B5,median_iou,0,0,0,agreement_within_1e-12
yolo11n,model_selection,300,B5,B5,recall_iou_0_3,0,0,0,agreement_within_1e-12
yolo11n,model_selection,300,B5,B5,recall_iou_0_5,0,0,0,agreement_within_1e-12
yolo11n,model_selection,300,B5,B5,recall_iou_0_7,0,0,0,agreement_within_1e-12
yolo11n,model_selection,300,B5,B5,median_scale_error,,,,not_available_in_frozen_parquet
yolo11n,model_selection,300,constant_velocity,B1,median_normalized_center_error,,,,not_available_in_frozen_parquet
yolo11n,model_selection,300,constant_velocity,B1,median_center_error_px,74817.3093112,74817.3093112,0,agreement_within_1e-12
yolo11n,model_selection,300,constant_velocity,B1,median_iou,0,0,0,agreement_within_1e-12
yolo11n,model_selection,300,constant_velocity,B1,recall_iou_0_3,0,0,0,agreement_within_1e-12
yolo11n,model_selection,300,constant_velocity,B1,recall_iou_0_5,0,0,0,agreement_within_1e-12
yolo11n,model_selection,300,constant_velocity,B1,recall_iou_0_7,0,0,0,agreement_within_1e-12
yolo11n,model_selection,300,constant_velocity,B1,median_scale_error,,,,not_available_in_frozen_parquet
yolo11n,model_selection,300,ego_motion_only,B3,median_normalized_center_error,,,,not_available_in_frozen_parquet
yolo11n,model_selection,300,ego_motion_only,B3,median_center_error_px,75296.6015492,75296.6015492,0,agreement_within_1e-12
yolo11n,model_selection,300,ego_motion_only,B3,median_iou,0,0,0,agreement_within_1e-12
yolo11n,model_selection,300,ego_motion_only,B3,recall_iou_0_3,0,0,0,agreement_within_1e-12
yolo11n,model_selection,300,ego_motion_only,B3,recall_iou_0_5,0,0,0,agreement_within_1e-12
yolo11n,model_selection,300,ego_motion_only,B3,recall_iou_0_7,0,0,0,agreement_within_1e-12
yolo11n,model_selection,300,ego_motion_only,B3,median_scale_error,,,,not_available_in_frozen_parquet
yolo11n,model_selection,300,kalman,B2,median_normalized_center_error,,,,not_available_in_frozen_parquet
yolo11n,model_selection,300,kalman,B2,median_center_error_px,74817.3093112,74817.3093112,0,agreement_within_1e-12
yolo11n,model_selection,300,kalman,B2,median_iou,0,0,0,agreement_within_1e-12
yolo11n,model_selection,300,kalman,B2,recall_iou_0_3,0,0,0,agreement_within_1e-12
yolo11n,model_selection,300,kalman,B2,recall_iou_0_5,0,0,0,agreement_within_1e-12
yolo11n,model_selection,300,kalman,B2,recall_iou_0_7,0,0,0,agreement_within_1e-12
yolo11n,model_selection,300,kalman,B2,median_scale_error,,,,not_available_in_frozen_parquet
yolo11n,model_selection,300,stale,B0,median_normalized_center_error,,,,not_available_in_frozen_parquet
yolo11n,model_selection,300,stale,B0,median_center_error_px,75296.6015492,75296.6015492,0,agreement_within_1e-12
yolo11n,model_selection,300,stale,B0,median_iou,0,0,0,agreement_within_1e-12
yolo11n,model_selection,300,stale,B0,recall_iou_0_3,0,0,0,agreement_within_1e-12
yolo11n,model_selection,300,stale,B0,recall_iou_0_5,0,0,0,agreement_within_1e-12
yolo11n,model_selection,300,stale,B0,recall_iou_0_7,0,0,0,agreement_within_1e-12
yolo11n,model_selection,300,stale,B0,median_scale_error,,,,not_available_in_frozen_parquet
yolo11n,model_selection,400,B4,B4,median_normalized_center_error,,,,not_available_in_frozen_parquet
yolo11n,model_selection,400,B4,B4,median_center_error_px,74665.9157041,74665.9157041,0,agreement_within_1e-12
yolo11n,model_selection,400,B4,B4,median_iou,0,0,0,agreement_within_1e-12
yolo11n,model_selection,400,B4,B4,recall_iou_0_3,0,0,0,agreement_within_1e-12
yolo11n,model_selection,400,B4,B4,recall_iou_0_5,0,0,0,agreement_within_1e-12
yolo11n,model_selection,400,B4,B4,recall_iou_0_7,0,0,0,agreement_within_1e-12
yolo11n,model_selection,400,B4,B4,median_scale_error,,,,not_available_in_frozen_parquet
yolo11n,model_selection,400,B5,B5,median_normalized_center_error,,,,not_available_in_frozen_parquet
yolo11n,model_selection,400,B5,B5,median_center_error_px,74968.3403409,74968.3403409,0,agreement_within_1e-12
yolo11n,model_selection,400,B5,B5,median_iou,0,0,0,agreement_within_1e-12
yolo11n,model_selection,400,B5,B5,recall_iou_0_3,0,0,0,agreement_within_1e-12
yolo11n,model_selection,400,B5,B5,recall_iou_0_5,0,0,0,agreement_within_1e-12
yolo11n,model_selection,400,B5,B5,recall_iou_0_7,0,0,0,agreement_within_1e-12
yolo11n,model_selection,400,B5,B5,median_scale_error,,,,not_available_in_frozen_parquet
yolo11n,model_selection,400,constant_velocity,B1,median_normalized_center_error,,,,not_available_in_frozen_parquet
yolo11n,model_selection,400,constant_velocity,B1,median_center_error_px,74665.9157041,74665.9157041,0,agreement_within_1e-12
yolo11n,model_selection,400,constant_velocity,B1,median_iou,0,0,0,agreement_within_1e-12
yolo11n,model_selection,400,constant_velocity,B1,recall_iou_0_3,0,0,0,agreement_within_1e-12
yolo11n,model_selection,400,constant_velocity,B1,recall_iou_0_5,0,0,0,agreement_within_1e-12
yolo11n,model_selection,400,constant_velocity,B1,recall_iou_0_7,0,0,0,agreement_within_1e-12
yolo11n,model_selection,400,constant_velocity,B1,median_scale_error,,,,not_available_in_frozen_parquet
yolo11n,model_selection,400,ego_motion_only,B3,median_normalized_center_error,,,,not_available_in_frozen_parquet
yolo11n,model_selection,400,ego_motion_only,B3,median_center_error_px,75218.2539734,75218.2539734,0,agreement_within_1e-12
yolo11n,model_selection,400,ego_motion_only,B3,median_iou,0,0,0,agreement_within_1e-12
yolo11n,model_selection,400,ego_motion_only,B3,recall_iou_0_3,0,0,0,agreement_within_1e-12
yolo11n,model_selection,400,ego_motion_only,B3,recall_iou_0_5,0,0,0,agreement_within_1e-12
yolo11n,model_selection,400,ego_motion_only,B3,recall_iou_0_7,0,0,0,agreement_within_1e-12
yolo11n,model_selection,400,ego_motion_only,B3,median_scale_error,,,,not_available_in_frozen_parquet
yolo11n,model_selection,400,kalman,B2,median_normalized_center_error,,,,not_available_in_frozen_parquet
yolo11n,model_selection,400,kalman,B2,median_center_error_px,74665.9157041,74665.9157041,0,agreement_within_1e-12
yolo11n,model_selection,400,kalman,B2,median_iou,0,0,0,agreement_within_1e-12
yolo11n,model_selection,400,kalman,B2,recall_iou_0_3,0,0,0,agreement_within_1e-12
yolo11n,model_selection,400,kalman,B2,recall_iou_0_5,0,0,0,agreement_within_1e-12
yolo11n,model_selection,400,kalman,B2,recall_iou_0_7,0,0,0,agreement_within_1e-12
yolo11n,model_selection,400,kalman,B2,median_scale_error,,,,not_available_in_frozen_parquet
yolo11n,model_selection,400,stale,B0,median_normalized_center_error,,,,not_available_in_frozen_parquet
yolo11n,model_selection,400,stale,B0,median_center_error_px,75218.2539734,75218.2539734,0,agreement_within_1e-12
yolo11n,model_selection,400,stale,B0,median_iou,0,0,0,agreement_within_1e-12
yolo11n,model_selection,400,stale,B0,recall_iou_0_3,0,0,0,agreement_within_1e-12
yolo11n,model_selection,400,stale,B0,recall_iou_0_5,0,0,0,agreement_within_1e-12
yolo11n,model_selection,400,stale,B0,recall_iou_0_7,0,0,0,agreement_within_1e-12
yolo11n,model_selection,400,stale,B0,median_scale_error,,,,not_available_in_frozen_parquet
yolo11n,model_selection,500,B4,B4,median_normalized_center_error,,,,not_available_in_frozen_parquet
yolo11n,model_selection,500,B4,B4,median_center_error_px,75100.4524265,75100.4524265,0,agreement_within_1e-12
yolo11n,model_selection,500,B4,B4,median_iou,0,0,0,agreement_within_1e-12
yolo11n,model_selection,500,B4,B4,recall_iou_0_3,0,0,0,agreement_within_1e-12
yolo11n,model_selection,500,B4,B4,recall_iou_0_5,0,0,0,agreement_within_1e-12
yolo11n,model_selection,500,B4,B4,recall_iou_0_7,0,0,0,agreement_within_1e-12
yolo11n,model_selection,500,B4,B4,median_scale_error,,,,not_available_in_frozen_parquet
yolo11n,model_selection,500,B5,B5,median_normalized_center_error,,,,not_available_in_frozen_parquet
yolo11n,model_selection,500,B5,B5,median_center_error_px,75267.7400379,75267.7400379,0,agreement_within_1e-12
yolo11n,model_selection,500,B5,B5,median_iou,0,0,0,agreement_within_1e-12
yolo11n,model_selection,500,B5,B5,recall_iou_0_3,0,0,0,agreement_within_1e-12
yolo11n,model_selection,500,B5,B5,recall_iou_0_5,0,0,0,agreement_within_1e-12
yolo11n,model_selection,500,B5,B5,recall_iou_0_7,0,0,0,agreement_within_1e-12
yolo11n,model_selection,500,B5,B5,median_scale_error,,,,not_available_in_frozen_parquet
yolo11n,model_selection,500,constant_velocity,B1,median_normalized_center_error,,,,not_available_in_frozen_parquet
yolo11n,model_selection,500,constant_velocity,B1,median_center_error_px,75100.4524265,75100.4524265,0,agreement_within_1e-12
yolo11n,model_selection,500,constant_velocity,B1,median_iou,0,0,0,agreement_within_1e-12
yolo11n,model_selection,500,constant_velocity,B1,recall_iou_0_3,0,0,0,agreement_within_1e-12
yolo11n,model_selection,500,constant_velocity,B1,recall_iou_0_5,0,0,0,agreement_within_1e-12
yolo11n,model_selection,500,constant_velocity,B1,recall_iou_0_7,0,0,0,agreement_within_1e-12
yolo11n,model_selection,500,constant_velocity,B1,median_scale_error,,,,not_available_in_frozen_parquet
yolo11n,model_selection,500,ego_motion_only,B3,median_normalized_center_error,,,,not_available_in_frozen_parquet
yolo11n,model_selection,500,ego_motion_only,B3,median_center_error_px,75203.3515312,75203.3515312,0,agreement_within_1e-12
yolo11n,model_selection,500,ego_motion_only,B3,median_iou,0,0,0,agreement_within_1e-12
yolo11n,model_selection,500,ego_motion_only,B3,recall_iou_0_3,0,0,0,agreement_within_1e-12
yolo11n,model_selection,500,ego_motion_only,B3,recall_iou_0_5,0,0,0,agreement_within_1e-12
yolo11n,model_selection,500,ego_motion_only,B3,recall_iou_0_7,0,0,0,agreement_within_1e-12
yolo11n,model_selection,500,ego_motion_only,B3,median_scale_error,,,,not_available_in_frozen_parquet
yolo11n,model_selection,500,kalman,B2,median_normalized_center_error,,,,not_available_in_frozen_parquet
yolo11n,model_selection,500,kalman,B2,median_center_error_px,75100.4524265,75100.4524265,0,agreement_within_1e-12
yolo11n,model_selection,500,kalman,B2,median_iou,0,0,0,agreement_within_1e-12
yolo11n,model_selection,500,kalman,B2,recall_iou_0_3,0,0,0,agreement_within_1e-12
yolo11n,model_selection,500,kalman,B2,recall_iou_0_5,0,0,0,agreement_within_1e-12
yolo11n,model_selection,500,kalman,B2,recall_iou_0_7,0,0,0,agreement_within_1e-12
yolo11n,model_selection,500,kalman,B2,median_scale_error,,,,not_available_in_frozen_parquet
yolo11n,model_selection,500,stale,B0,median_normalized_center_error,,,,not_available_in_frozen_parquet
yolo11n,model_selection,500,stale,B0,median_center_error_px,75203.3515312,75203.3515312,0,agreement_within_1e-12
yolo11n,model_selection,500,stale,B0,median_iou,0,0,0,agreement_within_1e-12
yolo11n,model_selection,500,stale,B0,recall_iou_0_3,0,0,0,agreement_within_1e-12
yolo11n,model_selection,500,stale,B0,recall_iou_0_5,0,0,0,agreement_within_1e-12
yolo11n,model_selection,500,stale,B0,recall_iou_0_7,0,0,0,agreement_within_1e-12
yolo11n,model_selection,500,stale,B0,median_scale_error,,,,not_available_in_frozen_parquet
yolo11s,development,100,B4,B4,median_normalized_center_error,,,,not_available_in_frozen_parquet
yolo11s,development,100,B4,B4,median_center_error_px,67962.606138,67962.606138,0,agreement_within_1e-12
yolo11s,development,100,B4,B4,median_iou,0,0,0,agreement_within_1e-12
yolo11s,development,100,B4,B4,recall_iou_0_3,0,0,0,agreement_within_1e-12
yolo11s,development,100,B4,B4,recall_iou_0_5,0,0,0,agreement_within_1e-12
yolo11s,development,100,B4,B4,recall_iou_0_7,0,0,0,agreement_within_1e-12
yolo11s,development,100,B4,B4,median_scale_error,,,,not_available_in_frozen_parquet
yolo11s,development,100,B5,B5,median_normalized_center_error,,,,not_available_in_frozen_parquet
yolo11s,development,100,B5,B5,median_center_error_px,67960.7187212,67960.7187212,0,agreement_within_1e-12
yolo11s,development,100,B5,B5,median_iou,0,0,0,agreement_within_1e-12
yolo11s,development,100,B5,B5,recall_iou_0_3,0,0,0,agreement_within_1e-12
yolo11s,development,100,B5,B5,recall_iou_0_5,0,0,0,agreement_within_1e-12
yolo11s,development,100,B5,B5,recall_iou_0_7,0,0,0,agreement_within_1e-12
yolo11s,development,100,B5,B5,median_scale_error,,,,not_available_in_frozen_parquet
yolo11s,development,100,constant_velocity,B1,median_normalized_center_error,,,,not_available_in_frozen_parquet
yolo11s,development,100,constant_velocity,B1,median_center_error_px,67962.606138,67962.606138,0,agreement_within_1e-12
yolo11s,development,100,constant_velocity,B1,median_iou,0,0,0,agreement_within_1e-12
yolo11s,development,100,constant_velocity,B1,recall_iou_0_3,0,0,0,agreement_within_1e-12
yolo11s,development,100,constant_velocity,B1,recall_iou_0_5,0,0,0,agreement_within_1e-12
yolo11s,development,100,constant_velocity,B1,recall_iou_0_7,0,0,0,agreement_within_1e-12
yolo11s,development,100,constant_velocity,B1,median_scale_error,,,,not_available_in_frozen_parquet
yolo11s,development,100,ego_motion_only,B3,median_normalized_center_error,,,,not_available_in_frozen_parquet
yolo11s,development,100,ego_motion_only,B3,median_center_error_px,68038.2576658,68038.2576658,0,agreement_within_1e-12
yolo11s,development,100,ego_motion_only,B3,median_iou,0,0,0,agreement_within_1e-12
yolo11s,development,100,ego_motion_only,B3,recall_iou_0_3,0,0,0,agreement_within_1e-12
yolo11s,development,100,ego_motion_only,B3,recall_iou_0_5,0,0,0,agreement_within_1e-12
yolo11s,development,100,ego_motion_only,B3,recall_iou_0_7,0,0,0,agreement_within_1e-12
yolo11s,development,100,ego_motion_only,B3,median_scale_error,,,,not_available_in_frozen_parquet
yolo11s,development,100,kalman,B2,median_normalized_center_error,,,,not_available_in_frozen_parquet
yolo11s,development,100,kalman,B2,median_center_error_px,67962.606138,67962.606138,0,agreement_within_1e-12
yolo11s,development,100,kalman,B2,median_iou,0,0,0,agreement_within_1e-12
yolo11s,development,100,kalman,B2,recall_iou_0_3,0,0,0,agreement_within_1e-12
yolo11s,development,100,kalman,B2,recall_iou_0_5,0,0,0,agreement_within_1e-12
yolo11s,development,100,kalman,B2,recall_iou_0_7,0,0,0,agreement_within_1e-12
yolo11s,development,100,kalman,B2,median_scale_error,,,,not_available_in_frozen_parquet
yolo11s,development,100,stale,B0,median_normalized_center_error,,,,not_available_in_frozen_parquet
yolo11s,development,100,stale,B0,median_center_error_px,68038.2576658,68038.2576658,0,agreement_within_1e-12
yolo11s,development,100,stale,B0,median_iou,0,0,0,agreement_within_1e-12
yolo11s,development,100,stale,B0,recall_iou_0_3,0,0,0,agreement_within_1e-12
yolo11s,development,100,stale,B0,recall_iou_0_5,0,0,0,agreement_within_1e-12
yolo11s,development,100,stale,B0,recall_iou_0_7,0,0,0,agreement_within_1e-12
yolo11s,development,100,stale,B0,median_scale_error,,,,not_available_in_frozen_parquet
yolo11s,development,200,B4,B4,median_normalized_center_error,,,,not_available_in_frozen_parquet
yolo11s,development,200,B4,B4,median_center_error_px,67694.2505943,67694.2505943,0,agreement_within_1e-12
yolo11s,development,200,B4,B4,median_iou,0,0,0,agreement_within_1e-12
yolo11s,development,200,B4,B4,recall_iou_0_3,0,0,0,agreement_within_1e-12
yolo11s,development,200,B4,B4,recall_iou_0_5,0,0,0,agreement_within_1e-12
yolo11s,development,200,B4,B4,recall_iou_0_7,0,0,0,agreement_within_1e-12
yolo11s,development,200,B4,B4,median_scale_error,,,,not_available_in_frozen_parquet
yolo11s,development,200,B5,B5,median_normalized_center_error,,,,not_available_in_frozen_parquet
yolo11s,development,200,B5,B5,median_center_error_px,67730.1109521,67730.1109521,0,agreement_within_1e-12
yolo11s,development,200,B5,B5,median_iou,0,0,0,agreement_within_1e-12
yolo11s,development,200,B5,B5,recall_iou_0_3,0,0,0,agreement_within_1e-12
yolo11s,development,200,B5,B5,recall_iou_0_5,0,0,0,agreement_within_1e-12
yolo11s,development,200,B5,B5,recall_iou_0_7,0,0,0,agreement_within_1e-12
yolo11s,development,200,B5,B5,median_scale_error,,,,not_available_in_frozen_parquet
yolo11s,development,200,constant_velocity,B1,median_normalized_center_error,,,,not_available_in_frozen_parquet
yolo11s,development,200,constant_velocity,B1,median_center_error_px,67694.2505943,67694.2505943,0,agreement_within_1e-12
yolo11s,development,200,constant_velocity,B1,median_iou,0,0,0,agreement_within_1e-12
yolo11s,development,200,constant_velocity,B1,recall_iou_0_3,0,0,0,agreement_within_1e-12
yolo11s,development,200,constant_velocity,B1,recall_iou_0_5,0,0,0,agreement_within_1e-12
yolo11s,development,200,constant_velocity,B1,recall_iou_0_7,0,0,0,agreement_within_1e-12
yolo11s,development,200,constant_velocity,B1,median_scale_error,,,,not_available_in_frozen_parquet
yolo11s,development,200,ego_motion_only,B3,median_normalized_center_error,,,,not_available_in_frozen_parquet
yolo11s,development,200,ego_motion_only,B3,median_center_error_px,67636.362206,67636.362206,0,agreement_within_1e-12
yolo11s,development,200,ego_motion_only,B3,median_iou,0,0,0,agreement_within_1e-12
yolo11s,development,200,ego_motion_only,B3,recall_iou_0_3,0,0,0,agreement_within_1e-12
yolo11s,development,200,ego_motion_only,B3,recall_iou_0_5,0,0,0,agreement_within_1e-12
yolo11s,development,200,ego_motion_only,B3,recall_iou_0_7,0,0,0,agreement_within_1e-12
yolo11s,development,200,ego_motion_only,B3,median_scale_error,,,,not_available_in_frozen_parquet
yolo11s,development,200,kalman,B2,median_normalized_center_error,,,,not_available_in_frozen_parquet
yolo11s,development,200,kalman,B2,median_center_error_px,67694.2505943,67694.2505943,0,agreement_within_1e-12
yolo11s,development,200,kalman,B2,median_iou,0,0,0,agreement_within_1e-12
yolo11s,development,200,kalman,B2,recall_iou_0_3,0,0,0,agreement_within_1e-12
yolo11s,development,200,kalman,B2,recall_iou_0_5,0,0,0,agreement_within_1e-12
yolo11s,development,200,kalman,B2,recall_iou_0_7,0,0,0,agreement_within_1e-12
yolo11s,development,200,kalman,B2,median_scale_error,,,,not_available_in_frozen_parquet
yolo11s,development,200,stale,B0,median_normalized_center_error,,,,not_available_in_frozen_parquet
yolo11s,development,200,stale,B0,median_center_error_px,67636.362206,67636.362206,0,agreement_within_1e-12
yolo11s,development,200,stale,B0,median_iou,0,0,0,agreement_within_1e-12
yolo11s,development,200,stale,B0,recall_iou_0_3,0,0,0,agreement_within_1e-12
yolo11s,development,200,stale,B0,recall_iou_0_5,0,0,0,agreement_within_1e-12
yolo11s,development,200,stale,B0,recall_iou_0_7,0,0,0,agreement_within_1e-12
yolo11s,development,200,stale,B0,median_scale_error,,,,not_available_in_frozen_parquet
yolo11s,development,300,B4,B4,median_normalized_center_error,,,,not_available_in_frozen_parquet
yolo11s,development,300,B4,B4,median_center_error_px,67856.4950575,67856.4950575,0,agreement_within_1e-12
yolo11s,development,300,B4,B4,median_iou,0,0,0,agreement_within_1e-12
yolo11s,development,300,B4,B4,recall_iou_0_3,0,0,0,agreement_within_1e-12
yolo11s,development,300,B4,B4,recall_iou_0_5,0,0,0,agreement_within_1e-12
yolo11s,development,300,B4,B4,recall_iou_0_7,0,0,0,agreement_within_1e-12
yolo11s,development,300,B4,B4,median_scale_error,,,,not_available_in_frozen_parquet
yolo11s,development,300,B5,B5,median_normalized_center_error,,,,not_available_in_frozen_parquet
yolo11s,development,300,B5,B5,median_center_error_px,67778.5388097,67778.5388097,0,agreement_within_1e-12
yolo11s,development,300,B5,B5,median_iou,0,0,0,agreement_within_1e-12
yolo11s,development,300,B5,B5,recall_iou_0_3,0,0,0,agreement_within_1e-12
yolo11s,development,300,B5,B5,recall_iou_0_5,0,0,0,agreement_within_1e-12
yolo11s,development,300,B5,B5,recall_iou_0_7,0,0,0,agreement_within_1e-12
yolo11s,development,300,B5,B5,median_scale_error,,,,not_available_in_frozen_parquet
yolo11s,development,300,constant_velocity,B1,median_normalized_center_error,,,,not_available_in_frozen_parquet
yolo11s,development,300,constant_velocity,B1,median_center_error_px,67856.4950575,67856.4950575,0,agreement_within_1e-12
yolo11s,development,300,constant_velocity,B1,median_iou,0,0,0,agreement_within_1e-12
yolo11s,development,300,constant_velocity,B1,recall_iou_0_3,0,0,0,agreement_within_1e-12
yolo11s,development,300,constant_velocity,B1,recall_iou_0_5,0,0,0,agreement_within_1e-12
yolo11s,development,300,constant_velocity,B1,recall_iou_0_7,0,0,0,agreement_within_1e-12
yolo11s,development,300,constant_velocity,B1,median_scale_error,,,,not_available_in_frozen_parquet
yolo11s,development,300,ego_motion_only,B3,median_normalized_center_error,,,,not_available_in_frozen_parquet
yolo11s,development,300,ego_motion_only,B3,median_center_error_px,67620.4544987,67620.4544987,0,agreement_within_1e-12
yolo11s,development,300,ego_motion_only,B3,median_iou,0,0,0,agreement_within_1e-12
yolo11s,development,300,ego_motion_only,B3,recall_iou_0_3,0,0,0,agreement_within_1e-12
yolo11s,development,300,ego_motion_only,B3,recall_iou_0_5,0,0,0,agreement_within_1e-12
yolo11s,development,300,ego_motion_only,B3,recall_iou_0_7,0,0,0,agreement_within_1e-12
yolo11s,development,300,ego_motion_only,B3,median_scale_error,,,,not_available_in_frozen_parquet
yolo11s,development,300,kalman,B2,median_normalized_center_error,,,,not_available_in_frozen_parquet
yolo11s,development,300,kalman,B2,median_center_error_px,67856.4950575,67856.4950575,0,agreement_within_1e-12
yolo11s,development,300,kalman,B2,median_iou,0,0,0,agreement_within_1e-12
yolo11s,development,300,kalman,B2,recall_iou_0_3,0,0,0,agreement_within_1e-12
yolo11s,development,300,kalman,B2,recall_iou_0_5,0,0,0,agreement_within_1e-12
yolo11s,development,300,kalman,B2,recall_iou_0_7,0,0,0,agreement_within_1e-12
yolo11s,development,300,kalman,B2,median_scale_error,,,,not_available_in_frozen_parquet
yolo11s,development,300,stale,B0,median_normalized_center_error,,,,not_available_in_frozen_parquet
yolo11s,development,300,stale,B0,median_center_error_px,67620.4544987,67620.4544987,0,agreement_within_1e-12
yolo11s,development,300,stale,B0,median_iou,0,0,0,agreement_within_1e-12
yolo11s,development,300,stale,B0,recall_iou_0_3,0,0,0,agreement_within_1e-12
yolo11s,development,300,stale,B0,recall_iou_0_5,0,0,0,agreement_within_1e-12
yolo11s,development,300,stale,B0,recall_iou_0_7,0,0,0,agreement_within_1e-12
yolo11s,development,300,stale,B0,median_scale_error,,,,not_available_in_frozen_parquet
yolo11s,development,400,B4,B4,median_normalized_center_error,,,,not_available_in_frozen_parquet
yolo11s,development,400,B4,B4,median_center_error_px,67789.3661923,67789.3661923,0,agreement_within_1e-12
yolo11s,development,400,B4,B4,median_iou,0,0,0,agreement_within_1e-12
yolo11s,development,400,B4,B4,recall_iou_0_3,0,0,0,agreement_within_1e-12
yolo11s,development,400,B4,B4,recall_iou_0_5,0,0,0,agreement_within_1e-12
yolo11s,development,400,B4,B4,recall_iou_0_7,0,0,0,agreement_within_1e-12
yolo11s,development,400,B4,B4,median_scale_error,,,,not_available_in_frozen_parquet
yolo11s,development,400,B5,B5,median_normalized_center_error,,,,not_available_in_frozen_parquet
yolo11s,development,400,B5,B5,median_center_error_px,67638.267107,67638.267107,0,agreement_within_1e-12
yolo11s,development,400,B5,B5,median_iou,0,0,0,agreement_within_1e-12
yolo11s,development,400,B5,B5,recall_iou_0_3,0,0,0,agreement_within_1e-12
yolo11s,development,400,B5,B5,recall_iou_0_5,0,0,0,agreement_within_1e-12
yolo11s,development,400,B5,B5,recall_iou_0_7,0,0,0,agreement_within_1e-12
yolo11s,development,400,B5,B5,median_scale_error,,,,not_available_in_frozen_parquet
yolo11s,development,400,constant_velocity,B1,median_normalized_center_error,,,,not_available_in_frozen_parquet
yolo11s,development,400,constant_velocity,B1,median_center_error_px,67789.3661923,67789.3661923,0,agreement_within_1e-12
yolo11s,development,400,constant_velocity,B1,median_iou,0,0,0,agreement_within_1e-12
yolo11s,development,400,constant_velocity,B1,recall_iou_0_3,0,0,0,agreement_within_1e-12
yolo11s,development,400,constant_velocity,B1,recall_iou_0_5,0,0,0,agreement_within_1e-12
yolo11s,development,400,constant_velocity,B1,recall_iou_0_7,0,0,0,agreement_within_1e-12
yolo11s,development,400,constant_velocity,B1,median_scale_error,,,,not_available_in_frozen_parquet
yolo11s,development,400,ego_motion_only,B3,median_normalized_center_error,,,,not_available_in_frozen_parquet
yolo11s,development,400,ego_motion_only,B3,median_center_error_px,67620.7567739,67620.7567739,0,agreement_within_1e-12
yolo11s,development,400,ego_motion_only,B3,median_iou,0,0,0,agreement_within_1e-12
yolo11s,development,400,ego_motion_only,B3,recall_iou_0_3,0,0,0,agreement_within_1e-12
yolo11s,development,400,ego_motion_only,B3,recall_iou_0_5,0,0,0,agreement_within_1e-12
yolo11s,development,400,ego_motion_only,B3,recall_iou_0_7,0,0,0,agreement_within_1e-12
yolo11s,development,400,ego_motion_only,B3,median_scale_error,,,,not_available_in_frozen_parquet
yolo11s,development,400,kalman,B2,median_normalized_center_error,,,,not_available_in_frozen_parquet
yolo11s,development,400,kalman,B2,median_center_error_px,67789.3661923,67789.3661923,0,agreement_within_1e-12
yolo11s,development,400,kalman,B2,median_iou,0,0,0,agreement_within_1e-12
yolo11s,development,400,kalman,B2,recall_iou_0_3,0,0,0,agreement_within_1e-12
yolo11s,development,400,kalman,B2,recall_iou_0_5,0,0,0,agreement_within_1e-12
yolo11s,development,400,kalman,B2,recall_iou_0_7,0,0,0,agreement_within_1e-12
yolo11s,development,400,kalman,B2,median_scale_error,,,,not_available_in_frozen_parquet
yolo11s,development,400,stale,B0,median_normalized_center_error,,,,not_available_in_frozen_parquet
yolo11s,development,400,stale,B0,median_center_error_px,67620.7567739,67620.7567739,0,agreement_within_1e-12
yolo11s,development,400,stale,B0,median_iou,0,0,0,agreement_within_1e-12
yolo11s,development,400,stale,B0,recall_iou_0_3,0,0,0,agreement_within_1e-12
yolo11s,development,400,stale,B0,recall_iou_0_5,0,0,0,agreement_within_1e-12
yolo11s,development,400,stale,B0,recall_iou_0_7,0,0,0,agreement_within_1e-12
yolo11s,development,400,stale,B0,median_scale_error,,,,not_available_in_frozen_parquet
yolo11s,development,500,B4,B4,median_normalized_center_error,,,,not_available_in_frozen_parquet
yolo11s,development,500,B4,B4,median_center_error_px,68013.7199349,68013.7199349,0,agreement_within_1e-12
yolo11s,development,500,B4,B4,median_iou,0,0,0,agreement_within_1e-12
yolo11s,development,500,B4,B4,recall_iou_0_3,0,0,0,agreement_within_1e-12
yolo11s,development,500,B4,B4,recall_iou_0_5,0,0,0,agreement_within_1e-12
yolo11s,development,500,B4,B4,recall_iou_0_7,0,0,0,agreement_within_1e-12
yolo11s,development,500,B4,B4,median_scale_error,,,,not_available_in_frozen_parquet
yolo11s,development,500,B5,B5,median_normalized_center_error,,,,not_available_in_frozen_parquet
yolo11s,development,500,B5,B5,median_center_error_px,67900.2255889,67900.2255889,0,agreement_within_1e-12
yolo11s,development,500,B5,B5,median_iou,0,0,0,agreement_within_1e-12
yolo11s,development,500,B5,B5,recall_iou_0_3,0,0,0,agreement_within_1e-12
yolo11s,development,500,B5,B5,recall_iou_0_5,0,0,0,agreement_within_1e-12
yolo11s,development,500,B5,B5,recall_iou_0_7,0,0,0,agreement_within_1e-12
yolo11s,development,500,B5,B5,median_scale_error,,,,not_available_in_frozen_parquet
yolo11s,development,500,constant_velocity,B1,median_normalized_center_error,,,,not_available_in_frozen_parquet
yolo11s,development,500,constant_velocity,B1,median_center_error_px,68013.7199349,68013.7199349,0,agreement_within_1e-12
yolo11s,development,500,constant_velocity,B1,median_iou,0,0,0,agreement_within_1e-12
yolo11s,development,500,constant_velocity,B1,recall_iou_0_3,0,0,0,agreement_within_1e-12
yolo11s,development,500,constant_velocity,B1,recall_iou_0_5,0,0,0,agreement_within_1e-12
yolo11s,development,500,constant_velocity,B1,recall_iou_0_7,0,0,0,agreement_within_1e-12
yolo11s,development,500,constant_velocity,B1,median_scale_error,,,,not_available_in_frozen_parquet
yolo11s,development,500,ego_motion_only,B3,median_normalized_center_error,,,,not_available_in_frozen_parquet
yolo11s,development,500,ego_motion_only,B3,median_center_error_px,67679.9902384,67679.9902384,0,agreement_within_1e-12
yolo11s,development,500,ego_motion_only,B3,median_iou,0,0,0,agreement_within_1e-12
yolo11s,development,500,ego_motion_only,B3,recall_iou_0_3,0,0,0,agreement_within_1e-12
yolo11s,development,500,ego_motion_only,B3,recall_iou_0_5,0,0,0,agreement_within_1e-12
yolo11s,development,500,ego_motion_only,B3,recall_iou_0_7,0,0,0,agreement_within_1e-12
yolo11s,development,500,ego_motion_only,B3,median_scale_error,,,,not_available_in_frozen_parquet
yolo11s,development,500,kalman,B2,median_normalized_center_error,,,,not_available_in_frozen_parquet
yolo11s,development,500,kalman,B2,median_center_error_px,68013.7199349,68013.7199349,0,agreement_within_1e-12
yolo11s,development,500,kalman,B2,median_iou,0,0,0,agreement_within_1e-12
yolo11s,development,500,kalman,B2,recall_iou_0_3,0,0,0,agreement_within_1e-12
yolo11s,development,500,kalman,B2,recall_iou_0_5,0,0,0,agreement_within_1e-12
yolo11s,development,500,kalman,B2,recall_iou_0_7,0,0,0,agreement_within_1e-12
yolo11s,development,500,kalman,B2,median_scale_error,,,,not_available_in_frozen_parquet
yolo11s,development,500,stale,B0,median_normalized_center_error,,,,not_available_in_frozen_parquet
yolo11s,development,500,stale,B0,median_center_error_px,67679.9902384,67679.9902384,0,agreement_within_1e-12
yolo11s,development,500,stale,B0,median_iou,0,0,0,agreement_within_1e-12
yolo11s,development,500,stale,B0,recall_iou_0_3,0,0,0,agreement_within_1e-12
yolo11s,development,500,stale,B0,recall_iou_0_5,0,0,0,agreement_within_1e-12
yolo11s,development,500,stale,B0,recall_iou_0_7,0,0,0,agreement_within_1e-12
yolo11s,development,500,stale,B0,median_scale_error,,,,not_available_in_frozen_parquet
yolo11s,heldout,100,B4,B4,median_normalized_center_error,,,,not_available_in_frozen_parquet
yolo11s,heldout,100,B4,B4,median_center_error_px,62783.8773941,62783.8773941,0,agreement_within_1e-12
yolo11s,heldout,100,B4,B4,median_iou,0,0,0,agreement_within_1e-12
yolo11s,heldout,100,B4,B4,recall_iou_0_3,0,0,0,agreement_within_1e-12
yolo11s,heldout,100,B4,B4,recall_iou_0_5,0,0,0,agreement_within_1e-12
yolo11s,heldout,100,B4,B4,recall_iou_0_7,0,0,0,agreement_within_1e-12
yolo11s,heldout,100,B4,B4,median_scale_error,,,,not_available_in_frozen_parquet
yolo11s,heldout,100,B5,B5,median_normalized_center_error,,,,not_available_in_frozen_parquet
yolo11s,heldout,100,B5,B5,median_center_error_px,62783.5589788,62783.5589788,0,agreement_within_1e-12
yolo11s,heldout,100,B5,B5,median_iou,0,0,0,agreement_within_1e-12
yolo11s,heldout,100,B5,B5,recall_iou_0_3,0,0,0,agreement_within_1e-12
yolo11s,heldout,100,B5,B5,recall_iou_0_5,0,0,0,agreement_within_1e-12
yolo11s,heldout,100,B5,B5,recall_iou_0_7,0,0,0,agreement_within_1e-12
yolo11s,heldout,100,B5,B5,median_scale_error,,,,not_available_in_frozen_parquet
yolo11s,heldout,100,constant_velocity,B1,median_normalized_center_error,,,,not_available_in_frozen_parquet
yolo11s,heldout,100,constant_velocity,B1,median_center_error_px,62783.8773941,62783.8773941,0,agreement_within_1e-12
yolo11s,heldout,100,constant_velocity,B1,median_iou,0,0,0,agreement_within_1e-12
yolo11s,heldout,100,constant_velocity,B1,recall_iou_0_3,0,0,0,agreement_within_1e-12
yolo11s,heldout,100,constant_velocity,B1,recall_iou_0_5,0,0,0,agreement_within_1e-12
yolo11s,heldout,100,constant_velocity,B1,recall_iou_0_7,0,0,0,agreement_within_1e-12
yolo11s,heldout,100,constant_velocity,B1,median_scale_error,,,,not_available_in_frozen_parquet
yolo11s,heldout,100,ego_motion_only,B3,median_normalized_center_error,,,,not_available_in_frozen_parquet
yolo11s,heldout,100,ego_motion_only,B3,median_center_error_px,62846.5479191,62846.5479191,0,agreement_within_1e-12
yolo11s,heldout,100,ego_motion_only,B3,median_iou,0,0,0,agreement_within_1e-12
yolo11s,heldout,100,ego_motion_only,B3,recall_iou_0_3,0,0,0,agreement_within_1e-12
yolo11s,heldout,100,ego_motion_only,B3,recall_iou_0_5,0,0,0,agreement_within_1e-12
yolo11s,heldout,100,ego_motion_only,B3,recall_iou_0_7,0,0,0,agreement_within_1e-12
yolo11s,heldout,100,ego_motion_only,B3,median_scale_error,,,,not_available_in_frozen_parquet
yolo11s,heldout,100,kalman,B2,median_normalized_center_error,,,,not_available_in_frozen_parquet
yolo11s,heldout,100,kalman,B2,median_center_error_px,62783.8773941,62783.8773941,0,agreement_within_1e-12
yolo11s,heldout,100,kalman,B2,median_iou,0,0,0,agreement_within_1e-12
yolo11s,heldout,100,kalman,B2,recall_iou_0_3,0,0,0,agreement_within_1e-12
yolo11s,heldout,100,kalman,B2,recall_iou_0_5,0,0,0,agreement_within_1e-12
yolo11s,heldout,100,kalman,B2,recall_iou_0_7,0,0,0,agreement_within_1e-12
yolo11s,heldout,100,kalman,B2,median_scale_error,,,,not_available_in_frozen_parquet
yolo11s,heldout,100,stale,B0,median_normalized_center_error,,,,not_available_in_frozen_parquet
yolo11s,heldout,100,stale,B0,median_center_error_px,62846.5479191,62846.5479191,0,agreement_within_1e-12
yolo11s,heldout,100,stale,B0,median_iou,0,0,0,agreement_within_1e-12
yolo11s,heldout,100,stale,B0,recall_iou_0_3,0,0,0,agreement_within_1e-12
yolo11s,heldout,100,stale,B0,recall_iou_0_5,0,0,0,agreement_within_1e-12
yolo11s,heldout,100,stale,B0,recall_iou_0_7,0,0,0,agreement_within_1e-12
yolo11s,heldout,100,stale,B0,median_scale_error,,,,not_available_in_frozen_parquet
yolo11s,heldout,200,B4,B4,median_normalized_center_error,,,,not_available_in_frozen_parquet
yolo11s,heldout,200,B4,B4,median_center_error_px,62693.180305,62693.180305,0,agreement_within_1e-12
yolo11s,heldout,200,B4,B4,median_iou,0,0,0,agreement_within_1e-12
yolo11s,heldout,200,B4,B4,recall_iou_0_3,0,0,0,agreement_within_1e-12
yolo11s,heldout,200,B4,B4,recall_iou_0_5,0,0,0,agreement_within_1e-12
yolo11s,heldout,200,B4,B4,recall_iou_0_7,0,0,0,agreement_within_1e-12
yolo11s,heldout,200,B4,B4,median_scale_error,,,,not_available_in_frozen_parquet
yolo11s,heldout,200,B5,B5,median_normalized_center_error,,,,not_available_in_frozen_parquet
yolo11s,heldout,200,B5,B5,median_center_error_px,62938.3910258,62938.3910258,0,agreement_within_1e-12
yolo11s,heldout,200,B5,B5,median_iou,0,0,0,agreement_within_1e-12
yolo11s,heldout,200,B5,B5,recall_iou_0_3,0,0,0,agreement_within_1e-12
yolo11s,heldout,200,B5,B5,recall_iou_0_5,0,0,0,agreement_within_1e-12
yolo11s,heldout,200,B5,B5,recall_iou_0_7,0,0,0,agreement_within_1e-12
yolo11s,heldout,200,B5,B5,median_scale_error,,,,not_available_in_frozen_parquet
yolo11s,heldout,200,constant_velocity,B1,median_normalized_center_error,,,,not_available_in_frozen_parquet
yolo11s,heldout,200,constant_velocity,B1,median_center_error_px,62693.180305,62693.180305,0,agreement_within_1e-12
yolo11s,heldout,200,constant_velocity,B1,median_iou,0,0,0,agreement_within_1e-12
yolo11s,heldout,200,constant_velocity,B1,recall_iou_0_3,0,0,0,agreement_within_1e-12
yolo11s,heldout,200,constant_velocity,B1,recall_iou_0_5,0,0,0,agreement_within_1e-12
yolo11s,heldout,200,constant_velocity,B1,recall_iou_0_7,0,0,0,agreement_within_1e-12
yolo11s,heldout,200,constant_velocity,B1,median_scale_error,,,,not_available_in_frozen_parquet
yolo11s,heldout,200,ego_motion_only,B3,median_normalized_center_error,,,,not_available_in_frozen_parquet
yolo11s,heldout,200,ego_motion_only,B3,median_center_error_px,62899.9304828,62899.9304828,0,agreement_within_1e-12
yolo11s,heldout,200,ego_motion_only,B3,median_iou,0,0,0,agreement_within_1e-12
yolo11s,heldout,200,ego_motion_only,B3,recall_iou_0_3,0,0,0,agreement_within_1e-12
yolo11s,heldout,200,ego_motion_only,B3,recall_iou_0_5,0,0,0,agreement_within_1e-12
yolo11s,heldout,200,ego_motion_only,B3,recall_iou_0_7,0,0,0,agreement_within_1e-12
yolo11s,heldout,200,ego_motion_only,B3,median_scale_error,,,,not_available_in_frozen_parquet
yolo11s,heldout,200,kalman,B2,median_normalized_center_error,,,,not_available_in_frozen_parquet
yolo11s,heldout,200,kalman,B2,median_center_error_px,62693.180305,62693.180305,0,agreement_within_1e-12
yolo11s,heldout,200,kalman,B2,median_iou,0,0,0,agreement_within_1e-12
yolo11s,heldout,200,kalman,B2,recall_iou_0_3,0,0,0,agreement_within_1e-12
yolo11s,heldout,200,kalman,B2,recall_iou_0_5,0,0,0,agreement_within_1e-12
yolo11s,heldout,200,kalman,B2,recall_iou_0_7,0,0,0,agreement_within_1e-12
yolo11s,heldout,200,kalman,B2,median_scale_error,,,,not_available_in_frozen_parquet
yolo11s,heldout,200,stale,B0,median_normalized_center_error,,,,not_available_in_frozen_parquet
yolo11s,heldout,200,stale,B0,median_center_error_px,62899.9304828,62899.9304828,0,agreement_within_1e-12
yolo11s,heldout,200,stale,B0,median_iou,0,0,0,agreement_within_1e-12
yolo11s,heldout,200,stale,B0,recall_iou_0_3,0,0,0,agreement_within_1e-12
yolo11s,heldout,200,stale,B0,recall_iou_0_5,0,0,0,agreement_within_1e-12
yolo11s,heldout,200,stale,B0,recall_iou_0_7,0,0,0,agreement_within_1e-12
yolo11s,heldout,200,stale,B0,median_scale_error,,,,not_available_in_frozen_parquet
yolo11s,heldout,300,B4,B4,median_normalized_center_error,,,,not_available_in_frozen_parquet
yolo11s,heldout,300,B4,B4,median_center_error_px,62723.9523703,62723.9523703,0,agreement_within_1e-12
yolo11s,heldout,300,B4,B4,median_iou,0,0,0,agreement_within_1e-12
yolo11s,heldout,300,B4,B4,recall_iou_0_3,0,0,0,agreement_within_1e-12
yolo11s,heldout,300,B4,B4,recall_iou_0_5,0,0,0,agreement_within_1e-12
yolo11s,heldout,300,B4,B4,recall_iou_0_7,0,0,0,agreement_within_1e-12
yolo11s,heldout,300,B4,B4,median_scale_error,,,,not_available_in_frozen_parquet
yolo11s,heldout,300,B5,B5,median_normalized_center_error,,,,not_available_in_frozen_parquet
yolo11s,heldout,300,B5,B5,median_center_error_px,62956.9796749,62956.9796749,0,agreement_within_1e-12
yolo11s,heldout,300,B5,B5,median_iou,0,0,0,agreement_within_1e-12
yolo11s,heldout,300,B5,B5,recall_iou_0_3,0,0,0,agreement_within_1e-12
yolo11s,heldout,300,B5,B5,recall_iou_0_5,0,0,0,agreement_within_1e-12
yolo11s,heldout,300,B5,B5,recall_iou_0_7,0,0,0,agreement_within_1e-12
yolo11s,heldout,300,B5,B5,median_scale_error,,,,not_available_in_frozen_parquet
yolo11s,heldout,300,constant_velocity,B1,median_normalized_center_error,,,,not_available_in_frozen_parquet
yolo11s,heldout,300,constant_velocity,B1,median_center_error_px,62723.9523703,62723.9523703,0,agreement_within_1e-12
yolo11s,heldout,300,constant_velocity,B1,median_iou,0,0,0,agreement_within_1e-12
yolo11s,heldout,300,constant_velocity,B1,recall_iou_0_3,0,0,0,agreement_within_1e-12
yolo11s,heldout,300,constant_velocity,B1,recall_iou_0_5,0,0,0,agreement_within_1e-12
yolo11s,heldout,300,constant_velocity,B1,recall_iou_0_7,0,0,0,agreement_within_1e-12
yolo11s,heldout,300,constant_velocity,B1,median_scale_error,,,,not_available_in_frozen_parquet
yolo11s,heldout,300,ego_motion_only,B3,median_normalized_center_error,,,,not_available_in_frozen_parquet
yolo11s,heldout,300,ego_motion_only,B3,median_center_error_px,62968.0757711,62968.0757711,0,agreement_within_1e-12
yolo11s,heldout,300,ego_motion_only,B3,median_iou,0,0,0,agreement_within_1e-12
yolo11s,heldout,300,ego_motion_only,B3,recall_iou_0_3,0,0,0,agreement_within_1e-12
yolo11s,heldout,300,ego_motion_only,B3,recall_iou_0_5,0,0,0,agreement_within_1e-12
yolo11s,heldout,300,ego_motion_only,B3,recall_iou_0_7,0,0,0,agreement_within_1e-12
yolo11s,heldout,300,ego_motion_only,B3,median_scale_error,,,,not_available_in_frozen_parquet
yolo11s,heldout,300,kalman,B2,median_normalized_center_error,,,,not_available_in_frozen_parquet
yolo11s,heldout,300,kalman,B2,median_center_error_px,62723.9523703,62723.9523703,0,agreement_within_1e-12
yolo11s,heldout,300,kalman,B2,median_iou,0,0,0,agreement_within_1e-12
yolo11s,heldout,300,kalman,B2,recall_iou_0_3,0,0,0,agreement_within_1e-12
yolo11s,heldout,300,kalman,B2,recall_iou_0_5,0,0,0,agreement_within_1e-12
yolo11s,heldout,300,kalman,B2,recall_iou_0_7,0,0,0,agreement_within_1e-12
yolo11s,heldout,300,kalman,B2,median_scale_error,,,,not_available_in_frozen_parquet
yolo11s,heldout,300,stale,B0,median_normalized_center_error,,,,not_available_in_frozen_parquet
yolo11s,heldout,300,stale,B0,median_center_error_px,62968.0757711,62968.0757711,0,agreement_within_1e-12
yolo11s,heldout,300,stale,B0,median_iou,0,0,0,agreement_within_1e-12
yolo11s,heldout,300,stale,B0,recall_iou_0_3,0,0,0,agreement_within_1e-12
yolo11s,heldout,300,stale,B0,recall_iou_0_5,0,0,0,agreement_within_1e-12
yolo11s,heldout,300,stale,B0,recall_iou_0_7,0,0,0,agreement_within_1e-12
yolo11s,heldout,300,stale,B0,median_scale_error,,,,not_available_in_frozen_parquet
yolo11s,heldout,400,B4,B4,median_normalized_center_error,,,,not_available_in_frozen_parquet
yolo11s,heldout,400,B4,B4,median_center_error_px,62952.6083452,62952.6083452,0,agreement_within_1e-12
yolo11s,heldout,400,B4,B4,median_iou,0,0,0,agreement_within_1e-12
yolo11s,heldout,400,B4,B4,recall_iou_0_3,0,0,0,agreement_within_1e-12
yolo11s,heldout,400,B4,B4,recall_iou_0_5,0,0,0,agreement_within_1e-12
yolo11s,heldout,400,B4,B4,recall_iou_0_7,0,0,0,agreement_within_1e-12
yolo11s,heldout,400,B4,B4,median_scale_error,,,,not_available_in_frozen_parquet
yolo11s,heldout,400,B5,B5,median_normalized_center_error,,,,not_available_in_frozen_parquet
yolo11s,heldout,400,B5,B5,median_center_error_px,63119.5282167,63119.5282167,0,agreement_within_1e-12
yolo11s,heldout,400,B5,B5,median_iou,0,0,0,agreement_within_1e-12
yolo11s,heldout,400,B5,B5,recall_iou_0_3,0,0,0,agreement_within_1e-12
yolo11s,heldout,400,B5,B5,recall_iou_0_5,0,0,0,agreement_within_1e-12
yolo11s,heldout,400,B5,B5,recall_iou_0_7,0,0,0,agreement_within_1e-12
yolo11s,heldout,400,B5,B5,median_scale_error,,,,not_available_in_frozen_parquet
yolo11s,heldout,400,constant_velocity,B1,median_normalized_center_error,,,,not_available_in_frozen_parquet
yolo11s,heldout,400,constant_velocity,B1,median_center_error_px,62952.6083452,62952.6083452,0,agreement_within_1e-12
yolo11s,heldout,400,constant_velocity,B1,median_iou,0,0,0,agreement_within_1e-12
yolo11s,heldout,400,constant_velocity,B1,recall_iou_0_3,0,0,0,agreement_within_1e-12
yolo11s,heldout,400,constant_velocity,B1,recall_iou_0_5,0,0,0,agreement_within_1e-12
yolo11s,heldout,400,constant_velocity,B1,recall_iou_0_7,0,0,0,agreement_within_1e-12
yolo11s,heldout,400,constant_velocity,B1,median_scale_error,,,,not_available_in_frozen_parquet
yolo11s,heldout,400,ego_motion_only,B3,median_normalized_center_error,,,,not_available_in_frozen_parquet
yolo11s,heldout,400,ego_motion_only,B3,median_center_error_px,63029.7535731,63029.7535731,0,agreement_within_1e-12
yolo11s,heldout,400,ego_motion_only,B3,median_iou,0,0,0,agreement_within_1e-12
yolo11s,heldout,400,ego_motion_only,B3,recall_iou_0_3,0,0,0,agreement_within_1e-12
yolo11s,heldout,400,ego_motion_only,B3,recall_iou_0_5,0,0,0,agreement_within_1e-12
yolo11s,heldout,400,ego_motion_only,B3,recall_iou_0_7,0,0,0,agreement_within_1e-12
yolo11s,heldout,400,ego_motion_only,B3,median_scale_error,,,,not_available_in_frozen_parquet
yolo11s,heldout,400,kalman,B2,median_normalized_center_error,,,,not_available_in_frozen_parquet
yolo11s,heldout,400,kalman,B2,median_center_error_px,62952.6083452,62952.6083452,0,agreement_within_1e-12
yolo11s,heldout,400,kalman,B2,median_iou,0,0,0,agreement_within_1e-12
yolo11s,heldout,400,kalman,B2,recall_iou_0_3,0,0,0,agreement_within_1e-12
yolo11s,heldout,400,kalman,B2,recall_iou_0_5,0,0,0,agreement_within_1e-12
yolo11s,heldout,400,kalman,B2,recall_iou_0_7,0,0,0,agreement_within_1e-12
yolo11s,heldout,400,kalman,B2,median_scale_error,,,,not_available_in_frozen_parquet
yolo11s,heldout,400,stale,B0,median_normalized_center_error,,,,not_available_in_frozen_parquet
yolo11s,heldout,400,stale,B0,median_center_error_px,63029.7535731,63029.7535731,0,agreement_within_1e-12
yolo11s,heldout,400,stale,B0,median_iou,0,0,0,agreement_within_1e-12
yolo11s,heldout,400,stale,B0,recall_iou_0_3,0,0,0,agreement_within_1e-12
yolo11s,heldout,400,stale,B0,recall_iou_0_5,0,0,0,agreement_within_1e-12
yolo11s,heldout,400,stale,B0,recall_iou_0_7,0,0,0,agreement_within_1e-12
yolo11s,heldout,400,stale,B0,median_scale_error,,,,not_available_in_frozen_parquet
yolo11s,heldout,500,B4,B4,median_normalized_center_error,,,,not_available_in_frozen_parquet
yolo11s,heldout,500,B4,B4,median_center_error_px,63147.8648516,63147.8648516,0,agreement_within_1e-12
yolo11s,heldout,500,B4,B4,median_iou,0,0,0,agreement_within_1e-12
yolo11s,heldout,500,B4,B4,recall_iou_0_3,0,0,0,agreement_within_1e-12
yolo11s,heldout,500,B4,B4,recall_iou_0_5,0,0,0,agreement_within_1e-12
yolo11s,heldout,500,B4,B4,recall_iou_0_7,0,0,0,agreement_within_1e-12
yolo11s,heldout,500,B4,B4,median_scale_error,,,,not_available_in_frozen_parquet
yolo11s,heldout,500,B5,B5,median_normalized_center_error,,,,not_available_in_frozen_parquet
yolo11s,heldout,500,B5,B5,median_center_error_px,63244.4373621,63244.4373621,0,agreement_within_1e-12
yolo11s,heldout,500,B5,B5,median_iou,0,0,0,agreement_within_1e-12
yolo11s,heldout,500,B5,B5,recall_iou_0_3,0,0,0,agreement_within_1e-12
yolo11s,heldout,500,B5,B5,recall_iou_0_5,0,0,0,agreement_within_1e-12
yolo11s,heldout,500,B5,B5,recall_iou_0_7,0,0,0,agreement_within_1e-12
yolo11s,heldout,500,B5,B5,median_scale_error,,,,not_available_in_frozen_parquet
yolo11s,heldout,500,constant_velocity,B1,median_normalized_center_error,,,,not_available_in_frozen_parquet
yolo11s,heldout,500,constant_velocity,B1,median_center_error_px,63147.8648516,63147.8648516,0,agreement_within_1e-12
yolo11s,heldout,500,constant_velocity,B1,median_iou,0,0,0,agreement_within_1e-12
yolo11s,heldout,500,constant_velocity,B1,recall_iou_0_3,0,0,0,agreement_within_1e-12
yolo11s,heldout,500,constant_velocity,B1,recall_iou_0_5,0,0,0,agreement_within_1e-12
yolo11s,heldout,500,constant_velocity,B1,recall_iou_0_7,0,0,0,agreement_within_1e-12
yolo11s,heldout,500,constant_velocity,B1,median_scale_error,,,,not_available_in_frozen_parquet
yolo11s,heldout,500,ego_motion_only,B3,median_normalized_center_error,,,,not_available_in_frozen_parquet
yolo11s,heldout,500,ego_motion_only,B3,median_center_error_px,63295.7859693,63295.7859693,0,agreement_within_1e-12
yolo11s,heldout,500,ego_motion_only,B3,median_iou,0,0,0,agreement_within_1e-12
yolo11s,heldout,500,ego_motion_only,B3,recall_iou_0_3,0,0,0,agreement_within_1e-12
yolo11s,heldout,500,ego_motion_only,B3,recall_iou_0_5,0,0,0,agreement_within_1e-12
yolo11s,heldout,500,ego_motion_only,B3,recall_iou_0_7,0,0,0,agreement_within_1e-12
yolo11s,heldout,500,ego_motion_only,B3,median_scale_error,,,,not_available_in_frozen_parquet
yolo11s,heldout,500,kalman,B2,median_normalized_center_error,,,,not_available_in_frozen_parquet
yolo11s,heldout,500,kalman,B2,median_center_error_px,63147.8648516,63147.8648516,0,agreement_within_1e-12
yolo11s,heldout,500,kalman,B2,median_iou,0,0,0,agreement_within_1e-12
yolo11s,heldout,500,kalman,B2,recall_iou_0_3,0,0,0,agreement_within_1e-12
yolo11s,heldout,500,kalman,B2,recall_iou_0_5,0,0,0,agreement_within_1e-12
yolo11s,heldout,500,kalman,B2,recall_iou_0_7,0,0,0,agreement_within_1e-12
yolo11s,heldout,500,kalman,B2,median_scale_error,,,,not_available_in_frozen_parquet
yolo11s,heldout,500,stale,B0,median_normalized_center_error,,,,not_available_in_frozen_parquet
yolo11s,heldout,500,stale,B0,median_center_error_px,63295.7859693,63295.7859693,0,agreement_within_1e-12
yolo11s,heldout,500,stale,B0,median_iou,0,0,0,agreement_within_1e-12
yolo11s,heldout,500,stale,B0,recall_iou_0_3,0,0,0,agreement_within_1e-12
yolo11s,heldout,500,stale,B0,recall_iou_0_5,0,0,0,agreement_within_1e-12
yolo11s,heldout,500,stale,B0,recall_iou_0_7,0,0,0,agreement_within_1e-12
yolo11s,heldout,500,stale,B0,median_scale_error,,,,not_available_in_frozen_parquet
yolo11s,model_selection,100,B4,B4,median_normalized_center_error,,,,not_available_in_frozen_parquet
yolo11s,model_selection,100,B4,B4,median_center_error_px,77745.1036281,77745.1036281,0,agreement_within_1e-12
yolo11s,model_selection,100,B4,B4,median_iou,0,0,0,agreement_within_1e-12
yolo11s,model_selection,100,B4,B4,recall_iou_0_3,0,0,0,agreement_within_1e-12
yolo11s,model_selection,100,B4,B4,recall_iou_0_5,0,0,0,agreement_within_1e-12
yolo11s,model_selection,100,B4,B4,recall_iou_0_7,0,0,0,agreement_within_1e-12
yolo11s,model_selection,100,B4,B4,median_scale_error,,,,not_available_in_frozen_parquet
yolo11s,model_selection,100,B5,B5,median_normalized_center_error,,,,not_available_in_frozen_parquet
yolo11s,model_selection,100,B5,B5,median_center_error_px,77651.2039533,77651.2039533,0,agreement_within_1e-12
yolo11s,model_selection,100,B5,B5,median_iou,0,0,0,agreement_within_1e-12
yolo11s,model_selection,100,B5,B5,recall_iou_0_3,0,0,0,agreement_within_1e-12
yolo11s,model_selection,100,B5,B5,recall_iou_0_5,0,0,0,agreement_within_1e-12
yolo11s,model_selection,100,B5,B5,recall_iou_0_7,0,0,0,agreement_within_1e-12
yolo11s,model_selection,100,B5,B5,median_scale_error,,,,not_available_in_frozen_parquet
yolo11s,model_selection,100,constant_velocity,B1,median_normalized_center_error,,,,not_available_in_frozen_parquet
yolo11s,model_selection,100,constant_velocity,B1,median_center_error_px,77745.1036281,77745.1036281,0,agreement_within_1e-12
yolo11s,model_selection,100,constant_velocity,B1,median_iou,0,0,0,agreement_within_1e-12
yolo11s,model_selection,100,constant_velocity,B1,recall_iou_0_3,0,0,0,agreement_within_1e-12
yolo11s,model_selection,100,constant_velocity,B1,recall_iou_0_5,0,0,0,agreement_within_1e-12
yolo11s,model_selection,100,constant_velocity,B1,recall_iou_0_7,0,0,0,agreement_within_1e-12
yolo11s,model_selection,100,constant_velocity,B1,median_scale_error,,,,not_available_in_frozen_parquet
yolo11s,model_selection,100,ego_motion_only,B3,median_normalized_center_error,,,,not_available_in_frozen_parquet
yolo11s,model_selection,100,ego_motion_only,B3,median_center_error_px,77560.0928927,77560.0928927,0,agreement_within_1e-12
yolo11s,model_selection,100,ego_motion_only,B3,median_iou,0,0,0,agreement_within_1e-12
yolo11s,model_selection,100,ego_motion_only,B3,recall_iou_0_3,0,0,0,agreement_within_1e-12
yolo11s,model_selection,100,ego_motion_only,B3,recall_iou_0_5,0,0,0,agreement_within_1e-12
yolo11s,model_selection,100,ego_motion_only,B3,recall_iou_0_7,0,0,0,agreement_within_1e-12
yolo11s,model_selection,100,ego_motion_only,B3,median_scale_error,,,,not_available_in_frozen_parquet
yolo11s,model_selection,100,kalman,B2,median_normalized_center_error,,,,not_available_in_frozen_parquet
yolo11s,model_selection,100,kalman,B2,median_center_error_px,77745.1036281,77745.1036281,0,agreement_within_1e-12
yolo11s,model_selection,100,kalman,B2,median_iou,0,0,0,agreement_within_1e-12
yolo11s,model_selection,100,kalman,B2,recall_iou_0_3,0,0,0,agreement_within_1e-12
yolo11s,model_selection,100,kalman,B2,recall_iou_0_5,0,0,0,agreement_within_1e-12
yolo11s,model_selection,100,kalman,B2,recall_iou_0_7,0,0,0,agreement_within_1e-12
yolo11s,model_selection,100,kalman,B2,median_scale_error,,,,not_available_in_frozen_parquet
yolo11s,model_selection,100,stale,B0,median_normalized_center_error,,,,not_available_in_frozen_parquet
yolo11s,model_selection,100,stale,B0,median_center_error_px,77560.0928927,77560.0928927,0,agreement_within_1e-12
yolo11s,model_selection,100,stale,B0,median_iou,0,0,0,agreement_within_1e-12
yolo11s,model_selection,100,stale,B0,recall_iou_0_3,0,0,0,agreement_within_1e-12
yolo11s,model_selection,100,stale,B0,recall_iou_0_5,0,0,0,agreement_within_1e-12
yolo11s,model_selection,100,stale,B0,recall_iou_0_7,0,0,0,agreement_within_1e-12
yolo11s,model_selection,100,stale,B0,median_scale_error,,,,not_available_in_frozen_parquet
yolo11s,model_selection,200,B4,B4,median_normalized_center_error,,,,not_available_in_frozen_parquet
yolo11s,model_selection,200,B4,B4,median_center_error_px,78122.3063164,78122.3063164,0,agreement_within_1e-12
yolo11s,model_selection,200,B4,B4,median_iou,0,0,0,agreement_within_1e-12
yolo11s,model_selection,200,B4,B4,recall_iou_0_3,0,0,0,agreement_within_1e-12
yolo11s,model_selection,200,B4,B4,recall_iou_0_5,0,0,0,agreement_within_1e-12
yolo11s,model_selection,200,B4,B4,recall_iou_0_7,0,0,0,agreement_within_1e-12
yolo11s,model_selection,200,B4,B4,median_scale_error,,,,not_available_in_frozen_parquet
yolo11s,model_selection,200,B5,B5,median_normalized_center_error,,,,not_available_in_frozen_parquet
yolo11s,model_selection,200,B5,B5,median_center_error_px,78310.4882962,78310.4882962,0,agreement_within_1e-12
yolo11s,model_selection,200,B5,B5,median_iou,0,0,0,agreement_within_1e-12
yolo11s,model_selection,200,B5,B5,recall_iou_0_3,0,0,0,agreement_within_1e-12
yolo11s,model_selection,200,B5,B5,recall_iou_0_5,0,0,0,agreement_within_1e-12
yolo11s,model_selection,200,B5,B5,recall_iou_0_7,0,0,0,agreement_within_1e-12
yolo11s,model_selection,200,B5,B5,median_scale_error,,,,not_available_in_frozen_parquet
yolo11s,model_selection,200,constant_velocity,B1,median_normalized_center_error,,,,not_available_in_frozen_parquet
yolo11s,model_selection,200,constant_velocity,B1,median_center_error_px,78122.3063164,78122.3063164,0,agreement_within_1e-12
yolo11s,model_selection,200,constant_velocity,B1,median_iou,0,0,0,agreement_within_1e-12
yolo11s,model_selection,200,constant_velocity,B1,recall_iou_0_3,0,0,0,agreement_within_1e-12
yolo11s,model_selection,200,constant_velocity,B1,recall_iou_0_5,0,0,0,agreement_within_1e-12
yolo11s,model_selection,200,constant_velocity,B1,recall_iou_0_7,0,0,0,agreement_within_1e-12
yolo11s,model_selection,200,constant_velocity,B1,median_scale_error,,,,not_available_in_frozen_parquet
yolo11s,model_selection,200,ego_motion_only,B3,median_normalized_center_error,,,,not_available_in_frozen_parquet
yolo11s,model_selection,200,ego_motion_only,B3,median_center_error_px,78454.0825779,78454.0825779,0,agreement_within_1e-12
yolo11s,model_selection,200,ego_motion_only,B3,median_iou,0,0,0,agreement_within_1e-12
yolo11s,model_selection,200,ego_motion_only,B3,recall_iou_0_3,0,0,0,agreement_within_1e-12
yolo11s,model_selection,200,ego_motion_only,B3,recall_iou_0_5,0,0,0,agreement_within_1e-12
yolo11s,model_selection,200,ego_motion_only,B3,recall_iou_0_7,0,0,0,agreement_within_1e-12
yolo11s,model_selection,200,ego_motion_only,B3,median_scale_error,,,,not_available_in_frozen_parquet
yolo11s,model_selection,200,kalman,B2,median_normalized_center_error,,,,not_available_in_frozen_parquet
yolo11s,model_selection,200,kalman,B2,median_center_error_px,78122.3063164,78122.3063164,0,agreement_within_1e-12
yolo11s,model_selection,200,kalman,B2,median_iou,0,0,0,agreement_within_1e-12
yolo11s,model_selection,200,kalman,B2,recall_iou_0_3,0,0,0,agreement_within_1e-12
yolo11s,model_selection,200,kalman,B2,recall_iou_0_5,0,0,0,agreement_within_1e-12
yolo11s,model_selection,200,kalman,B2,recall_iou_0_7,0,0,0,agreement_within_1e-12
yolo11s,model_selection,200,kalman,B2,median_scale_error,,,,not_available_in_frozen_parquet
yolo11s,model_selection,200,stale,B0,median_normalized_center_error,,,,not_available_in_frozen_parquet
yolo11s,model_selection,200,stale,B0,median_center_error_px,78454.0825779,78454.0825779,0,agreement_within_1e-12
yolo11s,model_selection,200,stale,B0,median_iou,0,0,0,agreement_within_1e-12
yolo11s,model_selection,200,stale,B0,recall_iou_0_3,0,0,0,agreement_within_1e-12
yolo11s,model_selection,200,stale,B0,recall_iou_0_5,0,0,0,agreement_within_1e-12
yolo11s,model_selection,200,stale,B0,recall_iou_0_7,0,0,0,agreement_within_1e-12
yolo11s,model_selection,200,stale,B0,median_scale_error,,,,not_available_in_frozen_parquet
yolo11s,model_selection,300,B4,B4,median_normalized_center_error,,,,not_available_in_frozen_parquet
yolo11s,model_selection,300,B4,B4,median_center_error_px,78505.6997422,78505.6997422,0,agreement_within_1e-12
yolo11s,model_selection,300,B4,B4,median_iou,0,0,0,agreement_within_1e-12
yolo11s,model_selection,300,B4,B4,recall_iou_0_3,0,0,0,agreement_within_1e-12
yolo11s,model_selection,300,B4,B4,recall_iou_0_5,0,0,0,agreement_within_1e-12
yolo11s,model_selection,300,B4,B4,recall_iou_0_7,0,0,0,agreement_within_1e-12
yolo11s,model_selection,300,B4,B4,median_scale_error,,,,not_available_in_frozen_parquet
yolo11s,model_selection,300,B5,B5,median_normalized_center_error,,,,not_available_in_frozen_parquet
yolo11s,model_selection,300,B5,B5,median_center_error_px,78508.8923455,78508.8923455,0,agreement_within_1e-12
yolo11s,model_selection,300,B5,B5,median_iou,0,0,0,agreement_within_1e-12
yolo11s,model_selection,300,B5,B5,recall_iou_0_3,0,0,0,agreement_within_1e-12
yolo11s,model_selection,300,B5,B5,recall_iou_0_5,0,0,0,agreement_within_1e-12
yolo11s,model_selection,300,B5,B5,recall_iou_0_7,0,0,0,agreement_within_1e-12
yolo11s,model_selection,300,B5,B5,median_scale_error,,,,not_available_in_frozen_parquet
yolo11s,model_selection,300,constant_velocity,B1,median_normalized_center_error,,,,not_available_in_frozen_parquet
yolo11s,model_selection,300,constant_velocity,B1,median_center_error_px,78505.6997422,78505.6997422,0,agreement_within_1e-12
yolo11s,model_selection,300,constant_velocity,B1,median_iou,0,0,0,agreement_within_1e-12
yolo11s,model_selection,300,constant_velocity,B1,recall_iou_0_3,0,0,0,agreement_within_1e-12
yolo11s,model_selection,300,constant_velocity,B1,recall_iou_0_5,0,0,0,agreement_within_1e-12
yolo11s,model_selection,300,constant_velocity,B1,recall_iou_0_7,0,0,0,agreement_within_1e-12
yolo11s,model_selection,300,constant_velocity,B1,median_scale_error,,,,not_available_in_frozen_parquet
yolo11s,model_selection,300,ego_motion_only,B3,median_normalized_center_error,,,,not_available_in_frozen_parquet
yolo11s,model_selection,300,ego_motion_only,B3,median_center_error_px,78457.3203698,78457.3203698,0,agreement_within_1e-12
yolo11s,model_selection,300,ego_motion_only,B3,median_iou,0,0,0,agreement_within_1e-12
yolo11s,model_selection,300,ego_motion_only,B3,recall_iou_0_3,0,0,0,agreement_within_1e-12
yolo11s,model_selection,300,ego_motion_only,B3,recall_iou_0_5,0,0,0,agreement_within_1e-12
yolo11s,model_selection,300,ego_motion_only,B3,recall_iou_0_7,0,0,0,agreement_within_1e-12
yolo11s,model_selection,300,ego_motion_only,B3,median_scale_error,,,,not_available_in_frozen_parquet
yolo11s,model_selection,300,kalman,B2,median_normalized_center_error,,,,not_available_in_frozen_parquet
yolo11s,model_selection,300,kalman,B2,median_center_error_px,78505.6997422,78505.6997422,0,agreement_within_1e-12
yolo11s,model_selection,300,kalman,B2,median_iou,0,0,0,agreement_within_1e-12
yolo11s,model_selection,300,kalman,B2,recall_iou_0_3,0,0,0,agreement_within_1e-12
yolo11s,model_selection,300,kalman,B2,recall_iou_0_5,0,0,0,agreement_within_1e-12
yolo11s,model_selection,300,kalman,B2,recall_iou_0_7,0,0,0,agreement_within_1e-12
yolo11s,model_selection,300,kalman,B2,median_scale_error,,,,not_available_in_frozen_parquet
yolo11s,model_selection,300,stale,B0,median_normalized_center_error,,,,not_available_in_frozen_parquet
yolo11s,model_selection,300,stale,B0,median_center_error_px,78457.3203698,78457.3203698,0,agreement_within_1e-12
yolo11s,model_selection,300,stale,B0,median_iou,0,0,0,agreement_within_1e-12
yolo11s,model_selection,300,stale,B0,recall_iou_0_3,0,0,0,agreement_within_1e-12
yolo11s,model_selection,300,stale,B0,recall_iou_0_5,0,0,0,agreement_within_1e-12
yolo11s,model_selection,300,stale,B0,recall_iou_0_7,0,0,0,agreement_within_1e-12
yolo11s,model_selection,300,stale,B0,median_scale_error,,,,not_available_in_frozen_parquet
yolo11s,model_selection,400,B4,B4,median_normalized_center_error,,,,not_available_in_frozen_parquet
yolo11s,model_selection,400,B4,B4,median_center_error_px,79262.2327475,79262.2327475,0,agreement_within_1e-12
yolo11s,model_selection,400,B4,B4,median_iou,0,0,0,agreement_within_1e-12
yolo11s,model_selection,400,B4,B4,recall_iou_0_3,0,0,0,agreement_within_1e-12
yolo11s,model_selection,400,B4,B4,recall_iou_0_5,0,0,0,agreement_within_1e-12
yolo11s,model_selection,400,B4,B4,recall_iou_0_7,0,0,0,agreement_within_1e-12
yolo11s,model_selection,400,B4,B4,median_scale_error,,,,not_available_in_frozen_parquet
yolo11s,model_selection,400,B5,B5,median_normalized_center_error,,,,not_available_in_frozen_parquet
yolo11s,model_selection,400,B5,B5,median_center_error_px,79403.1782366,79403.1782366,0,agreement_within_1e-12
yolo11s,model_selection,400,B5,B5,median_iou,0,0,0,agreement_within_1e-12
yolo11s,model_selection,400,B5,B5,recall_iou_0_3,0,0,0,agreement_within_1e-12
yolo11s,model_selection,400,B5,B5,recall_iou_0_5,0,0,0,agreement_within_1e-12
yolo11s,model_selection,400,B5,B5,recall_iou_0_7,0,0,0,agreement_within_1e-12
yolo11s,model_selection,400,B5,B5,median_scale_error,,,,not_available_in_frozen_parquet
yolo11s,model_selection,400,constant_velocity,B1,median_normalized_center_error,,,,not_available_in_frozen_parquet
yolo11s,model_selection,400,constant_velocity,B1,median_center_error_px,79262.2327475,79262.2327475,0,agreement_within_1e-12
yolo11s,model_selection,400,constant_velocity,B1,median_iou,0,0,0,agreement_within_1e-12
yolo11s,model_selection,400,constant_velocity,B1,recall_iou_0_3,0,0,0,agreement_within_1e-12
yolo11s,model_selection,400,constant_velocity,B1,recall_iou_0_5,0,0,0,agreement_within_1e-12
yolo11s,model_selection,400,constant_velocity,B1,recall_iou_0_7,0,0,0,agreement_within_1e-12
yolo11s,model_selection,400,constant_velocity,B1,median_scale_error,,,,not_available_in_frozen_parquet
yolo11s,model_selection,400,ego_motion_only,B3,median_normalized_center_error,,,,not_available_in_frozen_parquet
yolo11s,model_selection,400,ego_motion_only,B3,median_center_error_px,79489.0626671,79489.0626671,0,agreement_within_1e-12
yolo11s,model_selection,400,ego_motion_only,B3,median_iou,0,0,0,agreement_within_1e-12
yolo11s,model_selection,400,ego_motion_only,B3,recall_iou_0_3,0,0,0,agreement_within_1e-12
yolo11s,model_selection,400,ego_motion_only,B3,recall_iou_0_5,0,0,0,agreement_within_1e-12
yolo11s,model_selection,400,ego_motion_only,B3,recall_iou_0_7,0,0,0,agreement_within_1e-12
yolo11s,model_selection,400,ego_motion_only,B3,median_scale_error,,,,not_available_in_frozen_parquet
yolo11s,model_selection,400,kalman,B2,median_normalized_center_error,,,,not_available_in_frozen_parquet
yolo11s,model_selection,400,kalman,B2,median_center_error_px,79262.2327475,79262.2327475,0,agreement_within_1e-12
yolo11s,model_selection,400,kalman,B2,median_iou,0,0,0,agreement_within_1e-12
yolo11s,model_selection,400,kalman,B2,recall_iou_0_3,0,0,0,agreement_within_1e-12
yolo11s,model_selection,400,kalman,B2,recall_iou_0_5,0,0,0,agreement_within_1e-12
yolo11s,model_selection,400,kalman,B2,recall_iou_0_7,0,0,0,agreement_within_1e-12
yolo11s,model_selection,400,kalman,B2,median_scale_error,,,,not_available_in_frozen_parquet
yolo11s,model_selection,400,stale,B0,median_normalized_center_error,,,,not_available_in_frozen_parquet
yolo11s,model_selection,400,stale,B0,median_center_error_px,79489.0626671,79489.0626671,0,agreement_within_1e-12
yolo11s,model_selection,400,stale,B0,median_iou,0,0,0,agreement_within_1e-12
yolo11s,model_selection,400,stale,B0,recall_iou_0_3,0,0,0,agreement_within_1e-12
yolo11s,model_selection,400,stale,B0,recall_iou_0_5,0,0,0,agreement_within_1e-12
yolo11s,model_selection,400,stale,B0,recall_iou_0_7,0,0,0,agreement_within_1e-12
yolo11s,model_selection,400,stale,B0,median_scale_error,,,,not_available_in_frozen_parquet
yolo11s,model_selection,500,B4,B4,median_normalized_center_error,,,,not_available_in_frozen_parquet
yolo11s,model_selection,500,B4,B4,median_center_error_px,79197.9411062,79197.9411062,0,agreement_within_1e-12
yolo11s,model_selection,500,B4,B4,median_iou,0,0,0,agreement_within_1e-12
yolo11s,model_selection,500,B4,B4,recall_iou_0_3,0,0,0,agreement_within_1e-12
yolo11s,model_selection,500,B4,B4,recall_iou_0_5,0,0,0,agreement_within_1e-12
yolo11s,model_selection,500,B4,B4,recall_iou_0_7,0,0,0,agreement_within_1e-12
yolo11s,model_selection,500,B4,B4,median_scale_error,,,,not_available_in_frozen_parquet
yolo11s,model_selection,500,B5,B5,median_normalized_center_error,,,,not_available_in_frozen_parquet
yolo11s,model_selection,500,B5,B5,median_center_error_px,79396.5781422,79396.5781422,0,agreement_within_1e-12
yolo11s,model_selection,500,B5,B5,median_iou,0,0,0,agreement_within_1e-12
yolo11s,model_selection,500,B5,B5,recall_iou_0_3,0,0,0,agreement_within_1e-12
yolo11s,model_selection,500,B5,B5,recall_iou_0_5,0,0,0,agreement_within_1e-12
yolo11s,model_selection,500,B5,B5,recall_iou_0_7,0,0,0,agreement_within_1e-12
yolo11s,model_selection,500,B5,B5,median_scale_error,,,,not_available_in_frozen_parquet
yolo11s,model_selection,500,constant_velocity,B1,median_normalized_center_error,,,,not_available_in_frozen_parquet
yolo11s,model_selection,500,constant_velocity,B1,median_center_error_px,79197.9411062,79197.9411062,0,agreement_within_1e-12
yolo11s,model_selection,500,constant_velocity,B1,median_iou,0,0,0,agreement_within_1e-12
yolo11s,model_selection,500,constant_velocity,B1,recall_iou_0_3,0,0,0,agreement_within_1e-12
yolo11s,model_selection,500,constant_velocity,B1,recall_iou_0_5,0,0,0,agreement_within_1e-12
yolo11s,model_selection,500,constant_velocity,B1,recall_iou_0_7,0,0,0,agreement_within_1e-12
yolo11s,model_selection,500,constant_velocity,B1,median_scale_error,,,,not_available_in_frozen_parquet
yolo11s,model_selection,500,ego_motion_only,B3,median_normalized_center_error,,,,not_available_in_frozen_parquet
yolo11s,model_selection,500,ego_motion_only,B3,median_center_error_px,79650.7201307,79650.7201307,0,agreement_within_1e-12
yolo11s,model_selection,500,ego_motion_only,B3,median_iou,0,0,0,agreement_within_1e-12
yolo11s,model_selection,500,ego_motion_only,B3,recall_iou_0_3,0,0,0,agreement_within_1e-12
yolo11s,model_selection,500,ego_motion_only,B3,recall_iou_0_5,0,0,0,agreement_within_1e-12
yolo11s,model_selection,500,ego_motion_only,B3,recall_iou_0_7,0,0,0,agreement_within_1e-12
yolo11s,model_selection,500,ego_motion_only,B3,median_scale_error,,,,not_available_in_frozen_parquet
yolo11s,model_selection,500,kalman,B2,median_normalized_center_error,,,,not_available_in_frozen_parquet
yolo11s,model_selection,500,kalman,B2,median_center_error_px,79197.9411062,79197.9411062,0,agreement_within_1e-12
yolo11s,model_selection,500,kalman,B2,median_iou,0,0,0,agreement_within_1e-12
yolo11s,model_selection,500,kalman,B2,recall_iou_0_3,0,0,0,agreement_within_1e-12
yolo11s,model_selection,500,kalman,B2,recall_iou_0_5,0,0,0,agreement_within_1e-12
yolo11s,model_selection,500,kalman,B2,recall_iou_0_7,0,0,0,agreement_within_1e-12
yolo11s,model_selection,500,kalman,B2,median_scale_error,,,,not_available_in_frozen_parquet
yolo11s,model_selection,500,stale,B0,median_normalized_center_error,,,,not_available_in_frozen_parquet
yolo11s,model_selection,500,stale,B0,median_center_error_px,79650.7201307,79650.7201307,0,agreement_within_1e-12
yolo11s,model_selection,500,stale,B0,median_iou,0,0,0,agreement_within_1e-12
yolo11s,model_selection,500,stale,B0,recall_iou_0_3,0,0,0,agreement_within_1e-12
yolo11s,model_selection,500,stale,B0,recall_iou_0_5,0,0,0,agreement_within_1e-12
yolo11s,model_selection,500,stale,B0,recall_iou_0_7,0,0,0,agreement_within_1e-12
yolo11s,model_selection,500,stale,B0,median_scale_error,,,,not_available_in_frozen_parquet
