detector,log_id,delta_ms,yaw_stratum,control,comparisons,median_normalized_center_error,median_center_error_px,median_iou,recall_iou_0_3,recall_iou_0_5,recall_iou_0_7
yolo11n,0b86f508-5df9-4a46-bc59-5b9536dbde9f,300,high_yaw,valid_B4,116,0.00664725247027,17.0729655689,0.498416172479,0.73275862069,0.491379310345,0.146551724138
yolo11n,0b86f508-5df9-4a46-bc59-5b9536dbde9f,300,high_yaw,valid_B5,116,0.00572950093793,14.715790122,0.555708058428,0.870689655172,0.637931034483,0.206896551724
yolo11n,0b86f508-5df9-4a46-bc59-5b9536dbde9f,300,high_yaw,time_shifted_ego_pose,116,0.00828351043141,21.2755704733,0.453788788839,0.75,0.413793103448,0.120689655172
yolo11n,0b86f508-5df9-4a46-bc59-5b9536dbde9f,300,high_yaw,ego_motion_from_another_log,116,0.0111025763546,28.5161282313,0.385052266811,0.612068965517,0.318965517241,0.0603448275862
yolo11n,0b86f508-5df9-4a46-bc59-5b9536dbde9f,300,high_yaw,shuffled_object_velocity,116,0.0105069696534,26.9863574354,0.343266040946,0.534482758621,0.336206896552,0.103448275862
yolo11n,0b86f508-5df9-4a46-bc59-5b9536dbde9f,300,high_yaw,reversed_object_velocity,116,0.00969956498448,24.9125995671,0.41897720396,0.629310344828,0.370689655172,0.0775862068966
yolo11n,0b86f508-5df9-4a46-bc59-5b9536dbde9f,300,high_yaw,incorrect_depth,116,0.00848060397702,21.7817903488,0.397182003499,0.73275862069,0.353448275862,0.051724137931
yolo11n,0b86f508-5df9-4a46-bc59-5b9536dbde9f,300,high_yaw,mismatched_track_history,116,0.00826876267696,21.2376919807,0.360480215496,0.551724137931,0.362068965517,0.163793103448
yolo11n,0b86f508-5df9-4a46-bc59-5b9536dbde9f,300,high_yaw,no_ego_motion_correction,116,0.0114580610444,29.4291637895,0.290875494185,0.48275862069,0.189655172414,0.00862068965517
yolo11n,0b86f508-5df9-4a46-bc59-5b9536dbde9f,300,high_yaw,no_object_motion_correction,116,0.00482029396442,12.3805607286,0.585642624541,0.810344827586,0.698275862069,0.23275862069
yolo11n,0c3bad78-9f1e-395d-a376-2eb7499229fd,300,high_yaw,valid_B4,278,0.00623690203535,16.0190114912,0.594584938931,0.794964028777,0.640287769784,0.312949640288
yolo11n,0c3bad78-9f1e-395d-a376-2eb7499229fd,300,high_yaw,valid_B5,278,0.00521996750741,13.4070920164,0.643911342982,0.823741007194,0.701438848921,0.377697841727
yolo11n,0c3bad78-9f1e-395d-a376-2eb7499229fd,300,high_yaw,time_shifted_ego_pose,278,0.0151080269877,38.8038254496,0.369159359624,0.586330935252,0.359712230216,0.0719424460432
yolo11n,0c3bad78-9f1e-395d-a376-2eb7499229fd,300,high_yaw,ego_motion_from_another_log,278,0.0394147008788,101.233680234,0.0417758625515,0.226618705036,0.104316546763,0.0179856115108
yolo11n,0c3bad78-9f1e-395d-a376-2eb7499229fd,300,high_yaw,shuffled_object_velocity,278,0.00644010069414,16.5409118885,0.603575853736,0.76618705036,0.63309352518,0.345323741007
yolo11n,0c3bad78-9f1e-395d-a376-2eb7499229fd,300,high_yaw,reversed_object_velocity,278,0.0059188504475,15.2021200262,0.584630012323,0.798561151079,0.604316546763,0.370503597122
yolo11n,0c3bad78-9f1e-395d-a376-2eb7499229fd,300,high_yaw,incorrect_depth,278,0.00620723341127,15.9428098726,0.582335623052,0.794964028777,0.607913669065,0.284172661871
yolo11n,0c3bad78-9f1e-395d-a376-2eb7499229fd,300,high_yaw,mismatched_track_history,278,0.00659471672366,16.9380314744,0.583363134812,0.758992805755,0.611510791367,0.305755395683
yolo11n,0c3bad78-9f1e-395d-a376-2eb7499229fd,300,high_yaw,no_ego_motion_correction,278,0.0403491814271,103.633822895,0.0433378068982,0.248201438849,0.0971223021583,0.0215827338129
yolo11n,0c3bad78-9f1e-395d-a376-2eb7499229fd,300,high_yaw,no_object_motion_correction,278,0.002959364379,7.60090373797,0.742660100104,0.913669064748,0.845323741007,0.647482014388
yolo11n,0fb7276f-ecb5-3e5b-87a8-cc74c709c715,300,high_yaw,valid_B4,759,0.0098841592624,25.3867160183,0.410384764451,0.64163372859,0.380764163373,0.130434782609
yolo11n,0fb7276f-ecb5-3e5b-87a8-cc74c709c715,300,high_yaw,valid_B5,759,0.00775379093681,19.9150259878,0.490292634197,0.727272727273,0.484848484848,0.168642951252
yolo11n,0fb7276f-ecb5-3e5b-87a8-cc74c709c715,300,high_yaw,time_shifted_ego_pose,759,0.0124007240022,31.8503223498,0.357692765002,0.562582345191,0.324110671937,0.101449275362
yolo11n,0fb7276f-ecb5-3e5b-87a8-cc74c709c715,300,high_yaw,ego_motion_from_another_log,759,0.0319971829132,82.1823459576,0.0426331418534,0.196310935441,0.0513833992095,0.00395256916996
yolo11n,0fb7276f-ecb5-3e5b-87a8-cc74c709c715,300,high_yaw,shuffled_object_velocity,759,0.0118266304688,30.3758064995,0.349700396152,0.541501976285,0.296442687747,0.0974967061924
yolo11n,0fb7276f-ecb5-3e5b-87a8-cc74c709c715,300,high_yaw,reversed_object_velocity,759,0.0113954596174,29.2683767557,0.367346687375,0.594202898551,0.317523056653,0.108036890646
yolo11n,0fb7276f-ecb5-3e5b-87a8-cc74c709c715,300,high_yaw,incorrect_depth,759,0.00969925023875,24.9117911665,0.406661814246,0.631093544137,0.375494071146,0.115942028986
yolo11n,0fb7276f-ecb5-3e5b-87a8-cc74c709c715,300,high_yaw,mismatched_track_history,759,0.0119605297981,30.7197168066,0.363411636533,0.573122529644,0.32279314888,0.0909090909091
yolo11n,0fb7276f-ecb5-3e5b-87a8-cc74c709c715,300,high_yaw,no_ego_motion_correction,759,0.0230232084266,59.133370744,0.114309491108,0.33465085639,0.177865612648,0.0461133069829
yolo11n,0fb7276f-ecb5-3e5b-87a8-cc74c709c715,300,high_yaw,no_object_motion_correction,759,0.00440274347352,11.3081138513,0.58241319664,0.847167325428,0.667984189723,0.270092226614
yolo11n,15ec0778-826e-3ed7-9775-54fbf66997f4,300,high_yaw,valid_B4,263,0.00864642925894,22.2077000524,0.465211395854,0.67680608365,0.448669201521,0.136882129278
yolo11n,15ec0778-826e-3ed7-9775-54fbf66997f4,300,high_yaw,valid_B5,263,0.00731661121483,18.792162914,0.512741084149,0.752851711027,0.532319391635,0.15969581749
yolo11n,15ec0778-826e-3ed7-9775-54fbf66997f4,300,high_yaw,time_shifted_ego_pose,263,0.010572513914,27.154702915,0.337475123962,0.555133079848,0.330798479087,0.102661596958
yolo11n,15ec0778-826e-3ed7-9775-54fbf66997f4,300,high_yaw,ego_motion_from_another_log,263,0.0297428068883,76.3921515239,0,0.186311787072,0.0608365019011,0.0152091254753
yolo11n,15ec0778-826e-3ed7-9775-54fbf66997f4,300,high_yaw,shuffled_object_velocity,263,0.00935925256635,24.0385328421,0.445051134863,0.661596958175,0.429657794677,0.102661596958
yolo11n,15ec0778-826e-3ed7-9775-54fbf66997f4,300,high_yaw,reversed_object_velocity,263,0.00948968695538,24.373543712,0.454125518412,0.665399239544,0.414448669202,0.140684410646
yolo11n,15ec0778-826e-3ed7-9775-54fbf66997f4,300,high_yaw,incorrect_depth,263,0.0084234529036,21.6350021363,0.464918756568,0.680608365019,0.448669201521,0.136882129278
yolo11n,15ec0778-826e-3ed7-9775-54fbf66997f4,300,high_yaw,mismatched_track_history,263,0.00885315015759,22.7386470565,0.437229780783,0.634980988593,0.429657794677,0.125475285171
yolo11n,15ec0778-826e-3ed7-9775-54fbf66997f4,300,high_yaw,no_ego_motion_correction,263,0.0284647918132,73.1096663963,0.0348614613054,0.197718631179,0.0988593155894,0.0342205323194
yolo11n,15ec0778-826e-3ed7-9775-54fbf66997f4,300,high_yaw,no_object_motion_correction,263,0.00445902090654,11.4526581846,0.609073032458,0.828897338403,0.768060836502,0.174904942966
yolo11n,19350c96-623d-4d77-af96-f8c23f00c358,300,high_yaw,valid_B4,319,0.0103426014381,26.5641900975,0.407440716802,0.623824451411,0.382445141066,0.144200626959
yolo11n,19350c96-623d-4d77-af96-f8c23f00c358,300,high_yaw,valid_B5,319,0.00958298900512,24.613182975,0.440296629153,0.683385579937,0.420062695925,0.153605015674
yolo11n,19350c96-623d-4d77-af96-f8c23f00c358,300,high_yaw,time_shifted_ego_pose,319,0.0137821140713,35.3983183366,0.323115953211,0.526645768025,0.30407523511,0.0877742946708
yolo11n,19350c96-623d-4d77-af96-f8c23f00c358,300,high_yaw,ego_motion_from_another_log,319,0.024659281639,63.3355011352,0.111948886868,0.313479623824,0.15987460815,0.0188087774295
yolo11n,19350c96-623d-4d77-af96-f8c23f00c358,300,high_yaw,shuffled_object_velocity,319,0.0128554333627,33.0182089753,0.321853768116,0.529780564263,0.300940438871,0.119122257053
yolo11n,19350c96-623d-4d77-af96-f8c23f00c358,300,high_yaw,reversed_object_velocity,319,0.0128811468948,33.084252239,0.326573311734,0.542319749216,0.282131661442,0.103448275862
yolo11n,19350c96-623d-4d77-af96-f8c23f00c358,300,high_yaw,incorrect_depth,319,0.0107184504409,27.5295298543,0.387614266238,0.605015673981,0.335423197492,0.0815047021944
yolo11n,19350c96-623d-4d77-af96-f8c23f00c358,300,high_yaw,mismatched_track_history,319,0.0127540742723,32.7578758123,0.344681236175,0.567398119122,0.275862068966,0.0846394984326
yolo11n,19350c96-623d-4d77-af96-f8c23f00c358,300,high_yaw,no_ego_motion_correction,319,0.0223359092401,57.3680947297,0.234075264209,0.41065830721,0.181818181818,0.0501567398119
yolo11n,19350c96-623d-4d77-af96-f8c23f00c358,300,high_yaw,no_object_motion_correction,319,0.00919835599982,23.6252821716,0.438264403053,0.702194357367,0.391849529781,0.166144200627
yolo11n,1da4a0aa-22ae-3958-856d-05303de1f576,300,high_yaw,valid_B4,18,0.00963948386013,24.7582857402,0.545644893522,0.722222222222,0.555555555556,0.166666666667
yolo11n,1da4a0aa-22ae-3958-856d-05303de1f576,300,high_yaw,valid_B5,18,0.0102834008373,26.4121378288,0.522852718411,0.777777777778,0.611111111111,0.222222222222
yolo11n,1da4a0aa-22ae-3958-856d-05303de1f576,300,high_yaw,time_shifted_ego_pose,18,0.00998128139744,25.6361668817,0.528030974781,0.722222222222,0.555555555556,0.111111111111
yolo11n,1da4a0aa-22ae-3958-856d-05303de1f576,300,high_yaw,ego_motion_from_another_log,18,0.0167733772241,43.0811516642,0.337996704843,0.611111111111,0.222222222222,0.0555555555556
yolo11n,1da4a0aa-22ae-3958-856d-05303de1f576,300,high_yaw,shuffled_object_velocity,18,0.0121760578443,31.2732843036,0.311289499352,0.555555555556,0.333333333333,0
yolo11n,1da4a0aa-22ae-3958-856d-05303de1f576,300,high_yaw,reversed_object_velocity,18,0.0101219592416,25.9974872919,0.402207591219,0.666666666667,0.333333333333,0.111111111111
yolo11n,1da4a0aa-22ae-3958-856d-05303de1f576,300,high_yaw,incorrect_depth,18,0.0115530547923,29.6731480512,0.529875308428,0.722222222222,0.5,0.111111111111
yolo11n,1da4a0aa-22ae-3958-856d-05303de1f576,300,high_yaw,mismatched_track_history,18,0.0133735078383,34.3488441096,0.306842158292,0.555555555556,0.222222222222,0.0555555555556
yolo11n,1da4a0aa-22ae-3958-856d-05303de1f576,300,high_yaw,no_ego_motion_correction,18,0.0148014332688,38.0163626551,0.440666475087,0.666666666667,0.388888888889,0
yolo11n,1da4a0aa-22ae-3958-856d-05303de1f576,300,high_yaw,no_object_motion_correction,18,0.00905611110915,23.2599369208,0.504795129454,0.777777777778,0.5,0.222222222222
yolo11n,20dd185d-b4eb-3024-a17a-b4e5d8b15b65,300,high_yaw,valid_B4,712,0.0108385380109,27.8379657015,0.374799867334,0.551966292135,0.38904494382,0.10393258427
yolo11n,20dd185d-b4eb-3024-a17a-b4e5d8b15b65,300,high_yaw,valid_B5,712,0.00985702380183,25.3170206387,0.422765907744,0.594101123596,0.433988764045,0.13904494382
yolo11n,20dd185d-b4eb-3024-a17a-b4e5d8b15b65,300,high_yaw,time_shifted_ego_pose,712,0.0166350221965,42.7257972327,0.273250012256,0.48595505618,0.27808988764,0.101123595506
yolo11n,20dd185d-b4eb-3024-a17a-b4e5d8b15b65,300,high_yaw,ego_motion_from_another_log,712,0.0386546127917,99.2814514305,0,0.202247191011,0.0856741573034,0.0140449438202
yolo11n,20dd185d-b4eb-3024-a17a-b4e5d8b15b65,300,high_yaw,shuffled_object_velocity,712,0.015573447069,39.9992217519,0.219288872439,0.441011235955,0.244382022472,0.108146067416
yolo11n,20dd185d-b4eb-3024-a17a-b4e5d8b15b65,300,high_yaw,reversed_object_velocity,712,0.0161819224081,41.5620446714,0.213909555476,0.435393258427,0.27808988764,0.063202247191
yolo11n,20dd185d-b4eb-3024-a17a-b4e5d8b15b65,300,high_yaw,incorrect_depth,712,0.0117701683521,30.2307878202,0.360614310344,0.547752808989,0.370786516854,0.0702247191011
yolo11n,20dd185d-b4eb-3024-a17a-b4e5d8b15b65,300,high_yaw,mismatched_track_history,712,0.0158386132164,40.6802809601,0.255414970148,0.474719101124,0.275280898876,0.102528089888
yolo11n,20dd185d-b4eb-3024-a17a-b4e5d8b15b65,300,high_yaw,no_ego_motion_correction,712,0.0339655413087,87.2379257275,0.0357813133775,0.280898876404,0.178370786517,0.0337078651685
yolo11n,20dd185d-b4eb-3024-a17a-b4e5d8b15b65,300,high_yaw,no_object_motion_correction,712,0.00799157346808,20.5257524477,0.46145985874,0.655898876404,0.455056179775,0.237359550562
yolo11n,24642607-2a51-384a-90a7-228067956d05,300,high_yaw,valid_B4,149,0.0477118083423,122.544173657,0,0.355704697987,0.281879194631,0.181208053691
yolo11n,24642607-2a51-384a-90a7-228067956d05,300,high_yaw,valid_B5,149,0.044190481104,113.499910788,0,0.362416107383,0.288590604027,0.208053691275
yolo11n,24642607-2a51-384a-90a7-228067956d05,300,high_yaw,time_shifted_ego_pose,149,0.0498918794649,128.143521565,0,0.348993288591,0.268456375839,0.154362416107
yolo11n,24642607-2a51-384a-90a7-228067956d05,300,high_yaw,ego_motion_from_another_log,149,0.0448944158621,115.307914011,0,0.288590604027,0.167785234899,0.0335570469799
yolo11n,24642607-2a51-384a-90a7-228067956d05,300,high_yaw,shuffled_object_velocity,149,0.0546917129225,140.471531028,0,0.328859060403,0.241610738255,0.134228187919
yolo11n,24642607-2a51-384a-90a7-228067956d05,300,high_yaw,reversed_object_velocity,149,0.0536879090707,137.893336703,0,0.342281879195,0.275167785235,0.114093959732
yolo11n,24642607-2a51-384a-90a7-228067956d05,300,high_yaw,incorrect_depth,149,0.0467078762755,119.965650021,0,0.355704697987,0.281879194631,0.120805369128
yolo11n,24642607-2a51-384a-90a7-228067956d05,300,high_yaw,mismatched_track_history,149,0.0559952488002,143.819564409,0,0.268456375839,0.194630872483,0.147651006711
yolo11n,24642607-2a51-384a-90a7-228067956d05,300,high_yaw,no_ego_motion_correction,149,0.0389183055988,99.9587264754,0,0.348993288591,0.261744966443,0.0402684563758
yolo11n,24642607-2a51-384a-90a7-228067956d05,300,high_yaw,no_object_motion_correction,149,0.0430265592354,110.510465438,0,0.389261744966,0.342281879195,0.288590604027
yolo11n,27c03d98-6ac3-38a3-ba5e-102b184d01ef,300,high_yaw,valid_B4,166,0.00921457493392,23.666939278,0.427732409564,0.668674698795,0.427710843373,0.144578313253
yolo11n,27c03d98-6ac3-38a3-ba5e-102b184d01ef,300,high_yaw,valid_B5,166,0.0077694895322,19.9553466435,0.506767929771,0.710843373494,0.506024096386,0.192771084337
yolo11n,27c03d98-6ac3-38a3-ba5e-102b184d01ef,300,high_yaw,time_shifted_ego_pose,166,0.00888333268431,22.8161685952,0.446761668006,0.638554216867,0.433734939759,0.150602409639
yolo11n,27c03d98-6ac3-38a3-ba5e-102b184d01ef,300,high_yaw,ego_motion_from_another_log,166,0.0236608468512,60.7710968448,0.158118691308,0.313253012048,0.132530120482,0.0240963855422
yolo11n,27c03d98-6ac3-38a3-ba5e-102b184d01ef,300,high_yaw,shuffled_object_velocity,166,0.00946295019778,24.3048723709,0.430448717531,0.650602409639,0.409638554217,0.180722891566
yolo11n,27c03d98-6ac3-38a3-ba5e-102b184d01ef,300,high_yaw,reversed_object_velocity,166,0.00978604936175,25.1347281536,0.43713557255,0.596385542169,0.421686746988,0.204819277108
yolo11n,27c03d98-6ac3-38a3-ba5e-102b184d01ef,300,high_yaw,incorrect_depth,166,0.0114894389736,29.5097556291,0.406773806752,0.656626506024,0.361445783133,0.078313253012
yolo11n,27c03d98-6ac3-38a3-ba5e-102b184d01ef,300,high_yaw,mismatched_track_history,166,0.0100697668223,25.8634350076,0.434217762825,0.614457831325,0.421686746988,0.114457831325
yolo11n,27c03d98-6ac3-38a3-ba5e-102b184d01ef,300,high_yaw,no_ego_motion_correction,166,0.0176459251711,45.3222251188,0.279979844695,0.487951807229,0.228915662651,0.0542168674699
yolo11n,27c03d98-6ac3-38a3-ba5e-102b184d01ef,300,high_yaw,no_object_motion_correction,166,0.00469148654718,12.0497286127,0.633434592746,0.759036144578,0.590361445783,0.415662650602
yolo11n,29a00842-ead2-3050-b587-c5ef507e4125,300,high_yaw,valid_B4,822,0.010467926107,26.8860770375,0.493664776271,0.726277372263,0.487834549878,0.200729927007
yolo11n,29a00842-ead2-3050-b587-c5ef507e4125,300,high_yaw,valid_B5,822,0.00902687131735,23.1848367255,0.544011595264,0.787104622871,0.564476885645,0.242092457421
yolo11n,29a00842-ead2-3050-b587-c5ef507e4125,300,high_yaw,time_shifted_ego_pose,822,0.0106391071557,27.3257426231,0.505992770712,0.716545012165,0.508515815085,0.220194647202
yolo11n,29a00842-ead2-3050-b587-c5ef507e4125,300,high_yaw,ego_motion_from_another_log,822,0.0220735216901,56.6941721388,0.26165488936,0.43795620438,0.169099756691,0.0231143552311
yolo11n,29a00842-ead2-3050-b587-c5ef507e4125,300,high_yaw,shuffled_object_velocity,822,0.0124093401593,31.8724522981,0.455222689462,0.677615571776,0.446472019465,0.153284671533
yolo11n,29a00842-ead2-3050-b587-c5ef507e4125,300,high_yaw,reversed_object_velocity,822,0.0106755843102,27.4194314374,0.496202289714,0.717761557178,0.486618004866,0.177615571776
yolo11n,29a00842-ead2-3050-b587-c5ef507e4125,300,high_yaw,incorrect_depth,822,0.0130091401472,33.4129932342,0.465288905172,0.710462287105,0.43795620438,0.138686131387
yolo11n,29a00842-ead2-3050-b587-c5ef507e4125,300,high_yaw,mismatched_track_history,822,0.0119362693537,30.6574056889,0.44838961341,0.649635036496,0.431873479319,0.170316301703
yolo11n,29a00842-ead2-3050-b587-c5ef507e4125,300,high_yaw,no_ego_motion_correction,822,0.0183099775844,47.0277935529,0.347450056273,0.55596107056,0.290754257908,0.0425790754258
yolo11n,29a00842-ead2-3050-b587-c5ef507e4125,300,high_yaw,no_object_motion_correction,822,0.00597339631988,15.3422169769,0.629093633854,0.847931873479,0.706812652068,0.322384428224
yolo11n,2c652f9e-8db8-3572-aa49-fae1344a875b,300,high_yaw,valid_B4,137,0.0165047244028,42.3911371975,0.422198610253,0.620437956204,0.459854014599,0.0656934306569
yolo11n,2c652f9e-8db8-3572-aa49-fae1344a875b,300,high_yaw,valid_B5,137,0.014311854276,36.7589160145,0.500170367507,0.686131386861,0.503649635036,0.0948905109489
yolo11n,2c652f9e-8db8-3572-aa49-fae1344a875b,300,high_yaw,time_shifted_ego_pose,137,0.0182324026902,46.8285483004,0.416961930017,0.591240875912,0.43795620438,0.153284671533
yolo11n,2c652f9e-8db8-3572-aa49-fae1344a875b,300,high_yaw,ego_motion_from_another_log,137,0.0205716756701,52.8367941464,0.333634022475,0.525547445255,0.299270072993,0.182481751825
yolo11n,2c652f9e-8db8-3572-aa49-fae1344a875b,300,high_yaw,shuffled_object_velocity,137,0.020512653585,52.6852003817,0.266090881214,0.467153284672,0.29197080292,0.131386861314
yolo11n,2c652f9e-8db8-3572-aa49-fae1344a875b,300,high_yaw,reversed_object_velocity,137,0.023509936815,60.3834958225,0.245173412075,0.43795620438,0.182481751825,0.0802919708029
yolo11n,2c652f9e-8db8-3572-aa49-fae1344a875b,300,high_yaw,incorrect_depth,137,0.0175656375203,45.1160123558,0.39779214896,0.613138686131,0.29197080292,0.0510948905109
yolo11n,2c652f9e-8db8-3572-aa49-fae1344a875b,300,high_yaw,mismatched_track_history,137,0.0203477953605,52.2617744921,0.322200908232,0.525547445255,0.313868613139,0.160583941606
yolo11n,2c652f9e-8db8-3572-aa49-fae1344a875b,300,high_yaw,no_ego_motion_correction,137,0.0175380699954,45.0452072515,0.299124547729,0.496350364964,0.226277372263,0.043795620438
yolo11n,2c652f9e-8db8-3572-aa49-fae1344a875b,300,high_yaw,no_object_motion_correction,137,0.0139947289884,35.9444036817,0.436283855146,0.729927007299,0.43795620438,0.343065693431
yolo11n,36aec72e-5086-376c-b109-295b128e77e1,300,high_yaw,valid_B4,80,0.0164536521173,42.2599618922,0.419658308664,0.55,0.4625,0.225
yolo11n,36aec72e-5086-376c-b109-295b128e77e1,300,high_yaw,valid_B5,80,0.0124008520608,31.8506512588,0.531183839908,0.6,0.5,0.2875
yolo11n,36aec72e-5086-376c-b109-295b128e77e1,300,high_yaw,time_shifted_ego_pose,80,0.0170385687564,43.7622760717,0.42233209288,0.55,0.4625,0.2
yolo11n,36aec72e-5086-376c-b109-295b128e77e1,300,high_yaw,ego_motion_from_another_log,80,0.0296728115691,76.212373837,0.238298961095,0.425,0.1375,0.0125
yolo11n,36aec72e-5086-376c-b109-295b128e77e1,300,high_yaw,shuffled_object_velocity,80,0.0180079856512,46.2521500972,0.218355886448,0.4375,0.3375,0.15
yolo11n,36aec72e-5086-376c-b109-295b128e77e1,300,high_yaw,reversed_object_velocity,80,0.0175121813342,44.9787141819,0.360639344363,0.5375,0.425,0.0875
yolo11n,36aec72e-5086-376c-b109-295b128e77e1,300,high_yaw,incorrect_depth,80,0.0167022848624,42.8985563063,0.41293345902,0.55,0.4625,0.225
yolo11n,36aec72e-5086-376c-b109-295b128e77e1,300,high_yaw,mismatched_track_history,80,0.0152565014462,39.1851708746,0.203311999648,0.4,0.35,0.1625
yolo11n,36aec72e-5086-376c-b109-295b128e77e1,300,high_yaw,no_ego_motion_correction,80,0.0169615575778,43.5644786799,0.397786334323,0.55,0.375,0.05
yolo11n,36aec72e-5086-376c-b109-295b128e77e1,300,high_yaw,no_object_motion_correction,80,0.0115930856151,29.7759641942,0.623141857049,0.6125,0.5625,0.3875
yolo11n,3de5b5d6-68c4-3c95-84ed-be7c83d829f8,300,high_yaw,valid_B4,380,0.0144335301522,37.0714313063,0.451192274226,0.671052631579,0.431578947368,0.189473684211
yolo11n,3de5b5d6-68c4-3c95-84ed-be7c83d829f8,300,high_yaw,valid_B5,380,0.0113576358882,29.1712293659,0.502770970465,0.742105263158,0.502631578947,0.242105263158
yolo11n,3de5b5d6-68c4-3c95-84ed-be7c83d829f8,300,high_yaw,time_shifted_ego_pose,380,0.017107269804,43.93872952,0.383017716227,0.605263157895,0.355263157895,0.131578947368
yolo11n,3de5b5d6-68c4-3c95-84ed-be7c83d829f8,300,high_yaw,ego_motion_from_another_log,380,0.050473535629,129.637461461,0.136152336321,0.323684210526,0.107894736842,0.0157894736842
yolo11n,3de5b5d6-68c4-3c95-84ed-be7c83d829f8,300,high_yaw,shuffled_object_velocity,380,0.0166976680796,42.8866984486,0.390817489848,0.594736842105,0.363157894737,0.136842105263
yolo11n,3de5b5d6-68c4-3c95-84ed-be7c83d829f8,300,high_yaw,reversed_object_velocity,380,0.0147164661282,37.7981309762,0.423168843851,0.671052631579,0.381578947368,0.139473684211
yolo11n,3de5b5d6-68c4-3c95-84ed-be7c83d829f8,300,high_yaw,incorrect_depth,380,0.0137271860465,35.2572398564,0.453502192045,0.663157894737,0.444736842105,0.160526315789
yolo11n,3de5b5d6-68c4-3c95-84ed-be7c83d829f8,300,high_yaw,mismatched_track_history,380,0.0157797312319,40.5290470332,0.417149203608,0.621052631579,0.381578947368,0.118421052632
yolo11n,3de5b5d6-68c4-3c95-84ed-be7c83d829f8,300,high_yaw,no_ego_motion_correction,380,0.0522621453313,134.231370298,0.124339080055,0.347368421053,0.181578947368,0.0368421052632
yolo11n,3de5b5d6-68c4-3c95-84ed-be7c83d829f8,300,high_yaw,no_object_motion_correction,380,0.00688823685958,17.6919157592,0.603747791178,0.842105263158,0.673684210526,0.352631578947
yolo11n,44adf4c4-6064-362f-94d3-323ed42cfda9,300,high_yaw,valid_B4,237,0.00872338852719,22.4053641163,0.490885644177,0.751054852321,0.489451476793,0.210970464135
yolo11n,44adf4c4-6064-362f-94d3-323ed42cfda9,300,high_yaw,valid_B5,237,0.00696357531706,17.8854168932,0.548802134703,0.856540084388,0.586497890295,0.232067510549
yolo11n,44adf4c4-6064-362f-94d3-323ed42cfda9,300,high_yaw,time_shifted_ego_pose,237,0.0143545472486,36.8685696879,0.389302308834,0.616033755274,0.379746835443,0.15611814346
yolo11n,44adf4c4-6064-362f-94d3-323ed42cfda9,300,high_yaw,ego_motion_from_another_log,237,0.0326036741186,83.74007278,0.173314156047,0.333333333333,0.118143459916,0.0295358649789
yolo11n,44adf4c4-6064-362f-94d3-323ed42cfda9,300,high_yaw,shuffled_object_velocity,237,0.0117927320535,30.2887409818,0.382024062458,0.590717299578,0.329113924051,0.126582278481
yolo11n,44adf4c4-6064-362f-94d3-323ed42cfda9,300,high_yaw,reversed_object_velocity,237,0.0101495952418,26.0684682697,0.386985050263,0.616033755274,0.341772151899,0.147679324895
yolo11n,44adf4c4-6064-362f-94d3-323ed42cfda9,300,high_yaw,incorrect_depth,237,0.0103764676118,26.6511728049,0.495997106106,0.746835443038,0.497890295359,0.151898734177
yolo11n,44adf4c4-6064-362f-94d3-323ed42cfda9,300,high_yaw,mismatched_track_history,237,0.0125034376668,32.1141346344,0.387003014064,0.64135021097,0.316455696203,0.10970464135
yolo11n,44adf4c4-6064-362f-94d3-323ed42cfda9,300,high_yaw,no_ego_motion_correction,237,0.0301366523428,77.4037138069,0.211479540699,0.405063291139,0.223628691983,0.0168776371308
yolo11n,44adf4c4-6064-362f-94d3-323ed42cfda9,300,high_yaw,no_object_motion_correction,237,0.00666988390222,17.1310926914,0.559142227558,0.894514767932,0.645569620253,0.286919831224
yolo11n,47286726-5dd4-4e26-bd2d-5324f429e445,300,high_yaw,valid_B4,174,0.00980685597596,25.1881683697,0.541450565718,0.729885057471,0.540229885057,0.229885057471
yolo11n,47286726-5dd4-4e26-bd2d-5324f429e445,300,high_yaw,valid_B5,174,0.00871787750874,22.3912094819,0.595873307686,0.793103448276,0.614942528736,0.327586206897
yolo11n,47286726-5dd4-4e26-bd2d-5324f429e445,300,high_yaw,time_shifted_ego_pose,174,0.00951959358675,24.4503566344,0.563241145675,0.718390804598,0.551724137931,0.275862068966
yolo11n,47286726-5dd4-4e26-bd2d-5324f429e445,300,high_yaw,ego_motion_from_another_log,174,0.0274390734542,70.4751863152,0.24458948667,0.408045977011,0.0919540229885,0
yolo11n,47286726-5dd4-4e26-bd2d-5324f429e445,300,high_yaw,shuffled_object_velocity,174,0.0103050156577,26.4676538611,0.50346993293,0.729885057471,0.505747126437,0.235632183908
yolo11n,47286726-5dd4-4e26-bd2d-5324f429e445,300,high_yaw,reversed_object_velocity,174,0.0101032994158,25.9495609397,0.547620115923,0.735632183908,0.545977011494,0.224137931034
yolo11n,47286726-5dd4-4e26-bd2d-5324f429e445,300,high_yaw,incorrect_depth,174,0.0111309196808,28.5889259225,0.529843836908,0.724137931034,0.51724137931,0.195402298851
yolo11n,47286726-5dd4-4e26-bd2d-5324f429e445,300,high_yaw,mismatched_track_history,174,0.0107610221897,27.6388721735,0.469040211334,0.724137931034,0.48275862069,0.201149425287
yolo11n,47286726-5dd4-4e26-bd2d-5324f429e445,300,high_yaw,no_ego_motion_correction,174,0.0159124936213,40.8700371961,0.391100200531,0.574712643678,0.379310344828,0.0689655172414
yolo11n,47286726-5dd4-4e26-bd2d-5324f429e445,300,high_yaw,no_object_motion_correction,174,0.00767035457995,19.7007260113,0.667753804612,0.82183908046,0.67816091954,0.431034482759
yolo11n,4e3fedbb-847c-3d5b-8a62-c9ff84550985,300,high_yaw,valid_B4,42,0.00508698578761,13.0655385199,0.560469479868,0.690476190476,0.619047619048,0.380952380952
yolo11n,4e3fedbb-847c-3d5b-8a62-c9ff84550985,300,high_yaw,valid_B5,42,0.00530115233393,13.6156091073,0.594589600479,0.738095238095,0.619047619048,0.404761904762
yolo11n,4e3fedbb-847c-3d5b-8a62-c9ff84550985,300,high_yaw,time_shifted_ego_pose,42,0.00633782599522,16.2782270543,0.550067453876,0.690476190476,0.571428571429,0.357142857143
yolo11n,4e3fedbb-847c-3d5b-8a62-c9ff84550985,300,high_yaw,ego_motion_from_another_log,42,0.0145049818668,37.2549496348,0.285382288516,0.47619047619,0.166666666667,0.0238095238095
yolo11n,4e3fedbb-847c-3d5b-8a62-c9ff84550985,300,high_yaw,shuffled_object_velocity,42,0.0182265455752,46.8135047432,0.418578622934,0.571428571429,0.428571428571,0.0714285714286
yolo11n,4e3fedbb-847c-3d5b-8a62-c9ff84550985,300,high_yaw,reversed_object_velocity,42,0.0180957934402,46.4776777666,0.3372359561,0.571428571429,0.166666666667,0
yolo11n,4e3fedbb-847c-3d5b-8a62-c9ff84550985,300,high_yaw,incorrect_depth,42,0.00557337721847,14.3147981484,0.580010817811,0.690476190476,0.52380952381,0.238095238095
yolo11n,4e3fedbb-847c-3d5b-8a62-c9ff84550985,300,high_yaw,mismatched_track_history,42,0.0237822569741,61.0829295692,0.395560636354,0.52380952381,0.428571428571,0.0714285714286
yolo11n,4e3fedbb-847c-3d5b-8a62-c9ff84550985,300,high_yaw,no_ego_motion_correction,42,0.00772851289951,19.8501012595,0.458081026082,0.642857142857,0.47619047619,0
yolo11n,4e3fedbb-847c-3d5b-8a62-c9ff84550985,300,high_yaw,no_object_motion_correction,42,0.0109931001147,28.2349467834,0.497225406537,0.738095238095,0.47619047619,0.0952380952381
yolo11n,52071780-5758-3ed4-8835-0d64ecdc5575,300,high_yaw,valid_B4,130,0.009215563364,23.6694779859,0.456160200878,0.692307692308,0.430769230769,0.176923076923
yolo11n,52071780-5758-3ed4-8835-0d64ecdc5575,300,high_yaw,valid_B5,130,0.00702932409789,18.0542876674,0.577663191612,0.761538461538,0.569230769231,0.230769230769
yolo11n,52071780-5758-3ed4-8835-0d64ecdc5575,300,high_yaw,time_shifted_ego_pose,130,0.0100864449563,25.9062715343,0.443357691378,0.669230769231,0.407692307692,0.115384615385
yolo11n,52071780-5758-3ed4-8835-0d64ecdc5575,300,high_yaw,ego_motion_from_another_log,130,0.0111624346506,28.6698697406,0.378708563327,0.6,0.284615384615,0.0923076923077
yolo11n,52071780-5758-3ed4-8835-0d64ecdc5575,300,high_yaw,shuffled_object_velocity,130,0.010089518831,25.9141665492,0.374106604304,0.607692307692,0.384615384615,0.0846153846154
yolo11n,52071780-5758-3ed4-8835-0d64ecdc5575,300,high_yaw,reversed_object_velocity,130,0.0090118087355,23.1461496224,0.383644728364,0.6,0.361538461538,0.1
yolo11n,52071780-5758-3ed4-8835-0d64ecdc5575,300,high_yaw,incorrect_depth,130,0.0101961348512,26.1880017389,0.421157917444,0.7,0.4,0.115384615385
yolo11n,52071780-5758-3ed4-8835-0d64ecdc5575,300,high_yaw,mismatched_track_history,130,0.00951899063029,24.4488079863,0.364288165741,0.584615384615,0.315384615385,0.115384615385
yolo11n,52071780-5758-3ed4-8835-0d64ecdc5575,300,high_yaw,no_ego_motion_correction,130,0.0125256136924,32.1710920799,0.380344303222,0.653846153846,0.315384615385,0.0692307692308
yolo11n,52071780-5758-3ed4-8835-0d64ecdc5575,300,high_yaw,no_object_motion_correction,130,0.00410169167289,10.534885055,0.610133832853,0.892307692308,0.653846153846,0.238461538462
yolo11n,58e82365-03bc-3b2f-b55a-a4ad0e3e792d,300,high_yaw,valid_B4,27,0.00733491236955,18.8391680467,0.547555188204,0.62962962963,0.518518518519,0.222222222222
yolo11n,58e82365-03bc-3b2f-b55a-a4ad0e3e792d,300,high_yaw,valid_B5,27,0.0053880162455,13.838712499,0.563772518135,0.666666666667,0.555555555556,0.259259259259
yolo11n,58e82365-03bc-3b2f-b55a-a4ad0e3e792d,300,high_yaw,time_shifted_ego_pose,27,0.00697962161646,17.9266306004,0.477842510707,0.592592592593,0.481481481481,0.222222222222
yolo11n,58e82365-03bc-3b2f-b55a-a4ad0e3e792d,300,high_yaw,ego_motion_from_another_log,27,0.0120798870093,31.0262767826,0.266253219058,0.481481481481,0.37037037037,0.0740740740741
yolo11n,58e82365-03bc-3b2f-b55a-a4ad0e3e792d,300,high_yaw,shuffled_object_velocity,27,0.00857646662383,22.0280063119,0.344959177527,0.592592592593,0.296296296296,0.111111111111
yolo11n,58e82365-03bc-3b2f-b55a-a4ad0e3e792d,300,high_yaw,reversed_object_velocity,27,0.0107113606677,27.5113203077,0.22326529313,0.444444444444,0.259259259259,0.0740740740741
yolo11n,58e82365-03bc-3b2f-b55a-a4ad0e3e792d,300,high_yaw,incorrect_depth,27,0.00608303646256,15.6238193967,0.546749371237,0.62962962963,0.592592592593,0.333333333333
yolo11n,58e82365-03bc-3b2f-b55a-a4ad0e3e792d,300,high_yaw,mismatched_track_history,27,0.00876587552593,22.5144887614,0.333511297046,0.518518518519,0.407407407407,0.111111111111
yolo11n,58e82365-03bc-3b2f-b55a-a4ad0e3e792d,300,high_yaw,no_ego_motion_correction,27,0.0110846781108,28.470157945,0.31997882841,0.555555555556,0.185185185185,0.037037037037
yolo11n,58e82365-03bc-3b2f-b55a-a4ad0e3e792d,300,high_yaw,no_object_motion_correction,27,0.00508666651256,13.064718486,0.468971454504,0.703703703704,0.444444444444,0.222222222222
yolo11n,6c932547-4c11-31d7-b8ef-0c16a13dbfc3,300,high_yaw,valid_B4,625,0.0109229305989,28.0547216854,0.497777750433,0.7344,0.4928,0.152
yolo11n,6c932547-4c11-31d7-b8ef-0c16a13dbfc3,300,high_yaw,valid_B5,625,0.00890210228429,22.8643768941,0.545238189981,0.7968,0.5856,0.2048
yolo11n,6c932547-4c11-31d7-b8ef-0c16a13dbfc3,300,high_yaw,time_shifted_ego_pose,625,0.0115529002702,29.6727511729,0.500813095872,0.7312,0.5024,0.1504
yolo11n,6c932547-4c11-31d7-b8ef-0c16a13dbfc3,300,high_yaw,ego_motion_from_another_log,625,0.0197019178607,50.6028869494,0.309762239127,0.5104,0.2448,0.048
yolo11n,6c932547-4c11-31d7-b8ef-0c16a13dbfc3,300,high_yaw,shuffled_object_velocity,625,0.0130020733219,33.3948426275,0.420798745003,0.6352,0.4128,0.1712
yolo11n,6c932547-4c11-31d7-b8ef-0c16a13dbfc3,300,high_yaw,reversed_object_velocity,625,0.0117748590693,30.2428355729,0.471197302826,0.6928,0.4608,0.1472
yolo11n,6c932547-4c11-31d7-b8ef-0c16a13dbfc3,300,high_yaw,incorrect_depth,625,0.0129921953258,33.369471741,0.454711570095,0.688,0.432,0.0736
yolo11n,6c932547-4c11-31d7-b8ef-0c16a13dbfc3,300,high_yaw,mismatched_track_history,625,0.0122897893626,31.5653951127,0.431991791221,0.6416,0.4128,0.1376
yolo11n,6c932547-4c11-31d7-b8ef-0c16a13dbfc3,300,high_yaw,no_ego_motion_correction,625,0.0197037777065,50.6076638229,0.339604687443,0.5664,0.2704,0.032
yolo11n,6c932547-4c11-31d7-b8ef-0c16a13dbfc3,300,high_yaw,no_object_motion_correction,625,0.00602949524519,15.4863028266,0.612592962741,0.8544,0.72,0.2848
yolo11n,7039e410-b5ab-35aa-96bc-2c4b89d3c5e3,300,high_yaw,valid_B4,109,0.00642164349852,16.4935059766,0.628950971227,0.816513761468,0.660550458716,0.293577981651
yolo11n,7039e410-b5ab-35aa-96bc-2c4b89d3c5e3,300,high_yaw,valid_B5,109,0.00650507111376,16.7077835008,0.621304915795,0.880733944954,0.715596330275,0.275229357798
yolo11n,7039e410-b5ab-35aa-96bc-2c4b89d3c5e3,300,high_yaw,time_shifted_ego_pose,109,0.00701241794852,18.0108655005,0.610723702598,0.788990825688,0.614678899083,0.275229357798
yolo11n,7039e410-b5ab-35aa-96bc-2c4b89d3c5e3,300,high_yaw,ego_motion_from_another_log,109,0.0105920832794,27.2049653509,0.496114626217,0.651376146789,0.495412844037,0.247706422018
yolo11n,7039e410-b5ab-35aa-96bc-2c4b89d3c5e3,300,high_yaw,shuffled_object_velocity,109,0.0153938595304,39.5379647322,0.377092246258,0.614678899083,0.394495412844,0.183486238532
yolo11n,7039e410-b5ab-35aa-96bc-2c4b89d3c5e3,300,high_yaw,reversed_object_velocity,109,0.00903676694175,23.2102528888,0.508505725164,0.678899082569,0.522935779817,0.247706422018
yolo11n,7039e410-b5ab-35aa-96bc-2c4b89d3c5e3,300,high_yaw,incorrect_depth,109,0.00691587394235,17.7628995175,0.583296016331,0.816513761468,0.623853211009,0.211009174312
yolo11n,7039e410-b5ab-35aa-96bc-2c4b89d3c5e3,300,high_yaw,mismatched_track_history,109,0.014183234231,36.4285651501,0.443407755765,0.642201834862,0.412844036697,0.183486238532
yolo11n,7039e410-b5ab-35aa-96bc-2c4b89d3c5e3,300,high_yaw,no_ego_motion_correction,109,0.0110890571352,28.481405138,0.492425850152,0.706422018349,0.48623853211,0.0917431192661
yolo11n,7039e410-b5ab-35aa-96bc-2c4b89d3c5e3,300,high_yaw,no_object_motion_correction,109,0.00385058671812,9.88994095721,0.582136056951,0.880733944954,0.614678899083,0.366972477064
yolo11n,78683234-e6f1-3e4e-af52-6f839254e4c0,300,high_yaw,valid_B4,134,0.00827911652827,21.2642850652,0.420098263118,0.716417910448,0.365671641791,0.141791044776
yolo11n,78683234-e6f1-3e4e-af52-6f839254e4c0,300,high_yaw,valid_B5,134,0.00736243351242,18.9098540221,0.461295621035,0.761194029851,0.410447761194,0.164179104478
yolo11n,78683234-e6f1-3e4e-af52-6f839254e4c0,300,high_yaw,time_shifted_ego_pose,134,0.0104235204483,26.7720244592,0.395485483224,0.641791044776,0.328358208955,0.119402985075
yolo11n,78683234-e6f1-3e4e-af52-6f839254e4c0,300,high_yaw,ego_motion_from_another_log,134,0.0138423246336,35.5529646151,0.201861409766,0.388059701493,0.201492537313,0.044776119403
yolo11n,78683234-e6f1-3e4e-af52-6f839254e4c0,300,high_yaw,shuffled_object_velocity,134,0.0101931306482,26.1802856705,0.389561857559,0.634328358209,0.320895522388,0.134328358209
yolo11n,78683234-e6f1-3e4e-af52-6f839254e4c0,300,high_yaw,reversed_object_velocity,134,0.00812620621036,20.8715464707,0.375928818203,0.649253731343,0.358208955224,0.0970149253731
yolo11n,78683234-e6f1-3e4e-af52-6f839254e4c0,300,high_yaw,incorrect_depth,134,0.00722831586449,18.5653829801,0.426660543574,0.694029850746,0.388059701493,0.126865671642
yolo11n,78683234-e6f1-3e4e-af52-6f839254e4c0,300,high_yaw,mismatched_track_history,134,0.00942560185078,24.2089459644,0.393776345729,0.611940298507,0.350746268657,0.119402985075
yolo11n,78683234-e6f1-3e4e-af52-6f839254e4c0,300,high_yaw,no_ego_motion_correction,134,0.0106211205787,27.2795454595,0.375509652963,0.626865671642,0.313432835821,0.0298507462687
yolo11n,78683234-e6f1-3e4e-af52-6f839254e4c0,300,high_yaw,no_object_motion_correction,134,0.00544594959617,13.9875099316,0.505239613912,0.888059701493,0.507462686567,0.276119402985
yolo11n,78da7b7e-8ddf-3c7d-8716-eaa890106dd3,300,high_yaw,valid_B4,90,0.00621636670987,15.9662680598,0.516393443586,0.733333333333,0.511111111111,0.122222222222
yolo11n,78da7b7e-8ddf-3c7d-8716-eaa890106dd3,300,high_yaw,valid_B5,90,0.00554347175987,14.2379882383,0.546743873043,0.755555555556,0.588888888889,0.144444444444
yolo11n,78da7b7e-8ddf-3c7d-8716-eaa890106dd3,300,high_yaw,time_shifted_ego_pose,90,0.00732870622068,18.8232280224,0.48873512189,0.688888888889,0.477777777778,0.133333333333
yolo11n,78da7b7e-8ddf-3c7d-8716-eaa890106dd3,300,high_yaw,ego_motion_from_another_log,90,0.0114857594939,29.5003051636,0.26181678645,0.455555555556,0.222222222222,0.0555555555556
yolo11n,78da7b7e-8ddf-3c7d-8716-eaa890106dd3,300,high_yaw,shuffled_object_velocity,90,0.00672058618555,17.261317674,0.467960378988,0.666666666667,0.466666666667,0.2
yolo11n,78da7b7e-8ddf-3c7d-8716-eaa890106dd3,300,high_yaw,reversed_object_velocity,90,0.00546949277066,14.0479787958,0.512540232928,0.722222222222,0.544444444444,0.244444444444
yolo11n,78da7b7e-8ddf-3c7d-8716-eaa890106dd3,300,high_yaw,incorrect_depth,90,0.00636440609806,16.3464960395,0.512610731665,0.711111111111,0.511111111111,0.0777777777778
yolo11n,78da7b7e-8ddf-3c7d-8716-eaa890106dd3,300,high_yaw,mismatched_track_history,90,0.00572569979846,14.7060271826,0.513549996375,0.755555555556,0.522222222222,0.188888888889
yolo11n,78da7b7e-8ddf-3c7d-8716-eaa890106dd3,300,high_yaw,no_ego_motion_correction,90,0.00848488083887,21.7927751453,0.433841488271,0.711111111111,0.377777777778,0.0111111111111
yolo11n,78da7b7e-8ddf-3c7d-8716-eaa890106dd3,300,high_yaw,no_object_motion_correction,90,0.00318093635037,8.16999459997,0.641795423633,0.933333333333,0.844444444444,0.333333333333
yolo11n,7a2c222d-addc-30b2-aac6-596cb65a22e3,300,high_yaw,valid_B4,44,0.0178516009957,45.8504879291,0.617453367901,0.818181818182,0.659090909091,0.227272727273
yolo11n,7a2c222d-addc-30b2-aac6-596cb65a22e3,300,high_yaw,valid_B5,44,0.0196775944201,50.5404140306,0.587173667395,0.840909090909,0.659090909091,0.181818181818
yolo11n,7a2c222d-addc-30b2-aac6-596cb65a22e3,300,high_yaw,time_shifted_ego_pose,44,0.0261321960038,67.118570358,0.575115597085,0.704545454545,0.613636363636,0.0909090909091
yolo11n,7a2c222d-addc-30b2-aac6-596cb65a22e3,300,high_yaw,ego_motion_from_another_log,44,0.0355814868053,91.3883596021,0.492658595638,0.659090909091,0.477272727273,0
yolo11n,7a2c222d-addc-30b2-aac6-596cb65a22e3,300,high_yaw,shuffled_object_velocity,44,0.0378680230236,97.2611550618,0.378840300004,0.590909090909,0.318181818182,0.0681818181818
yolo11n,7a2c222d-addc-30b2-aac6-596cb65a22e3,300,high_yaw,reversed_object_velocity,44,0.0429137005154,110.220596346,0.264779195741,0.454545454545,0.181818181818,0
yolo11n,7a2c222d-addc-30b2-aac6-596cb65a22e3,300,high_yaw,incorrect_depth,44,0.0173957016907,44.6795450212,0.630942756447,0.840909090909,0.659090909091,0.272727272727
yolo11n,7a2c222d-addc-30b2-aac6-596cb65a22e3,300,high_yaw,mismatched_track_history,44,0.0915165137938,235.053248839,0.262090071441,0.431818181818,0.204545454545,0.0227272727273
yolo11n,7a2c222d-addc-30b2-aac6-596cb65a22e3,300,high_yaw,no_ego_motion_correction,44,0.0256106734426,65.7790790764,0.640702477733,0.636363636364,0.545454545455,0.409090909091
yolo11n,7a2c222d-addc-30b2-aac6-596cb65a22e3,300,high_yaw,no_object_motion_correction,44,0.0274718672483,70.5594146968,0.379693317037,0.636363636364,0.409090909091,0.0227272727273
yolo11n,858d739b-a0ba-35aa-bafc-4f7988bcad17,300,high_yaw,valid_B4,323,0.0141151316409,36.2536487946,0.447200700596,0.653250773994,0.424148606811,0.108359133127
yolo11n,858d739b-a0ba-35aa-bafc-4f7988bcad17,300,high_yaw,valid_B5,323,0.0110031616678,28.2607891221,0.499292021343,0.702786377709,0.498452012384,0.145510835913
yolo11n,858d739b-a0ba-35aa-bafc-4f7988bcad17,300,high_yaw,time_shifted_ego_pose,323,0.0138930083654,35.6831419497,0.390495934221,0.59133126935,0.374613003096,0.139318885449
yolo11n,858d739b-a0ba-35aa-bafc-4f7988bcad17,300,high_yaw,ego_motion_from_another_log,323,0.0226568112817,58.1923073697,0.273636956497,0.489164086687,0.207430340557,0.0402476780186
yolo11n,858d739b-a0ba-35aa-bafc-4f7988bcad17,300,high_yaw,shuffled_object_velocity,323,0.0198207499239,50.9080981224,0.303467837381,0.501547987616,0.303405572755,0.0743034055728
yolo11n,858d739b-a0ba-35aa-bafc-4f7988bcad17,300,high_yaw,reversed_object_velocity,323,0.0178542758369,45.8573580565,0.340499626067,0.53560371517,0.30959752322,0.0804953560372
yolo11n,858d739b-a0ba-35aa-bafc-4f7988bcad17,300,high_yaw,incorrect_depth,323,0.0159402472864,40.9413203872,0.390855495076,0.597523219814,0.328173374613,0.0743034055728
yolo11n,858d739b-a0ba-35aa-bafc-4f7988bcad17,300,high_yaw,mismatched_track_history,323,0.0185154453709,47.5555220332,0.30314690909,0.501547987616,0.284829721362,0.0804953560372
yolo11n,858d739b-a0ba-35aa-bafc-4f7988bcad17,300,high_yaw,no_ego_motion_correction,323,0.0256042707839,65.7626343314,0.244835994764,0.433436532508,0.176470588235,0.0340557275542
yolo11n,858d739b-a0ba-35aa-bafc-4f7988bcad17,300,high_yaw,no_object_motion_correction,323,0.0106878393285,27.4509075258,0.54295101618,0.739938080495,0.523219814241,0.148606811146
yolo11n,95bf6003-7068-3a78-a0c0-9e470a06e60f,300,high_yaw,valid_B4,566,0.0111595136078,28.6623672629,0.517175591767,0.726148409894,0.531802120141,0.275618374558
yolo11n,95bf6003-7068-3a78-a0c0-9e470a06e60f,300,high_yaw,valid_B5,566,0.00926558842392,23.7979635714,0.573993306788,0.8074204947,0.593639575972,0.312720848057
yolo11n,95bf6003-7068-3a78-a0c0-9e470a06e60f,300,high_yaw,time_shifted_ego_pose,566,0.013351498576,34.2923149828,0.491228533252,0.704946996466,0.480565371025,0.217314487633
yolo11n,95bf6003-7068-3a78-a0c0-9e470a06e60f,300,high_yaw,ego_motion_from_another_log,566,0.0381071095188,97.8752306544,0.157289519,0.360424028269,0.180212014134,0.0318021201413
yolo11n,95bf6003-7068-3a78-a0c0-9e470a06e60f,300,high_yaw,shuffled_object_velocity,566,0.0126951042187,32.6064156867,0.461262688151,0.667844522968,0.441696113074,0.162544169611
yolo11n,95bf6003-7068-3a78-a0c0-9e470a06e60f,300,high_yaw,reversed_object_velocity,566,0.0114007584227,29.2819863367,0.51035641614,0.710247349823,0.52296819788,0.270318021201
yolo11n,95bf6003-7068-3a78-a0c0-9e470a06e60f,300,high_yaw,incorrect_depth,566,0.0120396368905,30.9228973947,0.48412513273,0.724381625442,0.489399293286,0.212014134276
yolo11n,95bf6003-7068-3a78-a0c0-9e470a06e60f,300,high_yaw,mismatched_track_history,566,0.0124091891019,31.8720643186,0.453748879286,0.671378091873,0.443462897527,0.204946996466
yolo11n,95bf6003-7068-3a78-a0c0-9e470a06e60f,300,high_yaw,no_ego_motion_correction,566,0.0318183411604,81.7230044326,0.229472357244,0.418727915194,0.234982332155,0.0565371024735
yolo11n,95bf6003-7068-3a78-a0c0-9e470a06e60f,300,high_yaw,no_object_motion_correction,566,0.00667061318167,17.1329657905,0.670596174962,0.837455830389,0.71554770318,0.457597173145
yolo11n,a7636fca-4d9e-3052-bef2-af0ce5d1df74,300,high_yaw,valid_B4,693,0.0139477131204,35.8236469783,0.454886716539,0.642135642136,0.445887445887,0.167388167388
yolo11n,a7636fca-4d9e-3052-bef2-af0ce5d1df74,300,high_yaw,valid_B5,693,0.0125032273187,32.113594371,0.497661910742,0.679653679654,0.499278499278,0.186147186147
yolo11n,a7636fca-4d9e-3052-bef2-af0ce5d1df74,300,high_yaw,time_shifted_ego_pose,693,0.0211658361519,54.362850437,0.37408737321,0.574314574315,0.359307359307,0.0923520923521
yolo11n,a7636fca-4d9e-3052-bef2-af0ce5d1df74,300,high_yaw,ego_motion_from_another_log,693,0.0529369226981,135.964484965,0.0862411012364,0.246753246753,0.0721500721501,0.012987012987
yolo11n,a7636fca-4d9e-3052-bef2-af0ce5d1df74,300,high_yaw,shuffled_object_velocity,693,0.0204922476146,52.6327891891,0.321085802445,0.52380952381,0.326118326118,0.106782106782
yolo11n,a7636fca-4d9e-3052-bef2-af0ce5d1df74,300,high_yaw,reversed_object_velocity,693,0.0170574748729,43.8108350029,0.370705246513,0.578643578644,0.363636363636,0.121212121212
yolo11n,a7636fca-4d9e-3052-bef2-af0ce5d1df74,300,high_yaw,incorrect_depth,693,0.0142733277953,36.6599636606,0.436078201864,0.626262626263,0.424242424242,0.128427128427
yolo11n,a7636fca-4d9e-3052-bef2-af0ce5d1df74,300,high_yaw,mismatched_track_history,693,0.0173487546064,44.5589649834,0.360817324125,0.571428571429,0.352092352092,0.11544011544
yolo11n,a7636fca-4d9e-3052-bef2-af0ce5d1df74,300,high_yaw,no_ego_motion_correction,693,0.0439841379118,112.969933895,0.156256902552,0.2886002886,0.122655122655,0.012987012987
yolo11n,a7636fca-4d9e-3052-bef2-af0ce5d1df74,300,high_yaw,no_object_motion_correction,693,0.00878838197868,22.5722948842,0.568002599424,0.731601731602,0.558441558442,0.24531024531
yolo11n,a91d4c7b-bf55-3a0e-9eba-1a43577bcca8,300,high_yaw,valid_B4,286,0.00924380114747,23.7420045985,0.472404365273,0.611888111888,0.468531468531,0.262237762238
yolo11n,a91d4c7b-bf55-3a0e-9eba-1a43577bcca8,300,high_yaw,valid_B5,286,0.0111553563263,28.6516895997,0.505483660487,0.646853146853,0.506993006993,0.29020979021
yolo11n,a91d4c7b-bf55-3a0e-9eba-1a43577bcca8,300,high_yaw,time_shifted_ego_pose,286,0.0156465632165,40.1870150506,0.463933624289,0.611888111888,0.454545454545,0.192307692308
yolo11n,a91d4c7b-bf55-3a0e-9eba-1a43577bcca8,300,high_yaw,ego_motion_from_another_log,286,0.0201084415431,51.6470123026,0.322722974228,0.51048951049,0.293706293706,0.034965034965
yolo11n,a91d4c7b-bf55-3a0e-9eba-1a43577bcca8,300,high_yaw,shuffled_object_velocity,286,0.0234883910655,60.3281571934,0.259183182132,0.461538461538,0.258741258741,0.0944055944056
yolo11n,a91d4c7b-bf55-3a0e-9eba-1a43577bcca8,300,high_yaw,reversed_object_velocity,286,0.0257392340617,66.1092773098,0.260400796899,0.465034965035,0.216783216783,0.041958041958
yolo11n,a91d4c7b-bf55-3a0e-9eba-1a43577bcca8,300,high_yaw,incorrect_depth,286,0.0105974826591,27.2188332496,0.462901615229,0.608391608392,0.461538461538,0.178321678322
yolo11n,a91d4c7b-bf55-3a0e-9eba-1a43577bcca8,300,high_yaw,mismatched_track_history,286,0.0208612932711,53.5806550653,0.233330748846,0.447552447552,0.29020979021,0.125874125874
yolo11n,a91d4c7b-bf55-3a0e-9eba-1a43577bcca8,300,high_yaw,no_ego_motion_correction,286,0.0173107825124,44.4614365299,0.310604052538,0.517482517483,0.265734265734,0.048951048951
yolo11n,a91d4c7b-bf55-3a0e-9eba-1a43577bcca8,300,high_yaw,no_object_motion_correction,286,0.0158512150364,40.7126477824,0.468900460228,0.629370629371,0.447552447552,0.195804195804
yolo11n,b2053fdc-0b94-30bc-aee7-5bc6fb7e9f52,300,high_yaw,valid_B4,443,0.0097413483556,25.0199169979,0.520562110163,0.767494356659,0.52144469526,0.146726862302
yolo11n,b2053fdc-0b94-30bc-aee7-5bc6fb7e9f52,300,high_yaw,valid_B5,443,0.00767800721649,19.7203812299,0.587012983434,0.812641083521,0.61625282167,0.221218961625
yolo11n,b2053fdc-0b94-30bc-aee7-5bc6fb7e9f52,300,high_yaw,time_shifted_ego_pose,443,0.0108559822903,27.8827700148,0.514922612615,0.7539503386,0.519187358916,0.167042889391
yolo11n,b2053fdc-0b94-30bc-aee7-5bc6fb7e9f52,300,high_yaw,ego_motion_from_another_log,443,0.0177737928007,45.6506434609,0.378793858696,0.589164785553,0.316027088036,0.0609480812641
yolo11n,b2053fdc-0b94-30bc-aee7-5bc6fb7e9f52,300,high_yaw,shuffled_object_velocity,443,0.010740223034,27.5854511142,0.43581018291,0.65237020316,0.41309255079,0.144469525959
yolo11n,b2053fdc-0b94-30bc-aee7-5bc6fb7e9f52,300,high_yaw,reversed_object_velocity,443,0.0102591100605,26.3497488043,0.46291071163,0.690744920993,0.451467268623,0.130925507901
yolo11n,b2053fdc-0b94-30bc-aee7-5bc6fb7e9f52,300,high_yaw,incorrect_depth,443,0.0129724642111,33.3187938642,0.451155444511,0.708803611738,0.41309255079,0.0699774266366
yolo11n,b2053fdc-0b94-30bc-aee7-5bc6fb7e9f52,300,high_yaw,mismatched_track_history,443,0.0109952198711,28.2403912174,0.470807708426,0.681715575621,0.446952595937,0.124153498871
yolo11n,b2053fdc-0b94-30bc-aee7-5bc6fb7e9f52,300,high_yaw,no_ego_motion_correction,443,0.0168258126599,43.215828118,0.347896662772,0.602708803612,0.196388261851,0.0338600451467
yolo11n,b2053fdc-0b94-30bc-aee7-5bc6fb7e9f52,300,high_yaw,no_object_motion_correction,443,0.00552655386867,14.1945359134,0.623930902469,0.884875846501,0.744920993228,0.302483069977
yolo11n,b50c4763-5d1e-37f4-a009-2244aeebabcd,300,high_yaw,valid_B4,99,0.0136607596901,35.0866287806,0.208690728597,0.292929292929,0.171717171717,0.0707070707071
yolo11n,b50c4763-5d1e-37f4-a009-2244aeebabcd,300,high_yaw,valid_B5,99,0.0107167671257,27.5252063864,0.219957026611,0.323232323232,0.181818181818,0.0808080808081
yolo11n,b50c4763-5d1e-37f4-a009-2244aeebabcd,300,high_yaw,time_shifted_ego_pose,99,0.0144694661425,37.1637301812,0.190949032945,0.272727272727,0.181818181818,0.10101010101
yolo11n,b50c4763-5d1e-37f4-a009-2244aeebabcd,300,high_yaw,ego_motion_from_another_log,99,0.0218763086374,56.1876453184,0.00129749206376,0.20202020202,0.0707070707071,0
yolo11n,b50c4763-5d1e-37f4-a009-2244aeebabcd,300,high_yaw,shuffled_object_velocity,99,0.0147446914851,37.870625672,0.228722841887,0.313131313131,0.212121212121,0.0808080808081
yolo11n,b50c4763-5d1e-37f4-a009-2244aeebabcd,300,high_yaw,reversed_object_velocity,99,0.0139228356999,35.759751204,0.188779341695,0.282828282828,0.20202020202,0.0505050505051
yolo11n,b50c4763-5d1e-37f4-a009-2244aeebabcd,300,high_yaw,incorrect_depth,99,0.0150487163144,38.651490468,0.194779263762,0.30303030303,0.151515151515,0.030303030303
yolo11n,b50c4763-5d1e-37f4-a009-2244aeebabcd,300,high_yaw,mismatched_track_history,99,0.0136410682617,35.036052835,0.194152225631,0.333333333333,0.181818181818,0.0808080808081
yolo11n,b50c4763-5d1e-37f4-a009-2244aeebabcd,300,high_yaw,no_ego_motion_correction,99,0.0233151409594,59.8831773902,0.106706060414,0.222222222222,0.030303030303,0
yolo11n,b50c4763-5d1e-37f4-a009-2244aeebabcd,300,high_yaw,no_object_motion_correction,99,0.00910224125652,23.3784187178,0.219847406515,0.333333333333,0.212121212121,0.131313131313
yolo11n,b87683ae-14c5-321f-8af3-623e7bafc3a7,300,high_yaw,valid_B4,447,0.0180672351389,46.4043279283,0.219789915332,0.467561521253,0.319910514541,0.102908277405
yolo11n,b87683ae-14c5-321f-8af3-623e7bafc3a7,300,high_yaw,valid_B5,447,0.0139568160135,35.8470270712,0.312853183353,0.512304250559,0.333333333333,0.10514541387
yolo11n,b87683ae-14c5-321f-8af3-623e7bafc3a7,300,high_yaw,time_shifted_ego_pose,447,0.0250699041389,64.3901539914,0.116482169999,0.393736017897,0.199105145414,0.0536912751678
yolo11n,b87683ae-14c5-321f-8af3-623e7bafc3a7,300,high_yaw,ego_motion_from_another_log,447,0.0479253857215,123.092731013,0,0.208053691275,0.082774049217,0.0178970917226
yolo11n,b87683ae-14c5-321f-8af3-623e7bafc3a7,300,high_yaw,shuffled_object_velocity,447,0.0262565440894,67.4379490177,0.159770571877,0.366890380313,0.20581655481,0.0447427293065
yolo11n,b87683ae-14c5-321f-8af3-623e7bafc3a7,300,high_yaw,reversed_object_velocity,447,0.0275316377953,70.7129308294,0.106022916835,0.315436241611,0.149888143177,0.0402684563758
yolo11n,b87683ae-14c5-321f-8af3-623e7bafc3a7,300,high_yaw,incorrect_depth,447,0.0170256910069,43.7292005453,0.220779603312,0.463087248322,0.326621923937,0.082774049217
yolo11n,b87683ae-14c5-321f-8af3-623e7bafc3a7,300,high_yaw,mismatched_track_history,447,0.0255714456182,65.6783253744,0.180960232006,0.393736017897,0.203579418345,0.0469798657718
yolo11n,b87683ae-14c5-321f-8af3-623e7bafc3a7,300,high_yaw,no_ego_motion_correction,447,0.0450734080955,115.767642034,0,0.234899328859,0.107382550336,0.00671140939597
yolo11n,b87683ae-14c5-321f-8af3-623e7bafc3a7,300,high_yaw,no_object_motion_correction,447,0.0128387007286,32.9752324692,0.357379293783,0.545861297539,0.375838926174,0.0648769574944
yolo11n,c8ec7be0-92aa-3222-946e-fbcf398c841e,300,high_yaw,valid_B4,354,0.00888273299161,22.8146283298,0.535418761041,0.686440677966,0.536723163842,0.217514124294
yolo11n,c8ec7be0-92aa-3222-946e-fbcf398c841e,300,high_yaw,valid_B5,354,0.00840317940054,21.5829311759,0.540159198776,0.700564971751,0.564971751412,0.248587570621
yolo11n,c8ec7be0-92aa-3222-946e-fbcf398c841e,300,high_yaw,time_shifted_ego_pose,354,0.0144083673213,37.0068024767,0.423889709919,0.598870056497,0.443502824859,0.203389830508
yolo11n,c8ec7be0-92aa-3222-946e-fbcf398c841e,300,high_yaw,ego_motion_from_another_log,354,0.0306524508453,78.7285032765,0.120277450703,0.401129943503,0.194915254237,0.0112994350282
yolo11n,c8ec7be0-92aa-3222-946e-fbcf398c841e,300,high_yaw,shuffled_object_velocity,354,0.0150439753247,38.6393135942,0.364329188169,0.539548022599,0.361581920904,0.127118644068
yolo11n,c8ec7be0-92aa-3222-946e-fbcf398c841e,300,high_yaw,reversed_object_velocity,354,0.0148100194895,38.038415714,0.531844530554,0.661016949153,0.564971751412,0.146892655367
yolo11n,c8ec7be0-92aa-3222-946e-fbcf398c841e,300,high_yaw,incorrect_depth,354,0.0117482656069,30.1745322746,0.480744228228,0.641242937853,0.468926553672,0.0819209039548
yolo11n,c8ec7be0-92aa-3222-946e-fbcf398c841e,300,high_yaw,mismatched_track_history,354,0.0138375492967,35.5406995231,0.378718949085,0.559322033898,0.38418079096,0.172316384181
yolo11n,c8ec7be0-92aa-3222-946e-fbcf398c841e,300,high_yaw,no_ego_motion_correction,354,0.0271540619182,69.7431557263,0.185679557177,0.395480225989,0.197740112994,0.0225988700565
yolo11n,c8ec7be0-92aa-3222-946e-fbcf398c841e,300,high_yaw,no_object_motion_correction,354,0.00711748540254,18.2807233151,0.638571652722,0.737288135593,0.638418079096,0.392655367232
yolo11n,cae56e40-8470-3c9c-af75-6e444189488f,300,high_yaw,valid_B4,153,0.00674251914175,17.3176508143,0.440992638203,0.751633986928,0.385620915033,0.0980392156863
yolo11n,cae56e40-8470-3c9c-af75-6e444189488f,300,high_yaw,valid_B5,153,0.00593004713389,15.230877869,0.480226656509,0.803921568627,0.450980392157,0.169934640523
yolo11n,cae56e40-8470-3c9c-af75-6e444189488f,300,high_yaw,time_shifted_ego_pose,153,0.00652844527896,16.7678182775,0.45412709596,0.705882352941,0.40522875817,0.111111111111
yolo11n,cae56e40-8470-3c9c-af75-6e444189488f,300,high_yaw,ego_motion_from_another_log,153,0.0115773234064,29.7354801524,0.287645550333,0.477124183007,0.222222222222,0.0196078431373
yolo11n,cae56e40-8470-3c9c-af75-6e444189488f,300,high_yaw,shuffled_object_velocity,153,0.00858757348159,22.0565334366,0.386701305747,0.614379084967,0.307189542484,0.0653594771242
yolo11n,cae56e40-8470-3c9c-af75-6e444189488f,300,high_yaw,reversed_object_velocity,153,0.00901443851644,23.152904016,0.374139565858,0.627450980392,0.359477124183,0.0849673202614
yolo11n,cae56e40-8470-3c9c-af75-6e444189488f,300,high_yaw,incorrect_depth,153,0.00738499093485,18.9677910567,0.417644596501,0.692810457516,0.307189542484,0.078431372549
yolo11n,cae56e40-8470-3c9c-af75-6e444189488f,300,high_yaw,mismatched_track_history,153,0.0089525754211,22.9940133313,0.346242411099,0.62091503268,0.294117647059,0.0522875816993
yolo11n,cae56e40-8470-3c9c-af75-6e444189488f,300,high_yaw,no_ego_motion_correction,153,0.0110013615204,28.2561655797,0.297029996001,0.490196078431,0.124183006536,0.00653594771242
yolo11n,cae56e40-8470-3c9c-af75-6e444189488f,300,high_yaw,no_object_motion_correction,153,0.00490259352357,12.5919409261,0.550842631548,0.823529411765,0.588235294118,0.137254901961
yolo11n,d3ca0450-2167-38fb-b34b-449741cb38f3,300,high_yaw,valid_B4,297,0.0204059896518,52.4112421309,0.200801797736,0.447811447811,0.313131313131,0.114478114478
yolo11n,d3ca0450-2167-38fb-b34b-449741cb38f3,300,high_yaw,valid_B5,297,0.0198535923513,50.992451415,0.224969373918,0.481481481481,0.333333333333,0.124579124579
yolo11n,d3ca0450-2167-38fb-b34b-449741cb38f3,300,high_yaw,time_shifted_ego_pose,297,0.0252835141455,64.9387951485,0.150676877105,0.434343434343,0.282828282828,0.117845117845
yolo11n,d3ca0450-2167-38fb-b34b-449741cb38f3,300,high_yaw,ego_motion_from_another_log,297,0.0398131909757,102.25717193,0.0220973758172,0.272727272727,0.131313131313,0.013468013468
yolo11n,d3ca0450-2167-38fb-b34b-449741cb38f3,300,high_yaw,shuffled_object_velocity,297,0.0330448634902,84.8732343358,0.122157668931,0.340067340067,0.205387205387,0.0942760942761
yolo11n,d3ca0450-2167-38fb-b34b-449741cb38f3,300,high_yaw,reversed_object_velocity,297,0.0319705311302,82.1138928674,0.123900131794,0.309764309764,0.26936026936,0.117845117845
yolo11n,d3ca0450-2167-38fb-b34b-449741cb38f3,300,high_yaw,incorrect_depth,297,0.0217950588938,55.9789614929,0.195456743544,0.410774410774,0.282828282828,0.10101010101
yolo11n,d3ca0450-2167-38fb-b34b-449741cb38f3,300,high_yaw,mismatched_track_history,297,0.0261677770376,67.2099575542,0.126169210161,0.356902356902,0.242424242424,0.121212121212
yolo11n,d3ca0450-2167-38fb-b34b-449741cb38f3,300,high_yaw,no_ego_motion_correction,297,0.0377351197709,96.919803102,0.0778400313842,0.323232323232,0.191919191919,0.0572390572391
yolo11n,d3ca0450-2167-38fb-b34b-449741cb38f3,300,high_yaw,no_object_motion_correction,297,0.0209067689642,53.6974559459,0.197224069122,0.434343434343,0.309764309764,0.191919191919
yolo11n,da036982-92bf-36a8-b880-4ccf4e20b74e,300,high_yaw,valid_B4,319,0.0145953218159,37.4869809662,0.369585989597,0.53605015674,0.376175548589,0.0721003134796
yolo11n,da036982-92bf-36a8-b880-4ccf4e20b74e,300,high_yaw,valid_B5,319,0.0126214489937,32.4172378082,0.394540491948,0.583072100313,0.41065830721,0.0721003134796
yolo11n,da036982-92bf-36a8-b880-4ccf4e20b74e,300,high_yaw,time_shifted_ego_pose,319,0.0203047126864,52.1511199,0.244450636378,0.448275862069,0.260188087774,0.0470219435737
yolo11n,da036982-92bf-36a8-b880-4ccf4e20b74e,300,high_yaw,ego_motion_from_another_log,319,0.0392432814759,100.793402454,0.0529827475213,0.282131661442,0.0626959247649,0
yolo11n,da036982-92bf-36a8-b880-4ccf4e20b74e,300,high_yaw,shuffled_object_velocity,319,0.0224532030162,57.6693549286,0.204787353066,0.435736677116,0.203761755486,0.0626959247649
yolo11n,da036982-92bf-36a8-b880-4ccf4e20b74e,300,high_yaw,reversed_object_velocity,319,0.0273248110235,70.181711898,0.188773975353,0.335423197492,0.156739811912,0.0438871473354
yolo11n,da036982-92bf-36a8-b880-4ccf4e20b74e,300,high_yaw,incorrect_depth,319,0.0126719676608,32.5469911862,0.368040841939,0.545454545455,0.379310344828,0.0626959247649
yolo11n,da036982-92bf-36a8-b880-4ccf4e20b74e,300,high_yaw,mismatched_track_history,319,0.0220896180606,56.7355144499,0.20064430811,0.407523510972,0.225705329154,0.0532915360502
yolo11n,da036982-92bf-36a8-b880-4ccf4e20b74e,300,high_yaw,no_ego_motion_correction,319,0.0382136969947,98.1489925303,0.0378596888886,0.288401253918,0.134796238245,0.0344827586207
yolo11n,da036982-92bf-36a8-b880-4ccf4e20b74e,300,high_yaw,no_object_motion_correction,319,0.013917232746,35.7453604404,0.391557716085,0.598746081505,0.266457680251,0.0658307210031
yolo11n,dafe14f5-825c-4e7a-9009-6dfdfdd5b030,300,high_yaw,valid_B4,208,0.0108869547688,27.9623204849,0.496650012494,0.721153846154,0.495192307692,0.163461538462
yolo11n,dafe14f5-825c-4e7a-9009-6dfdfdd5b030,300,high_yaw,valid_B5,208,0.00927852488579,23.831189896,0.538992542182,0.778846153846,0.572115384615,0.211538461538
yolo11n,dafe14f5-825c-4e7a-9009-6dfdfdd5b030,300,high_yaw,time_shifted_ego_pose,208,0.0122026345357,31.3415445269,0.492905689903,0.6875,0.490384615385,0.139423076923
yolo11n,dafe14f5-825c-4e7a-9009-6dfdfdd5b030,300,high_yaw,ego_motion_from_another_log,208,0.0158067545325,40.5984543384,0.366702587486,0.586538461538,0.326923076923,0.0769230769231
yolo11n,dafe14f5-825c-4e7a-9009-6dfdfdd5b030,300,high_yaw,shuffled_object_velocity,208,0.014016620467,36.00063029,0.397640042776,0.600961538462,0.365384615385,0.100961538462
yolo11n,dafe14f5-825c-4e7a-9009-6dfdfdd5b030,300,high_yaw,reversed_object_velocity,208,0.014555774686,37.3854071519,0.392187963795,0.548076923077,0.379807692308,0.120192307692
yolo11n,dafe14f5-825c-4e7a-9009-6dfdfdd5b030,300,high_yaw,incorrect_depth,208,0.0145337220109,37.3287665227,0.430669717078,0.697115384615,0.375,0.120192307692
yolo11n,dafe14f5-825c-4e7a-9009-6dfdfdd5b030,300,high_yaw,mismatched_track_history,208,0.0119469552122,30.6848515088,0.422046432048,0.644230769231,0.403846153846,0.125
yolo11n,dafe14f5-825c-4e7a-9009-6dfdfdd5b030,300,high_yaw,no_ego_motion_correction,208,0.0255021296855,65.5002926401,0.334388153309,0.5625,0.173076923077,0
yolo11n,dafe14f5-825c-4e7a-9009-6dfdfdd5b030,300,high_yaw,no_object_motion_correction,208,0.00776449476646,19.9425179652,0.548796127367,0.774038461538,0.581730769231,0.230769230769
yolo11n,e1d68dde-22a9-3918-a526-0850b21ff2eb,300,high_yaw,valid_B4,97,0.0170800261015,43.868756129,0.312859055919,0.536082474227,0.257731958763,0.0515463917526
yolo11n,e1d68dde-22a9-3918-a526-0850b21ff2eb,300,high_yaw,valid_B5,97,0.0193134483401,49.6051323463,0.312735526801,0.525773195876,0.278350515464,0.0103092783505
yolo11n,e1d68dde-22a9-3918-a526-0850b21ff2eb,300,high_yaw,time_shifted_ego_pose,97,0.018332861855,47.0865700725,0.322995445497,0.525773195876,0.216494845361,0.0515463917526
yolo11n,e1d68dde-22a9-3918-a526-0850b21ff2eb,300,high_yaw,ego_motion_from_another_log,97,0.023412884806,60.1342250726,0.212677389833,0.298969072165,0.103092783505,0.0103092783505
yolo11n,e1d68dde-22a9-3918-a526-0850b21ff2eb,300,high_yaw,shuffled_object_velocity,97,0.0179113446428,46.0039349713,0.298511093063,0.494845360825,0.237113402062,0.0103092783505
yolo11n,e1d68dde-22a9-3918-a526-0850b21ff2eb,300,high_yaw,reversed_object_velocity,97,0.0495610389584,127.293782729,0.0213792799518,0.0618556701031,0,0
yolo11n,e1d68dde-22a9-3918-a526-0850b21ff2eb,300,high_yaw,incorrect_depth,97,0.016839508172,43.2510040056,0.310987866303,0.525773195876,0.19587628866,0.0515463917526
yolo11n,e1d68dde-22a9-3918-a526-0850b21ff2eb,300,high_yaw,mismatched_track_history,97,0.0189578600288,48.6918306442,0.233370147033,0.432989690722,0.216494845361,0
yolo11n,e1d68dde-22a9-3918-a526-0850b21ff2eb,300,high_yaw,no_ego_motion_correction,97,0.0190736500472,48.9892285551,0.307737303985,0.505154639175,0.19587628866,0.0309278350515
yolo11n,e1d68dde-22a9-3918-a526-0850b21ff2eb,300,high_yaw,no_object_motion_correction,97,0.0239294891658,61.4610843257,0.228931999329,0.371134020619,0.0103092783505,0
yolo11n,e50e7698-de3d-355f-aca2-eddd09c09533,300,high_yaw,valid_B4,639,0.0125642691001,32.2703755731,0.372512324863,0.568075117371,0.347417840376,0.107981220657
yolo11n,e50e7698-de3d-355f-aca2-eddd09c09533,300,high_yaw,valid_B5,639,0.0104817696072,26.9216330214,0.45029076751,0.627543035994,0.435054773083,0.133020344288
yolo11n,e50e7698-de3d-355f-aca2-eddd09c09533,300,high_yaw,time_shifted_ego_pose,639,0.0144150485554,37.0239627217,0.358546038352,0.561815336463,0.338028169014,0.0813771517997
yolo11n,e50e7698-de3d-355f-aca2-eddd09c09533,300,high_yaw,ego_motion_from_another_log,639,0.0415602302443,106.74431025,0,0.184663536776,0.075117370892,0.00469483568075
yolo11n,e50e7698-de3d-355f-aca2-eddd09c09533,300,high_yaw,shuffled_object_velocity,639,0.0138125392372,35.4764630757,0.307410482292,0.505477308294,0.348982785603,0.112676056338
yolo11n,e50e7698-de3d-355f-aca2-eddd09c09533,300,high_yaw,reversed_object_velocity,639,0.0128867633642,33.0986777161,0.321373599273,0.513302034429,0.331768388106,0.115805946792
yolo11n,e50e7698-de3d-355f-aca2-eddd09c09533,300,high_yaw,incorrect_depth,639,0.0137781421667,35.3881167998,0.347146412339,0.549295774648,0.325508607199,0.0860719874804
yolo11n,e50e7698-de3d-355f-aca2-eddd09c09533,300,high_yaw,mismatched_track_history,639,0.0142504196254,36.6011257577,0.318704952124,0.519561815336,0.345852895149,0.093896713615
yolo11n,e50e7698-de3d-355f-aca2-eddd09c09533,300,high_yaw,no_ego_motion_correction,639,0.0397300670357,102.043674373,0.0323142721669,0.264475743349,0.0845070422535,0.0109546165884
yolo11n,e50e7698-de3d-355f-aca2-eddd09c09533,300,high_yaw,no_object_motion_correction,639,0.00635947517921,16.3338313471,0.526962099856,0.727699530516,0.544600938967,0.181533646322
yolo11n,eec284b2-840a-3c75-aa42-04d2e309bbe1,300,high_yaw,valid_B4,35,0.00729345007693,18.7326752818,0.572578913301,0.857142857143,0.742857142857,0.371428571429
yolo11n,eec284b2-840a-3c75-aa42-04d2e309bbe1,300,high_yaw,valid_B5,35,0.00591496832406,15.1921490856,0.613960005419,0.942857142857,0.742857142857,0.4
yolo11n,eec284b2-840a-3c75-aa42-04d2e309bbe1,300,high_yaw,time_shifted_ego_pose,35,0.0080382091648,20.64553271,0.613781440571,0.828571428571,0.714285714286,0.342857142857
yolo11n,eec284b2-840a-3c75-aa42-04d2e309bbe1,300,high_yaw,ego_motion_from_another_log,35,0.00744610289013,19.124752495,0.591652037409,0.857142857143,0.628571428571,0.285714285714
yolo11n,eec284b2-840a-3c75-aa42-04d2e309bbe1,300,high_yaw,shuffled_object_velocity,35,0.00864626419905,22.2072761085,0.592642112121,0.771428571429,0.542857142857,0.314285714286
yolo11n,eec284b2-840a-3c75-aa42-04d2e309bbe1,300,high_yaw,reversed_object_velocity,35,0.00643170725649,16.5193539783,0.582786199182,0.8,0.628571428571,0.371428571429
yolo11n,eec284b2-840a-3c75-aa42-04d2e309bbe1,300,high_yaw,incorrect_depth,35,0.00809297466007,20.7861937454,0.54313898012,0.857142857143,0.542857142857,0.257142857143
yolo11n,eec284b2-840a-3c75-aa42-04d2e309bbe1,300,high_yaw,mismatched_track_history,35,0.00930608251604,23.9019695865,0.592976087807,0.771428571429,0.6,0.457142857143
yolo11n,eec284b2-840a-3c75-aa42-04d2e309bbe1,300,high_yaw,no_ego_motion_correction,35,0.0132398297444,34.005502029,0.533565362759,0.8,0.6,0.114285714286
yolo11n,eec284b2-840a-3c75-aa42-04d2e309bbe1,300,high_yaw,no_object_motion_correction,35,0.00523958293453,13.4574727584,0.782858564347,0.942857142857,0.742857142857,0.628571428571
yolo11n,f2576c8a-da9b-450e-88cf-a70af1b0eadf,300,high_yaw,valid_B4,140,0.011954604375,30.7044978053,0.497627015674,0.657142857143,0.5,0.271428571429
yolo11n,f2576c8a-da9b-450e-88cf-a70af1b0eadf,300,high_yaw,valid_B5,140,0.0134515727144,34.5493478439,0.54948355008,0.657142857143,0.528571428571,0.25
yolo11n,f2576c8a-da9b-450e-88cf-a70af1b0eadf,300,high_yaw,time_shifted_ego_pose,140,0.0139418232535,35.8085193002,0.430126862663,0.635714285714,0.435714285714,0.171428571429
yolo11n,f2576c8a-da9b-450e-88cf-a70af1b0eadf,300,high_yaw,ego_motion_from_another_log,140,0.0207637477361,53.3301167311,0.230131010644,0.385714285714,0.221428571429,0.05
yolo11n,f2576c8a-da9b-450e-88cf-a70af1b0eadf,300,high_yaw,shuffled_object_velocity,140,0.0233498492796,59.9723230874,0.321010514998,0.521428571429,0.307142857143,0.1
yolo11n,f2576c8a-da9b-450e-88cf-a70af1b0eadf,300,high_yaw,reversed_object_velocity,140,0.0212794214031,54.6545855699,0.349613620371,0.607142857143,0.271428571429,0.15
yolo11n,f2576c8a-da9b-450e-88cf-a70af1b0eadf,300,high_yaw,incorrect_depth,140,0.0145667560984,37.4136120798,0.45339358648,0.65,0.457142857143,0.192857142857
yolo11n,f2576c8a-da9b-450e-88cf-a70af1b0eadf,300,high_yaw,mismatched_track_history,140,0.0226820119259,58.2570333197,0.329218362487,0.542857142857,0.328571428571,0.107142857143
yolo11n,f2576c8a-da9b-450e-88cf-a70af1b0eadf,300,high_yaw,no_ego_motion_correction,140,0.015250318433,39.1692902723,0.295492692775,0.5,0.3,0.178571428571
yolo11n,f2576c8a-da9b-450e-88cf-a70af1b0eadf,300,high_yaw,no_object_motion_correction,140,0.0101630408771,26.1030023678,0.538020787514,0.778571428571,0.621428571429,0.228571428571
yolo11n,f292cc5c-7a90-360d-b62a-074c643bdf59,300,high_yaw,valid_B4,515,0.00763680485411,19.6145560762,0.497660653704,0.681553398058,0.499029126214,0.163106796117
yolo11n,f292cc5c-7a90-360d-b62a-074c643bdf59,300,high_yaw,valid_B5,515,0.00665265223281,17.0868344509,0.543835927118,0.743689320388,0.594174757282,0.192233009709
yolo11n,f292cc5c-7a90-360d-b62a-074c643bdf59,300,high_yaw,time_shifted_ego_pose,515,0.00941215129748,24.1743992349,0.406063815764,0.592233009709,0.394174757282,0.155339805825
yolo11n,f292cc5c-7a90-360d-b62a-074c643bdf59,300,high_yaw,ego_motion_from_another_log,515,0.015683990329,40.2831437603,0.186368288906,0.339805825243,0.13786407767,0.0291262135922
yolo11n,f292cc5c-7a90-360d-b62a-074c643bdf59,300,high_yaw,shuffled_object_velocity,515,0.00941813448472,24.1897665991,0.402473476927,0.609708737864,0.361165048544,0.11067961165
yolo11n,f292cc5c-7a90-360d-b62a-074c643bdf59,300,high_yaw,reversed_object_velocity,515,0.00822610743099,21.1281352053,0.475442184583,0.693203883495,0.464077669903,0.18640776699
yolo11n,f292cc5c-7a90-360d-b62a-074c643bdf59,300,high_yaw,incorrect_depth,515,0.0087817097023,22.5551576466,0.472150452354,0.677669902913,0.454368932039,0.112621359223
yolo11n,f292cc5c-7a90-360d-b62a-074c643bdf59,300,high_yaw,mismatched_track_history,515,0.00921266782024,23.6620410006,0.411401160188,0.638834951456,0.363106796117,0.122330097087
yolo11n,f292cc5c-7a90-360d-b62a-074c643bdf59,300,high_yaw,no_ego_motion_correction,515,0.0149755806333,38.4636469986,0.237706508781,0.405825242718,0.161165048544,0.0233009708738
yolo11n,f292cc5c-7a90-360d-b62a-074c643bdf59,300,high_yaw,no_object_motion_correction,515,0.00514626458869,13.2177916401,0.631760335378,0.817475728155,0.706796116505,0.384466019417
yolo11s,0b86f508-5df9-4a46-bc59-5b9536dbde9f,300,high_yaw,valid_B4,123,0.00564379464108,14.4956599762,0.527956289466,0.788617886179,0.560975609756,0.211382113821
yolo11s,0b86f508-5df9-4a46-bc59-5b9536dbde9f,300,high_yaw,valid_B5,123,0.00595321748552,15.2903891659,0.599969613624,0.861788617886,0.642276422764,0.227642276423
yolo11s,0b86f508-5df9-4a46-bc59-5b9536dbde9f,300,high_yaw,time_shifted_ego_pose,123,0.00744582862943,19.1240480771,0.48494698103,0.715447154472,0.49593495935,0.19512195122
yolo11s,0b86f508-5df9-4a46-bc59-5b9536dbde9f,300,high_yaw,ego_motion_from_another_log,123,0.0117995092367,30.3061476647,0.374499569898,0.593495934959,0.292682926829,0.0569105691057
yolo11s,0b86f508-5df9-4a46-bc59-5b9536dbde9f,300,high_yaw,shuffled_object_velocity,123,0.0115875962954,29.7618652914,0.288714456107,0.49593495935,0.317073170732,0.105691056911
yolo11s,0b86f508-5df9-4a46-bc59-5b9536dbde9f,300,high_yaw,reversed_object_velocity,123,0.00998676816353,25.6502592257,0.457134499684,0.642276422764,0.30081300813,0.0487804878049
yolo11s,0b86f508-5df9-4a46-bc59-5b9536dbde9f,300,high_yaw,incorrect_depth,123,0.00885197262327,22.7356226486,0.387756382146,0.747967479675,0.341463414634,0.0650406504065
yolo11s,0b86f508-5df9-4a46-bc59-5b9536dbde9f,300,high_yaw,mismatched_track_history,123,0.0106793055211,27.4289890865,0.286894644872,0.487804878049,0.325203252033,0.121951219512
yolo11s,0b86f508-5df9-4a46-bc59-5b9536dbde9f,300,high_yaw,no_ego_motion_correction,123,0.0130941743446,33.6313971432,0.264843394108,0.447154471545,0.178861788618,0.0162601626016
yolo11s,0b86f508-5df9-4a46-bc59-5b9536dbde9f,300,high_yaw,no_object_motion_correction,123,0.00477365540823,12.260773122,0.605732994256,0.764227642276,0.715447154472,0.219512195122
yolo11s,0c3bad78-9f1e-395d-a376-2eb7499229fd,300,high_yaw,valid_B4,324,0.00594728628864,15.275155335,0.587803622921,0.737654320988,0.617283950617,0.37037037037
yolo11s,0c3bad78-9f1e-395d-a376-2eb7499229fd,300,high_yaw,valid_B5,324,0.00502306885741,12.9013727155,0.660544191427,0.756172839506,0.666666666667,0.429012345679
yolo11s,0c3bad78-9f1e-395d-a376-2eb7499229fd,300,high_yaw,time_shifted_ego_pose,324,0.0157702345107,40.5046554226,0.312938243756,0.524691358025,0.317901234568,0.0864197530864
yolo11s,0c3bad78-9f1e-395d-a376-2eb7499229fd,300,high_yaw,ego_motion_from_another_log,324,0.0390358623957,100.260662223,0.017250163237,0.197530864198,0.0864197530864,0.0216049382716
yolo11s,0c3bad78-9f1e-395d-a376-2eb7499229fd,300,high_yaw,shuffled_object_velocity,324,0.00685647214846,17.6103304995,0.561070582437,0.694444444444,0.570987654321,0.305555555556
yolo11s,0c3bad78-9f1e-395d-a376-2eb7499229fd,300,high_yaw,reversed_object_velocity,324,0.00634039753418,16.2848318577,0.585404335801,0.706790123457,0.570987654321,0.33950617284
yolo11s,0c3bad78-9f1e-395d-a376-2eb7499229fd,300,high_yaw,incorrect_depth,324,0.00587678737724,15.0940842094,0.575574478389,0.731481481481,0.598765432099,0.333333333333
yolo11s,0c3bad78-9f1e-395d-a376-2eb7499229fd,300,high_yaw,mismatched_track_history,324,0.00717580189926,18.4305048294,0.537031524165,0.70987654321,0.533950617284,0.29012345679
yolo11s,0c3bad78-9f1e-395d-a376-2eb7499229fd,300,high_yaw,no_ego_motion_correction,324,0.0398633753462,102.386066693,0,0.212962962963,0.0802469135802,0.0154320987654
yolo11s,0c3bad78-9f1e-395d-a376-2eb7499229fd,300,high_yaw,no_object_motion_correction,324,0.0029201460424,7.50017440455,0.756602676396,0.83024691358,0.756172839506,0.595679012346
yolo11s,0fb7276f-ecb5-3e5b-87a8-cc74c709c715,300,high_yaw,valid_B4,1018,0.00906035026977,23.2708248844,0.41129955268,0.641453831041,0.378192534381,0.120825147348
yolo11s,0fb7276f-ecb5-3e5b-87a8-cc74c709c715,300,high_yaw,valid_B5,1018,0.00712974085536,18.3122005194,0.484532776777,0.725933202358,0.476424361493,0.159135559921
yolo11s,0fb7276f-ecb5-3e5b-87a8-cc74c709c715,300,high_yaw,time_shifted_ego_pose,1018,0.0106052554655,27.2387971154,0.34540447336,0.556974459725,0.314341846758,0.102161100196
yolo11s,0fb7276f-ecb5-3e5b-87a8-cc74c709c715,300,high_yaw,ego_motion_from_another_log,1018,0.0310844449181,79.8380474023,0.0186240991359,0.160117878193,0.0343811394892,0.00098231827112
yolo11s,0fb7276f-ecb5-3e5b-87a8-cc74c709c715,300,high_yaw,shuffled_object_velocity,1018,0.0103775103587,26.6538510216,0.364926939572,0.558939096267,0.322200392927,0.101178781925
yolo11s,0fb7276f-ecb5-3e5b-87a8-cc74c709c715,300,high_yaw,reversed_object_velocity,1018,0.0100409931849,25.7895320946,0.353696926492,0.574656188605,0.305500982318,0.0933202357564
yolo11s,0fb7276f-ecb5-3e5b-87a8-cc74c709c715,300,high_yaw,incorrect_depth,1018,0.0088792708605,22.8057361077,0.407073386037,0.641453831041,0.374263261297,0.111001964637
yolo11s,0fb7276f-ecb5-3e5b-87a8-cc74c709c715,300,high_yaw,mismatched_track_history,1018,0.00988609341805,25.3916837509,0.361221217778,0.561886051081,0.312377210216,0.0972495088409
yolo11s,0fb7276f-ecb5-3e5b-87a8-cc74c709c715,300,high_yaw,no_ego_motion_correction,1018,0.02283353399,58.6462062893,0.0782271544659,0.302554027505,0.159135559921,0.0520628683694
yolo11s,0fb7276f-ecb5-3e5b-87a8-cc74c709c715,300,high_yaw,no_object_motion_correction,1018,0.00400572612117,10.2884047885,0.583688066025,0.819253438114,0.666011787819,0.248526522593
yolo11s,15ec0778-826e-3ed7-9775-54fbf66997f4,300,high_yaw,valid_B4,419,0.00766092831188,19.6765153542,0.43173878479,0.670644391408,0.408114558473,0.112171837709
yolo11s,15ec0778-826e-3ed7-9775-54fbf66997f4,300,high_yaw,valid_B5,419,0.00655377353273,16.832871983,0.496862769577,0.72553699284,0.491646778043,0.136038186158
yolo11s,15ec0778-826e-3ed7-9775-54fbf66997f4,300,high_yaw,time_shifted_ego_pose,419,0.0114893516625,29.5095313771,0.287785063367,0.486873508353,0.27446300716,0.0692124105012
yolo11s,15ec0778-826e-3ed7-9775-54fbf66997f4,300,high_yaw,ego_motion_from_another_log,419,0.0276645726144,71.0543638651,0,0.138424821002,0.035799522673,0.00238663484487
yolo11s,15ec0778-826e-3ed7-9775-54fbf66997f4,300,high_yaw,shuffled_object_velocity,419,0.00808066179583,20.7545690842,0.429346339838,0.63245823389,0.408114558473,0.107398568019
yolo11s,15ec0778-826e-3ed7-9775-54fbf66997f4,300,high_yaw,reversed_object_velocity,419,0.00771108875999,19.8053486741,0.450040981448,0.665871121718,0.412887828162,0.121718377088
yolo11s,15ec0778-826e-3ed7-9775-54fbf66997f4,300,high_yaw,incorrect_depth,419,0.00759509721591,19.5074331598,0.433854866429,0.663484486874,0.422434367542,0.107398568019
yolo11s,15ec0778-826e-3ed7-9775-54fbf66997f4,300,high_yaw,mismatched_track_history,419,0.00841854004047,21.6223838186,0.406925805046,0.613365155131,0.410501193317,0.100238663484
yolo11s,15ec0778-826e-3ed7-9775-54fbf66997f4,300,high_yaw,no_ego_motion_correction,419,0.029248250737,75.121921428,0,0.171837708831,0.0692124105012,0.0190930787589
yolo11s,15ec0778-826e-3ed7-9775-54fbf66997f4,300,high_yaw,no_object_motion_correction,419,0.00418645994669,10.7526059594,0.594650200952,0.825775656325,0.72553699284,0.138424821002
yolo11s,19350c96-623d-4d77-af96-f8c23f00c358,300,high_yaw,valid_B4,330,0.00855323490387,21.968337395,0.477841289805,0.718181818182,0.469696969697,0.178787878788
yolo11s,19350c96-623d-4d77-af96-f8c23f00c358,300,high_yaw,valid_B5,330,0.00821722593582,21.1053237562,0.481629279783,0.748484848485,0.475757575758,0.175757575758
yolo11s,19350c96-623d-4d77-af96-f8c23f00c358,300,high_yaw,time_shifted_ego_pose,330,0.0118796593713,30.5120072275,0.38883673572,0.581818181818,0.372727272727,0.10303030303
yolo11s,19350c96-623d-4d77-af96-f8c23f00c358,300,high_yaw,ego_motion_from_another_log,330,0.0260586769891,66.9297423253,0.119953146295,0.342424242424,0.181818181818,0.0121212121212
yolo11s,19350c96-623d-4d77-af96-f8c23f00c358,300,high_yaw,shuffled_object_velocity,330,0.0111099566288,28.5350839078,0.388127586536,0.6,0.375757575758,0.124242424242
yolo11s,19350c96-623d-4d77-af96-f8c23f00c358,300,high_yaw,reversed_object_velocity,330,0.011713310985,30.08475397,0.362118479874,0.560606060606,0.315151515152,0.0909090909091
yolo11s,19350c96-623d-4d77-af96-f8c23f00c358,300,high_yaw,incorrect_depth,330,0.00995261501257,25.5625394387,0.437086169171,0.69696969697,0.39696969697,0.106060606061
yolo11s,19350c96-623d-4d77-af96-f8c23f00c358,300,high_yaw,mismatched_track_history,330,0.011087246308,28.4767541654,0.407223671886,0.639393939394,0.390909090909,0.112121212121
yolo11s,19350c96-623d-4d77-af96-f8c23f00c358,300,high_yaw,no_ego_motion_correction,330,0.0222918882983,57.2550302678,0.224979759751,0.418181818182,0.184848484848,0.0575757575758
yolo11s,19350c96-623d-4d77-af96-f8c23f00c358,300,high_yaw,no_object_motion_correction,330,0.00697662242398,17.9189274012,0.454034398534,0.754545454545,0.439393939394,0.151515151515
yolo11s,1da4a0aa-22ae-3958-856d-05303de1f576,300,high_yaw,valid_B4,23,0.00912327438705,23.4324407238,0.523549158811,0.521739130435,0.521739130435,0.173913043478
yolo11s,1da4a0aa-22ae-3958-856d-05303de1f576,300,high_yaw,valid_B5,23,0.00768209520688,19.7308809242,0.548751945279,0.565217391304,0.521739130435,0.217391304348
yolo11s,1da4a0aa-22ae-3958-856d-05303de1f576,300,high_yaw,time_shifted_ego_pose,23,0.0114451388498,29.3959741093,0.552678988769,0.521739130435,0.521739130435,0.173913043478
yolo11s,1da4a0aa-22ae-3958-856d-05303de1f576,300,high_yaw,ego_motion_from_another_log,23,0.0177642482318,45.6261289571,0.265748606805,0.478260869565,0.260869565217,0.173913043478
yolo11s,1da4a0aa-22ae-3958-856d-05303de1f576,300,high_yaw,shuffled_object_velocity,23,0.0140461914422,36.0765811046,0.328124165895,0.565217391304,0.304347826087,0.0434782608696
yolo11s,1da4a0aa-22ae-3958-856d-05303de1f576,300,high_yaw,reversed_object_velocity,23,0.0108852850025,27.9580318164,0.335655971267,0.521739130435,0.260869565217,0.0434782608696
yolo11s,1da4a0aa-22ae-3958-856d-05303de1f576,300,high_yaw,incorrect_depth,23,0.0118088949603,30.3302541865,0.392734240908,0.521739130435,0.478260869565,0.0869565217391
yolo11s,1da4a0aa-22ae-3958-856d-05303de1f576,300,high_yaw,mismatched_track_history,23,0.0143858310468,36.9489197591,0.32433396331,0.521739130435,0.173913043478,0.0434782608696
yolo11s,1da4a0aa-22ae-3958-856d-05303de1f576,300,high_yaw,no_ego_motion_correction,23,0.0144146568851,37.0229567462,0.310528878929,0.521739130435,0.217391304348,0
yolo11s,1da4a0aa-22ae-3958-856d-05303de1f576,300,high_yaw,no_object_motion_correction,23,0.00952221102719,24.4570793323,0.487092666712,0.739130434783,0.434782608696,0.173913043478
yolo11s,20dd185d-b4eb-3024-a17a-b4e5d8b15b65,300,high_yaw,valid_B4,869,0.011965323923,30.7320301543,0.373924685232,0.535097813579,0.384349827388,0.12082853855
yolo11s,20dd185d-b4eb-3024-a17a-b4e5d8b15b65,300,high_yaw,valid_B5,869,0.0114803018097,29.4862875141,0.407913307151,0.573072497123,0.407364787112,0.149597238205
yolo11s,20dd185d-b4eb-3024-a17a-b4e5d8b15b65,300,high_yaw,time_shifted_ego_pose,869,0.0177812300651,45.6697455125,0.220731703744,0.453394706559,0.279631760644,0.0909090909091
yolo11s,20dd185d-b4eb-3024-a17a-b4e5d8b15b65,300,high_yaw,ego_motion_from_another_log,869,0.0400250894556,102.801417161,0,0.196777905639,0.0747986191024,0.0138089758343
yolo11s,20dd185d-b4eb-3024-a17a-b4e5d8b15b65,300,high_yaw,shuffled_object_velocity,869,0.017350689677,44.563935066,0.19791498398,0.436133486766,0.260069044879,0.0828538550058
yolo11s,20dd185d-b4eb-3024-a17a-b4e5d8b15b65,300,high_yaw,reversed_object_velocity,869,0.015184105542,38.9992274663,0.212719803386,0.437284234753,0.256616800921,0.0771001150748
yolo11s,20dd185d-b4eb-3024-a17a-b4e5d8b15b65,300,high_yaw,incorrect_depth,869,0.0128755777507,33.0699483133,0.342514613163,0.53164556962,0.346375143843,0.0909090909091
yolo11s,20dd185d-b4eb-3024-a17a-b4e5d8b15b65,300,high_yaw,mismatched_track_history,869,0.0185811995431,47.7244066549,0.2327205934,0.455696202532,0.288837744534,0.09666283084
yolo11s,20dd185d-b4eb-3024-a17a-b4e5d8b15b65,300,high_yaw,no_ego_motion_correction,869,0.0376717205989,96.7569671205,0,0.266973532796,0.161104718067,0.029919447641
yolo11s,20dd185d-b4eb-3024-a17a-b4e5d8b15b65,300,high_yaw,no_object_motion_correction,869,0.00782026377636,20.0857564521,0.486772309756,0.63751438435,0.4833141542,0.225546605293
yolo11s,24642607-2a51-384a-90a7-228067956d05,300,high_yaw,valid_B4,209,0.0470123278161,120.747610792,0,0.373205741627,0.306220095694,0.148325358852
yolo11s,24642607-2a51-384a-90a7-228067956d05,300,high_yaw,valid_B5,209,0.0502358304087,129.026933568,0,0.382775119617,0.315789473684,0.177033492823
yolo11s,24642607-2a51-384a-90a7-228067956d05,300,high_yaw,time_shifted_ego_pose,209,0.0478509388988,122.901519976,0,0.363636363636,0.291866028708,0.105263157895
yolo11s,24642607-2a51-384a-90a7-228067956d05,300,high_yaw,ego_motion_from_another_log,209,0.0432550362524,111.097291388,0,0.248803827751,0.11961722488,0.0191387559809
yolo11s,24642607-2a51-384a-90a7-228067956d05,300,high_yaw,shuffled_object_velocity,209,0.0563753804341,144.79590378,0,0.325358851675,0.239234449761,0.148325358852
yolo11s,24642607-2a51-384a-90a7-228067956d05,300,high_yaw,reversed_object_velocity,209,0.0472760922246,121.42506974,0,0.358851674641,0.306220095694,0.129186602871
yolo11s,24642607-2a51-384a-90a7-228067956d05,300,high_yaw,incorrect_depth,209,0.0489110278466,125.624278317,0,0.377990430622,0.301435406699,0.0956937799043
yolo11s,24642607-2a51-384a-90a7-228067956d05,300,high_yaw,mismatched_track_history,209,0.0537208508988,137.977945299,0,0.349282296651,0.272727272727,0.133971291866
yolo11s,24642607-2a51-384a-90a7-228067956d05,300,high_yaw,no_ego_motion_correction,209,0.0435151258593,111.765311886,0,0.320574162679,0.210526315789,0.0574162679426
yolo11s,24642607-2a51-384a-90a7-228067956d05,300,high_yaw,no_object_motion_correction,209,0.0507996085791,130.474955188,0,0.392344497608,0.349282296651,0.287081339713
yolo11s,27c03d98-6ac3-38a3-ba5e-102b184d01ef,300,high_yaw,valid_B4,217,0.00862702518912,22.1578621656,0.512150552946,0.73732718894,0.520737327189,0.138248847926
yolo11s,27c03d98-6ac3-38a3-ba5e-102b184d01ef,300,high_yaw,valid_B5,217,0.00672999310759,17.2854786423,0.581667145972,0.783410138249,0.622119815668,0.170506912442
yolo11s,27c03d98-6ac3-38a3-ba5e-102b184d01ef,300,high_yaw,time_shifted_ego_pose,217,0.00832899797388,21.3924017882,0.514492902748,0.723502304147,0.52534562212,0.138248847926
yolo11s,27c03d98-6ac3-38a3-ba5e-102b184d01ef,300,high_yaw,ego_motion_from_another_log,217,0.0221642762862,56.9272684596,0.209933225148,0.405529953917,0.142857142857,0.036866359447
yolo11s,27c03d98-6ac3-38a3-ba5e-102b184d01ef,300,high_yaw,shuffled_object_velocity,217,0.00840385827532,21.5846748145,0.497797175888,0.732718894009,0.493087557604,0.152073732719
yolo11s,27c03d98-6ac3-38a3-ba5e-102b184d01ef,300,high_yaw,reversed_object_velocity,217,0.00766249844537,19.6805481234,0.516548246542,0.691244239631,0.511520737327,0.193548387097
yolo11s,27c03d98-6ac3-38a3-ba5e-102b184d01ef,300,high_yaw,incorrect_depth,217,0.0106386565456,27.3245852652,0.467379161776,0.709677419355,0.460829493088,0.0552995391705
yolo11s,27c03d98-6ac3-38a3-ba5e-102b184d01ef,300,high_yaw,mismatched_track_history,217,0.00847504519081,21.7675130266,0.510786282899,0.709677419355,0.520737327189,0.15668202765
yolo11s,27c03d98-6ac3-38a3-ba5e-102b184d01ef,300,high_yaw,no_ego_motion_correction,217,0.0171972350293,44.1697984014,0.317270791324,0.516129032258,0.290322580645,0.0460829493088
yolo11s,27c03d98-6ac3-38a3-ba5e-102b184d01ef,300,high_yaw,no_object_motion_correction,217,0.00430527086372,11.05776282,0.632189736457,0.829493087558,0.723502304147,0.331797235023
yolo11s,29a00842-ead2-3050-b587-c5ef507e4125,300,high_yaw,valid_B4,913,0.00901143515137,23.1451900998,0.51230838906,0.756845564074,0.519167579409,0.20591456736
yolo11s,29a00842-ead2-3050-b587-c5ef507e4125,300,high_yaw,valid_B5,913,0.00760806653696,19.5407438807,0.549761605125,0.815991237678,0.585980284775,0.23986856517
yolo11s,29a00842-ead2-3050-b587-c5ef507e4125,300,high_yaw,time_shifted_ego_pose,913,0.00906308587965,23.2778510916,0.506881905826,0.745892661555,0.511500547645,0.221248630887
yolo11s,29a00842-ead2-3050-b587-c5ef507e4125,300,high_yaw,ego_motion_from_another_log,913,0.0216291368053,55.5528031491,0.256951335063,0.432639649507,0.156626506024,0.0153340635268
yolo11s,29a00842-ead2-3050-b587-c5ef507e4125,300,high_yaw,shuffled_object_velocity,913,0.0105425560136,27.0777583121,0.465135929564,0.699890470975,0.440306681271,0.169769989047
yolo11s,29a00842-ead2-3050-b587-c5ef507e4125,300,high_yaw,reversed_object_velocity,913,0.0097174496365,24.9585349441,0.49653101337,0.716319824754,0.495071193866,0.213581599124
yolo11s,29a00842-ead2-3050-b587-c5ef507e4125,300,high_yaw,incorrect_depth,913,0.0113232826692,29.0829957194,0.476023809968,0.743702081051,0.46878422782,0.129244249726
yolo11s,29a00842-ead2-3050-b587-c5ef507e4125,300,high_yaw,mismatched_track_history,913,0.0102604668354,26.3532335782,0.471106519857,0.703176341731,0.462212486309,0.174151150055
yolo11s,29a00842-ead2-3050-b587-c5ef507e4125,300,high_yaw,no_ego_motion_correction,913,0.0168636486396,43.3130069722,0.366617257857,0.591456736035,0.280394304491,0.0514786418401
yolo11s,29a00842-ead2-3050-b587-c5ef507e4125,300,high_yaw,no_object_motion_correction,913,0.00581372125355,14.9321036373,0.609714459777,0.866374589266,0.684556407448,0.330777656079
yolo11s,2c652f9e-8db8-3572-aa49-fae1344a875b,300,high_yaw,valid_B4,190,0.0129920436688,33.3690822215,0.365735869307,0.547368421053,0.4,0.0842105263158
yolo11s,2c652f9e-8db8-3572-aa49-fae1344a875b,300,high_yaw,valid_B5,190,0.011960328518,30.7191998339,0.444634723577,0.631578947368,0.447368421053,0.126315789474
yolo11s,2c652f9e-8db8-3572-aa49-fae1344a875b,300,high_yaw,time_shifted_ego_pose,190,0.0161314679034,41.4324560895,0.324227539379,0.521052631579,0.368421052632,0.147368421053
yolo11s,2c652f9e-8db8-3572-aa49-fae1344a875b,300,high_yaw,ego_motion_from_another_log,190,0.0180545239144,46.3716801088,0.229360020639,0.394736842105,0.236842105263,0.142105263158
yolo11s,2c652f9e-8db8-3572-aa49-fae1344a875b,300,high_yaw,shuffled_object_velocity,190,0.0180718247903,46.416116101,0.192686530524,0.426315789474,0.310526315789,0.163157894737
yolo11s,2c652f9e-8db8-3572-aa49-fae1344a875b,300,high_yaw,reversed_object_velocity,190,0.0228662847178,58.7303240584,0.202005485921,0.4,0.178947368421,0.0789473684211
yolo11s,2c652f9e-8db8-3572-aa49-fae1344a875b,300,high_yaw,incorrect_depth,190,0.0151911471633,39.0173133384,0.349688329736,0.552631578947,0.268421052632,0.0526315789474
yolo11s,2c652f9e-8db8-3572-aa49-fae1344a875b,300,high_yaw,mismatched_track_history,190,0.0175300479065,45.0246031225,0.263815107612,0.463157894737,0.278947368421,0.142105263158
yolo11s,2c652f9e-8db8-3572-aa49-fae1344a875b,300,high_yaw,no_ego_motion_correction,190,0.0152878979662,39.2658104631,0.301064979066,0.5,0.231578947368,0.0631578947368
yolo11s,2c652f9e-8db8-3572-aa49-fae1344a875b,300,high_yaw,no_object_motion_correction,190,0.0120584893224,30.971318441,0.406621659461,0.642105263158,0.4,0.257894736842
yolo11s,36aec72e-5086-376c-b109-295b128e77e1,300,high_yaw,valid_B4,69,0.00600562817437,15.425002059,0.603211498602,0.710144927536,0.623188405797,0.36231884058
yolo11s,36aec72e-5086-376c-b109-295b128e77e1,300,high_yaw,valid_B5,69,0.00509897234034,13.0963250746,0.699256273137,0.724637681159,0.695652173913,0.478260869565
yolo11s,36aec72e-5086-376c-b109-295b128e77e1,300,high_yaw,time_shifted_ego_pose,69,0.00703238494146,18.0621492128,0.588565075738,0.710144927536,0.623188405797,0.376811594203
yolo11s,36aec72e-5086-376c-b109-295b128e77e1,300,high_yaw,ego_motion_from_another_log,69,0.0233053901283,59.8581331175,0.36458886101,0.63768115942,0.231884057971,0
yolo11s,36aec72e-5086-376c-b109-295b128e77e1,300,high_yaw,shuffled_object_velocity,69,0.0103113569738,26.4839410523,0.47609209787,0.579710144928,0.420289855072,0.231884057971
yolo11s,36aec72e-5086-376c-b109-295b128e77e1,300,high_yaw,reversed_object_velocity,69,0.0130368044316,33.4840468577,0.489442682814,0.63768115942,0.492753623188,0.101449275362
yolo11s,36aec72e-5086-376c-b109-295b128e77e1,300,high_yaw,incorrect_depth,69,0.00603346316148,15.4964941196,0.596377447945,0.710144927536,0.608695652174,0.376811594203
yolo11s,36aec72e-5086-376c-b109-295b128e77e1,300,high_yaw,mismatched_track_history,69,0.0113051230187,29.0363540296,0.406362310642,0.623188405797,0.449275362319,0.289855072464
yolo11s,36aec72e-5086-376c-b109-295b128e77e1,300,high_yaw,no_ego_motion_correction,69,0.00856076008998,21.9876652668,0.60229666803,0.724637681159,0.579710144928,0.217391304348
yolo11s,36aec72e-5086-376c-b109-295b128e77e1,300,high_yaw,no_object_motion_correction,69,0.005150193142,13.2278818324,0.720231011379,0.753623188406,0.724637681159,0.565217391304
yolo11s,3de5b5d6-68c4-3c95-84ed-be7c83d829f8,300,high_yaw,valid_B4,442,0.0112651405678,28.9336621262,0.46163544207,0.699095022624,0.4592760181,0.165158371041
yolo11s,3de5b5d6-68c4-3c95-84ed-be7c83d829f8,300,high_yaw,valid_B5,442,0.00966039785723,24.8120017611,0.52782640541,0.742081447964,0.538461538462,0.194570135747
yolo11s,3de5b5d6-68c4-3c95-84ed-be7c83d829f8,300,high_yaw,time_shifted_ego_pose,442,0.0149219965275,38.3260202729,0.369666458474,0.58371040724,0.337104072398,0.115384615385
yolo11s,3de5b5d6-68c4-3c95-84ed-be7c83d829f8,300,high_yaw,ego_motion_from_another_log,442,0.0495017339468,127.141462289,0.0840236447941,0.289592760181,0.0995475113122,0.00904977375566
yolo11s,3de5b5d6-68c4-3c95-84ed-be7c83d829f8,300,high_yaw,shuffled_object_velocity,442,0.014733374563,37.8415590129,0.391494411488,0.595022624434,0.346153846154,0.133484162896
yolo11s,3de5b5d6-68c4-3c95-84ed-be7c83d829f8,300,high_yaw,reversed_object_velocity,442,0.0107340403617,27.5695713877,0.433945237567,0.705882352941,0.37556561086,0.16742081448
yolo11s,3de5b5d6-68c4-3c95-84ed-be7c83d829f8,300,high_yaw,incorrect_depth,442,0.0108902044085,27.9706669389,0.469393351398,0.674208144796,0.447963800905,0.142533936652
yolo11s,3de5b5d6-68c4-3c95-84ed-be7c83d829f8,300,high_yaw,mismatched_track_history,442,0.0117793333101,30.2543273222,0.415071817428,0.653846153846,0.386877828054,0.12443438914
yolo11s,3de5b5d6-68c4-3c95-84ed-be7c83d829f8,300,high_yaw,no_ego_motion_correction,442,0.0528213500616,135.667645383,0.0652273221348,0.330316742081,0.178733031674,0.0226244343891
yolo11s,3de5b5d6-68c4-3c95-84ed-be7c83d829f8,300,high_yaw,no_object_motion_correction,442,0.00581223307149,14.9282813541,0.57273633466,0.834841628959,0.640271493213,0.29185520362
yolo11s,44adf4c4-6064-362f-94d3-323ed42cfda9,300,high_yaw,valid_B4,350,0.00839269548899,21.5560040415,0.488402464581,0.742857142857,0.485714285714,0.205714285714
yolo11s,44adf4c4-6064-362f-94d3-323ed42cfda9,300,high_yaw,valid_B5,350,0.00678716158369,17.4323115524,0.530666723215,0.802857142857,0.542857142857,0.234285714286
yolo11s,44adf4c4-6064-362f-94d3-323ed42cfda9,300,high_yaw,time_shifted_ego_pose,350,0.0143250390634,36.7927801443,0.342974511521,0.571428571429,0.34,0.12
yolo11s,44adf4c4-6064-362f-94d3-323ed42cfda9,300,high_yaw,ego_motion_from_another_log,350,0.0283605621054,72.8419602696,0.124360040339,0.285714285714,0.0857142857143,0.0171428571429
yolo11s,44adf4c4-6064-362f-94d3-323ed42cfda9,300,high_yaw,shuffled_object_velocity,350,0.0104336743647,26.7981040261,0.398967170528,0.634285714286,0.34,0.134285714286
yolo11s,44adf4c4-6064-362f-94d3-323ed42cfda9,300,high_yaw,reversed_object_velocity,350,0.00961216890522,24.688129343,0.381505514102,0.637142857143,0.331428571429,0.131428571429
yolo11s,44adf4c4-6064-362f-94d3-323ed42cfda9,300,high_yaw,incorrect_depth,350,0.0092624481484,23.7898980111,0.464083720354,0.725714285714,0.454285714286,0.16
yolo11s,44adf4c4-6064-362f-94d3-323ed42cfda9,300,high_yaw,mismatched_track_history,350,0.0102750626869,26.3907219195,0.408267552454,0.631428571429,0.36,0.125714285714
yolo11s,44adf4c4-6064-362f-94d3-323ed42cfda9,300,high_yaw,no_ego_motion_correction,350,0.0253747724412,65.1731851837,0.164625273164,0.357142857143,0.162857142857,0.0228571428571
yolo11s,44adf4c4-6064-362f-94d3-323ed42cfda9,300,high_yaw,no_object_motion_correction,350,0.00651395520229,16.7306016108,0.549823922511,0.86,0.62,0.251428571429
yolo11s,47286726-5dd4-4e26-bd2d-5324f429e445,300,high_yaw,valid_B4,258,0.00914608247196,23.4910215661,0.439091477216,0.682170542636,0.441860465116,0.197674418605
yolo11s,47286726-5dd4-4e26-bd2d-5324f429e445,300,high_yaw,valid_B5,258,0.00819839179255,21.0569496827,0.487009877389,0.686046511628,0.492248062016,0.232558139535
yolo11s,47286726-5dd4-4e26-bd2d-5324f429e445,300,high_yaw,time_shifted_ego_pose,258,0.00904723918074,23.2371500432,0.428185377052,0.639534883721,0.434108527132,0.22480620155
yolo11s,47286726-5dd4-4e26-bd2d-5324f429e445,300,high_yaw,ego_motion_from_another_log,258,0.0256953053312,65.9964496856,0.185220789788,0.329457364341,0.093023255814,0.00387596899225
yolo11s,47286726-5dd4-4e26-bd2d-5324f429e445,300,high_yaw,shuffled_object_velocity,258,0.00936288134206,24.0478530782,0.427263677378,0.608527131783,0.43023255814,0.186046511628
yolo11s,47286726-5dd4-4e26-bd2d-5324f429e445,300,high_yaw,reversed_object_velocity,258,0.00895533740365,23.0011072747,0.385486224372,0.608527131783,0.449612403101,0.18992248062
yolo11s,47286726-5dd4-4e26-bd2d-5324f429e445,300,high_yaw,incorrect_depth,258,0.00951054588354,24.4271182925,0.440106678817,0.674418604651,0.422480620155,0.166666666667
yolo11s,47286726-5dd4-4e26-bd2d-5324f429e445,300,high_yaw,mismatched_track_history,258,0.0096547406712,24.7974717063,0.405254545965,0.612403100775,0.403100775194,0.197674418605
yolo11s,47286726-5dd4-4e26-bd2d-5324f429e445,300,high_yaw,no_ego_motion_correction,258,0.0148268183429,38.0815622993,0.334004523973,0.546511627907,0.329457364341,0.0581395348837
yolo11s,47286726-5dd4-4e26-bd2d-5324f429e445,300,high_yaw,no_object_motion_correction,258,0.00694941310306,17.8490423169,0.546191327621,0.720930232558,0.538759689922,0.286821705426
yolo11s,4e3fedbb-847c-3d5b-8a62-c9ff84550985,300,high_yaw,valid_B4,51,0.00657796506496,16.8950061051,0.510401035209,0.627450980392,0.509803921569,0.254901960784
yolo11s,4e3fedbb-847c-3d5b-8a62-c9ff84550985,300,high_yaw,valid_B5,51,0.00623747273913,16.0204773007,0.503640185626,0.627450980392,0.509803921569,0.274509803922
yolo11s,4e3fedbb-847c-3d5b-8a62-c9ff84550985,300,high_yaw,time_shifted_ego_pose,51,0.00715142163709,18.3678859687,0.455030988783,0.647058823529,0.470588235294,0.235294117647
yolo11s,4e3fedbb-847c-3d5b-8a62-c9ff84550985,300,high_yaw,ego_motion_from_another_log,51,0.0162505657229,41.7383498377,0.231588766392,0.43137254902,0.0980392156863,0.0196078431373
yolo11s,4e3fedbb-847c-3d5b-8a62-c9ff84550985,300,high_yaw,shuffled_object_velocity,51,0.0214392587146,55.065115624,0.242904790886,0.470588235294,0.313725490196,0.117647058824
yolo11s,4e3fedbb-847c-3d5b-8a62-c9ff84550985,300,high_yaw,reversed_object_velocity,51,0.0179031539066,45.9828976845,0.283516743285,0.470588235294,0.196078431373,0
yolo11s,4e3fedbb-847c-3d5b-8a62-c9ff84550985,300,high_yaw,incorrect_depth,51,0.0068568221474,17.6112294453,0.47353312755,0.627450980392,0.450980392157,0.235294117647
yolo11s,4e3fedbb-847c-3d5b-8a62-c9ff84550985,300,high_yaw,mismatched_track_history,51,0.028846473959,74.0899881401,0.109724588741,0.392156862745,0.254901960784,0.117647058824
yolo11s,4e3fedbb-847c-3d5b-8a62-c9ff84550985,300,high_yaw,no_ego_motion_correction,51,0.00779740073134,20.027034449,0.41364480947,0.647058823529,0.372549019608,0.0196078431373
yolo11s,4e3fedbb-847c-3d5b-8a62-c9ff84550985,300,high_yaw,no_object_motion_correction,51,0.0109597440639,28.1492742881,0.407714243304,0.666666666667,0.392156862745,0.0392156862745
yolo11s,52071780-5758-3ed4-8835-0d64ecdc5575,300,high_yaw,valid_B4,145,0.00766183742868,19.678850352,0.469216798788,0.696551724138,0.462068965517,0.179310344828
yolo11s,52071780-5758-3ed4-8835-0d64ecdc5575,300,high_yaw,valid_B5,145,0.00516157069543,13.2571042184,0.535718898204,0.786206896552,0.565517241379,0.179310344828
yolo11s,52071780-5758-3ed4-8835-0d64ecdc5575,300,high_yaw,time_shifted_ego_pose,145,0.00852655213229,21.8998047129,0.477725107733,0.696551724138,0.462068965517,0.151724137931
yolo11s,52071780-5758-3ed4-8835-0d64ecdc5575,300,high_yaw,ego_motion_from_another_log,145,0.0101974225405,26.1913090717,0.323005763891,0.510344827586,0.324137931034,0.0965517241379
yolo11s,52071780-5758-3ed4-8835-0d64ecdc5575,300,high_yaw,shuffled_object_velocity,145,0.00745755510612,19.1541666462,0.449169337355,0.71724137931,0.393103448276,0.103448275862
yolo11s,52071780-5758-3ed4-8835-0d64ecdc5575,300,high_yaw,reversed_object_velocity,145,0.00801024610101,20.5737116941,0.384211185396,0.627586206897,0.379310344828,0.103448275862
yolo11s,52071780-5758-3ed4-8835-0d64ecdc5575,300,high_yaw,incorrect_depth,145,0.00821305396656,21.0946083685,0.463820025407,0.689655172414,0.434482758621,0.0827586206897
yolo11s,52071780-5758-3ed4-8835-0d64ecdc5575,300,high_yaw,mismatched_track_history,145,0.00778431545315,19.9934259009,0.40939135931,0.668965517241,0.351724137931,0.0965517241379
yolo11s,52071780-5758-3ed4-8835-0d64ecdc5575,300,high_yaw,no_ego_motion_correction,145,0.0116150319436,29.8323316801,0.376481127277,0.6,0.248275862069,0.0344827586207
yolo11s,52071780-5758-3ed4-8835-0d64ecdc5575,300,high_yaw,no_object_motion_correction,145,0.00373978449265,9.60535381554,0.585290850383,0.937931034483,0.703448275862,0.220689655172
yolo11s,58e82365-03bc-3b2f-b55a-a4ad0e3e792d,300,high_yaw,valid_B4,42,0.00850099436337,21.8341615151,0.391261470929,0.547619047619,0.428571428571,0.166666666667
yolo11s,58e82365-03bc-3b2f-b55a-a4ad0e3e792d,300,high_yaw,valid_B5,42,0.00685496416659,17.606457362,0.406016404333,0.547619047619,0.452380952381,0.119047619048
yolo11s,58e82365-03bc-3b2f-b55a-a4ad0e3e792d,300,high_yaw,time_shifted_ego_pose,42,0.00934181900423,23.9937560554,0.312338580011,0.52380952381,0.380952380952,0.142857142857
yolo11s,58e82365-03bc-3b2f-b55a-a4ad0e3e792d,300,high_yaw,ego_motion_from_another_log,42,0.0183608745892,47.1585186631,0.157886977192,0.380952380952,0.285714285714,0.047619047619
yolo11s,58e82365-03bc-3b2f-b55a-a4ad0e3e792d,300,high_yaw,shuffled_object_velocity,42,0.0114419580798,29.3878045421,0.281632288113,0.47619047619,0.261904761905,0.142857142857
yolo11s,58e82365-03bc-3b2f-b55a-a4ad0e3e792d,300,high_yaw,reversed_object_velocity,42,0.00967760044588,24.8561853098,0.22272591302,0.428571428571,0.285714285714,0.047619047619
yolo11s,58e82365-03bc-3b2f-b55a-a4ad0e3e792d,300,high_yaw,incorrect_depth,42,0.00869164549441,22.3238345357,0.424122118899,0.547619047619,0.404761904762,0.142857142857
yolo11s,58e82365-03bc-3b2f-b55a-a4ad0e3e792d,300,high_yaw,mismatched_track_history,42,0.0116892051479,30.0228399494,0.325379128408,0.547619047619,0.261904761905,0.119047619048
yolo11s,58e82365-03bc-3b2f-b55a-a4ad0e3e792d,300,high_yaw,no_ego_motion_correction,42,0.0115368598195,29.6315524877,0.201305150071,0.404761904762,0.214285714286,0.0238095238095
yolo11s,58e82365-03bc-3b2f-b55a-a4ad0e3e792d,300,high_yaw,no_object_motion_correction,42,0.0052434390262,13.4673768384,0.417301969058,0.666666666667,0.428571428571,0.190476190476
yolo11s,6c932547-4c11-31d7-b8ef-0c16a13dbfc3,300,high_yaw,valid_B4,700,0.00903133531669,23.1963021704,0.503223121501,0.734285714286,0.504285714286,0.185714285714
yolo11s,6c932547-4c11-31d7-b8ef-0c16a13dbfc3,300,high_yaw,valid_B5,700,0.00755520037003,19.4049611265,0.542602995144,0.794285714286,0.571428571429,0.21
yolo11s,6c932547-4c11-31d7-b8ef-0c16a13dbfc3,300,high_yaw,time_shifted_ego_pose,700,0.00962481368651,24.720606508,0.509394152668,0.718571428571,0.511428571429,0.18
yolo11s,6c932547-4c11-31d7-b8ef-0c16a13dbfc3,300,high_yaw,ego_motion_from_another_log,700,0.0180238659265,46.2929373841,0.299203317193,0.497142857143,0.22,0.04
yolo11s,6c932547-4c11-31d7-b8ef-0c16a13dbfc3,300,high_yaw,shuffled_object_velocity,700,0.0115684248364,29.712624848,0.438729883107,0.648571428571,0.422857142857,0.137142857143
yolo11s,6c932547-4c11-31d7-b8ef-0c16a13dbfc3,300,high_yaw,reversed_object_velocity,700,0.00999911013532,25.6819586474,0.482017175996,0.682857142857,0.47,0.155714285714
yolo11s,6c932547-4c11-31d7-b8ef-0c16a13dbfc3,300,high_yaw,incorrect_depth,700,0.0115651042434,29.7040961557,0.456714547927,0.692857142857,0.438571428571,0.0971428571429
yolo11s,6c932547-4c11-31d7-b8ef-0c16a13dbfc3,300,high_yaw,mismatched_track_history,700,0.0115283047573,29.609579457,0.445620379103,0.65,0.414285714286,0.148571428571
yolo11s,6c932547-4c11-31d7-b8ef-0c16a13dbfc3,300,high_yaw,no_ego_motion_correction,700,0.0185558089747,47.6591928989,0.336590495191,0.541428571429,0.254285714286,0.0414285714286
yolo11s,6c932547-4c11-31d7-b8ef-0c16a13dbfc3,300,high_yaw,no_object_motion_correction,700,0.00579643576086,14.8877071557,0.601424429567,0.848571428571,0.69,0.252857142857
yolo11s,7039e410-b5ab-35aa-96bc-2c4b89d3c5e3,300,high_yaw,valid_B4,163,0.00740117902236,19.009368936,0.518520893952,0.736196319018,0.533742331288,0.19018404908
yolo11s,7039e410-b5ab-35aa-96bc-2c4b89d3c5e3,300,high_yaw,valid_B5,163,0.00716981452158,18.4151267023,0.561972713959,0.803680981595,0.61963190184,0.21472392638
yolo11s,7039e410-b5ab-35aa-96bc-2c4b89d3c5e3,300,high_yaw,time_shifted_ego_pose,163,0.00823417380828,21.1488530857,0.49287647996,0.699386503067,0.460122699387,0.220858895706
yolo11s,7039e410-b5ab-35aa-96bc-2c4b89d3c5e3,300,high_yaw,ego_motion_from_another_log,163,0.0122712013729,31.5176532658,0.252622729443,0.484662576687,0.38036809816,0.159509202454
yolo11s,7039e410-b5ab-35aa-96bc-2c4b89d3c5e3,300,high_yaw,shuffled_object_velocity,163,0.0112751741587,28.9594326462,0.399395657541,0.631901840491,0.386503067485,0.128834355828
yolo11s,7039e410-b5ab-35aa-96bc-2c4b89d3c5e3,300,high_yaw,reversed_object_velocity,163,0.00862797849059,22.1603106484,0.399614225951,0.601226993865,0.38036809816,0.21472392638
yolo11s,7039e410-b5ab-35aa-96bc-2c4b89d3c5e3,300,high_yaw,incorrect_depth,163,0.00859590656472,22.0779363308,0.509307602743,0.687116564417,0.509202453988,0.141104294479
yolo11s,7039e410-b5ab-35aa-96bc-2c4b89d3c5e3,300,high_yaw,mismatched_track_history,163,0.0121849788694,31.2961972824,0.423043487074,0.625766871166,0.39263803681,0.159509202454
yolo11s,7039e410-b5ab-35aa-96bc-2c4b89d3c5e3,300,high_yaw,no_ego_motion_correction,163,0.0114316437628,29.3613129983,0.327880721433,0.552147239264,0.300613496933,0.0368098159509
yolo11s,7039e410-b5ab-35aa-96bc-2c4b89d3c5e3,300,high_yaw,no_object_motion_correction,163,0.00304557662326,7.82233337141,0.615317532837,0.858895705521,0.699386503067,0.355828220859
yolo11s,78683234-e6f1-3e4e-af52-6f839254e4c0,300,high_yaw,valid_B4,152,0.00662921078348,17.02662686,0.468251088317,0.690789473684,0.407894736842,0.190789473684
yolo11s,78683234-e6f1-3e4e-af52-6f839254e4c0,300,high_yaw,valid_B5,152,0.00609432092066,15.6528026745,0.451082928395,0.703947368421,0.407894736842,0.210526315789
yolo11s,78683234-e6f1-3e4e-af52-6f839254e4c0,300,high_yaw,time_shifted_ego_pose,152,0.00834785999724,21.4408474696,0.4111847541,0.638157894737,0.375,0.151315789474
yolo11s,78683234-e6f1-3e4e-af52-6f839254e4c0,300,high_yaw,ego_motion_from_another_log,152,0.0128795937064,33.080262992,0.167150319328,0.335526315789,0.144736842105,0.0131578947368
yolo11s,78683234-e6f1-3e4e-af52-6f839254e4c0,300,high_yaw,shuffled_object_velocity,152,0.00830551483375,21.3320871177,0.37221702108,0.605263157895,0.315789473684,0.164473684211
yolo11s,78683234-e6f1-3e4e-af52-6f839254e4c0,300,high_yaw,reversed_object_velocity,152,0.00603262577133,15.4943433463,0.373474536707,0.618421052632,0.381578947368,0.164473684211
yolo11s,78683234-e6f1-3e4e-af52-6f839254e4c0,300,high_yaw,incorrect_depth,152,0.00583542464388,14.987847155,0.447577201143,0.671052631579,0.401315789474,0.190789473684
yolo11s,78683234-e6f1-3e4e-af52-6f839254e4c0,300,high_yaw,mismatched_track_history,152,0.0079050703612,20.3035757556,0.401671892098,0.611842105263,0.355263157895,0.177631578947
yolo11s,78683234-e6f1-3e4e-af52-6f839254e4c0,300,high_yaw,no_ego_motion_correction,152,0.00826599042206,21.2305716535,0.357228479251,0.611842105263,0.302631578947,0.0526315789474
yolo11s,78683234-e6f1-3e4e-af52-6f839254e4c0,300,high_yaw,no_object_motion_correction,152,0.00566300076528,14.5449894547,0.456041108955,0.802631578947,0.460526315789,0.210526315789
yolo11s,78da7b7e-8ddf-3c7d-8716-eaa890106dd3,300,high_yaw,valid_B4,107,0.00646632300939,16.6082619234,0.483641430535,0.691588785047,0.448598130841,0.140186915888
yolo11s,78da7b7e-8ddf-3c7d-8716-eaa890106dd3,300,high_yaw,valid_B5,107,0.00565351099006,14.5206156842,0.507685250998,0.775700934579,0.514018691589,0.168224299065
yolo11s,78da7b7e-8ddf-3c7d-8716-eaa890106dd3,300,high_yaw,time_shifted_ego_pose,107,0.00660753109707,16.970944224,0.478828991,0.682242990654,0.439252336449,0.140186915888
yolo11s,78da7b7e-8ddf-3c7d-8716-eaa890106dd3,300,high_yaw,ego_motion_from_another_log,107,0.010727625976,27.5530965229,0.275196395209,0.448598130841,0.196261682243,0.0373831775701
yolo11s,78da7b7e-8ddf-3c7d-8716-eaa890106dd3,300,high_yaw,shuffled_object_velocity,107,0.00606312785244,15.5726856363,0.4286817628,0.710280373832,0.411214953271,0.14953271028
yolo11s,78da7b7e-8ddf-3c7d-8716-eaa890106dd3,300,high_yaw,reversed_object_velocity,107,0.00594854554457,15.2783896387,0.495746170951,0.719626168224,0.485981308411,0.158878504673
yolo11s,78da7b7e-8ddf-3c7d-8716-eaa890106dd3,300,high_yaw,incorrect_depth,107,0.00630100498736,16.1836550785,0.451803597387,0.682242990654,0.420560747664,0.0560747663551
yolo11s,78da7b7e-8ddf-3c7d-8716-eaa890106dd3,300,high_yaw,mismatched_track_history,107,0.00612496706766,15.7315149868,0.445404103992,0.747663551402,0.429906542056,0.11214953271
yolo11s,78da7b7e-8ddf-3c7d-8716-eaa890106dd3,300,high_yaw,no_ego_motion_correction,107,0.00735991205619,18.9033778524,0.402626089913,0.616822429907,0.327102803738,0.0280373831776
yolo11s,78da7b7e-8ddf-3c7d-8716-eaa890106dd3,300,high_yaw,no_object_motion_correction,107,0.00238118272179,6.11588785056,0.648920691756,0.934579439252,0.785046728972,0.383177570093
yolo11s,7a2c222d-addc-30b2-aac6-596cb65a22e3,300,high_yaw,valid_B4,92,0.0182138324452,46.7808520297,0.502228723777,0.70652173913,0.521739130435,0.184782608696
yolo11s,7a2c222d-addc-30b2-aac6-596cb65a22e3,300,high_yaw,valid_B5,92,0.0168773383758,43.3481680248,0.547264616659,0.739130434783,0.576086956522,0.152173913043
yolo11s,7a2c222d-addc-30b2-aac6-596cb65a22e3,300,high_yaw,time_shifted_ego_pose,92,0.0230195235479,59.1239064116,0.488474648194,0.630434782609,0.478260869565,0.141304347826
yolo11s,7a2c222d-addc-30b2-aac6-596cb65a22e3,300,high_yaw,ego_motion_from_another_log,92,0.0371141321315,95.3248432847,0.285553544741,0.478260869565,0.239130434783,0.0108695652174
yolo11s,7a2c222d-addc-30b2-aac6-596cb65a22e3,300,high_yaw,shuffled_object_velocity,92,0.0281193700619,72.2224767352,0.33287726222,0.532608695652,0.304347826087,0.0434782608696
yolo11s,7a2c222d-addc-30b2-aac6-596cb65a22e3,300,high_yaw,reversed_object_velocity,92,0.0257659449689,66.1778822562,0.310964235934,0.5,0.260869565217,0.0652173913043
yolo11s,7a2c222d-addc-30b2-aac6-596cb65a22e3,300,high_yaw,incorrect_depth,92,0.0173098219598,44.4589694233,0.499469820898,0.728260869565,0.5,0.228260869565
yolo11s,7a2c222d-addc-30b2-aac6-596cb65a22e3,300,high_yaw,mismatched_track_history,92,0.0323001584561,82.9605157407,0.320173924697,0.565217391304,0.304347826087,0.0217391304348
yolo11s,7a2c222d-addc-30b2-aac6-596cb65a22e3,300,high_yaw,no_ego_motion_correction,92,0.0308358150804,79.1994604556,0.273894992594,0.489130434783,0.282608695652,0.20652173913
yolo11s,7a2c222d-addc-30b2-aac6-596cb65a22e3,300,high_yaw,no_object_motion_correction,92,0.0144475928554,37.1075502965,0.503926606412,0.630434782609,0.510869565217,0.0652173913043
yolo11s,858d739b-a0ba-35aa-bafc-4f7988bcad17,300,high_yaw,valid_B4,484,0.0118635683654,30.4706786952,0.412371279434,0.588842975207,0.400826446281,0.103305785124
yolo11s,858d739b-a0ba-35aa-bafc-4f7988bcad17,300,high_yaw,valid_B5,484,0.0103213669582,26.5096509406,0.460066637135,0.648760330579,0.452479338843,0.117768595041
yolo11s,858d739b-a0ba-35aa-bafc-4f7988bcad17,300,high_yaw,time_shifted_ego_pose,484,0.0146940458199,37.7405461087,0.328484827741,0.53305785124,0.328512396694,0.113636363636
yolo11s,858d739b-a0ba-35aa-bafc-4f7988bcad17,300,high_yaw,ego_motion_from_another_log,484,0.0207870122678,53.3898699225,0.205151219947,0.415289256198,0.144628099174,0.0371900826446
yolo11s,858d739b-a0ba-35aa-bafc-4f7988bcad17,300,high_yaw,shuffled_object_velocity,484,0.0166668610727,42.8075729797,0.290829575625,0.489669421488,0.272727272727,0.0578512396694
yolo11s,858d739b-a0ba-35aa-bafc-4f7988bcad17,300,high_yaw,reversed_object_velocity,484,0.0160243164988,41.1572458055,0.342600648656,0.537190082645,0.328512396694,0.101239669421
yolo11s,858d739b-a0ba-35aa-bafc-4f7988bcad17,300,high_yaw,incorrect_depth,484,0.0146038450549,37.5088722613,0.363595906041,0.555785123967,0.318181818182,0.0702479338843
yolo11s,858d739b-a0ba-35aa-bafc-4f7988bcad17,300,high_yaw,mismatched_track_history,484,0.0160140624985,41.1309091806,0.311329149832,0.506198347107,0.26652892562,0.0599173553719
yolo11s,858d739b-a0ba-35aa-bafc-4f7988bcad17,300,high_yaw,no_ego_motion_correction,484,0.0229170139041,58.8606181393,0.21685302691,0.392561983471,0.152892561983,0.0289256198347
yolo11s,858d739b-a0ba-35aa-bafc-4f7988bcad17,300,high_yaw,no_object_motion_correction,484,0.00965598118182,24.8006578641,0.479722431226,0.692148760331,0.47520661157,0.144628099174
yolo11s,95bf6003-7068-3a78-a0c0-9e470a06e60f,300,high_yaw,valid_B4,621,0.00972048749255,24.9663374478,0.551493761912,0.75040257649,0.561996779388,0.294685990338
yolo11s,95bf6003-7068-3a78-a0c0-9e470a06e60f,300,high_yaw,valid_B5,621,0.00819238439986,21.0415201486,0.599725711986,0.803542673108,0.639291465378,0.334943639291
yolo11s,95bf6003-7068-3a78-a0c0-9e470a06e60f,300,high_yaw,time_shifted_ego_pose,621,0.0121958241369,31.3240525323,0.495620062653,0.703703703704,0.494363929147,0.228663446055
yolo11s,95bf6003-7068-3a78-a0c0-9e470a06e60f,300,high_yaw,ego_motion_from_another_log,621,0.0333053418827,85.5422533998,0.167430969073,0.355877616747,0.167471819646,0.0289855072464
yolo11s,95bf6003-7068-3a78-a0c0-9e470a06e60f,300,high_yaw,shuffled_object_velocity,621,0.0104828473442,26.9244011073,0.489661056091,0.694041867955,0.479871175523,0.19806763285
yolo11s,95bf6003-7068-3a78-a0c0-9e470a06e60f,300,high_yaw,reversed_object_velocity,621,0.00992900200233,25.5018912066,0.550704909334,0.735909822866,0.566827697262,0.272141706924
yolo11s,95bf6003-7068-3a78-a0c0-9e470a06e60f,300,high_yaw,incorrect_depth,621,0.00987395038934,25.3604952994,0.523969468605,0.747181964573,0.533011272142,0.230273752013
yolo11s,95bf6003-7068-3a78-a0c0-9e470a06e60f,300,high_yaw,mismatched_track_history,621,0.0107240310148,27.5438631367,0.484123074358,0.708534621578,0.478260869565,0.186795491143
yolo11s,95bf6003-7068-3a78-a0c0-9e470a06e60f,300,high_yaw,no_ego_motion_correction,621,0.0303159824874,77.8643097294,0.224457145146,0.423510466989,0.24959742351,0.0628019323671
yolo11s,95bf6003-7068-3a78-a0c0-9e470a06e60f,300,high_yaw,no_object_motion_correction,621,0.00587171690187,15.0810610767,0.660576512223,0.861513687601,0.752012882448,0.438003220612
yolo11s,a7636fca-4d9e-3052-bef2-af0ce5d1df74,300,high_yaw,valid_B4,884,0.0140008606145,35.9601522998,0.403853860959,0.579185520362,0.411764705882,0.132352941176
yolo11s,a7636fca-4d9e-3052-bef2-af0ce5d1df74,300,high_yaw,valid_B5,884,0.0131060182179,33.6618172366,0.433241507919,0.590497737557,0.450226244344,0.14479638009
yolo11s,a7636fca-4d9e-3052-bef2-af0ce5d1df74,300,high_yaw,time_shifted_ego_pose,884,0.0227303181742,58.3811042675,0.29335191166,0.495475113122,0.326923076923,0.0814479638009
yolo11s,a7636fca-4d9e-3052-bef2-af0ce5d1df74,300,high_yaw,ego_motion_from_another_log,884,0.0505762569892,129.901293511,0.0582927875584,0.217194570136,0.0712669683258,0.00904977375566
yolo11s,a7636fca-4d9e-3052-bef2-af0ce5d1df74,300,high_yaw,shuffled_object_velocity,884,0.0202929365938,52.120873896,0.284635548472,0.477375565611,0.29185520362,0.106334841629
yolo11s,a7636fca-4d9e-3052-bef2-af0ce5d1df74,300,high_yaw,reversed_object_velocity,884,0.018174497256,46.6798225692,0.28315007045,0.487556561086,0.326923076923,0.128959276018
yolo11s,a7636fca-4d9e-3052-bef2-af0ce5d1df74,300,high_yaw,incorrect_depth,884,0.0142821021665,36.6824999698,0.381330895517,0.569004524887,0.372171945701,0.0984162895928
yolo11s,a7636fca-4d9e-3052-bef2-af0ce5d1df74,300,high_yaw,mismatched_track_history,884,0.0185549342693,47.6569462842,0.298855037735,0.498868778281,0.33257918552,0.118778280543
yolo11s,a7636fca-4d9e-3052-bef2-af0ce5d1df74,300,high_yaw,no_ego_motion_correction,884,0.0422074506137,108.406646852,0.128785973829,0.277149321267,0.117647058824,0.0101809954751
yolo11s,a7636fca-4d9e-3052-bef2-af0ce5d1df74,300,high_yaw,no_object_motion_correction,884,0.0119134354909,30.5987586381,0.439510303234,0.616515837104,0.4592760181,0.20814479638
yolo11s,a91d4c7b-bf55-3a0e-9eba-1a43577bcca8,300,high_yaw,valid_B4,363,0.0104462949515,26.8305190493,0.337729840355,0.526170798898,0.421487603306,0.234159779614
yolo11s,a91d4c7b-bf55-3a0e-9eba-1a43577bcca8,300,high_yaw,valid_B5,363,0.0122269505965,31.4039984912,0.440214162452,0.581267217631,0.440771349862,0.234159779614
yolo11s,a91d4c7b-bf55-3a0e-9eba-1a43577bcca8,300,high_yaw,time_shifted_ego_pose,363,0.013696521832,35.1784811391,0.344413646087,0.528925619835,0.393939393939,0.176308539945
yolo11s,a91d4c7b-bf55-3a0e-9eba-1a43577bcca8,300,high_yaw,ego_motion_from_another_log,363,0.0196659884235,50.5106049054,0.237761100286,0.460055096419,0.258953168044,0.0192837465565
yolo11s,a91d4c7b-bf55-3a0e-9eba-1a43577bcca8,300,high_yaw,shuffled_object_velocity,363,0.0231516608981,59.4632912087,0.108160057893,0.374655647383,0.228650137741,0.0743801652893
yolo11s,a91d4c7b-bf55-3a0e-9eba-1a43577bcca8,300,high_yaw,reversed_object_velocity,363,0.0239842599092,61.6017588406,0.23077518349,0.424242424242,0.159779614325,0.0495867768595
yolo11s,a91d4c7b-bf55-3a0e-9eba-1a43577bcca8,300,high_yaw,incorrect_depth,363,0.0118264496315,30.3753420325,0.33270476112,0.515151515152,0.393939393939,0.151515151515
yolo11s,a91d4c7b-bf55-3a0e-9eba-1a43577bcca8,300,high_yaw,mismatched_track_history,363,0.0246098088037,63.208433897,0.0877119103991,0.355371900826,0.225895316804,0.0633608815427
yolo11s,a91d4c7b-bf55-3a0e-9eba-1a43577bcca8,300,high_yaw,no_ego_motion_correction,363,0.0186916101078,48.0079878453,0.222948171765,0.443526170799,0.228650137741,0.0661157024793
yolo11s,a91d4c7b-bf55-3a0e-9eba-1a43577bcca8,300,high_yaw,no_object_motion_correction,363,0.0164909406163,42.3557345836,0.412454039613,0.589531680441,0.36914600551,0.134986225895
yolo11s,b2053fdc-0b94-30bc-aee7-5bc6fb7e9f52,300,high_yaw,valid_B4,530,0.00851946623655,21.8816051252,0.518985282019,0.739622641509,0.528301886792,0.17358490566
yolo11s,b2053fdc-0b94-30bc-aee7-5bc6fb7e9f52,300,high_yaw,valid_B5,530,0.00655661677,16.8401746231,0.572449480569,0.820754716981,0.639622641509,0.228301886792
yolo11s,b2053fdc-0b94-30bc-aee7-5bc6fb7e9f52,300,high_yaw,time_shifted_ego_pose,530,0.00948110338098,24.3514974499,0.516614273323,0.733962264151,0.518867924528,0.194339622642
yolo11s,b2053fdc-0b94-30bc-aee7-5bc6fb7e9f52,300,high_yaw,ego_motion_from_another_log,530,0.0167376840289,42.98947639,0.370776294073,0.564150943396,0.31320754717,0.0867924528302
yolo11s,b2053fdc-0b94-30bc-aee7-5bc6fb7e9f52,300,high_yaw,shuffled_object_velocity,530,0.00958911074273,24.6289061954,0.433889365975,0.637735849057,0.420754716981,0.162264150943
yolo11s,b2053fdc-0b94-30bc-aee7-5bc6fb7e9f52,300,high_yaw,reversed_object_velocity,530,0.0091207629306,23.4259902378,0.493740053214,0.667924528302,0.494339622642,0.152830188679
yolo11s,b2053fdc-0b94-30bc-aee7-5bc6fb7e9f52,300,high_yaw,incorrect_depth,530,0.0117544724718,30.190474138,0.461069352456,0.711320754717,0.428301886792,0.0867924528302
yolo11s,b2053fdc-0b94-30bc-aee7-5bc6fb7e9f52,300,high_yaw,mismatched_track_history,530,0.0102141697818,26.2343230951,0.43363850552,0.664150943396,0.428301886792,0.12641509434
yolo11s,b2053fdc-0b94-30bc-aee7-5bc6fb7e9f52,300,high_yaw,no_ego_motion_correction,530,0.0160998275278,41.3511901762,0.346905629892,0.552830188679,0.241509433962,0.0245283018868
yolo11s,b2053fdc-0b94-30bc-aee7-5bc6fb7e9f52,300,high_yaw,no_object_motion_correction,530,0.0052514576126,13.4879719715,0.620666581442,0.867924528302,0.718867924528,0.290566037736
yolo11s,b50c4763-5d1e-37f4-a009-2244aeebabcd,300,high_yaw,valid_B4,178,0.0129012224047,33.135814669,0.185586240892,0.365168539326,0.196629213483,0.0898876404494
yolo11s,b50c4763-5d1e-37f4-a009-2244aeebabcd,300,high_yaw,valid_B5,178,0.0106123756915,27.2570848777,0.219204726398,0.348314606742,0.202247191011,0.0955056179775
yolo11s,b50c4763-5d1e-37f4-a009-2244aeebabcd,300,high_yaw,time_shifted_ego_pose,178,0.0136927263438,35.1687327146,0.17403834038,0.342696629213,0.219101123596,0.101123595506
yolo11s,b50c4763-5d1e-37f4-a009-2244aeebabcd,300,high_yaw,ego_motion_from_another_log,178,0.023850334112,61.2577805527,0.00787769087796,0.23595505618,0.0955056179775,0
yolo11s,b50c4763-5d1e-37f4-a009-2244aeebabcd,300,high_yaw,shuffled_object_velocity,178,0.0149106780224,38.2969495478,0.219829232433,0.376404494382,0.196629213483,0.0505617977528
yolo11s,b50c4763-5d1e-37f4-a009-2244aeebabcd,300,high_yaw,reversed_object_velocity,178,0.0138586492414,35.5948931365,0.201912442185,0.342696629213,0.196629213483,0.0280898876404
yolo11s,b50c4763-5d1e-37f4-a009-2244aeebabcd,300,high_yaw,incorrect_depth,178,0.0143588431732,36.8796034455,0.203977426668,0.35393258427,0.207865168539,0.0674157303371
yolo11s,b50c4763-5d1e-37f4-a009-2244aeebabcd,300,high_yaw,mismatched_track_history,178,0.0135528628198,34.8095038239,0.197554793966,0.370786516854,0.230337078652,0.0842696629213
yolo11s,b50c4763-5d1e-37f4-a009-2244aeebabcd,300,high_yaw,no_ego_motion_correction,178,0.0248020178743,63.7021083677,0.100923493373,0.292134831461,0.101123595506,0.0337078651685
yolo11s,b50c4763-5d1e-37f4-a009-2244aeebabcd,300,high_yaw,no_object_motion_correction,178,0.00854848656055,21.9561416341,0.254500865743,0.415730337079,0.280898876404,0.112359550562
yolo11s,b87683ae-14c5-321f-8af3-623e7bafc3a7,300,high_yaw,valid_B4,486,0.0129040894034,33.1431783384,0.304327238266,0.502057613169,0.362139917695,0.119341563786
yolo11s,b87683ae-14c5-321f-8af3-623e7bafc3a7,300,high_yaw,valid_B5,486,0.0117464574914,30.1698882665,0.370407252555,0.545267489712,0.372427983539,0.117283950617
yolo11s,b87683ae-14c5-321f-8af3-623e7bafc3a7,300,high_yaw,time_shifted_ego_pose,486,0.0222002757146,57.0197302707,0.180711208898,0.397119341564,0.207818930041,0.0555555555556
yolo11s,b87683ae-14c5-321f-8af3-623e7bafc3a7,300,high_yaw,ego_motion_from_another_log,486,0.0434683100316,111.645068971,0,0.211934156379,0.0740740740741,0.0123456790123
yolo11s,b87683ae-14c5-321f-8af3-623e7bafc3a7,300,high_yaw,shuffled_object_velocity,486,0.0204352923351,52.4865038583,0.222424961629,0.446502057613,0.222222222222,0.0432098765432
yolo11s,b87683ae-14c5-321f-8af3-623e7bafc3a7,300,high_yaw,reversed_object_velocity,486,0.0210094122687,53.9610875157,0.160345364211,0.380658436214,0.164609053498,0.0349794238683
yolo11s,b87683ae-14c5-321f-8af3-623e7bafc3a7,300,high_yaw,incorrect_depth,486,0.012917319624,33.1771591602,0.308989985669,0.506172839506,0.345679012346,0.102880658436
yolo11s,b87683ae-14c5-321f-8af3-623e7bafc3a7,300,high_yaw,mismatched_track_history,486,0.0210966094022,54.1850467626,0.226428602509,0.444444444444,0.251028806584,0.0637860082305
yolo11s,b87683ae-14c5-321f-8af3-623e7bafc3a7,300,high_yaw,no_ego_motion_correction,486,0.0435045953962,111.738265187,0,0.251028806584,0.127572016461,0.0123456790123
yolo11s,b87683ae-14c5-321f-8af3-623e7bafc3a7,300,high_yaw,no_object_motion_correction,486,0.010777883162,27.6821783066,0.388851687467,0.588477366255,0.397119341564,0.059670781893
yolo11s,c8ec7be0-92aa-3222-946e-fbcf398c841e,300,high_yaw,valid_B4,440,0.0093834444241,24.1006678003,0.484803230911,0.652272727273,0.461363636364,0.209090909091
yolo11s,c8ec7be0-92aa-3222-946e-fbcf398c841e,300,high_yaw,valid_B5,440,0.00849978403472,21.8310528774,0.501490422699,0.665909090909,0.502272727273,0.236363636364
yolo11s,c8ec7be0-92aa-3222-946e-fbcf398c841e,300,high_yaw,time_shifted_ego_pose,440,0.014318544299,36.7760988329,0.326403792354,0.531818181818,0.386363636364,0.177272727273
yolo11s,c8ec7be0-92aa-3222-946e-fbcf398c841e,300,high_yaw,ego_motion_from_another_log,440,0.0336079764371,86.3195473796,0.050066577576,0.336363636364,0.177272727273,0.0181818181818
yolo11s,c8ec7be0-92aa-3222-946e-fbcf398c841e,300,high_yaw,shuffled_object_velocity,440,0.0143249613142,36.7925804514,0.307844126447,0.504545454545,0.356818181818,0.134090909091
yolo11s,c8ec7be0-92aa-3222-946e-fbcf398c841e,300,high_yaw,reversed_object_velocity,440,0.0133137325828,34.1953158838,0.508297033524,0.627272727273,0.506818181818,0.154545454545
yolo11s,c8ec7be0-92aa-3222-946e-fbcf398c841e,300,high_yaw,incorrect_depth,440,0.012770683892,32.8005363651,0.421417274136,0.597727272727,0.406818181818,0.0863636363636
yolo11s,c8ec7be0-92aa-3222-946e-fbcf398c841e,300,high_yaw,mismatched_track_history,440,0.0128664500743,33.0465045664,0.36862123819,0.559090909091,0.365909090909,0.154545454545
yolo11s,c8ec7be0-92aa-3222-946e-fbcf398c841e,300,high_yaw,no_ego_motion_correction,440,0.0326447862243,83.8456661162,0.0880182468884,0.370454545455,0.159090909091,0.0204545454545
yolo11s,c8ec7be0-92aa-3222-946e-fbcf398c841e,300,high_yaw,no_object_motion_correction,440,0.00733241264488,18.8327476928,0.575043329399,0.697727272727,0.595454545455,0.340909090909
yolo11s,cae56e40-8470-3c9c-af75-6e444189488f,300,high_yaw,valid_B4,152,0.00689030582011,17.697229728,0.461816958336,0.763157894737,0.427631578947,0.0789473684211
yolo11s,cae56e40-8470-3c9c-af75-6e444189488f,300,high_yaw,valid_B5,152,0.00610860043467,15.6894785269,0.50570761013,0.848684210526,0.526315789474,0.118421052632
yolo11s,cae56e40-8470-3c9c-af75-6e444189488f,300,high_yaw,time_shifted_ego_pose,152,0.0065837407199,16.9098404383,0.461831449408,0.763157894737,0.421052631579,0.105263157895
yolo11s,cae56e40-8470-3c9c-af75-6e444189488f,300,high_yaw,ego_motion_from_another_log,152,0.011344510888,29.137518795,0.296415402942,0.5,0.203947368421,0.0460526315789
yolo11s,cae56e40-8470-3c9c-af75-6e444189488f,300,high_yaw,shuffled_object_velocity,152,0.00893513431313,22.9492171636,0.402142502846,0.677631578947,0.309210526316,0.0657894736842
yolo11s,cae56e40-8470-3c9c-af75-6e444189488f,300,high_yaw,reversed_object_velocity,152,0.00696097499281,17.8787381568,0.430025059226,0.677631578947,0.388157894737,0.105263157895
yolo11s,cae56e40-8470-3c9c-af75-6e444189488f,300,high_yaw,incorrect_depth,152,0.00730080174104,18.7515574755,0.429838529698,0.756578947368,0.342105263158,0.0526315789474
yolo11s,cae56e40-8470-3c9c-af75-6e444189488f,300,high_yaw,mismatched_track_history,152,0.00840469819346,21.5868320808,0.405325535729,0.671052631579,0.322368421053,0.0526315789474
yolo11s,cae56e40-8470-3c9c-af75-6e444189488f,300,high_yaw,no_ego_motion_correction,152,0.0112032913283,28.7748070293,0.306225852056,0.532894736842,0.157894736842,0.0131578947368
yolo11s,cae56e40-8470-3c9c-af75-6e444189488f,300,high_yaw,no_object_motion_correction,152,0.00438571026063,11.2643653314,0.55840124205,0.921052631579,0.644736842105,0.118421052632
yolo11s,d3ca0450-2167-38fb-b34b-449741cb38f3,300,high_yaw,valid_B4,365,0.0181797713035,46.6933685616,0.192392126617,0.449315068493,0.304109589041,0.147945205479
yolo11s,d3ca0450-2167-38fb-b34b-449741cb38f3,300,high_yaw,valid_B5,365,0.0185526788033,47.6511532904,0.204709024096,0.465753424658,0.32602739726,0.142465753425
yolo11s,d3ca0450-2167-38fb-b34b-449741cb38f3,300,high_yaw,time_shifted_ego_pose,365,0.0232257184981,59.653502557,0.145287168565,0.405479452055,0.279452054795,0.123287671233
yolo11s,d3ca0450-2167-38fb-b34b-449741cb38f3,300,high_yaw,ego_motion_from_another_log,365,0.0370384683662,95.1305066221,0.0332952281519,0.230136986301,0.106849315068,0.00547945205479
yolo11s,d3ca0450-2167-38fb-b34b-449741cb38f3,300,high_yaw,shuffled_object_velocity,365,0.0291131493273,74.7749236682,0.121500765971,0.347945205479,0.219178082192,0.0986301369863
yolo11s,d3ca0450-2167-38fb-b34b-449741cb38f3,300,high_yaw,reversed_object_velocity,365,0.0264858687189,68.0269519961,0.138072392797,0.320547945205,0.232876712329,0.12602739726
yolo11s,d3ca0450-2167-38fb-b34b-449741cb38f3,300,high_yaw,incorrect_depth,365,0.0192388834147,49.4136179712,0.200180509533,0.435616438356,0.271232876712,0.106849315068
yolo11s,d3ca0450-2167-38fb-b34b-449741cb38f3,300,high_yaw,mismatched_track_history,365,0.0243882920876,62.6394849539,0.144785850815,0.350684931507,0.205479452055,0.134246575342
yolo11s,d3ca0450-2167-38fb-b34b-449741cb38f3,300,high_yaw,no_ego_motion_correction,365,0.0392508538633,100.812851559,0.0539290423649,0.279452054795,0.183561643836,0.0493150684932
yolo11s,d3ca0450-2167-38fb-b34b-449741cb38f3,300,high_yaw,no_object_motion_correction,365,0.0195213376811,50.1390804064,0.187420427073,0.441095890411,0.306849315068,0.2
yolo11s,da036982-92bf-36a8-b880-4ccf4e20b74e,300,high_yaw,valid_B4,439,0.0149712337678,38.4524824032,0.278748627116,0.48291571754,0.348519362187,0.0911161731207
yolo11s,da036982-92bf-36a8-b880-4ccf4e20b74e,300,high_yaw,valid_B5,439,0.0137044197617,35.1987663747,0.334310158518,0.533029612756,0.348519362187,0.0751708428246
yolo11s,da036982-92bf-36a8-b880-4ccf4e20b74e,300,high_yaw,time_shifted_ego_pose,439,0.0218424967418,56.1008020201,0.162820233275,0.405466970387,0.202733485194,0.0410022779043
yolo11s,da036982-92bf-36a8-b880-4ccf4e20b74e,300,high_yaw,ego_motion_from_another_log,439,0.0375643120808,96.4810964596,0.0246504454541,0.24145785877,0.0615034168565,0.00227790432802
yolo11s,da036982-92bf-36a8-b880-4ccf4e20b74e,300,high_yaw,shuffled_object_velocity,439,0.0203990627644,52.3934509442,0.21345795636,0.407744874715,0.154897494305,0.0318906605923
yolo11s,da036982-92bf-36a8-b880-4ccf4e20b74e,300,high_yaw,reversed_object_velocity,439,0.02343699052,60.1961387771,0.160799834608,0.334851936219,0.141230068337,0.0273348519362
yolo11s,da036982-92bf-36a8-b880-4ccf4e20b74e,300,high_yaw,incorrect_depth,439,0.0129448662668,33.24791063,0.27294400727,0.480637813212,0.337129840547,0.0797266514806
yolo11s,da036982-92bf-36a8-b880-4ccf4e20b74e,300,high_yaw,mismatched_track_history,439,0.0206771760249,53.1077638339,0.158569455442,0.398633257403,0.175398633257,0.0546697038724
yolo11s,da036982-92bf-36a8-b880-4ccf4e20b74e,300,high_yaw,no_ego_motion_correction,439,0.0388321404192,99.737417724,0.0117513057515,0.259681093394,0.107061503417,0.0227790432802
yolo11s,da036982-92bf-36a8-b880-4ccf4e20b74e,300,high_yaw,no_object_motion_correction,439,0.0135856253472,34.8936518993,0.369105556081,0.583143507973,0.216400911162,0.0432801822323
yolo11s,dafe14f5-825c-4e7a-9009-6dfdfdd5b030,300,high_yaw,valid_B4,259,0.00774786922128,19.899816509,0.446388178874,0.698841698842,0.42471042471,0.150579150579
yolo11s,dafe14f5-825c-4e7a-9009-6dfdfdd5b030,300,high_yaw,valid_B5,259,0.00685182454925,17.5983934922,0.49648739698,0.749034749035,0.498069498069,0.189189189189
yolo11s,dafe14f5-825c-4e7a-9009-6dfdfdd5b030,300,high_yaw,time_shifted_ego_pose,259,0.0103216273234,26.5103196691,0.44690842705,0.664092664093,0.416988416988,0.111969111969
yolo11s,dafe14f5-825c-4e7a-9009-6dfdfdd5b030,300,high_yaw,ego_motion_from_another_log,259,0.0153896713989,39.527207833,0.254961261202,0.471042471042,0.235521235521,0.0733590733591
yolo11s,dafe14f5-825c-4e7a-9009-6dfdfdd5b030,300,high_yaw,shuffled_object_velocity,259,0.0113314735195,29.1040332994,0.359707982004,0.555984555985,0.335907335907,0.111969111969
yolo11s,dafe14f5-825c-4e7a-9009-6dfdfdd5b030,300,high_yaw,reversed_object_velocity,259,0.00933201338491,23.9685710633,0.390022773856,0.602316602317,0.343629343629,0.123552123552
yolo11s,dafe14f5-825c-4e7a-9009-6dfdfdd5b030,300,high_yaw,incorrect_depth,259,0.0118178607999,30.3532822677,0.416135653638,0.687258687259,0.332046332046,0.0965250965251
yolo11s,dafe14f5-825c-4e7a-9009-6dfdfdd5b030,300,high_yaw,mismatched_track_history,259,0.0113127852551,29.0560339047,0.386311464394,0.594594594595,0.332046332046,0.0772200772201
yolo11s,dafe14f5-825c-4e7a-9009-6dfdfdd5b030,300,high_yaw,no_ego_motion_correction,259,0.0184957270517,47.5048770206,0.290048517054,0.482625482625,0.146718146718,0.023166023166
yolo11s,dafe14f5-825c-4e7a-9009-6dfdfdd5b030,300,high_yaw,no_object_motion_correction,259,0.00667255507551,17.1379533981,0.485978414365,0.803088803089,0.474903474903,0.162162162162
yolo11s,e1d68dde-22a9-3918-a526-0850b21ff2eb,300,high_yaw,valid_B4,206,0.0147934551015,37.9958713351,0.296189866161,0.5,0.194174757282,0.0242718446602
yolo11s,e1d68dde-22a9-3918-a526-0850b21ff2eb,300,high_yaw,valid_B5,206,0.0161807418271,41.5590124385,0.273426264595,0.461165048544,0.18932038835,0.00970873786408
yolo11s,e1d68dde-22a9-3918-a526-0850b21ff2eb,300,high_yaw,time_shifted_ego_pose,206,0.0157070338917,40.3423294095,0.268377921315,0.436893203883,0.184466019417,0.00970873786408
yolo11s,e1d68dde-22a9-3918-a526-0850b21ff2eb,300,high_yaw,ego_motion_from_another_log,206,0.0211744533975,54.384983181,0.150351409442,0.233009708738,0.0291262135922,0
yolo11s,e1d68dde-22a9-3918-a526-0850b21ff2eb,300,high_yaw,shuffled_object_velocity,206,0.0183385552876,47.1011932236,0.216185851213,0.398058252427,0.145631067961,0.0145631067961
yolo11s,e1d68dde-22a9-3918-a526-0850b21ff2eb,300,high_yaw,reversed_object_velocity,206,0.0452084478192,116.114481358,0,0.0291262135922,0.00970873786408,0
yolo11s,e1d68dde-22a9-3918-a526-0850b21ff2eb,300,high_yaw,incorrect_depth,206,0.0154794869839,39.7578923746,0.283791682934,0.470873786408,0.169902912621,0.00485436893204
yolo11s,e1d68dde-22a9-3918-a526-0850b21ff2eb,300,high_yaw,mismatched_track_history,206,0.0163747106048,42.0572065839,0.230261683163,0.407766990291,0.150485436893,0.0242718446602
yolo11s,e1d68dde-22a9-3918-a526-0850b21ff2eb,300,high_yaw,no_ego_motion_correction,206,0.0198994170737,51.1101487511,0.203390870942,0.368932038835,0.145631067961,0.00485436893204
yolo11s,e1d68dde-22a9-3918-a526-0850b21ff2eb,300,high_yaw,no_object_motion_correction,206,0.0233475785305,59.96649084,0.195518601238,0.281553398058,0.0339805825243,0
yolo11s,e50e7698-de3d-355f-aca2-eddd09c09533,300,high_yaw,valid_B4,748,0.00976185383403,25.0725837694,0.372952380067,0.58422459893,0.372994652406,0.131016042781
yolo11s,e50e7698-de3d-355f-aca2-eddd09c09533,300,high_yaw,valid_B5,748,0.00793602710232,20.3830858054,0.44711392548,0.679144385027,0.423796791444,0.148395721925
yolo11s,e50e7698-de3d-355f-aca2-eddd09c09533,300,high_yaw,time_shifted_ego_pose,748,0.011458309222,29.4298012148,0.384142954809,0.586898395722,0.331550802139,0.096256684492
yolo11s,e50e7698-de3d-355f-aca2-eddd09c09533,300,high_yaw,ego_motion_from_another_log,748,0.0366151242447,94.0431792426,0.00110523939339,0.183155080214,0.0708556149733,0.00935828877005
yolo11s,e50e7698-de3d-355f-aca2-eddd09c09533,300,high_yaw,shuffled_object_velocity,748,0.00981760008635,25.2157638052,0.374666042091,0.577540106952,0.374331550802,0.122994652406
yolo11s,e50e7698-de3d-355f-aca2-eddd09c09533,300,high_yaw,reversed_object_velocity,748,0.00860684390494,22.1060280625,0.400091581877,0.604278074866,0.387700534759,0.139037433155
yolo11s,e50e7698-de3d-355f-aca2-eddd09c09533,300,high_yaw,incorrect_depth,748,0.0100737090517,25.8735603258,0.357431728654,0.560160427807,0.358288770053,0.114973262032
yolo11s,e50e7698-de3d-355f-aca2-eddd09c09533,300,high_yaw,mismatched_track_history,748,0.0102471514725,26.3190340748,0.3633817056,0.566844919786,0.370320855615,0.110962566845
yolo11s,e50e7698-de3d-355f-aca2-eddd09c09533,300,high_yaw,no_ego_motion_correction,748,0.0352591928293,90.5605718836,0.0542438257501,0.290106951872,0.0895721925134,0.00935828877005
yolo11s,e50e7698-de3d-355f-aca2-eddd09c09533,300,high_yaw,no_object_motion_correction,748,0.00500959094618,12.8667557192,0.519224455873,0.780748663102,0.52807486631,0.183155080214
yolo11s,eec284b2-840a-3c75-aa42-04d2e309bbe1,300,high_yaw,valid_B4,42,0.005524698038,14.1897693526,0.615274447169,0.880952380952,0.714285714286,0.357142857143
yolo11s,eec284b2-840a-3c75-aa42-04d2e309bbe1,300,high_yaw,valid_B5,42,0.00396200892079,10.1761204634,0.648660131798,0.952380952381,0.785714285714,0.380952380952
yolo11s,eec284b2-840a-3c75-aa42-04d2e309bbe1,300,high_yaw,time_shifted_ego_pose,42,0.00615221174789,15.8014908888,0.665224184188,0.880952380952,0.714285714286,0.452380952381
yolo11s,eec284b2-840a-3c75-aa42-04d2e309bbe1,300,high_yaw,ego_motion_from_another_log,42,0.00829183031824,21.2969394738,0.479464862585,0.666666666667,0.47619047619,0.261904761905
yolo11s,eec284b2-840a-3c75-aa42-04d2e309bbe1,300,high_yaw,shuffled_object_velocity,42,0.0061824203749,15.8790794641,0.585755391294,0.809523809524,0.642857142857,0.285714285714
yolo11s,eec284b2-840a-3c75-aa42-04d2e309bbe1,300,high_yaw,reversed_object_velocity,42,0.00471309140387,12.1052190542,0.635021673157,0.809523809524,0.642857142857,0.380952380952
yolo11s,eec284b2-840a-3c75-aa42-04d2e309bbe1,300,high_yaw,incorrect_depth,42,0.00589849605751,15.1498413139,0.590407994282,0.880952380952,0.595238095238,0.333333333333
yolo11s,eec284b2-840a-3c75-aa42-04d2e309bbe1,300,high_yaw,mismatched_track_history,42,0.00606165353469,15.5688989626,0.569637990481,0.809523809524,0.595238095238,0.309523809524
yolo11s,eec284b2-840a-3c75-aa42-04d2e309bbe1,300,high_yaw,no_ego_motion_correction,42,0.0103440487676,26.567907454,0.426239694088,0.714285714286,0.404761904762,0.142857142857
yolo11s,eec284b2-840a-3c75-aa42-04d2e309bbe1,300,high_yaw,no_object_motion_correction,42,0.00372955831956,9.57908866287,0.739454677062,0.952380952381,0.857142857143,0.52380952381
yolo11s,f2576c8a-da9b-450e-88cf-a70af1b0eadf,300,high_yaw,valid_B4,150,0.00840879335488,21.5973501934,0.642280537207,0.793333333333,0.66,0.393333333333
yolo11s,f2576c8a-da9b-450e-88cf-a70af1b0eadf,300,high_yaw,valid_B5,150,0.00915574548623,23.5158402879,0.66371109547,0.8,0.72,0.426666666667
yolo11s,f2576c8a-da9b-450e-88cf-a70af1b0eadf,300,high_yaw,time_shifted_ego_pose,150,0.00947898264416,24.3460504977,0.605627716968,0.78,0.606666666667,0.326666666667
yolo11s,f2576c8a-da9b-450e-88cf-a70af1b0eadf,300,high_yaw,ego_motion_from_another_log,150,0.017902024835,45.9799977492,0.301461832913,0.513333333333,0.246666666667,0.0533333333333
yolo11s,f2576c8a-da9b-450e-88cf-a70af1b0eadf,300,high_yaw,shuffled_object_velocity,150,0.0168961027403,43.396362877,0.450414808638,0.6,0.46,0.186666666667
yolo11s,f2576c8a-da9b-450e-88cf-a70af1b0eadf,300,high_yaw,reversed_object_velocity,150,0.0116575542383,29.9415469802,0.473160263242,0.74,0.48,0.2
yolo11s,f2576c8a-da9b-450e-88cf-a70af1b0eadf,300,high_yaw,incorrect_depth,150,0.00911616919774,23.4141915821,0.611734962818,0.773333333333,0.633333333333,0.353333333333
yolo11s,f2576c8a-da9b-450e-88cf-a70af1b0eadf,300,high_yaw,mismatched_track_history,150,0.0174246145148,44.7538054246,0.412726967566,0.586666666667,0.433333333333,0.2
yolo11s,f2576c8a-da9b-450e-88cf-a70af1b0eadf,300,high_yaw,no_ego_motion_correction,150,0.0126632140884,32.5245082972,0.360881708365,0.613333333333,0.38,0.16
yolo11s,f2576c8a-da9b-450e-88cf-a70af1b0eadf,300,high_yaw,no_object_motion_correction,150,0.00537289333511,13.7998704466,0.651347088844,0.826666666667,0.74,0.426666666667
yolo11s,f292cc5c-7a90-360d-b62a-074c643bdf59,300,high_yaw,valid_B4,536,0.00687904575286,17.6683090963,0.509680666755,0.692164179104,0.513059701493,0.216417910448
yolo11s,f292cc5c-7a90-360d-b62a-074c643bdf59,300,high_yaw,valid_B5,536,0.00638321134879,16.3947959047,0.554120262278,0.742537313433,0.565298507463,0.263059701493
yolo11s,f292cc5c-7a90-360d-b62a-074c643bdf59,300,high_yaw,time_shifted_ego_pose,536,0.00934699992458,24.0070628577,0.40932498944,0.582089552239,0.404850746269,0.17723880597
yolo11s,f292cc5c-7a90-360d-b62a-074c643bdf59,300,high_yaw,ego_motion_from_another_log,536,0.0162401942272,41.7117114346,0.190599303174,0.315298507463,0.113805970149,0.0167910447761
yolo11s,f292cc5c-7a90-360d-b62a-074c643bdf59,300,high_yaw,shuffled_object_velocity,536,0.00917780088037,23.5724879008,0.418763421176,0.60447761194,0.419776119403,0.160447761194
yolo11s,f292cc5c-7a90-360d-b62a-074c643bdf59,300,high_yaw,reversed_object_velocity,536,0.00772409502807,19.8387542906,0.474539041177,0.690298507463,0.460820895522,0.22947761194
yolo11s,f292cc5c-7a90-360d-b62a-074c643bdf59,300,high_yaw,incorrect_depth,536,0.00757503746212,19.4559111983,0.484403616743,0.686567164179,0.483208955224,0.169776119403
yolo11s,f292cc5c-7a90-360d-b62a-074c643bdf59,300,high_yaw,mismatched_track_history,536,0.007925755939,20.3567050988,0.447861549798,0.638059701493,0.444029850746,0.158582089552
yolo11s,f292cc5c-7a90-360d-b62a-074c643bdf59,300,high_yaw,no_ego_motion_correction,536,0.0150586297364,38.6769523429,0.237037946264,0.404850746269,0.166044776119,0.0317164179104
yolo11s,f292cc5c-7a90-360d-b62a-074c643bdf59,300,high_yaw,no_object_motion_correction,536,0.00482987199429,12.4051611744,0.620720746611,0.813432835821,0.688432835821,0.380597014925
