path,sha256,rows,detector,excluded
results\av2_confirmation\aggregate_metrics.csv,6e0d527e97634b4eb5251bd996933f68cd1a2218d0f3397b8fe457c528e7b6d3,540,,False
results\av2_confirmation\bootstrap_intervals.csv,59ce2e70e9d8141cb1d03866ba5894353cc9fc4d0546dab45a6be10e9d72c1a5,12,,False
results\av2_confirmation\class_mapping.csv,aa78b350a53d9b59071e3d44408e7d40f4b63eaff242a03e290bfa7166671d63,28,,False
results\av2_confirmation\cohort_source_metadata.csv,4ebf85c61173c7c803078436a6ef3dfba0c30f38d6889438479ef3523bcc0493,850,,False
results\av2_confirmation\corrected_propagation_integrity.csv,c0e0db2a9046caaa644dcb54e8e2ea489790bdad4b6fba7e1631d5147e1cab10,1500,,False
results\av2_confirmation\corrected_row_level_agreement.csv,bb49f01b91625f939a6accc427709aefa57b74f2576c10b5632753dba9896865,6,,False
results\av2_confirmation\detector_comparison.csv,4bc4825c207afd08b61af975f8fcdd2f8ee47acd0a1194d2b8de452477459c8e,90,,False
results\av2_confirmation\download_manifest.csv,077e7d0eb512133ec1f16dd8d487782ceaa6d3ef7e23aeccaefdbde345c572bb,72557,,False
results\av2_confirmation\heldout_primary_metrics.csv,d556155a9693c38f549b8daaa44bfb15522fbbf7bab57d654019afa972c25a49,12,,False
results\av2_confirmation\high_yaw_metrics.csv,df5d9c1471233bc9c9492bfcb1d318a817fd5924b10582a5955060c3f505d1fa,180,,False
results\av2_confirmation\high_yaw_threshold.json,eb727e4cc4b7450691b341a3eadae86a4411c2b4b93879b7a4fc8cc81a7a7e6f,0,,False
results\av2_confirmation\latency_comparison.csv,65e50bc07c56cfc7f901f91057ff6551d4d1154ecd9e0902266e2e3ef3ce57dc,180,,False
results\av2_confirmation\latency_pairs.parquet,da46a1349ef31607a566b31ca93df45f62772acf6383f0c4f2685a7bcbf37597,0,,False
results\av2_confirmation\metric_recalculation.csv,6b80b1d5f28f54cc0266216fd36fcc40ac0b78637f9c1f818c74f39850902b50,1260,,False
results\av2_confirmation\model_comparison.csv,cf423c8cc49cc669039134aae37ec8a031423e9256611266b1945375fbc900d8,12,,False
results\av2_confirmation\model_coordinate_hashes.csv,78780df9979ccf47182f0724e4090ca14486a012874cd63c437b0428f65a9294,180,,False
results\av2_confirmation\motion_input_audit.csv,38f6ed61a38c8484b25101367d4a0482e02ec745a6b2a5dc76803ec1cfdf3284,10,,False
results\av2_confirmation\motion_input_distributions.csv,3d43dffaf5fef0de5caf6b4ae67467ff2c39550c5b7ae046fc66421c6317c547,10,,False
results\av2_confirmation\negative_controls.csv,61699b379249e7ac43a2d512e90974b4a4461a44cd94c3f979d18d1439aec61d,16,,False
results\av2_confirmation\negative_controls_audit_sample.csv,3c3c0712125acb82623941a6d5b687df2736aae55acbf1a5644007bea4edd81b,100,,False
results\av2_confirmation\negative_controls_per_log.csv,8aa96737f7096d043a587424f53c095feee8e63639e1408f751c2fe7e7f014b5,800,,False
results\av2_confirmation\negative_controls_recovered.csv,65c82b2562988a20266d6d7c577885d6a0bab5d34bd1d1c17fb3c117f854ac5a,20,,False
results\av2_confirmation\object_motion_contribution.csv,3643d1a87190a7516d7600106c16e8d6aa3634760b5fbbc2750244a0990111ca,4,,False
results\av2_confirmation\per_log_metrics.csv,3e45613dae673a4e0eec6cf04f7da728e0fd171c9d91d9e53674db1f43dff005,9000,,False
results\av2_confirmation\propagation_distinctness_audit.csv,7dc671cfead8c5f52a7a6186a33691a6906d57eeb05369099700b48bc33617d1,180,,False
results\av2_confirmation\row_level_recalculation.parquet,94620335c18e169bd5301d2ba6acf218775f229af85f52a37a1586474a5b7091,0,,False
results\av2_confirmation\row_level_recalculation_summary.csv,2dc1023492aeb15886cc7f5447d1c7ce4f0595d8f44c7626d1a3d10a163d8cc7,6,,False
results\av2_confirmation\runtime_metrics.csv,eec7deae27a0c025c2e51b9cc31d7f3e66e92db4c48d2d6712064928aa1a965f,2,,False
results\av2_confirmation\runtime_recovery.csv,b9a37b6de5ea586c52828dfb2b9a09b76e69ec40f11817508a8985825878302e,6,,False
results\av2_confirmation\run_manifest.json,b3a7bf7c99e551827b2983b06ef1018c4af1174c6668a1cd6d3be1cf2c7e1f0f,0,,False
results\av2_confirmation\statistical_tests.csv,95461aca4d806a833d27521fffcf9ed2de07d091cc43499e7219534569c02744,12,,False
results\av2_confirmation\timing_audit.csv,f8523252a049a6a415201d265156b008dc160da1e33d8d5cf1d5f1595cb393da,150,,False
results\av2_confirmation\yaw_join_audit.csv,e2cf8201d18b242407d6e9ae7254332bee4d2e19435b76957b256450ed213de0,30,,False
results\av2_confirmation\yaw_reconstruction.parquet,99e3838bbc257c9cfd9196ecde944e45d4536a631b804b89f6d5046e1f939bff,0,,False
results\av2_confirmation\checkpoints\yolo11n\development\01bb304d-7bd8-35f8-bbef-7086b688e35e.json,b988575fb697a50d251394d3a2ab2dd6b4a8b4f82d472cc506bf2df5dbc574d7,0,yolo11n,False
results\av2_confirmation\checkpoints\yolo11n\development\01bb304d-7bd8-35f8-bbef-7086b688e35e.propagation.parquet,1a07aa7dc7a7f29b5eecc0eff3c393cdbb34ecfb656f7705e87e1859cf4f1733,0,yolo11n,False
results\av2_confirmation\checkpoints\yolo11n\development\16af3863-0d31-3cd1-8fa2-58053ffb953a.json,09f630efaa1bef4453ac220dc686579030c45f0672803cdb4cdf65174eba6f67,0,yolo11n,False
results\av2_confirmation\checkpoints\yolo11n\development\16af3863-0d31-3cd1-8fa2-58053ffb953a.propagation.parquet,80c918e19e5b85aca0817fad9498186e3287fac7a450bcaca19ea52a6a4602a5,0,yolo11n,False
results\av2_confirmation\checkpoints\yolo11n\development\1d43ed4e-e705-308a-bdfa-49d99285c42a.json,627a787bbf32c0e2b52230aa7d33ed8160c61c8e895c95585b2d4045d3f10d18,0,yolo11n,False
results\av2_confirmation\checkpoints\yolo11n\development\1d43ed4e-e705-308a-bdfa-49d99285c42a.propagation.parquet,02bfd5735b98b94064e7c20b372e85b47a88e9d153c54da1e8984ffd0f0c4d3b,0,yolo11n,False
results\av2_confirmation\checkpoints\yolo11n\development\1e6f21fd-5c8a-3526-ac50-72adae89d6a8.json,41755177eee399d5c526c36fd0114963a9eaba53caf0cce44df00461b356a466,0,yolo11n,False
results\av2_confirmation\checkpoints\yolo11n\development\1e6f21fd-5c8a-3526-ac50-72adae89d6a8.propagation.parquet,8f811e21a1bdfb2ff8059c88f6ec5a96164617bcd59ce4513159341badf4aae1,0,yolo11n,False
results\av2_confirmation\checkpoints\yolo11n\development\2772dd5f-bc0a-47ea-ae19-a5e0dbef8f41.json,006956836f04f274edbdd08cd8e50c622f56881ac3ecbb889eee3606007d51a2,0,yolo11n,False
results\av2_confirmation\checkpoints\yolo11n\development\2772dd5f-bc0a-47ea-ae19-a5e0dbef8f41.propagation.parquet,4014dd23ec9e5864808a03fce475d8fbf8ab30c7acb448c83a53fe9f79393e4f,0,yolo11n,False
results\av2_confirmation\checkpoints\yolo11n\development\286790ed-9dec-305b-bcad-4f8153301e7c.json,72ff88de50d235138e12b60914b64cca870e2b65aa729578d7b21a94a2a68310,0,yolo11n,False
results\av2_confirmation\checkpoints\yolo11n\development\286790ed-9dec-305b-bcad-4f8153301e7c.propagation.parquet,1f0d5ccfc398100245d610b046b158dff0f044deb678e3798a4d99e825cd1b1b,0,yolo11n,False
results\av2_confirmation\checkpoints\yolo11n\development\2a9b2658-097e-3f8b-a817-22f2553c5de8.json,3629f5aedd02dcfd64b9f8b65250e9a45d25af71b7bb2844beacafb832bb8e8e,0,yolo11n,False
results\av2_confirmation\checkpoints\yolo11n\development\2a9b2658-097e-3f8b-a817-22f2553c5de8.propagation.parquet,a7dd018eb04e33a5d85c83a34289a71b9cbdce5cc74979e48c27412217863cfb,0,yolo11n,False
results\av2_confirmation\checkpoints\yolo11n\development\3153b5b3-d381-3664-8f82-1d3c5ca841d2.json,97c21fe30506cd205713e883dd242db45fc7e00891be3725d1605d2fb8393a12,0,yolo11n,False
results\av2_confirmation\checkpoints\yolo11n\development\3153b5b3-d381-3664-8f82-1d3c5ca841d2.propagation.parquet,db266bd46a499fad5970c315885c4d28f6b8c08f55d39a3ab0b6f63bd154d95f,0,yolo11n,False
results\av2_confirmation\checkpoints\yolo11n\development\349c4c1c-9561-360f-9ae7-59772335d54b.json,80c7e1125c184afcb45e6d8b395741b294c6a9e3323d6a7ae06a403e89368399,0,yolo11n,False
results\av2_confirmation\checkpoints\yolo11n\development\349c4c1c-9561-360f-9ae7-59772335d54b.propagation.parquet,59f3d3f0c7ce36d0bcff9859f6c31ed78ca84c8fa926800a727c1f5b251640d1,0,yolo11n,False
results\av2_confirmation\checkpoints\yolo11n\development\3576c0f5-c1b5-35bb-a0c4-ee95cba5c754.json,ffc5a85dd565b70c53c3ca1ccc6d0c74c043b6477ec6106ffc0e249ca72b2883,0,yolo11n,False
results\av2_confirmation\checkpoints\yolo11n\development\3576c0f5-c1b5-35bb-a0c4-ee95cba5c754.propagation.parquet,45c3ae52c60611f17e5b563dd4b2dac1163b87c28046097b3000d6953ccd9380,0,yolo11n,False
results\av2_confirmation\checkpoints\yolo11n\development\366ceb72-9f11-385a-8bc9-a26a18dbdd22.json,c9c555b62a45040346e5cf20597be99643d242d6100f6ac4f10507fe34669dda,0,yolo11n,False
results\av2_confirmation\checkpoints\yolo11n\development\366ceb72-9f11-385a-8bc9-a26a18dbdd22.propagation.parquet,c15bbdaaa338bcfb2ee60b16aa18660916663267e02e42b56447b5a10fd4c87e,0,yolo11n,False
results\av2_confirmation\checkpoints\yolo11n\development\380e5bf0-1c68-36a4-ac64-09a03b60bebf.json,7b9fb9066ba4d4de0cc8f2d4c26371b33931770048cffc4ce202b0ddc19ae27b,0,yolo11n,False
results\av2_confirmation\checkpoints\yolo11n\development\380e5bf0-1c68-36a4-ac64-09a03b60bebf.propagation.parquet,35608f7c1fe8a05753ea3c86399728c97dbc855a8189033b6e41a0dd26ecc467,0,yolo11n,False
results\av2_confirmation\checkpoints\yolo11n\development\3dd173a6-8b21-3189-bd53-132919b96a48.json,62cd9094728bd7904b0bf727501de3196d6948941c3f2442f268bca0bb0950bb,0,yolo11n,False
results\av2_confirmation\checkpoints\yolo11n\development\3dd173a6-8b21-3189-bd53-132919b96a48.propagation.parquet,8d59e55edc2a0e2f7d36d86bda4cb6a3109b8fb15797cb7c4334819e36e82c7d,0,yolo11n,False
results\av2_confirmation\checkpoints\yolo11n\development\3f9796e9-c892-3915-b719-3292df878ece.json,e2ed6a0bd2a529dcbc6d35b349a53fc40bcd134a939bcff9d2fd3121f7a82c0a,0,yolo11n,False
results\av2_confirmation\checkpoints\yolo11n\development\3f9796e9-c892-3915-b719-3292df878ece.propagation.parquet,69940637ebfcfacd587c9bc321f16bf28320489a1707bde0d1adf2db21f659ac,0,yolo11n,False
results\av2_confirmation\checkpoints\yolo11n\development\3fbdfb6c-927f-4aaa-81b1-21b02efd4c01.json,9cdf05ecd339316c1148cbac287e5c21a09436d9cbbd4c0837f2f0c7bf7999b7,0,yolo11n,False
results\av2_confirmation\checkpoints\yolo11n\development\3fbdfb6c-927f-4aaa-81b1-21b02efd4c01.propagation.parquet,ebe802e1652d3e3cd64eed1a064c5e1e126d88ac77931e4278779a0dd6567554,0,yolo11n,False
results\av2_confirmation\checkpoints\yolo11n\development\40bfcbec-ec59-3731-8e75-67f0bddc3b01.json,99e3e5fd84c45c30036eeaf92ecd295c80c00de8a06f93930022cc171841d90c,0,yolo11n,False
results\av2_confirmation\checkpoints\yolo11n\development\40bfcbec-ec59-3731-8e75-67f0bddc3b01.propagation.parquet,9d1ca1430a79b6ca65ebae9fa73d6bf239cb88ba9dbc5e25cde598a0b6994e7e,0,yolo11n,False
results\av2_confirmation\checkpoints\yolo11n\development\41b6f7d7-e431-3992-b783-74b9edf42215.json,7fc575bf44ab4027c77d8225141ecc7dd6a76467acbeec4be1af887c97994aed,0,yolo11n,False
results\av2_confirmation\checkpoints\yolo11n\development\41b6f7d7-e431-3992-b783-74b9edf42215.propagation.parquet,21f42b6d20d0c97fbd8a829057ad4cbc01222c889b841acc3327b15d2aa2b2e6,0,yolo11n,False
results\av2_confirmation\checkpoints\yolo11n\development\41d69427-364c-366e-94a5-8e556bcac39f.json,5bb06778e520d5aae2edfb9f2f6e91647bd4228751c74daebc63d1641416a6ef,0,yolo11n,False
results\av2_confirmation\checkpoints\yolo11n\development\41d69427-364c-366e-94a5-8e556bcac39f.propagation.parquet,eb3c3768009df467401524228d273f5ee690af99cc58e4bbde7bc7d5dd0cd629,0,yolo11n,False
results\av2_confirmation\checkpoints\yolo11n\development\4207ef92-0b3b-4708-8868-4ffcaef308e0.json,b5fd4fb83679600fb44c0ad76defb699f8e499b0699c4f087ffd902339750e4e,0,yolo11n,False
results\av2_confirmation\checkpoints\yolo11n\development\4207ef92-0b3b-4708-8868-4ffcaef308e0.propagation.parquet,3ba5531a5573d49dd365e35b71825aa156a32ebb10f8163cc8a0607572f97e28,0,yolo11n,False
results\av2_confirmation\checkpoints\yolo11n\development\453e5558-6363-38e3-bf9b-42b5ba0a6f1d.json,aa4faf258572939754d31509a573404d3b0a79dab9bcf6e1c50363d278e79fb1,0,yolo11n,False
results\av2_confirmation\checkpoints\yolo11n\development\453e5558-6363-38e3-bf9b-42b5ba0a6f1d.propagation.parquet,9d1f8db448b1a966bffc1600dc33fff5602691c43aab40c3bb63fc0a556072b8,0,yolo11n,False
results\av2_confirmation\checkpoints\yolo11n\development\46d917cd-531c-330b-8d7b-979b51a8927f.json,8bcb9e49c4da46845b2108294fdd1ba7b0f2582a6cedbdbdfe44a12e7a2bc6a9,0,yolo11n,False
results\av2_confirmation\checkpoints\yolo11n\development\46d917cd-531c-330b-8d7b-979b51a8927f.propagation.parquet,78f875779875fa3d1a728bdb18b4f850c8072a0ed4c82acefa0a79f69e4b6a26,0,yolo11n,False
results\av2_confirmation\checkpoints\yolo11n\development\47167c79-2ba4-369c-8db8-760a30b4c38a.json,a9bc5404612986cdf5265eb9bf42920f116af6dcd5702154e6261ae3456136be,0,yolo11n,False
results\av2_confirmation\checkpoints\yolo11n\development\47167c79-2ba4-369c-8db8-760a30b4c38a.propagation.parquet,2c46e94b6f75d4be6ff4d7844fe4c524cde50a31aa83d46a11ef38a70025fbbf,0,yolo11n,False
results\av2_confirmation\checkpoints\yolo11n\development\47358aac-2ec0-3d45-a837-f2069ca7cee3.json,38015c507a9a9c991f8d2e65b3748550164abecc72b8badefd1bd144a1da521b,0,yolo11n,False
results\av2_confirmation\checkpoints\yolo11n\development\47358aac-2ec0-3d45-a837-f2069ca7cee3.propagation.parquet,9f9e45fac70980f81e614b7199b470050b2dbc4a9d25f5ff9ef0889004b24067,0,yolo11n,False
results\av2_confirmation\checkpoints\yolo11n\development\575d8d24-ba88-3b18-84c0-df5b29dccfde.json,18f20f8f3aec7774033f12a7500ee1d87cce8f342638ecf76bc6717d080fe935,0,yolo11n,False
results\av2_confirmation\checkpoints\yolo11n\development\575d8d24-ba88-3b18-84c0-df5b29dccfde.propagation.parquet,7414d3254a9231aa44cc3982694279bad3d5eede983d06f043bdb8b15c52655d,0,yolo11n,False
results\av2_confirmation\checkpoints\yolo11n\development\5b1d8b11-4f90-3577-be0b-193e102fda82.json,2cf13bb01eb7516027b7d4ff66c52dc6873e1044bc14be63f2662b15505ecfc3,0,yolo11n,False
results\av2_confirmation\checkpoints\yolo11n\development\5b1d8b11-4f90-3577-be0b-193e102fda82.propagation.parquet,6e59cc8cd5ddf975269ace8f14602c8cdf86e70e972bdb01afdcb47c76388de6,0,yolo11n,False
results\av2_confirmation\checkpoints\yolo11n\development\62a1e53b-b55c-36c2-bc5b-e216d494875a.json,ada94d71051ebc7a22a489a96fc04f33087f1ddb68e5324a63b26a685e0f7ac2,0,yolo11n,False
results\av2_confirmation\checkpoints\yolo11n\development\62a1e53b-b55c-36c2-bc5b-e216d494875a.propagation.parquet,1cc4903dca269aee5fb9a8e000eb6d16127cf499e5cc5b7d017c5c7c0d9de7bd,0,yolo11n,False
results\av2_confirmation\checkpoints\yolo11n\development\633addf9-441c-35e7-868a-738aa612d51c.json,75d13c59d51fce8ff44360da30221a604ac49e39efde3cb2c42e0f9ef079c367,0,yolo11n,False
results\av2_confirmation\checkpoints\yolo11n\development\633addf9-441c-35e7-868a-738aa612d51c.propagation.parquet,4a6daffb376f07eadc5e900f0af66c693eea9757ebbe1e288541b074e97ff421,0,yolo11n,False
results\av2_confirmation\checkpoints\yolo11n\development\639d4834-f922-3e27-9913-20aa649f815d.json,22a203feb6d70d7df60364c3fd53345abd32db43eab61b583aea0eba623cd6bc,0,yolo11n,False
results\av2_confirmation\checkpoints\yolo11n\development\639d4834-f922-3e27-9913-20aa649f815d.propagation.parquet,39d4b52b2a909a4ee7a81f67da7d7fe294a180720dc0d97952ebed2a85383273,0,yolo11n,False
results\av2_confirmation\checkpoints\yolo11n\development\6937b4e5-b5b4-3970-b5dd-9ad194e6c338.json,59006e198fc8eb96379f1dea69c497caaa83478d7532bf16adc7a583cad74861,0,yolo11n,False
results\av2_confirmation\checkpoints\yolo11n\development\6937b4e5-b5b4-3970-b5dd-9ad194e6c338.propagation.parquet,6bf95b93bb64db02177f583500bbfd359cc33ded70c9c1b3d6e8884d9f1071d7,0,yolo11n,False
results\av2_confirmation\checkpoints\yolo11n\development\69c0ec7c-e289-3c4d-ade3-d2287ec34026.json,63b791b476d0e084e36db0b2ad08d0498bb1bbff269be0b9c1d04e1af3464e1a,0,yolo11n,False
results\av2_confirmation\checkpoints\yolo11n\development\69c0ec7c-e289-3c4d-ade3-d2287ec34026.propagation.parquet,1566f84973eba0507c4edbf8a163d33b9947d57d7cbdc357094541f0f795944f,0,yolo11n,False
results\av2_confirmation\checkpoints\yolo11n\development\6aa2ac89-6b25-3af6-ad59-221351189f4b.json,e4adaff469e994de0f19588f5a1319ed47e207c40c916024de1a643e420ce6d1,0,yolo11n,False
results\av2_confirmation\checkpoints\yolo11n\development\6aa2ac89-6b25-3af6-ad59-221351189f4b.propagation.parquet,df8658937743d54a50a5048bee6c775efc648faa8f717370d4f6a2c7e19dc69a,0,yolo11n,False
results\av2_confirmation\checkpoints\yolo11n\development\6cc0bb26-5afb-3688-b237-b9c64c2800e5.json,7783ac60bb9afdaf910b8d6e239141f0f40bfd1b0e42e04245f2bc62ed297bad,0,yolo11n,False
results\av2_confirmation\checkpoints\yolo11n\development\6cc0bb26-5afb-3688-b237-b9c64c2800e5.propagation.parquet,d1d692057460c5ce21f2f4ebe6da59b54659e307f35d76ef83d5a12180ab25a8,0,yolo11n,False
results\av2_confirmation\checkpoints\yolo11n\development\6dc6e668-549e-33b8-b952-ed8e807b1d48.json,f0bdb8fc568b46ed2e9e0abf8673b3e4a13a2cc7d3e751d55ace0e24f09340f7,0,yolo11n,False
results\av2_confirmation\checkpoints\yolo11n\development\6dc6e668-549e-33b8-b952-ed8e807b1d48.propagation.parquet,9fe6d3e946b0c8a010a6f5aff231188a6929209c7bca08fd145dee86fde607fe,0,yolo11n,False
results\av2_confirmation\checkpoints\yolo11n\development\74dd5c1d-7a9a-32d1-903a-fc57e07109b9.json,9d6d7494ff045fe5d2f22fa0df3251674b02a807e4304b0b94c4b72beeaf36cf,0,yolo11n,False
results\av2_confirmation\checkpoints\yolo11n\development\74dd5c1d-7a9a-32d1-903a-fc57e07109b9.propagation.parquet,d73f32ba0c58688a87fc5582db7b5466b55dd1527e5a2a1aa30aa17b380ed782,0,yolo11n,False
results\av2_confirmation\checkpoints\yolo11n\development\74f15437-b85e-314a-9d86-7294b98bf07f.json,d04135c2e43be6d8290f0a9b2325ab45ae71e5499c3a29264d0502e18890ad56,0,yolo11n,False
results\av2_confirmation\checkpoints\yolo11n\development\74f15437-b85e-314a-9d86-7294b98bf07f.propagation.parquet,9b44ae672497457acbdc765e837c0eb1dd1b3594596b3f5d9a73d750aad40326,0,yolo11n,False
results\av2_confirmation\checkpoints\yolo11n\development\768cf7e2-eb6c-3468-969e-e3b0fd87b34e.json,2fd7a1337b7ed97a6f15f9a0c87f67eeec2184326583dd10c80207ee8c44145b,0,yolo11n,False
results\av2_confirmation\checkpoints\yolo11n\development\768cf7e2-eb6c-3468-969e-e3b0fd87b34e.propagation.parquet,d2f6fdbbebf6b4e19b5d425804e7ae37b502089a057dbd282fb075a8a4f59108,0,yolo11n,False
results\av2_confirmation\checkpoints\yolo11n\development\770a58e6-eff6-39b7-a265-fe7f202fe8b2.json,ecf296ecb238803692d0e0bac1fb012e90a181c9d51521053bf5a705787d1bf5,0,yolo11n,False
results\av2_confirmation\checkpoints\yolo11n\development\770a58e6-eff6-39b7-a265-fe7f202fe8b2.propagation.parquet,c3408a78d96ea59cd378c1561ea27b5ead21338d613c2e7244f1ec63fbe6f1c7,0,yolo11n,False
results\av2_confirmation\checkpoints\yolo11n\development\7ce2a2ce-eed6-36d7-ba62-dda9acddb070.json,1941c5a8f13eacebfe563ab77641d08ba64289594cbd2dc742a1525189e9cde5,0,yolo11n,False
results\av2_confirmation\checkpoints\yolo11n\development\7ce2a2ce-eed6-36d7-ba62-dda9acddb070.propagation.parquet,8448f7ab29922d29f3ad9ca6e3ac92a8d2bfc3e54caf9656c47a5c7310bf912d,0,yolo11n,False
results\av2_confirmation\checkpoints\yolo11n\development\7e3d8631-3b7d-38c1-b833-ee7cfa7235ca.json,daa9bf0a81fffa4c6cd1d2158b2555ecf64bbb31d9cdeb04ba0d86ddca034b00,0,yolo11n,False
results\av2_confirmation\checkpoints\yolo11n\development\7e3d8631-3b7d-38c1-b833-ee7cfa7235ca.propagation.parquet,eea680807ed01dac7169ca00f70588849980fdff71f61fd60e53a7128e16a133,0,yolo11n,False
results\av2_confirmation\checkpoints\yolo11n\development\7ef4a6cc-7266-3a31-8dd4-01c3d3c58dcb.json,02523388d86d4c2611dd2c88097747323e1c2f8e062d714f268fe482cc5d9e1b,0,yolo11n,False
results\av2_confirmation\checkpoints\yolo11n\development\7ef4a6cc-7266-3a31-8dd4-01c3d3c58dcb.propagation.parquet,7ae6dc52ca71434e848f192ec6fc59a77cd08c03c6dee0d0f81b74c68f4ff449,0,yolo11n,False
results\av2_confirmation\checkpoints\yolo11n\development\80da8956-f418-319c-9f49-3d47d9002546.json,a90a231b34f03ecdb670e6e813f48c2c0fddd98d589e2006f1e960c9231d9cb7,0,yolo11n,False
results\av2_confirmation\checkpoints\yolo11n\development\80da8956-f418-319c-9f49-3d47d9002546.propagation.parquet,97023d843d39b45977cd81b78259f1a40ccdb0b59fd6ecbd0c8ba35e8ba09859,0,yolo11n,False
results\av2_confirmation\checkpoints\yolo11n\development\85026edc-5fdf-308e-a8ef-a1aad1151c50.json,6d6182fe221972ebd512a4bddb27cba6e565df681aa9fd4919ab51050bcbd8c6,0,yolo11n,False
results\av2_confirmation\checkpoints\yolo11n\development\85026edc-5fdf-308e-a8ef-a1aad1151c50.propagation.parquet,c9bc3f793aca9c5dd35344e8262776909478be0ef49560714645120281376ed8,0,yolo11n,False
results\av2_confirmation\checkpoints\yolo11n\development\8a0ff1a2-9045-3be3-b67f-3914d88178ec.json,08cf403243bc9d81d9b6d47472e5f3cac4a4db002d59f45496ee619161ce65b0,0,yolo11n,False
results\av2_confirmation\checkpoints\yolo11n\development\8a0ff1a2-9045-3be3-b67f-3914d88178ec.propagation.parquet,85dca451da5f5fc00285037ae41d1ca7ff75ae96618af5245bc0d974ff07e910,0,yolo11n,False
results\av2_confirmation\checkpoints\yolo11n\development\8c019de9-7043-37bc-9498-b5858e7240af.json,244524df5bd2e5e1e0eebd7e889474b6e6f78314ee501a41d82e0c7b384f0ff5,0,yolo11n,False
results\av2_confirmation\checkpoints\yolo11n\development\8c019de9-7043-37bc-9498-b5858e7240af.propagation.parquet,fba43e6886bbbabf2ef3f16951edc22422eeddd34fcec9ee3be6ac46406087af,0,yolo11n,False
results\av2_confirmation\checkpoints\yolo11n\development\8ee606e6-4cbd-3c07-8419-fbda836ccaac.json,a6dfdb975df734c121f0d89c68674d9ec9a52491f14ee7b62a1e127478413c6c,0,yolo11n,False
results\av2_confirmation\checkpoints\yolo11n\development\8ee606e6-4cbd-3c07-8419-fbda836ccaac.propagation.parquet,21c5aee910acfccfcf1dcfa72036b027a2db4e3e498b7454937813a91d3a84ed,0,yolo11n,False
results\av2_confirmation\checkpoints\yolo11n\development\90f360d8-35f7-3c54-b2da-e99b354bc4cb.json,d5b2e36f3c3d22c3a7efaa852177398bf659b7021034f9d39eb322ecccceeb5e,0,yolo11n,False
results\av2_confirmation\checkpoints\yolo11n\development\90f360d8-35f7-3c54-b2da-e99b354bc4cb.propagation.parquet,0ce1da4899e36b8a302d4b45c369f7809af24dfd83ed93280b14313d8734d20c,0,yolo11n,False
results\av2_confirmation\checkpoints\yolo11n\development\91923e20-9a05-32e0-ac53-8c09b0b60341.json,91acad24f1da50d3546ef0295a3afca7709d116b252c8c80943bbacc25288b4d,0,yolo11n,False
results\av2_confirmation\checkpoints\yolo11n\development\91923e20-9a05-32e0-ac53-8c09b0b60341.propagation.parquet,8f776f66f47f460a75c5862eea7da4945e852b67a34fd9ec3ab8438b65186564,0,yolo11n,False
results\av2_confirmation\checkpoints\yolo11n\development\919f13de-857f-3b1c-9f8e-7cbe500a60ae.json,365e95aa504932c681def93cea9635f1ed12da782e8d28ad07fe5c67378c71af,0,yolo11n,False
results\av2_confirmation\checkpoints\yolo11n\development\919f13de-857f-3b1c-9f8e-7cbe500a60ae.propagation.parquet,0996c5cbe01eec3afaacac201b03fcdcf667b7011a4f3e38ed58f37e8ab08858,0,yolo11n,False
results\av2_confirmation\checkpoints\yolo11n\development\9239d493-31d7-3dd0-a05f-03d50a242392.json,1820b32aa06603f42a88678b947e6f8d07f6bd71f86d9719214bb5579ae04977,0,yolo11n,False
results\av2_confirmation\checkpoints\yolo11n\development\9239d493-31d7-3dd0-a05f-03d50a242392.propagation.parquet,2b5d2631f213738b5ea19efdb6c073f96ed8e7ec5fb44b7f48b271c7c1d897b5,0,yolo11n,False
results\av2_confirmation\checkpoints\yolo11n\development\96284bbc-6b58-330f-a5a6-76cd518543f0.json,fb4b165fc919c15e0dafd879fc8ed110dca7d1afb4bcf477c393d038a56cdc6d,0,yolo11n,False
results\av2_confirmation\checkpoints\yolo11n\development\96284bbc-6b58-330f-a5a6-76cd518543f0.propagation.parquet,581112d8fd6f90a5fee52bc8c044926818f77028f51d3bb8c62c2f99feddfe6e,0,yolo11n,False
results\av2_confirmation\checkpoints\yolo11n\development\97738d01-b24f-365e-8818-2463149154d2.json,e91b3428326c0f2172b9e3f5a13c7ffe332ab93221623bb1df11d08bc2275519,0,yolo11n,False
results\av2_confirmation\checkpoints\yolo11n\development\97738d01-b24f-365e-8818-2463149154d2.propagation.parquet,c02e409f1eab202850816149f1f8d61ae4604da19a624ba01da10901b285c1de,0,yolo11n,False
results\av2_confirmation\checkpoints\yolo11n\development\9a25fd14-783b-35c3-ab2d-df4687f82b5e.json,5895761eae0c95159bb5b9bcb1600b65759353c358c1331d1e363786115e22b7,0,yolo11n,False
results\av2_confirmation\checkpoints\yolo11n\development\9a25fd14-783b-35c3-ab2d-df4687f82b5e.propagation.parquet,308efb57206cbcf61906e30e2960f47cc42e6016b21e63cfd8a027d699118d57,0,yolo11n,False
results\av2_confirmation\checkpoints\yolo11n\development\9afab336-dbae-3f70-a669-46813f4570d7.json,0a65402e472384b2e2ce2fb9ff8539859aadb6fdd3ecf0880c2a75a83df89985,0,yolo11n,False
results\av2_confirmation\checkpoints\yolo11n\development\9afab336-dbae-3f70-a669-46813f4570d7.propagation.parquet,f62a7c23d1a26b0d583c155eec2bcae24c793dc59cbac1c0b8807ab69eb79f07,0,yolo11n,False
results\av2_confirmation\checkpoints\yolo11n\development\a160c635-aa67-352c-a5e6-03b113493090.json,0c1393a756720dc93163beb04b2268013975309737b826804acd5b91ac8d377e,0,yolo11n,False
results\av2_confirmation\checkpoints\yolo11n\development\a160c635-aa67-352c-a5e6-03b113493090.propagation.parquet,d5940d9ccb3f9b266ebe919125b014eb5ff1a9bc7f23bd601f987d83c2514710,0,yolo11n,False
results\av2_confirmation\checkpoints\yolo11n\development\a359e053-a350-36cf-ab1d-a7980afaffa2.json,1b6cc08dd166ea3d9c65fb29459fef22d6d2ef1662177869bff90567bdb25a91,0,yolo11n,False
results\av2_confirmation\checkpoints\yolo11n\development\a359e053-a350-36cf-ab1d-a7980afaffa2.propagation.parquet,bbaa0a86f185aa2773a5d56cb88a1eefc0f9482c12541af4cc04b92f86363eae,0,yolo11n,False
results\av2_confirmation\checkpoints\yolo11n\development\a50b198c-4de2-3f8c-a2b9-ab280605b350.json,512e707648e38bd34c482f9f2cc5613b76fb482818bb8e427f3ee5ed856eaed3,0,yolo11n,False
results\av2_confirmation\checkpoints\yolo11n\development\a50b198c-4de2-3f8c-a2b9-ab280605b350.propagation.parquet,57f36d8a7f09c510cc685b826db8b5ef24addb6de402be5612c6617706618dff,0,yolo11n,False
results\av2_confirmation\checkpoints\yolo11n\development\aa539866-29e4-353e-95a9-b6d321b53b33.json,15174cab4290875f31912acc665da9b6d14ca9cb03b7b53ea2293580d4948fcc,0,yolo11n,False
results\av2_confirmation\checkpoints\yolo11n\development\aa539866-29e4-353e-95a9-b6d321b53b33.propagation.parquet,5d68ef8df0bb1ad98e5841b828258131df696bc539393b822311f67af4094398,0,yolo11n,False
results\av2_confirmation\checkpoints\yolo11n\development\aa82b61f-7156-3c68-95a4-b79cebd120eb.json,398079e62a746c1ffb94131a50e02c3695cee99e9c4bb90246d16a2347c96764,0,yolo11n,False
results\av2_confirmation\checkpoints\yolo11n\development\aa82b61f-7156-3c68-95a4-b79cebd120eb.propagation.parquet,5ae1edc77e45013011f1e92464a02a1fd90f221c7770c487bc49a4b9d5022b17,0,yolo11n,False
results\av2_confirmation\checkpoints\yolo11n\development\ab83611b-436e-3de7-aad1-f0c9ad254196.json,41696850c3fbd7fe57ffe7c8105b8e4c597e12a443c05a026b944c5518e143d9,0,yolo11n,False
results\av2_confirmation\checkpoints\yolo11n\development\ab83611b-436e-3de7-aad1-f0c9ad254196.propagation.parquet,d3ffc2f97471e0bc6b00ef5c3da1dc0ea51edac7cb22c40148fb29df06420d52,0,yolo11n,False
results\av2_confirmation\checkpoints\yolo11n\development\ac1b1697-42b9-4225-a666-d17f72204fa8.json,4443621b35b5f08560ccd37e78757884e20e861998792e2ae6216eab26afea0b,0,yolo11n,False
results\av2_confirmation\checkpoints\yolo11n\development\ac1b1697-42b9-4225-a666-d17f72204fa8.propagation.parquet,8b196f14f58d75d72ccfea3f0ab3d0cb3fec720686870be49a7f303f90b8dfd2,0,yolo11n,False
results\av2_confirmation\checkpoints\yolo11n\development\b21b7285-2199-3264-b10a-524e9b23502a.json,6a63dfef3dd9bfa878f4d28c19dc8a3aa07a9154fc83a0a4fd9501c6643b40a9,0,yolo11n,False
results\av2_confirmation\checkpoints\yolo11n\development\b21b7285-2199-3264-b10a-524e9b23502a.propagation.parquet,f893549c44ebc303e41c3f1e8e560eca67ce87773672d78acea18eb729d228dd,0,yolo11n,False
results\av2_confirmation\checkpoints\yolo11n\development\b5ea60b0-2540-4efe-b60e-f421ade3c128.json,a536f26c3f634c9a3ab7ca4b18ccb9667260d67e0105908994addf925cfb02aa,0,yolo11n,False
results\av2_confirmation\checkpoints\yolo11n\development\b5ea60b0-2540-4efe-b60e-f421ade3c128.propagation.parquet,c0265ffe928df084cec6bca1123e5bce1b61697da72449d8a2a356bf4b6000a3,0,yolo11n,False
results\av2_confirmation\checkpoints\yolo11n\development\bb9be2e6-8f0e-3bb3-8bb9-5d9aa9df384d.json,ce504a54dccc596db0322449357c07d2e8eb3e5e803804d977c4dee65107de64,0,yolo11n,False
results\av2_confirmation\checkpoints\yolo11n\development\bb9be2e6-8f0e-3bb3-8bb9-5d9aa9df384d.propagation.parquet,f5c262afd22d9136d46be3b64a7d929eb64dc1eebddfb1b33793a6e8e28c2ccf,0,yolo11n,False
results\av2_confirmation\checkpoints\yolo11n\development\c453a8e7-d3da-317a-946b-f8e9678a8582.json,d3097711269e584fd2abaacdeb3335eefad91bdc6f964181844b8c42de896bc9,0,yolo11n,False
results\av2_confirmation\checkpoints\yolo11n\development\c453a8e7-d3da-317a-946b-f8e9678a8582.propagation.parquet,92c2bf8e7463be9ce42d66350de96aaf801833ba602dfa4fe3e8b73dd12dae4f,0,yolo11n,False
results\av2_confirmation\checkpoints\yolo11n\development\c7f5e5c1-dc52-3619-8998-420b2e280d8a.json,218a32e29d05a730ba33499881037d652738bcd5002bc1bfe13a36c04ed2d9ea,0,yolo11n,False
results\av2_confirmation\checkpoints\yolo11n\development\c7f5e5c1-dc52-3619-8998-420b2e280d8a.propagation.parquet,70d77f8ac5f67efaedd4fb6ddbb195cdfa59f64bc0d33fe117b52cdc5c5ee8db,0,yolo11n,False
results\av2_confirmation\checkpoints\yolo11n\development\cf6a99cb-b8bc-34d7-bdca-30e50e66cd74.json,3ae23fba704a5e000c4561d80f72ffb8318ee164a8993dfe13eabdd55b5397f3,0,yolo11n,False
results\av2_confirmation\checkpoints\yolo11n\development\cf6a99cb-b8bc-34d7-bdca-30e50e66cd74.propagation.parquet,fdd726c3af22ccf32b0ebb280cd8b57a56aa68549c9a18d80ceebf0cb408497c,0,yolo11n,False
results\av2_confirmation\checkpoints\yolo11n\development\d20c3612-a64d-3aa8-bd4a-58890413afbb.json,b35c25ed10d3321c4c13eb93df507cc0b23520f6227941e03b0940ff21abf605,0,yolo11n,False
results\av2_confirmation\checkpoints\yolo11n\development\d20c3612-a64d-3aa8-bd4a-58890413afbb.propagation.parquet,1984fab0a1c27e0ef7bf3e0a541f7fb1f3b76df7734344d3a748c43d6b2c76f3,0,yolo11n,False
results\av2_confirmation\checkpoints\yolo11n\development\d37be0e2-8223-3eeb-a0e2-c4b75d5ff87b.json,038f6b50c7b9bc7edd0d79f86c90c3f298d816559c0fe3a2d46c925d04c21b20,0,yolo11n,False
results\av2_confirmation\checkpoints\yolo11n\development\d37be0e2-8223-3eeb-a0e2-c4b75d5ff87b.propagation.parquet,3bfab41caaa5ae2d71ae2e6558f1f7007cb0484995db1c4c4e3ccbd973636ce6,0,yolo11n,False
results\av2_confirmation\checkpoints\yolo11n\development\d3efe9ba-f10a-35e7-b17e-6850c66693fe.json,20f2d8236dc6b864b6b945fcc7ca0f2ea935381959491b6099ce85c500a308a7,0,yolo11n,False
results\av2_confirmation\checkpoints\yolo11n\development\d3efe9ba-f10a-35e7-b17e-6850c66693fe.propagation.parquet,3422296467d3304d8e0a2e2ab9a6fafaa1ffef061929b7871240454a3f0121dc,0,yolo11n,False
results\av2_confirmation\checkpoints\yolo11n\development\dc9c2d63-083f-32c3-90ff-943ca823a245.json,fe8e237a40c4d96bea5f4e49724f7b47fd90955c6f64b9dcece338be1ccbae6a,0,yolo11n,False
results\av2_confirmation\checkpoints\yolo11n\development\dc9c2d63-083f-32c3-90ff-943ca823a245.propagation.parquet,c5a289a589b4c1e14b375eee36003a10130e500964c432d166565433a39cf5e2,0,yolo11n,False
results\av2_confirmation\checkpoints\yolo11n\development\dd251cc5-736d-3b76-8ad3-3f6cb138178e.json,2a5cd6ce4dbfa13dc8822611ef47c41acf2d7a50bfb4c5fdc0445ba64871ed5d,0,yolo11n,False
results\av2_confirmation\checkpoints\yolo11n\development\dd251cc5-736d-3b76-8ad3-3f6cb138178e.propagation.parquet,29f33c19bc9adeed341fa125a05a18322a3c51f91f9a19e46993e6cd8bb3dee1,0,yolo11n,False
results\av2_confirmation\checkpoints\yolo11n\development\e66d1403-755b-3f63-938b-a2a69446a48a.json,267eccf6defa47c01298aaefd738974d63f4baacd350e94c22a5f1755a0bf703,0,yolo11n,False
results\av2_confirmation\checkpoints\yolo11n\development\e66d1403-755b-3f63-938b-a2a69446a48a.propagation.parquet,d61946fb1e08c77d396d6cd8aa6c72ed8fd9c708ce3ad5ab6e190dbecc230009,0,yolo11n,False
results\av2_confirmation\checkpoints\yolo11n\development\ec3133b4-2b17-3d49-b78a-4bc480ac5137.json,3b5ec4c3baded22cdea212058b3a1a0b51af668f897c99c658ff07924ea83cb2,0,yolo11n,False
results\av2_confirmation\checkpoints\yolo11n\development\ec3133b4-2b17-3d49-b78a-4bc480ac5137.propagation.parquet,b2ccd06ebba7457c8196c415f25aee17a20a087d8d727739129908438c984483,0,yolo11n,False
results\av2_confirmation\checkpoints\yolo11n\development\ef4a46c4-138e-3478-b94e-3e60a567ec7d.json,2dda3ceb80a9370462f7d6873e5f004c02fa7253a9b6c61539ef933f38106d93,0,yolo11n,False
results\av2_confirmation\checkpoints\yolo11n\development\ef4a46c4-138e-3478-b94e-3e60a567ec7d.propagation.parquet,021ffa44016684faeb9eb85c423608f48f5b92e82ff941df9a69ead0205799ac,0,yolo11n,False
results\av2_confirmation\checkpoints\yolo11n\development\f3cc42c7-84a8-35c5-8683-13878bb9beeb.json,84b8c3d740b3cd0ae508c0acc02edec1cbef5466dcf7744831c989623e4303a6,0,yolo11n,False
results\av2_confirmation\checkpoints\yolo11n\development\f3cc42c7-84a8-35c5-8683-13878bb9beeb.propagation.parquet,fc714751f2a130d616d074eccdc816b5adce1faa5d46dc06809ca2813700f5a7,0,yolo11n,False
results\av2_confirmation\checkpoints\yolo11n\development\f7cdc2d1-f59a-30a2-aae8-8bb81c769e6e.json,70cdf5f302730f8019f7583076df02e24a808a14fc47c623ebd84cc9802886d3,0,yolo11n,False
results\av2_confirmation\checkpoints\yolo11n\development\f7cdc2d1-f59a-30a2-aae8-8bb81c769e6e.propagation.parquet,788f5f15c9c733dec5c49e6ac0ac7ec702d58ae5b4cd5242c28ce11e09c4a1df,0,yolo11n,False
results\av2_confirmation\checkpoints\yolo11n\development\fa9ec72a-cbcf-35dc-be20-4d0d9e7215ef.json,3b9a38d5589daf1df4286b396bc2bb4210d7c33f8d20ddae365826e213aab8e3,0,yolo11n,False
results\av2_confirmation\checkpoints\yolo11n\development\fa9ec72a-cbcf-35dc-be20-4d0d9e7215ef.propagation.parquet,2301ff9140e8aeaa266f5784623a9cf11ff179ce9dee10c3af6e08fc891ec92d,0,yolo11n,False
results\av2_confirmation\checkpoints\yolo11n\development\fb149ce0-7706-3bb5-9860-8c63d1c77592.json,f23477ebcdf78f2045bd8b2a10627c90c831451c0c6d7b2910dc970ec57f9dfd,0,yolo11n,False
results\av2_confirmation\checkpoints\yolo11n\development\fb149ce0-7706-3bb5-9860-8c63d1c77592.propagation.parquet,5dd7d265f0a080d69ee28b1a8fcfa6f1ba2c64343509a404081780c7904938a3,0,yolo11n,False
results\av2_confirmation\checkpoints\yolo11n\development\ff52c01e-3d7b-32b1-b6a1-bcff3459ccdd.json,c9351a6f8702376b18dd3bf5c20cf8d537a257c479643e9158cf15b9da7a8c04,0,yolo11n,False
results\av2_confirmation\checkpoints\yolo11n\development\ff52c01e-3d7b-32b1-b6a1-bcff3459ccdd.propagation.parquet,1c2d0580d02bcbc41b089bfc62d66523dc85bc2464abcc68851a5e6791d3e91d,0,yolo11n,False
results\av2_confirmation\checkpoints\yolo11n\development\ff8e7fdb-1073-3592-ba5e-8111bc3ce48b.json,b620160e90e245a5a81776221e3540465f37efdb96a723d47a7464ce7c340f38,0,yolo11n,False
results\av2_confirmation\checkpoints\yolo11n\development\ff8e7fdb-1073-3592-ba5e-8111bc3ce48b.propagation.parquet,05fd072df73f042d4e60c7d08a20bd0dcc051f417da9f01637fcb035fdaea801,0,yolo11n,False
results\av2_confirmation\checkpoints\yolo11n\heldout\0b86f508-5df9-4a46-bc59-5b9536dbde9f.json,4f95521b63d2d7a839f2d023d70608e6009752648fda7c7f32a7ee6f34d48b12,0,yolo11n,False
results\av2_confirmation\checkpoints\yolo11n\heldout\0b86f508-5df9-4a46-bc59-5b9536dbde9f.propagation.parquet,e7dcd44f4260e9fbd020c116346571c06a3dda129679691e4fba06389c3ad41e,0,yolo11n,False
results\av2_confirmation\checkpoints\yolo11n\heldout\0c3bad78-9f1e-395d-a376-2eb7499229fd.json,79d2255edb6c5e1bb974221cda7f960d75940e234184b3ac0f742fe75e8da750,0,yolo11n,False
results\av2_confirmation\checkpoints\yolo11n\heldout\0c3bad78-9f1e-395d-a376-2eb7499229fd.propagation.parquet,e082d7efa07b0ccc3ea9fa2ed896abcd37f5c414ebbc74164b30fa94b021580f,0,yolo11n,False
results\av2_confirmation\checkpoints\yolo11n\heldout\0fb7276f-ecb5-3e5b-87a8-cc74c709c715.json,ba8decc07d93f17e9242688b4e0b35704892dcaf7457a5d75162e73534b3d900,0,yolo11n,False
results\av2_confirmation\checkpoints\yolo11n\heldout\0fb7276f-ecb5-3e5b-87a8-cc74c709c715.propagation.parquet,5fd343344f9eb52a0819795b718ed80bf5dec3ddd171c811db62d0121f53c973,0,yolo11n,False
results\av2_confirmation\checkpoints\yolo11n\heldout\15ec0778-826e-3ed7-9775-54fbf66997f4.json,3026605a19f7ca06eb75ff4a5e2282c6b5112567b0c4ee3e907f516b6cd9252d,0,yolo11n,False
results\av2_confirmation\checkpoints\yolo11n\heldout\15ec0778-826e-3ed7-9775-54fbf66997f4.propagation.parquet,0cec76dc8fb0648dfc451656e1e57bcf06003c63798027fa8511095e84338a2f,0,yolo11n,False
results\av2_confirmation\checkpoints\yolo11n\heldout\182ba3f7-b89a-36cc-ae40-32a341b0d3e9.json,249df93a077e729efa4e9c3f199112d70067714fea1d7b116b5877dfdadedc96,0,yolo11n,False
results\av2_confirmation\checkpoints\yolo11n\heldout\182ba3f7-b89a-36cc-ae40-32a341b0d3e9.propagation.parquet,f3c578b17e031e030a5a9927c7ab339b2fcdae7e04770b4bda024a586c632c0e,0,yolo11n,False
results\av2_confirmation\checkpoints\yolo11n\heldout\19350c96-623d-4d77-af96-f8c23f00c358.json,ef75aaaacd9ac5a6bf3f08b0f1c9e5d285f85b338d9950f55b199304b5c1e3e5,0,yolo11n,False
results\av2_confirmation\checkpoints\yolo11n\heldout\19350c96-623d-4d77-af96-f8c23f00c358.propagation.parquet,bc47aae071f7405b2e0a4afd838270b568ba6fc5622a0461a9d5c157e13fa8ea,0,yolo11n,False
results\av2_confirmation\checkpoints\yolo11n\heldout\1da4a0aa-22ae-3958-856d-05303de1f576.json,7f3fa8c27c7c2f1667ffea260a51e7a617015a99d381e2d1e1bc4b53ea0c1436,0,yolo11n,False
results\av2_confirmation\checkpoints\yolo11n\heldout\1da4a0aa-22ae-3958-856d-05303de1f576.propagation.parquet,bff7e9db4fa99316fb8661f2335071beaea9a7979006006e3e7350129ea2d957,0,yolo11n,False
results\av2_confirmation\checkpoints\yolo11n\heldout\20dd185d-b4eb-3024-a17a-b4e5d8b15b65.json,85ac360ec16c0d83e179ab4c3e585e70f7c1c569a3540bfc7722897b0a780207,0,yolo11n,False
results\av2_confirmation\checkpoints\yolo11n\heldout\20dd185d-b4eb-3024-a17a-b4e5d8b15b65.propagation.parquet,63640733caaa9cde70c0ed224776240c167d251991a811b834883d367c5482c7,0,yolo11n,False
results\av2_confirmation\checkpoints\yolo11n\heldout\24642607-2a51-384a-90a7-228067956d05.json,4e4de89a041638599b7e82b623cb54c7b775722dbef0b60733e3853bd1dc1acc,0,yolo11n,False
results\av2_confirmation\checkpoints\yolo11n\heldout\24642607-2a51-384a-90a7-228067956d05.propagation.parquet,02cf6a5320768848cb717a4c568411fa3a7ba23d5e1202e9819a0c3cd93951be,0,yolo11n,False
results\av2_confirmation\checkpoints\yolo11n\heldout\27c03d98-6ac3-38a3-ba5e-102b184d01ef.json,3826ab793057f403ab573787d205e7d276304ee8a4b9aff23608cc13c3ad9c09,0,yolo11n,False
results\av2_confirmation\checkpoints\yolo11n\heldout\27c03d98-6ac3-38a3-ba5e-102b184d01ef.propagation.parquet,f93f5520f48b86569869a47eb102364814fb3a6c1f5aa36b267b479fac6762cb,0,yolo11n,False
results\av2_confirmation\checkpoints\yolo11n\heldout\29a00842-ead2-3050-b587-c5ef507e4125.json,cb50df21f9b02357a8cfce7178d02aa2ef2079aa1d4fb74dd93026d8604f4652,0,yolo11n,False
results\av2_confirmation\checkpoints\yolo11n\heldout\29a00842-ead2-3050-b587-c5ef507e4125.propagation.parquet,1eca68d4a94830703c5899d80f110dd76c5973a8b7aac7b2b71bd6bd90cb0062,0,yolo11n,False
results\av2_confirmation\checkpoints\yolo11n\heldout\2c652f9e-8db8-3572-aa49-fae1344a875b.json,b4fd6a66164904958575065e8f14c70646c7cda00b7454c21c8b9147fe288d18,0,yolo11n,False
results\av2_confirmation\checkpoints\yolo11n\heldout\2c652f9e-8db8-3572-aa49-fae1344a875b.propagation.parquet,38a5a1388ec394c583f3032f3f6c8a7a3ced19f88fa3495d3a5b3bf669af7c50,0,yolo11n,False
results\av2_confirmation\checkpoints\yolo11n\heldout\36aec72e-5086-376c-b109-295b128e77e1.json,f627c781917bcb4ed6f2fb7e08d755881aa7d194db612fdc1d52d784a556a5fa,0,yolo11n,False
results\av2_confirmation\checkpoints\yolo11n\heldout\36aec72e-5086-376c-b109-295b128e77e1.propagation.parquet,c77fe5e5b3dac007086c95e3333974b700e26b6a8b263cce78b680edd9ffbc53,0,yolo11n,False
results\av2_confirmation\checkpoints\yolo11n\heldout\3de5b5d6-68c4-3c95-84ed-be7c83d829f8.json,4be4eefb113cb39aad5633a02a159d240f70da0b8bfae3cd1e4f8a3709099120,0,yolo11n,False
results\av2_confirmation\checkpoints\yolo11n\heldout\3de5b5d6-68c4-3c95-84ed-be7c83d829f8.propagation.parquet,75312c29b9d063892051e671232ce666fdce4e4fb0002a5f03d8e869d4e721fe,0,yolo11n,False
results\av2_confirmation\checkpoints\yolo11n\heldout\44adf4c4-6064-362f-94d3-323ed42cfda9.json,55ac73e7ca007948af09137cced7696c0a2df1a0d5e29a30ba5291c8d37fb898,0,yolo11n,False
results\av2_confirmation\checkpoints\yolo11n\heldout\44adf4c4-6064-362f-94d3-323ed42cfda9.propagation.parquet,b722b6d4f86435cb1e66105931f59ac36034329396a27f1c8c470f3b7a77bca2,0,yolo11n,False
results\av2_confirmation\checkpoints\yolo11n\heldout\47286726-5dd4-4e26-bd2d-5324f429e445.json,dd282892b76ebabc78c39aca2434c9cae43d8a5bfb6ad1b577692dca5f20974a,0,yolo11n,False
results\av2_confirmation\checkpoints\yolo11n\heldout\47286726-5dd4-4e26-bd2d-5324f429e445.propagation.parquet,850a390fea63679ab4b7137b7f092afa5bca8f80fee2bcf3335682bbb9c2e612,0,yolo11n,False
results\av2_confirmation\checkpoints\yolo11n\heldout\4e3fedbb-847c-3d5b-8a62-c9ff84550985.json,8cc128f007b51a60a9c94ffd3a22b28e798cd2d0bf961a7963b78fad15983bdf,0,yolo11n,False
results\av2_confirmation\checkpoints\yolo11n\heldout\4e3fedbb-847c-3d5b-8a62-c9ff84550985.propagation.parquet,0b41a3dde7dc0676a345921a81b1a3cbbe68fa35b013a1e1466e7ed6f91ab1fa,0,yolo11n,False
results\av2_confirmation\checkpoints\yolo11n\heldout\52071780-5758-3ed4-8835-0d64ecdc5575.json,1a57cb18cbf90a7791ebc08fea16b10a59c1b4c125a9182d5eeef1e7d271e5e1,0,yolo11n,False
results\av2_confirmation\checkpoints\yolo11n\heldout\52071780-5758-3ed4-8835-0d64ecdc5575.propagation.parquet,b4d23454ba67ab170665548bde7f5210fdefa1a27830fbad2045913ebd174d8b,0,yolo11n,False
results\av2_confirmation\checkpoints\yolo11n\heldout\58e82365-03bc-3b2f-b55a-a4ad0e3e792d.json,c8bddbb74de39c008c38e7dba3e26813a9858327377f1e268f35a1ae87f0bcf0,0,yolo11n,False
results\av2_confirmation\checkpoints\yolo11n\heldout\58e82365-03bc-3b2f-b55a-a4ad0e3e792d.propagation.parquet,981ce60faafed31d3060e02026b0548337904962f4ba1a11a40039bdd0face19,0,yolo11n,False
results\av2_confirmation\checkpoints\yolo11n\heldout\58fed0d4-97d5-469b-89a4-4394838e10c7.json,708394974d995057fe13d2d470db71611126e0ee576df2814bc6e73bd3d9321c,0,yolo11n,False
results\av2_confirmation\checkpoints\yolo11n\heldout\58fed0d4-97d5-469b-89a4-4394838e10c7.propagation.parquet,e5c93f5e6152e90380266ae822ef94063dddbaac720779ac6a62c2d23953e88b,0,yolo11n,False
results\av2_confirmation\checkpoints\yolo11n\heldout\6c932547-4c11-31d7-b8ef-0c16a13dbfc3.json,9b0958e660817e2155301b91859c17eb5e26840f385dc07d277664a2dfe9f8aa,0,yolo11n,False
results\av2_confirmation\checkpoints\yolo11n\heldout\6c932547-4c11-31d7-b8ef-0c16a13dbfc3.propagation.parquet,cef034a00a3290b7e1aef8d58f6c3e92d3601db3bc5b5521e4279a1749f7bcdf,0,yolo11n,False
results\av2_confirmation\checkpoints\yolo11n\heldout\7039e410-b5ab-35aa-96bc-2c4b89d3c5e3.json,e0881fde635b91a7726488247665cae70cb564d06826e2d151f088a3c1f73aaf,0,yolo11n,False
results\av2_confirmation\checkpoints\yolo11n\heldout\7039e410-b5ab-35aa-96bc-2c4b89d3c5e3.propagation.parquet,6550a4c917f342d0a8201d151517da23f379c08011e30492345cf340b391ec2c,0,yolo11n,False
results\av2_confirmation\checkpoints\yolo11n\heldout\78683234-e6f1-3e4e-af52-6f839254e4c0.json,52224c57efa8d2d04e0f942e04945d396a56067cc69a7e4c0595bcbc603de9a5,0,yolo11n,False
results\av2_confirmation\checkpoints\yolo11n\heldout\78683234-e6f1-3e4e-af52-6f839254e4c0.propagation.parquet,6e29a34777300978d23a1a7ecd4a78ba26e03ca24723d2998f56d057d66cfebf,0,yolo11n,False
results\av2_confirmation\checkpoints\yolo11n\heldout\78da7b7e-8ddf-3c7d-8716-eaa890106dd3.json,7afbb510c8c71970771514e96967df83781522dc5d8de5fe927de0b89f124626,0,yolo11n,False
results\av2_confirmation\checkpoints\yolo11n\heldout\78da7b7e-8ddf-3c7d-8716-eaa890106dd3.propagation.parquet,98fbb8d7a3f2b84c326e78ddc984a051a38694001e93ee5b6909a7352f816824,0,yolo11n,False
results\av2_confirmation\checkpoints\yolo11n\heldout\7a2c222d-addc-30b2-aac6-596cb65a22e3.json,17dbf79bb4507734302219004eef85d48c5de9dd87235176dd6b549f87528f18,0,yolo11n,False
results\av2_confirmation\checkpoints\yolo11n\heldout\7a2c222d-addc-30b2-aac6-596cb65a22e3.propagation.parquet,858d2df39a6d03d9d4e421420f71cdad9f833a170e4c178481db8ebafe0c95bc,0,yolo11n,False
results\av2_confirmation\checkpoints\yolo11n\heldout\858d739b-a0ba-35aa-bafc-4f7988bcad17.json,c461339c392989e5ffdfffa6ec667a2be9897b18d1a2c6ddf7963a59e9b6fca2,0,yolo11n,False
results\av2_confirmation\checkpoints\yolo11n\heldout\858d739b-a0ba-35aa-bafc-4f7988bcad17.propagation.parquet,f4f47bd4abb178395b443941ede7f2cef5a3d5fe58123c8c28e175a70f739487,0,yolo11n,False
results\av2_confirmation\checkpoints\yolo11n\heldout\95bf6003-7068-3a78-a0c0-9e470a06e60f.json,f5b30ce8553d087b4cce62aff283944ca7fc95b89b851ceba86143a1fa37bb7e,0,yolo11n,False
results\av2_confirmation\checkpoints\yolo11n\heldout\95bf6003-7068-3a78-a0c0-9e470a06e60f.propagation.parquet,0a5ef4521223694339968160cc55a59b6fcdd2a7d695ff24cc7e97fc3ceb4278,0,yolo11n,False
results\av2_confirmation\checkpoints\yolo11n\heldout\a7636fca-4d9e-3052-bef2-af0ce5d1df74.json,33cd6c3b5d2b2a84abf265af0d2ce2d731fbf7a7583bf7411a4d64f6196140ab,0,yolo11n,False
results\av2_confirmation\checkpoints\yolo11n\heldout\a7636fca-4d9e-3052-bef2-af0ce5d1df74.propagation.parquet,a1a542641f4398386e03c585a582bcbb47777bc7ecd75da08083a143f615ad04,0,yolo11n,False
results\av2_confirmation\checkpoints\yolo11n\heldout\a91d4c7b-bf55-3a0e-9eba-1a43577bcca8.json,457c1a9602e25d547a2b4b38e7249a9320ded0727b0e826b09110bf7512a8cad,0,yolo11n,False
results\av2_confirmation\checkpoints\yolo11n\heldout\a91d4c7b-bf55-3a0e-9eba-1a43577bcca8.propagation.parquet,4eb2075ef9eb5458ca5631eb093c3020eef5c8d7ab8e1ba76d38d4aa923b9593,0,yolo11n,False
results\av2_confirmation\checkpoints\yolo11n\heldout\b19f3c1a-a84a-3a2d-8d1b-8a4ae201020b.json,edcbc05423bb20a34d1bd727029309a9214f5981343dbe826c8a61d98d01ad33,0,yolo11n,False
results\av2_confirmation\checkpoints\yolo11n\heldout\b19f3c1a-a84a-3a2d-8d1b-8a4ae201020b.propagation.parquet,b5fa39be40a570e05df243abdb317e0b9a86d4f9f216e85fb8828da1adb94248,0,yolo11n,False
results\av2_confirmation\checkpoints\yolo11n\heldout\b2053fdc-0b94-30bc-aee7-5bc6fb7e9f52.json,b71736b93cc3415a3a6bed30df8019ba45069feff29bb0000edaf87fd59f53a6,0,yolo11n,False
results\av2_confirmation\checkpoints\yolo11n\heldout\b2053fdc-0b94-30bc-aee7-5bc6fb7e9f52.propagation.parquet,4a895d6bbf015e896ad52e93531789a4f724274f9a528e4327bf4094b17a8849,0,yolo11n,False
results\av2_confirmation\checkpoints\yolo11n\heldout\b50c4763-5d1e-37f4-a009-2244aeebabcd.json,c10cda0d34a2a3224b04b90ad67797683e709efa6c2e7d96fbdcc69be009fe0f,0,yolo11n,False
results\av2_confirmation\checkpoints\yolo11n\heldout\b50c4763-5d1e-37f4-a009-2244aeebabcd.propagation.parquet,8ada5fe503799e86374aef1470f9faa90d24ba216a73ece7399b8ec10bce4642,0,yolo11n,False
results\av2_confirmation\checkpoints\yolo11n\heldout\b87683ae-14c5-321f-8af3-623e7bafc3a7.json,2fa33cbf93cbab7bf20d0520ff97c31b662e41390e509c48f85b4c90a6298658,0,yolo11n,False
results\av2_confirmation\checkpoints\yolo11n\heldout\b87683ae-14c5-321f-8af3-623e7bafc3a7.propagation.parquet,07b4a95826a7bd0318906308fdd5590ef57f6701f78e55c6e22d19215ac7deb0,0,yolo11n,False
results\av2_confirmation\checkpoints\yolo11n\heldout\c8ec7be0-92aa-3222-946e-fbcf398c841e.json,899ba86db7fd4198348fbd716fd98c8a2dc1d40a4fe9c64c9838dcedb62e1fb9,0,yolo11n,False
results\av2_confirmation\checkpoints\yolo11n\heldout\c8ec7be0-92aa-3222-946e-fbcf398c841e.propagation.parquet,06e8b6e9c33d2184d0818fc6f7eeaf896a6457e63185fc262b86b0fbdd20a944,0,yolo11n,False
results\av2_confirmation\checkpoints\yolo11n\heldout\cae56e40-8470-3c9c-af75-6e444189488f.json,53d850646096bfa89dbe7eecf3d4db63a870ec7835f127b63091459ab3146db7,0,yolo11n,False
results\av2_confirmation\checkpoints\yolo11n\heldout\cae56e40-8470-3c9c-af75-6e444189488f.propagation.parquet,990774e2fa7eed4c415b528d3813efd4c9efc2785e65f94a21d47cf7aeec1c86,0,yolo11n,False
results\av2_confirmation\checkpoints\yolo11n\heldout\d1395998-7e8a-417d-91e9-5ca6ec045ee1.json,3487b726ed56ae13cd900882ea97984ec371b790f777418942fe2b281f37a4cb,0,yolo11n,False
results\av2_confirmation\checkpoints\yolo11n\heldout\d1395998-7e8a-417d-91e9-5ca6ec045ee1.propagation.parquet,23118a626b937a5cbfb78bd7462ee05ca739bf465a28cb4fd64152ef964cd737,0,yolo11n,False
results\av2_confirmation\checkpoints\yolo11n\heldout\d3ca0450-2167-38fb-b34b-449741cb38f3.json,5393065313f4cbaa877ed73fdd4a3589ccfba45e7679ad2ea8ecf5255bdd80d7,0,yolo11n,False
results\av2_confirmation\checkpoints\yolo11n\heldout\d3ca0450-2167-38fb-b34b-449741cb38f3.propagation.parquet,ee37d6565e27b596220bf55655718a4fcfabe6ac7658a62e2ab7dc73d2a585be,0,yolo11n,False
results\av2_confirmation\checkpoints\yolo11n\heldout\d5d6f11c-3026-3e0e-9d67-c111233e22de.json,5a9accba5be805e3b5095c143d4d2fbcd15990248fd621bb656b846cd3aad2f7,0,yolo11n,False
results\av2_confirmation\checkpoints\yolo11n\heldout\d5d6f11c-3026-3e0e-9d67-c111233e22de.propagation.parquet,b2c7081f51022409c8f66225d13fcce86c0677dfbf8f736763b45b2e7c9cbc4c,0,yolo11n,False
results\av2_confirmation\checkpoints\yolo11n\heldout\da036982-92bf-36a8-b880-4ccf4e20b74e.json,1c06f1fb97e922fc49933ffe5f49f05bfd6ebb35172e82584d72400f26b7872f,0,yolo11n,False
results\av2_confirmation\checkpoints\yolo11n\heldout\da036982-92bf-36a8-b880-4ccf4e20b74e.propagation.parquet,e9fb182b8421417f42ebcfce5f87a59202b4d9693313ce6b9fe030500cd96202,0,yolo11n,False
results\av2_confirmation\checkpoints\yolo11n\heldout\dafe14f5-825c-4e7a-9009-6dfdfdd5b030.json,cb178b47f317efb25e6172ab1a9555899a619edccdb4b846ac59e496ccd66529,0,yolo11n,False
results\av2_confirmation\checkpoints\yolo11n\heldout\dafe14f5-825c-4e7a-9009-6dfdfdd5b030.propagation.parquet,9ff6d8a01fb2d50a97e212c7832d4b5e160ae9241f379384eda94b70e379add6,0,yolo11n,False
results\av2_confirmation\checkpoints\yolo11n\heldout\e1d68dde-22a9-3918-a526-0850b21ff2eb.json,af4b6c95ff8720457184837a1f3dfc8a8d30f9cf3c77aa96df6f814f62b15476,0,yolo11n,False
results\av2_confirmation\checkpoints\yolo11n\heldout\e1d68dde-22a9-3918-a526-0850b21ff2eb.propagation.parquet,5b75bd9a3c5cec4257bb9b01da034602219094ed929aec4f29cc1bf99fc1a8f2,0,yolo11n,False
results\av2_confirmation\checkpoints\yolo11n\heldout\e2e921fe-e489-3656-a0a2-5e17bd399ddf.json,f34f80ceae175d10462919c02e44d84ff886084228b3355599b4349e172bdd63,0,yolo11n,False
results\av2_confirmation\checkpoints\yolo11n\heldout\e2e921fe-e489-3656-a0a2-5e17bd399ddf.propagation.parquet,e733e7c078cf9c49fcc858cab525d1adffc71442e62ce708f3c7a4a81c4fb7e3,0,yolo11n,False
results\av2_confirmation\checkpoints\yolo11n\heldout\e50e7698-de3d-355f-aca2-eddd09c09533.json,d842f4cb2dedc1c4ff3e53a2bf46b9f319a71785d103f7bc62ca9e4f7e0ad02f,0,yolo11n,False
results\av2_confirmation\checkpoints\yolo11n\heldout\e50e7698-de3d-355f-aca2-eddd09c09533.propagation.parquet,5a9bb3b7b799c101bbafca7585a6be7ed9262d78ed82c900f6309cf6811eeefc,0,yolo11n,False
results\av2_confirmation\checkpoints\yolo11n\heldout\e72ef05c-8b94-3885-a34f-fff3b2b954b4.json,ba50295a8bf5d66ec36b6d8e687c82dcbb66a4718c2c917482a5341152d6c4a8,0,yolo11n,False
results\av2_confirmation\checkpoints\yolo11n\heldout\e72ef05c-8b94-3885-a34f-fff3b2b954b4.propagation.parquet,6e8fd29135f572db3ddaabee86dc44b8fed14f534e3d6abb68881ecf7496ea5c,0,yolo11n,False
results\av2_confirmation\checkpoints\yolo11n\heldout\e8c9fd64-fdd2-422d-a2a2-6f47500d1d12.json,aab52a55e9b6b500c04e613a9f377d400ea809a12e4e6fd3ed3c5ae726d4f1cf,0,yolo11n,False
results\av2_confirmation\checkpoints\yolo11n\heldout\e8c9fd64-fdd2-422d-a2a2-6f47500d1d12.propagation.parquet,3d6baade3cca75bf1690eb50b0acff76fb30d634c298548eb02d51ac5e0aed61,0,yolo11n,False
results\av2_confirmation\checkpoints\yolo11n\heldout\eec284b2-840a-3c75-aa42-04d2e309bbe1.json,999f1de28fcafdd7d48363d520861a8d6c5bc9df798c20aa7b77710b99c39543,0,yolo11n,False
results\av2_confirmation\checkpoints\yolo11n\heldout\eec284b2-840a-3c75-aa42-04d2e309bbe1.propagation.parquet,610d1bebc4f6e6ad79d756f744428d6211351393ec1cd1ffda7e8cbc28fb65d7,0,yolo11n,False
results\av2_confirmation\checkpoints\yolo11n\heldout\f1275002-842e-3571-8f7d-05816bc7cf56.json,7e51355c78bbc1add9de445a1910a9aa476f7b2d5019bc170bc90493a6c64a4b,0,yolo11n,False
results\av2_confirmation\checkpoints\yolo11n\heldout\f1275002-842e-3571-8f7d-05816bc7cf56.propagation.parquet,e3f48802f45298654bdfe68df45fa87a0a73aff7112b9f1dcdd8fad66e31876d,0,yolo11n,False
results\av2_confirmation\checkpoints\yolo11n\heldout\f2576c8a-da9b-450e-88cf-a70af1b0eadf.json,34cd7d54788036b9f0f045bc571a200b672799c9ae6a3d6d822f683b4ee9312d,0,yolo11n,False
results\av2_confirmation\checkpoints\yolo11n\heldout\f2576c8a-da9b-450e-88cf-a70af1b0eadf.propagation.parquet,61bde4238e37c74a069ca76cdcbeba63a0fe8adbb6cabc5937d5e7b06884d679,0,yolo11n,False
results\av2_confirmation\checkpoints\yolo11n\heldout\f292cc5c-7a90-360d-b62a-074c643bdf59.json,70254217d9f00c462678d3e4cf122a09611e6be61444e0aaa92181d8ba4c2d27,0,yolo11n,False
results\av2_confirmation\checkpoints\yolo11n\heldout\f292cc5c-7a90-360d-b62a-074c643bdf59.propagation.parquet,1c07b64e3f7d85b84e6d4ed241d48b5f30e5d2e185cfe5efc215651dded2dcb3,0,yolo11n,False
results\av2_confirmation\checkpoints\yolo11n\heldout\f6cc0ebf-fc6a-3bf2-8bcb-76d8c43f194e.json,f2bb6e9eb8bfbcf7ca8f0338848a4df5b9dd22c42777ce1b582cb253428761f8,0,yolo11n,False
results\av2_confirmation\checkpoints\yolo11n\heldout\f6cc0ebf-fc6a-3bf2-8bcb-76d8c43f194e.propagation.parquet,cc8aa7eaa2d0f95d76c2201cc2cab91e7a1d0d3de949155fb417efe87995c022,0,yolo11n,False
results\av2_confirmation\checkpoints\yolo11n\model_selection\069cc46d-38bb-309d-88cf-296a3d0c0820.json,bf7574b18cb1e776766a1aa938af709b3719e11f903fb2eab1a7823d0da6cbfe,0,yolo11n,False
results\av2_confirmation\checkpoints\yolo11n\model_selection\069cc46d-38bb-309d-88cf-296a3d0c0820.propagation.parquet,08ec1094035d19b5d90596e417b732a9732b820c0ed8250870a4f39282cfc804,0,yolo11n,False
results\av2_confirmation\checkpoints\yolo11n\model_selection\0b324587-6097-3f92-a07a-a44f48c85d9e.json,4e25bc01fd92d6ce3256b3dd219ab27c4e3b7f7af8fa1794d84607d27962b59a,0,yolo11n,False
results\av2_confirmation\checkpoints\yolo11n\model_selection\0b324587-6097-3f92-a07a-a44f48c85d9e.propagation.parquet,06694e2a73d24b8e8177b29c8dc322b471f086c961885ddb7a21a71b889d1661,0,yolo11n,False
results\av2_confirmation\checkpoints\yolo11n\model_selection\12c3c14b-9cf2-3434-9a5d-e0bfa332f6ce.json,ad0b14cd7b740c56bd7f8445986941fb5087d24bb0aab181c0f9a9d7f6ff0b57,0,yolo11n,False
results\av2_confirmation\checkpoints\yolo11n\model_selection\12c3c14b-9cf2-3434-9a5d-e0bfa332f6ce.propagation.parquet,69986049149bb00d184f27acd58857864116ed51b54f57846c388c77c82ee05c,0,yolo11n,False
results\av2_confirmation\checkpoints\yolo11n\model_selection\1842383a-1577-3b7a-90db-41a9a6668ee2.json,45e40c9647a90e180494bdd44d126fdb162b569d4976fcafecb18458b3c9a7de,0,yolo11n,False
results\av2_confirmation\checkpoints\yolo11n\model_selection\1842383a-1577-3b7a-90db-41a9a6668ee2.propagation.parquet,c7c4716a2969e5e1b4e7b10f40ca42e0b1f1686421323a3045d19230e05c75f1,0,yolo11n,False
results\av2_confirmation\checkpoints\yolo11n\model_selection\271f4204-dd77-350b-b9db-5dabc4191985.json,e448160bca840725a06f7a1709ade11417b579a3ddafbdaed8fb7fdf0b17d801,0,yolo11n,False
results\av2_confirmation\checkpoints\yolo11n\model_selection\271f4204-dd77-350b-b9db-5dabc4191985.propagation.parquet,ed5be5d7662ee58ee65dfb4e98618964f9a3144827d901ebf2b6959e71603ccb,0,yolo11n,False
results\av2_confirmation\checkpoints\yolo11n\model_selection\8858428d-8fd5-3c3f-8ca4-d01f6e25e63c.json,51603ddd27b15ab355f7e54bbfb21e953b39a146b7dedbcdef5562fabd2cb482,0,yolo11n,False
results\av2_confirmation\checkpoints\yolo11n\model_selection\8858428d-8fd5-3c3f-8ca4-d01f6e25e63c.propagation.parquet,8ec80aa9aa4c9f5c6b839bdd8d7c8738ff8ce60a3b93a027ee72a7901080e677,0,yolo11n,False
results\av2_confirmation\checkpoints\yolo11n\model_selection\8940f5f1-13e0-3094-99ba-da2d17639774.json,e46ddd715b179929abde054d96c78f6be589dded4e31f8b7c3f73c9bd91828c7,0,yolo11n,False
results\av2_confirmation\checkpoints\yolo11n\model_selection\8940f5f1-13e0-3094-99ba-da2d17639774.propagation.parquet,e3ad1ca2f1489519d81d3cb0fb740e625c6bd1807cdf338ac8517f3116a55432,0,yolo11n,False
results\av2_confirmation\checkpoints\yolo11n\model_selection\8c52d911-fe34-3424-9864-d3fdfac38064.json,d6eb4b2f2438e4ce2b30a74796fb4a6419ae934819b43fe7bdee2b2d87b10f57,0,yolo11n,False
results\av2_confirmation\checkpoints\yolo11n\model_selection\8c52d911-fe34-3424-9864-d3fdfac38064.propagation.parquet,be6397aefdf46e90a13eb4022915a85a9bb420a935f7c1b0750b9c1d735e21e3,0,yolo11n,False
results\av2_confirmation\checkpoints\yolo11n\model_selection\8feb3dbe-4450-3aeb-b22b-e65128aa696b.json,6ed2622414ddc6e195162633e6183926a157c7b4c99eaa318b15ea4f9db37235,0,yolo11n,False
results\av2_confirmation\checkpoints\yolo11n\model_selection\8feb3dbe-4450-3aeb-b22b-e65128aa696b.propagation.parquet,811862e2c316a2c880bbda6293452f41dda9e1c0142f9e771d9a93497406d5e8,0,yolo11n,False
results\av2_confirmation\checkpoints\yolo11n\model_selection\902d5e72-b665-3615-af2d-a2b6164864b2.json,b27db1f6c11bb1b605be040652cd12d6d38aeb2d8b95645dd5c2ab8516429140,0,yolo11n,False
results\av2_confirmation\checkpoints\yolo11n\model_selection\902d5e72-b665-3615-af2d-a2b6164864b2.propagation.parquet,bd515ab5a7de457c7b934774428bf9f368371ab02ce9746614cf8ab28f1a4bdd,0,yolo11n,False
results\av2_confirmation\checkpoints\yolo11n\model_selection\9441ffdd-f06e-36e0-839e-b836b0f19bc9.json,6858ec27af5041fb1eb15fb78f7400d9a735469452b53cc87e3b332de4846f09,0,yolo11n,False
results\av2_confirmation\checkpoints\yolo11n\model_selection\9441ffdd-f06e-36e0-839e-b836b0f19bc9.propagation.parquet,641db2dc0c71dc6b6eba782021f637a956fd455d48088af7514c7f5e0fab4504,0,yolo11n,False
results\av2_confirmation\checkpoints\yolo11n\model_selection\a059b6b9-ca26-4881-bcf7-d202433de0c2.json,7657c098c2b79666d72022a6d6d8e2bca8f31eaa461b70f8f4ae4117d60740d8,0,yolo11n,False
results\av2_confirmation\checkpoints\yolo11n\model_selection\a059b6b9-ca26-4881-bcf7-d202433de0c2.propagation.parquet,909597d20b5bdfc2dc011ab1a59486f3b16db8826f679b6123682f078199df6b,0,yolo11n,False
results\av2_confirmation\checkpoints\yolo11n\model_selection\a1c1d559-0480-39d2-94f0-1a89f0226c4f.json,5a557bc439fb63e880aa2652e286a150cfee1891ce3ae7158a418682bf320399,0,yolo11n,False
results\av2_confirmation\checkpoints\yolo11n\model_selection\a1c1d559-0480-39d2-94f0-1a89f0226c4f.propagation.parquet,3d9a579f5c3bb8d10787fa4dc804daeb9d36beca6b9bbdc3193b86dc3ebf9728,0,yolo11n,False
results\av2_confirmation\checkpoints\yolo11n\model_selection\a47ba6a9-ffa1-3979-bb40-512339284b8b.json,b1c9fd624e749ef7e266fdbd4009ef1f62ab068b5937fb231537fd82b11f7d58,0,yolo11n,False
results\av2_confirmation\checkpoints\yolo11n\model_selection\a47ba6a9-ffa1-3979-bb40-512339284b8b.propagation.parquet,5b203aff856d843d381cacec1b72e0d6a89f71f88607b53b6e27e59740b9d1e4,0,yolo11n,False
results\av2_confirmation\checkpoints\yolo11n\model_selection\a88da814-ecc6-39c0-93ba-8a81f403a7e4.json,01015947643cb596aefeb671cd5509945e6383c7bc094cf12ae53188af2eb71b,0,yolo11n,False
results\av2_confirmation\checkpoints\yolo11n\model_selection\a88da814-ecc6-39c0-93ba-8a81f403a7e4.propagation.parquet,970d8d1b82edd3feeeef94339b703a43683ea0f269aee9cbdbc18d39614b2028,0,yolo11n,False
results\av2_confirmation\checkpoints\yolo11n\model_selection\b29b43d7-3af9-363e-aaeb-8805d958f982.json,281952a2a90b804d797c837d97c24ab54c2f10103666dc292352246ccce61d9a,0,yolo11n,False
results\av2_confirmation\checkpoints\yolo11n\model_selection\b29b43d7-3af9-363e-aaeb-8805d958f982.propagation.parquet,4177b4c101d1ff18c08a8adb3b5323de66cd5e18a59d07798c026e9697a33c50,0,yolo11n,False
results\av2_confirmation\checkpoints\yolo11n\model_selection\d0ba7a1b-f5ca-39d6-98d0-29c671baec65.json,ca60da407849669e183f6c6e10c6c971fc36280ced20ff943cdbd8fa8be241ad,0,yolo11n,False
results\av2_confirmation\checkpoints\yolo11n\model_selection\d0ba7a1b-f5ca-39d6-98d0-29c671baec65.propagation.parquet,33358543117dc743927ae579c680970efdd240c57356d080bc7ad035704bfd04,0,yolo11n,False
results\av2_confirmation\checkpoints\yolo11n\model_selection\e0cfd042-ae29-3d21-bb47-81eb8f933ec8.json,08a2c902133a0ed922b254626255d75918703bf4f380181f95c5ade95c7ac184,0,yolo11n,False
results\av2_confirmation\checkpoints\yolo11n\model_selection\e0cfd042-ae29-3d21-bb47-81eb8f933ec8.propagation.parquet,6898e66792728357c36dd78cc2a50992f18cde2158e12392adc390f6072bd221,0,yolo11n,False
results\av2_confirmation\checkpoints\yolo11n\model_selection\e2043284-6122-3cc9-a7e7-f091a16361b7.json,420f50d542e0c21e4ceee498bc761cc94b6e3beec0b30ef6b9e1673bfa68689d,0,yolo11n,False
results\av2_confirmation\checkpoints\yolo11n\model_selection\e2043284-6122-3cc9-a7e7-f091a16361b7.propagation.parquet,e3bfa4f49c4d0059675ac3eac3b78cb46fd14dbbef13b4559e3aa1139c9db114,0,yolo11n,False
results\av2_confirmation\checkpoints\yolo11n\model_selection\e424d4f7-4b28-322f-b630-31d42ae528eb.json,be0ad775f29a6dffc67f15ba0e7b52853487f6e5c1252d0e30bba09eb128a60b,0,yolo11n,False
results\av2_confirmation\checkpoints\yolo11n\model_selection\e424d4f7-4b28-322f-b630-31d42ae528eb.propagation.parquet,fa5d80ff7ea2a7fdbce47791f5e2d7d676db388c5d37435cdaa2163935fb37ef,0,yolo11n,False
results\av2_confirmation\checkpoints\yolo11s\development\01bb304d-7bd8-35f8-bbef-7086b688e35e.json,e07d20d96461ac860a02eb2c8d7b0b340b36b0f87af5fba38ef40c6665970d7a,0,yolo11s,False
results\av2_confirmation\checkpoints\yolo11s\development\01bb304d-7bd8-35f8-bbef-7086b688e35e.propagation.parquet,bbcb26448312631ccf99af68639754eb5312c441a875e2eed66696dc84331f7f,0,yolo11s,False
results\av2_confirmation\checkpoints\yolo11s\development\16af3863-0d31-3cd1-8fa2-58053ffb953a.json,946c97f2bb101ef969d0f5128a3f215536b72cf1c0c2e18150aac2f13336927e,0,yolo11s,False
results\av2_confirmation\checkpoints\yolo11s\development\16af3863-0d31-3cd1-8fa2-58053ffb953a.propagation.parquet,6faa24e87894403b215ee72bd568b8439fd0cf4553636bba2715b20755b971cf,0,yolo11s,False
results\av2_confirmation\checkpoints\yolo11s\development\1d43ed4e-e705-308a-bdfa-49d99285c42a.json,61bd37dc122848a550f4d15e3e2f1b52c75199d05aa76bdefc3d5f725ae03e4e,0,yolo11s,False
results\av2_confirmation\checkpoints\yolo11s\development\1d43ed4e-e705-308a-bdfa-49d99285c42a.propagation.parquet,3f388a1899d794b167e171514b63a041fba70148538c0a4669693ff4264c1ab8,0,yolo11s,False
results\av2_confirmation\checkpoints\yolo11s\development\1e6f21fd-5c8a-3526-ac50-72adae89d6a8.json,13f47d34ff1f9c397c5a44bda6d1aaaaf0ecb098ecf811f26ab277e911d49638,0,yolo11s,False
results\av2_confirmation\checkpoints\yolo11s\development\1e6f21fd-5c8a-3526-ac50-72adae89d6a8.propagation.parquet,e47453cb475f2398e150f44b608d5a39c9786f9ff4b0fbc156d7ea9edd715365,0,yolo11s,False
results\av2_confirmation\checkpoints\yolo11s\development\2772dd5f-bc0a-47ea-ae19-a5e0dbef8f41.json,374166784ada86ea61e2a202baf864d5d224b2de2061b2b5da658f86044ca5bf,0,yolo11s,False
results\av2_confirmation\checkpoints\yolo11s\development\2772dd5f-bc0a-47ea-ae19-a5e0dbef8f41.propagation.parquet,0310dc4b5f3d5891a6caf2999ff7432c66446df250109681308f6c5c3f50ece4,0,yolo11s,False
results\av2_confirmation\checkpoints\yolo11s\development\286790ed-9dec-305b-bcad-4f8153301e7c.json,9c12722e9160d8c0b0d7d57a12ccedc2d2672372ea92da9819575910340d1704,0,yolo11s,False
results\av2_confirmation\checkpoints\yolo11s\development\286790ed-9dec-305b-bcad-4f8153301e7c.propagation.parquet,eefb944b6e428824bc5e1fee1f480a48bd26ef0cb5baf37a7036b00c86ea1384,0,yolo11s,False
results\av2_confirmation\checkpoints\yolo11s\development\2a9b2658-097e-3f8b-a817-22f2553c5de8.json,03649959dd9eec9c990254543245be66962ba28299c8c9ef450c04b0f5acd9e9,0,yolo11s,False
results\av2_confirmation\checkpoints\yolo11s\development\2a9b2658-097e-3f8b-a817-22f2553c5de8.propagation.parquet,b3803bc4606fbcd71de2ae98274864b05c9c37767e00d1b9591906d88ba4aea4,0,yolo11s,False
results\av2_confirmation\checkpoints\yolo11s\development\3153b5b3-d381-3664-8f82-1d3c5ca841d2.json,73c11b299040f8292690f93635ee2e974be4171b123869e9b395941640d735a8,0,yolo11s,False
results\av2_confirmation\checkpoints\yolo11s\development\3153b5b3-d381-3664-8f82-1d3c5ca841d2.propagation.parquet,cdf2509b2e2710283d27adbaf9f4663c862e0bc2a8d0d0efabdb66d3629c38e4,0,yolo11s,False
results\av2_confirmation\checkpoints\yolo11s\development\349c4c1c-9561-360f-9ae7-59772335d54b.json,09d365d716e9acef403a0721bbc2d28e32507b2b3063923d10ccbee383596b82,0,yolo11s,False
results\av2_confirmation\checkpoints\yolo11s\development\349c4c1c-9561-360f-9ae7-59772335d54b.propagation.parquet,1a9677a1b2046aabd4a653953837c1b36d1fb7b25e38601ad0e137fb9f21c07d,0,yolo11s,False
results\av2_confirmation\checkpoints\yolo11s\development\3576c0f5-c1b5-35bb-a0c4-ee95cba5c754.json,7ba18b5c1b2952e88d2aecaa1d7be7fbf3588dd0161bc31dee6c21a46d3489d6,0,yolo11s,False
results\av2_confirmation\checkpoints\yolo11s\development\3576c0f5-c1b5-35bb-a0c4-ee95cba5c754.propagation.parquet,c104a082ec7c5abf6beef3f8b03ca9c289dcf44388d1c8ac6e7d078b54aa753f,0,yolo11s,False
results\av2_confirmation\checkpoints\yolo11s\development\366ceb72-9f11-385a-8bc9-a26a18dbdd22.json,5b14441a3ec6b142336d205dd7cb128c1a20e1f626d9d52fdcbccee1b18bc00d,0,yolo11s,False
results\av2_confirmation\checkpoints\yolo11s\development\366ceb72-9f11-385a-8bc9-a26a18dbdd22.propagation.parquet,c4ed6aee8afa0a14874017e2ee7b664296ef8672e2d02901db36ea782870586e,0,yolo11s,False
results\av2_confirmation\checkpoints\yolo11s\development\380e5bf0-1c68-36a4-ac64-09a03b60bebf.json,b72cfa9ee8815b627cdf39569996aa62322f128450dfcf14b7f5d4c218f31401,0,yolo11s,False
results\av2_confirmation\checkpoints\yolo11s\development\380e5bf0-1c68-36a4-ac64-09a03b60bebf.propagation.parquet,71afc7bd9cf31e21d41c37a56f7c5dbfe2abb75c630b8ecbdef8019ea30511b3,0,yolo11s,False
results\av2_confirmation\checkpoints\yolo11s\development\3dd173a6-8b21-3189-bd53-132919b96a48.json,1b42202bb2ca3945d0ffb1e3350ddf161ee53fa621e64055a94fdda50ea4ba95,0,yolo11s,False
results\av2_confirmation\checkpoints\yolo11s\development\3dd173a6-8b21-3189-bd53-132919b96a48.propagation.parquet,6ede4597c8ea69fe8a9eec7d77c3a69d9efe946a13441620476eff9b692bc60e,0,yolo11s,False
results\av2_confirmation\checkpoints\yolo11s\development\3f9796e9-c892-3915-b719-3292df878ece.json,55d183594eb13945e1957d3052fcc887ba7ffb3bfce1fd36f86b995c1073e871,0,yolo11s,False
results\av2_confirmation\checkpoints\yolo11s\development\3f9796e9-c892-3915-b719-3292df878ece.propagation.parquet,493007d8cd1588ef2897d66d531078ed8f13ad433a09240f88695c7d96263be4,0,yolo11s,False
results\av2_confirmation\checkpoints\yolo11s\development\3fbdfb6c-927f-4aaa-81b1-21b02efd4c01.json,5d40d913f9118c1c6432f58e92722d2041b220645747477689431d9b58b8e8a5,0,yolo11s,False
results\av2_confirmation\checkpoints\yolo11s\development\3fbdfb6c-927f-4aaa-81b1-21b02efd4c01.propagation.parquet,2db8b1042fa78aef6ccdf389b8a1a1ee290271de8a977cbf806c7b4135463877,0,yolo11s,False
results\av2_confirmation\checkpoints\yolo11s\development\40bfcbec-ec59-3731-8e75-67f0bddc3b01.json,bcafc3881a42deda2b7d9d0af961bcc04355613d0dc905a16d5cb1088b238f79,0,yolo11s,False
results\av2_confirmation\checkpoints\yolo11s\development\40bfcbec-ec59-3731-8e75-67f0bddc3b01.propagation.parquet,8a7f9917ac1d7d0081e07b22dab261a453bc6d70279ee69ad112b6fe4b9c22fd,0,yolo11s,False
results\av2_confirmation\checkpoints\yolo11s\development\41b6f7d7-e431-3992-b783-74b9edf42215.json,ad2306934afc58c57f00fa1959c00aa9b8d124578fe59ad7c08f328bb3700c07,0,yolo11s,False
results\av2_confirmation\checkpoints\yolo11s\development\41b6f7d7-e431-3992-b783-74b9edf42215.propagation.parquet,856701d61c5021c17eac44ec9f28895ab8cc1d9800919f6592e9b75900e2536c,0,yolo11s,False
results\av2_confirmation\checkpoints\yolo11s\development\41d69427-364c-366e-94a5-8e556bcac39f.json,aacf37ba54c72ee53700e390beeee5cc7e652d05d7ec7e6818f70cc07283c8f5,0,yolo11s,False
results\av2_confirmation\checkpoints\yolo11s\development\41d69427-364c-366e-94a5-8e556bcac39f.propagation.parquet,1999d3d7b5e504aba98d10a51d10e465b9c13079b3fa1f0db3c7b715da4b32b0,0,yolo11s,False
results\av2_confirmation\checkpoints\yolo11s\development\4207ef92-0b3b-4708-8868-4ffcaef308e0.json,6dcea54ef8f3dbff15037448b5d93389cc8615e6dc3cec20a5f123e995e95142,0,yolo11s,False
results\av2_confirmation\checkpoints\yolo11s\development\4207ef92-0b3b-4708-8868-4ffcaef308e0.propagation.parquet,94b274ffd9049bf86bb3ba1e98b0ee9100a2916733906159023b505e53e775db,0,yolo11s,False
results\av2_confirmation\checkpoints\yolo11s\development\453e5558-6363-38e3-bf9b-42b5ba0a6f1d.json,3c4363d7ad9961c8653d68520c85cb24c948b7a33a00bcc94eaf5736aba4d225,0,yolo11s,False
results\av2_confirmation\checkpoints\yolo11s\development\453e5558-6363-38e3-bf9b-42b5ba0a6f1d.propagation.parquet,925ede04e92247f8fc0cbc7eaf8669ae26301b2ec511f98205844ae357604eb1,0,yolo11s,False
results\av2_confirmation\checkpoints\yolo11s\development\46d917cd-531c-330b-8d7b-979b51a8927f.json,d7fab11855bbef022ad23f132419c93a15105729a210ddb929efae552a7d6370,0,yolo11s,False
results\av2_confirmation\checkpoints\yolo11s\development\46d917cd-531c-330b-8d7b-979b51a8927f.propagation.parquet,6c7d59d000627bfa61079043e17158dd37ad54a1e54aeac9cb42fcf8654225dd,0,yolo11s,False
results\av2_confirmation\checkpoints\yolo11s\development\47167c79-2ba4-369c-8db8-760a30b4c38a.json,a2ef3850887ea82e85f423d92fb39672fb850b71b44c53902b751d628c8a24d1,0,yolo11s,False
results\av2_confirmation\checkpoints\yolo11s\development\47167c79-2ba4-369c-8db8-760a30b4c38a.propagation.parquet,5dd3c44e310a5b177930e17290c77a497b7e12af8ef879b7a8dd1c665d752b1f,0,yolo11s,False
results\av2_confirmation\checkpoints\yolo11s\development\47358aac-2ec0-3d45-a837-f2069ca7cee3.json,3ae02105fc44b3c6a30c31369761d24cdfdc8f9305e80380b2458d809dc1f379,0,yolo11s,False
results\av2_confirmation\checkpoints\yolo11s\development\47358aac-2ec0-3d45-a837-f2069ca7cee3.propagation.parquet,ce11e409840516098620c791d7b2132aa9cfa70a192286366101ee2d1c599ee8,0,yolo11s,False
results\av2_confirmation\checkpoints\yolo11s\development\575d8d24-ba88-3b18-84c0-df5b29dccfde.json,24b694c087af229e598d740e8453abfdbaaacef7f31bffee586169baba29859e,0,yolo11s,False
results\av2_confirmation\checkpoints\yolo11s\development\575d8d24-ba88-3b18-84c0-df5b29dccfde.propagation.parquet,0f4f464650a879f7a508584ce28b7540b877cfdc05220cc9109282029678491f,0,yolo11s,False
results\av2_confirmation\checkpoints\yolo11s\development\5b1d8b11-4f90-3577-be0b-193e102fda82.json,7830d9bfc0ac1eb91532b1a1d8308efc7a3c33d8194c1be8527f3319b511d5e5,0,yolo11s,False
results\av2_confirmation\checkpoints\yolo11s\development\5b1d8b11-4f90-3577-be0b-193e102fda82.propagation.parquet,40e66947f37301f5a447d485ba26eb7738a42ce5bf031318956ee29ae5c278f1,0,yolo11s,False
results\av2_confirmation\checkpoints\yolo11s\development\62a1e53b-b55c-36c2-bc5b-e216d494875a.json,91a5c91b0a2682f397df542e472f15de9df673c3fd77072025efada283dc18e0,0,yolo11s,False
results\av2_confirmation\checkpoints\yolo11s\development\62a1e53b-b55c-36c2-bc5b-e216d494875a.propagation.parquet,e8e438200eacb41223e3b303f8cc906aba8215f60277631920a36906a7c04209,0,yolo11s,False
results\av2_confirmation\checkpoints\yolo11s\development\633addf9-441c-35e7-868a-738aa612d51c.json,0753052b4806b2fa6f7c50e08724eb981b72fe88ca016e227fdd1748d5d7eb10,0,yolo11s,False
results\av2_confirmation\checkpoints\yolo11s\development\633addf9-441c-35e7-868a-738aa612d51c.propagation.parquet,f59b13414920b2bb758379233c5c909a0978e757ca677a9a2552bf0c617a8c2d,0,yolo11s,False
results\av2_confirmation\checkpoints\yolo11s\development\639d4834-f922-3e27-9913-20aa649f815d.json,ce09d7842aac9c080318d91c495d0ad408473898761fabf7761ac79462c8962a,0,yolo11s,False
results\av2_confirmation\checkpoints\yolo11s\development\639d4834-f922-3e27-9913-20aa649f815d.propagation.parquet,d5f528ea03d0dedc27f92f48756212b1caae12d67aad36f517c6d316d7e6af2a,0,yolo11s,False
results\av2_confirmation\checkpoints\yolo11s\development\6937b4e5-b5b4-3970-b5dd-9ad194e6c338.json,a971e43caaf578ad99cf022bb0fef6c95c9657b5cf65ce1c649bf625c7f03a98,0,yolo11s,False
results\av2_confirmation\checkpoints\yolo11s\development\6937b4e5-b5b4-3970-b5dd-9ad194e6c338.propagation.parquet,278041b2cb4d90ea4d8f290808b89eb4795ac39bb0d1b76ae94377168de7f066,0,yolo11s,False
results\av2_confirmation\checkpoints\yolo11s\development\69c0ec7c-e289-3c4d-ade3-d2287ec34026.json,740a15575391fe00cbde90512c4def934180d1f82a684f431002c5fb156d210b,0,yolo11s,False
results\av2_confirmation\checkpoints\yolo11s\development\69c0ec7c-e289-3c4d-ade3-d2287ec34026.propagation.parquet,c09a73c63b53e7bc055a0dd9aa59534bbc11913e84905b83a69cf4d17d9f6cab,0,yolo11s,False
results\av2_confirmation\checkpoints\yolo11s\development\6aa2ac89-6b25-3af6-ad59-221351189f4b.json,649556f992dd52e1393c58ee32aa16488d045f3248bb38e6b97fc2b072135d9f,0,yolo11s,False
results\av2_confirmation\checkpoints\yolo11s\development\6aa2ac89-6b25-3af6-ad59-221351189f4b.propagation.parquet,9ecd0f46fb9db2dd78921c0ddc03b81e89c951d9fcfaf81cdc26863d2d067f5f,0,yolo11s,False
results\av2_confirmation\checkpoints\yolo11s\development\6cc0bb26-5afb-3688-b237-b9c64c2800e5.json,fd332b498d5be3d887d999f043b42abffbc18262ae1065bb801c2795c17a87c8,0,yolo11s,False
results\av2_confirmation\checkpoints\yolo11s\development\6cc0bb26-5afb-3688-b237-b9c64c2800e5.propagation.parquet,9540274b01c2024f73d4a310c21e55c8b04da4985fa67c775a7f8fdd8f690c14,0,yolo11s,False
results\av2_confirmation\checkpoints\yolo11s\development\6dc6e668-549e-33b8-b952-ed8e807b1d48.json,2fa4c779a09e51b00b106ed1ebf26e5dfe0cb7c01974de06d0bd013fc7bbb4fa,0,yolo11s,False
results\av2_confirmation\checkpoints\yolo11s\development\6dc6e668-549e-33b8-b952-ed8e807b1d48.propagation.parquet,bb1c9c595744c6ccb6ded36949bbc90b4bddfb77ca0475c3ac96a3ddc98e97d8,0,yolo11s,False
results\av2_confirmation\checkpoints\yolo11s\development\74dd5c1d-7a9a-32d1-903a-fc57e07109b9.json,6171fbb865c59dd3a48ae95b6035ba4ff24763c24577fd3c944b09e027915561,0,yolo11s,False
results\av2_confirmation\checkpoints\yolo11s\development\74dd5c1d-7a9a-32d1-903a-fc57e07109b9.propagation.parquet,176e9daa0d6c2de4318345ca90bf704f78dac0959a8c31eb00428ec35bcacc51,0,yolo11s,False
results\av2_confirmation\checkpoints\yolo11s\development\74f15437-b85e-314a-9d86-7294b98bf07f.json,4a11a056d19c7b193a7de645f4ea13cd19177fe057d972bbb07c79f81c4658fd,0,yolo11s,False
results\av2_confirmation\checkpoints\yolo11s\development\74f15437-b85e-314a-9d86-7294b98bf07f.propagation.parquet,37b193bc8d009c4305f3512956e0c5ab064822966c19ea37f009316cd6e6a973,0,yolo11s,False
results\av2_confirmation\checkpoints\yolo11s\development\768cf7e2-eb6c-3468-969e-e3b0fd87b34e.json,2f538e895c6c90a0326e2e6313607d5317cd12603a541916aa1217c8e8ae3d9a,0,yolo11s,False
results\av2_confirmation\checkpoints\yolo11s\development\768cf7e2-eb6c-3468-969e-e3b0fd87b34e.propagation.parquet,c473def6fb1b8a2d707ab95c0983c7b6fd87c0b7ee3252d48bb43e7cf582cfdc,0,yolo11s,False
results\av2_confirmation\checkpoints\yolo11s\development\770a58e6-eff6-39b7-a265-fe7f202fe8b2.json,dda5b27a0dfc8c6f94a2dd29550d45b5938ac7f7f85804f9ad49dc5596323329,0,yolo11s,False
results\av2_confirmation\checkpoints\yolo11s\development\770a58e6-eff6-39b7-a265-fe7f202fe8b2.propagation.parquet,ed8146802d87cf1ecf9ed533c5b4adffaa3d6d1b3425e10f6e06bd5ee0c1ebda,0,yolo11s,False
results\av2_confirmation\checkpoints\yolo11s\development\7ce2a2ce-eed6-36d7-ba62-dda9acddb070.json,5321189245098332506d3e273abec2e6473b59ffd30feab41446d53e1dd2531d,0,yolo11s,False
results\av2_confirmation\checkpoints\yolo11s\development\7ce2a2ce-eed6-36d7-ba62-dda9acddb070.propagation.parquet,605e2bbab4b786477e928b3b1da3ad7eea807ffc89f9eb4a8baf3c26b2e49589,0,yolo11s,False
results\av2_confirmation\checkpoints\yolo11s\development\7e3d8631-3b7d-38c1-b833-ee7cfa7235ca.json,23d26c068d5b56450727ede18cb849d3ca654482652cdb41424f9a49767d2fe5,0,yolo11s,False
results\av2_confirmation\checkpoints\yolo11s\development\7e3d8631-3b7d-38c1-b833-ee7cfa7235ca.propagation.parquet,112449d8705416564243d67a9179023a6998b487bcc35b66c3d1d58d25d15dea,0,yolo11s,False
results\av2_confirmation\checkpoints\yolo11s\development\7ef4a6cc-7266-3a31-8dd4-01c3d3c58dcb.json,27711388576178fa412fe04bd7ae4e1b5d4e38c56eb7f6d574b155eb39d47be5,0,yolo11s,False
results\av2_confirmation\checkpoints\yolo11s\development\7ef4a6cc-7266-3a31-8dd4-01c3d3c58dcb.propagation.parquet,182285fe5ada59a36c2a8375b92a188276f755c8c02bc129745634faeabb6074,0,yolo11s,False
results\av2_confirmation\checkpoints\yolo11s\development\80da8956-f418-319c-9f49-3d47d9002546.json,158b18dd48312bfdda58408a2c81226ef254a6cbaad57f8ea84be3151d457dc2,0,yolo11s,False
results\av2_confirmation\checkpoints\yolo11s\development\80da8956-f418-319c-9f49-3d47d9002546.propagation.parquet,da3d19e27c8c9301c7c7dde16ec361a4125851857dc42a0bca2f5b8b6ff596c8,0,yolo11s,False
results\av2_confirmation\checkpoints\yolo11s\development\85026edc-5fdf-308e-a8ef-a1aad1151c50.json,5480fe4d7ca80527dd3e1d799300d50aa6f06894e72fa7c3ec1dd376190f5b2f,0,yolo11s,False
results\av2_confirmation\checkpoints\yolo11s\development\85026edc-5fdf-308e-a8ef-a1aad1151c50.propagation.parquet,d537f0e5b94bdf7d7528ee0ce307f3ea85267a7ae94194a4000abf246a9258cc,0,yolo11s,False
results\av2_confirmation\checkpoints\yolo11s\development\8a0ff1a2-9045-3be3-b67f-3914d88178ec.json,604adc730650e6b494513adaa4adeb1d5460efc9e3b755095f2fed7a56dd3f47,0,yolo11s,False
results\av2_confirmation\checkpoints\yolo11s\development\8a0ff1a2-9045-3be3-b67f-3914d88178ec.propagation.parquet,8a973533cd92d6a433df2be930e25dd6fa7e05a083f9da2bf105727be0393079,0,yolo11s,False
results\av2_confirmation\checkpoints\yolo11s\development\8c019de9-7043-37bc-9498-b5858e7240af.json,b76ebf9a74599e2928b122e4442d13f72d9079275fbd482797d4cbf4daad961b,0,yolo11s,False
results\av2_confirmation\checkpoints\yolo11s\development\8c019de9-7043-37bc-9498-b5858e7240af.propagation.parquet,ee9c24488ed5f2edc3bf7e7a0926f174c7c2bc5d8b92e7bb3edc2e2ab2add881,0,yolo11s,False
results\av2_confirmation\checkpoints\yolo11s\development\8ee606e6-4cbd-3c07-8419-fbda836ccaac.json,4e225d1a84f6cc406017ebe8e7036827b4646a6182d96c3e9bf9c2628c448d74,0,yolo11s,False
results\av2_confirmation\checkpoints\yolo11s\development\8ee606e6-4cbd-3c07-8419-fbda836ccaac.propagation.parquet,96a24d4c63d28ce9b32b3dd8e9f3e04baa99fccc1df454bdf71c8bd0eac94f18,0,yolo11s,False
results\av2_confirmation\checkpoints\yolo11s\development\90f360d8-35f7-3c54-b2da-e99b354bc4cb.json,20c480a572e41d0b5f8a0e7eee11412aebd76fd0acea471974efc0333bca12c3,0,yolo11s,False
results\av2_confirmation\checkpoints\yolo11s\development\90f360d8-35f7-3c54-b2da-e99b354bc4cb.propagation.parquet,45dfecbc05779c1308a9c35ef4f121e803b0e3376f192db65ddb5759f78f644d,0,yolo11s,False
results\av2_confirmation\checkpoints\yolo11s\development\91923e20-9a05-32e0-ac53-8c09b0b60341.json,63d8a72a6a74949db38ce4c501554592f2e44882221a2c71ea77f6c477b21ea1,0,yolo11s,False
results\av2_confirmation\checkpoints\yolo11s\development\91923e20-9a05-32e0-ac53-8c09b0b60341.propagation.parquet,ab55807b9cba0dbef7ba2bacfd369e6c37be2ce13e152c5df909745e961a8849,0,yolo11s,False
results\av2_confirmation\checkpoints\yolo11s\development\919f13de-857f-3b1c-9f8e-7cbe500a60ae.json,c580d2abbdfa3436e4fe37d0dae34fab3f18d487a99852c6c0db857c718098eb,0,yolo11s,False
results\av2_confirmation\checkpoints\yolo11s\development\919f13de-857f-3b1c-9f8e-7cbe500a60ae.propagation.parquet,97b45e48be56162a3cf9790ebe4d1fb2451564e4d4d4ca6e651820fe97837c87,0,yolo11s,False
results\av2_confirmation\checkpoints\yolo11s\development\9239d493-31d7-3dd0-a05f-03d50a242392.json,dfd7ae29a25c5d4b06472f7221455754a9a71d3863e4210376adadc6491bb5f5,0,yolo11s,False
results\av2_confirmation\checkpoints\yolo11s\development\9239d493-31d7-3dd0-a05f-03d50a242392.propagation.parquet,22632dbe8820ff27e2980fc4a9bcf86caf178fa04d12e64107dd30148cff4e6a,0,yolo11s,False
results\av2_confirmation\checkpoints\yolo11s\development\96284bbc-6b58-330f-a5a6-76cd518543f0.json,bcf8071a324f86772cf8c03d8b5ba93eed13fd4fb65c6aa276efcb34dcc02f7e,0,yolo11s,False
results\av2_confirmation\checkpoints\yolo11s\development\96284bbc-6b58-330f-a5a6-76cd518543f0.propagation.parquet,b4e4db22fd83616b110b9e33a5d04d20ec5fdbd26659a200ae878e8852d921b0,0,yolo11s,False
results\av2_confirmation\checkpoints\yolo11s\development\97738d01-b24f-365e-8818-2463149154d2.json,4e9c01100524432b451cfa08530a4e54c47771692562a4f96ca0733ffebbbe9c,0,yolo11s,False
results\av2_confirmation\checkpoints\yolo11s\development\97738d01-b24f-365e-8818-2463149154d2.propagation.parquet,3a3e10c7d5c06cde9b20ce1583f96c112fc3a7576a9365d9be366d2a73ccdaa0,0,yolo11s,False
results\av2_confirmation\checkpoints\yolo11s\development\9a25fd14-783b-35c3-ab2d-df4687f82b5e.json,1b0de7f16c3f0ccefc9d8ab4a840a93c56d1d2017fb7039550a07de474d1e30f,0,yolo11s,False
results\av2_confirmation\checkpoints\yolo11s\development\9a25fd14-783b-35c3-ab2d-df4687f82b5e.propagation.parquet,a9fa90d098ad37c69c39c46c0868b4231aae2bfd86f6ed2359f8ef94007c1159,0,yolo11s,False
results\av2_confirmation\checkpoints\yolo11s\development\9afab336-dbae-3f70-a669-46813f4570d7.json,9ee36a89ed074ab7deabc23e7533166f12772630e65bc518ed11ebcad9d6cfc6,0,yolo11s,False
results\av2_confirmation\checkpoints\yolo11s\development\9afab336-dbae-3f70-a669-46813f4570d7.propagation.parquet,446e0964073bcb0a9bdf366ad343f7e7baaa9e74745385743338973ae2212cad,0,yolo11s,False
results\av2_confirmation\checkpoints\yolo11s\development\a160c635-aa67-352c-a5e6-03b113493090.json,df5189ac3f2f1ec78301eb7b87b86ad1bc72c7444e4a999d9e2489766de56659,0,yolo11s,False
results\av2_confirmation\checkpoints\yolo11s\development\a160c635-aa67-352c-a5e6-03b113493090.propagation.parquet,c35d13615e09ff8e0b2947725a6d25a789d36354ae3016dd3065dd5f343ac0a9,0,yolo11s,False
results\av2_confirmation\checkpoints\yolo11s\development\a359e053-a350-36cf-ab1d-a7980afaffa2.json,4c107bba64a855eafaeeea07f9e6ad4080c820435faa5eb2ff454f08ef7baedf,0,yolo11s,False
results\av2_confirmation\checkpoints\yolo11s\development\a359e053-a350-36cf-ab1d-a7980afaffa2.propagation.parquet,ba5a18ecbcf9fb31042a7464c42bd5f44d69358adb002e0685a8b240637c8877,0,yolo11s,False
results\av2_confirmation\checkpoints\yolo11s\development\a50b198c-4de2-3f8c-a2b9-ab280605b350.json,c2cc6b6afb37804058dfdf29a87f03ee8b452cac5ca8de6090c3eb591cbfc419,0,yolo11s,False
results\av2_confirmation\checkpoints\yolo11s\development\a50b198c-4de2-3f8c-a2b9-ab280605b350.propagation.parquet,5dc7674cfe33c3417d45bed04eb69810bb2b337813a38937eb58924f291befde,0,yolo11s,False
results\av2_confirmation\checkpoints\yolo11s\development\aa539866-29e4-353e-95a9-b6d321b53b33.json,28d40e9fc51fe98d161dc6bb034e1fd565ed56b7462190fb6ed0891e811113fa,0,yolo11s,False
results\av2_confirmation\checkpoints\yolo11s\development\aa539866-29e4-353e-95a9-b6d321b53b33.propagation.parquet,46b1509f33b633550bb733d1e947cf831c56b64ea855075c99a200d29cc5540b,0,yolo11s,False
results\av2_confirmation\checkpoints\yolo11s\development\aa82b61f-7156-3c68-95a4-b79cebd120eb.json,bd42bda1d31fb9279fb9506228bc3123291fc4d84087d88021fccfae197e4285,0,yolo11s,False
results\av2_confirmation\checkpoints\yolo11s\development\aa82b61f-7156-3c68-95a4-b79cebd120eb.propagation.parquet,e2809733bdbeac622c401d61991e2f37cc79ce281f75175bb355b105ad9c1018,0,yolo11s,False
results\av2_confirmation\checkpoints\yolo11s\development\ab83611b-436e-3de7-aad1-f0c9ad254196.json,4436c717e91096a7bb3dfb37c3ac34a207f788f33962fc97b68637ec21dc21ea,0,yolo11s,False
results\av2_confirmation\checkpoints\yolo11s\development\ab83611b-436e-3de7-aad1-f0c9ad254196.propagation.parquet,fb10b20416de757c8075eb047d5b9d8ae37efbd1e1d291106fcda4bb2fe626b3,0,yolo11s,False
results\av2_confirmation\checkpoints\yolo11s\development\ac1b1697-42b9-4225-a666-d17f72204fa8.json,ab72b7b347fd9af29ea628077e42e1d41a85213311816a7c9cb5ed5ed8e56bf7,0,yolo11s,False
results\av2_confirmation\checkpoints\yolo11s\development\ac1b1697-42b9-4225-a666-d17f72204fa8.propagation.parquet,79a4f3a579a48320070d884f4a4ead1f4a112b194d6bc3da0d1f4cb14244b32b,0,yolo11s,False
results\av2_confirmation\checkpoints\yolo11s\development\b21b7285-2199-3264-b10a-524e9b23502a.json,907d4ae6681914f045e633d0d312e1154a1a38d6907c0d8038e62232c42faada,0,yolo11s,False
results\av2_confirmation\checkpoints\yolo11s\development\b21b7285-2199-3264-b10a-524e9b23502a.propagation.parquet,49b7458a5e6797d6ab1f12ffd1f545a2bbce6c14d83f1709b36df5be4ff387c0,0,yolo11s,False
results\av2_confirmation\checkpoints\yolo11s\development\b5ea60b0-2540-4efe-b60e-f421ade3c128.json,70df3c3f9ec0f0d22130f72041708e971388f52aabe1b443b7a39cae83dca393,0,yolo11s,False
results\av2_confirmation\checkpoints\yolo11s\development\b5ea60b0-2540-4efe-b60e-f421ade3c128.propagation.parquet,82bf73723a1454aea344fef05a2d8271ccba77f9f8910902cda037dbede27c63,0,yolo11s,False
results\av2_confirmation\checkpoints\yolo11s\development\bb9be2e6-8f0e-3bb3-8bb9-5d9aa9df384d.json,400fb30863511d1c24ed4921acb5e3fa6402efc8997807632d255a0b7c9e6e13,0,yolo11s,False
results\av2_confirmation\checkpoints\yolo11s\development\bb9be2e6-8f0e-3bb3-8bb9-5d9aa9df384d.propagation.parquet,bc7b78ebd2cc290ca0103646b398af8ee582277471c111770d99b55de2dc788c,0,yolo11s,False
results\av2_confirmation\checkpoints\yolo11s\development\c453a8e7-d3da-317a-946b-f8e9678a8582.json,ac2a21851a134cfe3038f08e9283a2e68ce7780e8cdf5404bce22e73c71ebda0,0,yolo11s,False
results\av2_confirmation\checkpoints\yolo11s\development\c453a8e7-d3da-317a-946b-f8e9678a8582.propagation.parquet,0521915fb8589605cdd6ab348fb5f9fc1721fe25198d4b46ec918f2fd8d00092,0,yolo11s,False
results\av2_confirmation\checkpoints\yolo11s\development\c7f5e5c1-dc52-3619-8998-420b2e280d8a.json,b7484e3be0976d11a97747020d763e67ceb6c6ef203aba71b89a288cd8ed9f7e,0,yolo11s,False
results\av2_confirmation\checkpoints\yolo11s\development\c7f5e5c1-dc52-3619-8998-420b2e280d8a.propagation.parquet,f43a8a2ba2ae9221c2074ca7732b62e6706f6027bb1291a7e9e9ce609cb9969d,0,yolo11s,False
results\av2_confirmation\checkpoints\yolo11s\development\cf6a99cb-b8bc-34d7-bdca-30e50e66cd74.json,58eb38ab7299a1bd7fd6357f9ec41696c3d855e5dff96a963f30d74ce494324d,0,yolo11s,False
results\av2_confirmation\checkpoints\yolo11s\development\cf6a99cb-b8bc-34d7-bdca-30e50e66cd74.propagation.parquet,04fd3af51aaccb73c256e02c4c7c5e9cac0c1220812cfabbaf6261741d183ec5,0,yolo11s,False
results\av2_confirmation\checkpoints\yolo11s\development\d20c3612-a64d-3aa8-bd4a-58890413afbb.json,0dd079ffa58f0644e15d6e0cb2dbfab5641640e7d12ddb98e09132316dc74b1a,0,yolo11s,False
results\av2_confirmation\checkpoints\yolo11s\development\d20c3612-a64d-3aa8-bd4a-58890413afbb.propagation.parquet,6305970214c775be0e10114e10e88d3eedc9465f2ad16b1e890bc66e6a96a5cb,0,yolo11s,False
results\av2_confirmation\checkpoints\yolo11s\development\d37be0e2-8223-3eeb-a0e2-c4b75d5ff87b.json,adb6a3c761fde5b00bd344c5e65d634ffe57d2668a56a7ce3c5f511365c92974,0,yolo11s,False
results\av2_confirmation\checkpoints\yolo11s\development\d37be0e2-8223-3eeb-a0e2-c4b75d5ff87b.propagation.parquet,5ef35d3879c95a48a200bf9e394c2ce8a7050b064ce40ec99e239ce6a9ba734a,0,yolo11s,False
results\av2_confirmation\checkpoints\yolo11s\development\d3efe9ba-f10a-35e7-b17e-6850c66693fe.json,2c8f3c3508de02b620666979cebfa1ab60cd5faee1fba01e116b5e506e146fda,0,yolo11s,False
results\av2_confirmation\checkpoints\yolo11s\development\d3efe9ba-f10a-35e7-b17e-6850c66693fe.propagation.parquet,183b89184ed330acad70f4941c31f2db0ef86f8da14b78b2312b0d818ba106f3,0,yolo11s,False
results\av2_confirmation\checkpoints\yolo11s\development\dc9c2d63-083f-32c3-90ff-943ca823a245.json,46236bf2a4865e18facc25ddec3b9108844fe7638d9590fae5ad79790c186509,0,yolo11s,False
results\av2_confirmation\checkpoints\yolo11s\development\dc9c2d63-083f-32c3-90ff-943ca823a245.propagation.parquet,83be11f1411225ccc33beadeab7597300cd4837bce4d3337d164b117ed97e30b,0,yolo11s,False
results\av2_confirmation\checkpoints\yolo11s\development\dd251cc5-736d-3b76-8ad3-3f6cb138178e.json,c4620264892c663cd9beb8dd809d872e4b7dfd797775dc198b11d6d68c79a831,0,yolo11s,False
results\av2_confirmation\checkpoints\yolo11s\development\dd251cc5-736d-3b76-8ad3-3f6cb138178e.propagation.parquet,a176d6d38a4fa235da0717963f128429482fb8361c2bb91ff241b466fb99d566,0,yolo11s,False
results\av2_confirmation\checkpoints\yolo11s\development\e66d1403-755b-3f63-938b-a2a69446a48a.json,94b4ed377b1620c4053aa0d07b5921969b066106b3f2ef9d56f82b688a61287e,0,yolo11s,False
results\av2_confirmation\checkpoints\yolo11s\development\e66d1403-755b-3f63-938b-a2a69446a48a.propagation.parquet,8d5418115b9bdb425ba92a450f4b151d9b3db8f9809f710fa6d884583b00d47c,0,yolo11s,False
results\av2_confirmation\checkpoints\yolo11s\development\ec3133b4-2b17-3d49-b78a-4bc480ac5137.json,0bbf01b9d47a88a69357b6308448296a6172de5eb74577419c495adc4e9b5bae,0,yolo11s,False
results\av2_confirmation\checkpoints\yolo11s\development\ec3133b4-2b17-3d49-b78a-4bc480ac5137.propagation.parquet,69c960071a12697ea51eb334a5c9958e38206701a7c26b24b0979a998bacfaf2,0,yolo11s,False
results\av2_confirmation\checkpoints\yolo11s\development\ef4a46c4-138e-3478-b94e-3e60a567ec7d.json,3fde1f0b7f88aa68554ead9df117e51c27244288012753a880eaed99b0c705bb,0,yolo11s,False
results\av2_confirmation\checkpoints\yolo11s\development\ef4a46c4-138e-3478-b94e-3e60a567ec7d.propagation.parquet,8466949a5ca84d0d0460d73baba31a549dad045ef5e84e6730513cc47151b796,0,yolo11s,False
results\av2_confirmation\checkpoints\yolo11s\development\f3cc42c7-84a8-35c5-8683-13878bb9beeb.json,c8edf0ca0aa03c0b3599afa8f5517966d00cd33131d836d344b5f946dd6835fb,0,yolo11s,False
results\av2_confirmation\checkpoints\yolo11s\development\f3cc42c7-84a8-35c5-8683-13878bb9beeb.propagation.parquet,f82b67540843fd5acbbd47ec7ef6fdbeba16c7def4db581d21212af53dee983c,0,yolo11s,False
results\av2_confirmation\checkpoints\yolo11s\development\f7cdc2d1-f59a-30a2-aae8-8bb81c769e6e.json,b421bb26aab2e8445e71131699ac69bf511dc9f7d0aa178239a740d45f4981d0,0,yolo11s,False
results\av2_confirmation\checkpoints\yolo11s\development\f7cdc2d1-f59a-30a2-aae8-8bb81c769e6e.propagation.parquet,b2c6476df516bf31337b47eab78b15efb7abbcc4ac6a691769933facc9c885af,0,yolo11s,False
results\av2_confirmation\checkpoints\yolo11s\development\fa9ec72a-cbcf-35dc-be20-4d0d9e7215ef.json,b81f5ab03d1b692c4c51188ca5b37bd75ad69e2afc5a488261c045001fbdd530,0,yolo11s,False
results\av2_confirmation\checkpoints\yolo11s\development\fa9ec72a-cbcf-35dc-be20-4d0d9e7215ef.propagation.parquet,1086bab90be3bb33ed97f4c93e50a0c4049028a2c1f74dc138bdf51842720e3f,0,yolo11s,False
results\av2_confirmation\checkpoints\yolo11s\development\fb149ce0-7706-3bb5-9860-8c63d1c77592.json,9083f99a52240f18f62774df129dc391992af4d470a43e154896272295dc4cc5,0,yolo11s,False
results\av2_confirmation\checkpoints\yolo11s\development\fb149ce0-7706-3bb5-9860-8c63d1c77592.propagation.parquet,94136b3ac548c340245416c3d3d28aeaf0bc36a8b639d0c88b5b0035072b6007,0,yolo11s,False
results\av2_confirmation\checkpoints\yolo11s\development\ff52c01e-3d7b-32b1-b6a1-bcff3459ccdd.json,b25d932238c312783dfa699ce65a2c8b30a74753cfb450b55f59de18f3c2643b,0,yolo11s,False
results\av2_confirmation\checkpoints\yolo11s\development\ff52c01e-3d7b-32b1-b6a1-bcff3459ccdd.propagation.parquet,6e3d052ca5fcb0ee876ea27cdc11db4a358fa7a26bfcecc8fc0bb8eda6639c53,0,yolo11s,False
results\av2_confirmation\checkpoints\yolo11s\development\ff8e7fdb-1073-3592-ba5e-8111bc3ce48b.json,87591d4f0506162a38f7c8b459870c689dea5c3a9ff9a017909fa90428531c36,0,yolo11s,False
results\av2_confirmation\checkpoints\yolo11s\development\ff8e7fdb-1073-3592-ba5e-8111bc3ce48b.propagation.parquet,513e45dcde91b98fada6226877096c7eb07e4b2ae8b903248d040f1e01a8138f,0,yolo11s,False
results\av2_confirmation\checkpoints\yolo11s\heldout\0b86f508-5df9-4a46-bc59-5b9536dbde9f.json,e8bf05aa108bbbc899e9e0c29290c523d15d1a6be67287110711edbbcae043ab,0,yolo11s,False
results\av2_confirmation\checkpoints\yolo11s\heldout\0b86f508-5df9-4a46-bc59-5b9536dbde9f.propagation.parquet,aea2342a92ed047ec19e97433732442fe6caaeed562161c880bbe147e7f02db4,0,yolo11s,False
results\av2_confirmation\checkpoints\yolo11s\heldout\0c3bad78-9f1e-395d-a376-2eb7499229fd.json,40ea9598af0ffd8e0a961c103da06a23a57cc745ac3ab2ae7504b0c02d98ec2f,0,yolo11s,False
results\av2_confirmation\checkpoints\yolo11s\heldout\0c3bad78-9f1e-395d-a376-2eb7499229fd.propagation.parquet,66dc0be2e7975c9038957a2d83875da445719bb4d178c364bb1bd1de76084f60,0,yolo11s,False
results\av2_confirmation\checkpoints\yolo11s\heldout\0fb7276f-ecb5-3e5b-87a8-cc74c709c715.json,d0ab8f3ef56bcd6896242e9320ae96b84b2e7581a8fc0a64dc84333494e681b8,0,yolo11s,False
results\av2_confirmation\checkpoints\yolo11s\heldout\0fb7276f-ecb5-3e5b-87a8-cc74c709c715.propagation.parquet,cd4f18af4fe07557375befebe92393d2f30cd3c23f71b9e5e9646abb90430440,0,yolo11s,False
results\av2_confirmation\checkpoints\yolo11s\heldout\15ec0778-826e-3ed7-9775-54fbf66997f4.json,4234fb2ee7cced449b56c4b50cd416816a4444cedd3dd0f83af331cb0299e72d,0,yolo11s,False
results\av2_confirmation\checkpoints\yolo11s\heldout\15ec0778-826e-3ed7-9775-54fbf66997f4.propagation.parquet,1577c2c66a662099ccca74754afaecb9c6038dfe9d7331f88f18713595a9eb5a,0,yolo11s,False
results\av2_confirmation\checkpoints\yolo11s\heldout\182ba3f7-b89a-36cc-ae40-32a341b0d3e9.json,9dcd3b98b340874abc8cdb3b50aebe5c2863b311dd86ff8aaffe5f83768f7f6d,0,yolo11s,False
results\av2_confirmation\checkpoints\yolo11s\heldout\182ba3f7-b89a-36cc-ae40-32a341b0d3e9.propagation.parquet,9b32a237830dea8934be9b17df228c3f979badaddf7ef11f0bb7e3f69ead4227,0,yolo11s,False
results\av2_confirmation\checkpoints\yolo11s\heldout\19350c96-623d-4d77-af96-f8c23f00c358.json,e04ad69d0fab91ae1f567ac46b2ba1625dab407f25b81fb4e5753206da5ed829,0,yolo11s,False
results\av2_confirmation\checkpoints\yolo11s\heldout\19350c96-623d-4d77-af96-f8c23f00c358.propagation.parquet,8adfc927d33b7e9c7f67ec7a8ab926447c4416b1e9c567510821a4e2de20d9c1,0,yolo11s,False
results\av2_confirmation\checkpoints\yolo11s\heldout\1da4a0aa-22ae-3958-856d-05303de1f576.json,c226cc79cff7e3718e5e0fd930c2da2d5ba4056c94e73573b38635849833dc95,0,yolo11s,False
results\av2_confirmation\checkpoints\yolo11s\heldout\1da4a0aa-22ae-3958-856d-05303de1f576.propagation.parquet,b994571ab4fdffbecd812ccaa943cf902e8eb185fc6e397173d74bf672e3b147,0,yolo11s,False
results\av2_confirmation\checkpoints\yolo11s\heldout\20dd185d-b4eb-3024-a17a-b4e5d8b15b65.json,57b126d0409ff54986be0dc0c3e657ed753561632fce97b8e127cca29e605d2f,0,yolo11s,False
results\av2_confirmation\checkpoints\yolo11s\heldout\20dd185d-b4eb-3024-a17a-b4e5d8b15b65.propagation.parquet,6feb277b98824f2afee0edcc36db5f4f10c32edb2203efa8ee6c05b82c672823,0,yolo11s,False
results\av2_confirmation\checkpoints\yolo11s\heldout\24642607-2a51-384a-90a7-228067956d05.json,c0ca45548d3974e8e437ff94e13c880d2f8803e605298c516a50d374782a17f7,0,yolo11s,False
results\av2_confirmation\checkpoints\yolo11s\heldout\24642607-2a51-384a-90a7-228067956d05.propagation.parquet,7308cef06ed37bc8fccdbd34d77c394d09e7d6055735b861b06f0b6d6c26c0fd,0,yolo11s,False
results\av2_confirmation\checkpoints\yolo11s\heldout\27c03d98-6ac3-38a3-ba5e-102b184d01ef.json,71d16957b7d57e8d8c61660c28b4776203f7be8e10aa5fc4a29bfac71e6dac7b,0,yolo11s,False
results\av2_confirmation\checkpoints\yolo11s\heldout\27c03d98-6ac3-38a3-ba5e-102b184d01ef.propagation.parquet,b6a1d2a31429b85e309c450de5026b0852be18b71716019e84302393fdf952a5,0,yolo11s,False
results\av2_confirmation\checkpoints\yolo11s\heldout\29a00842-ead2-3050-b587-c5ef507e4125.json,ed04edbfd0b0ce75c200cf89f17fdd44a58bf180aebe99e6473e677420cce17e,0,yolo11s,False
results\av2_confirmation\checkpoints\yolo11s\heldout\29a00842-ead2-3050-b587-c5ef507e4125.propagation.parquet,a6e1ef9ba5e7e38892649986d4b53171036a782b891bbaee475b52a9873531e5,0,yolo11s,False
results\av2_confirmation\checkpoints\yolo11s\heldout\2c652f9e-8db8-3572-aa49-fae1344a875b.json,55e205482f31bb337ed8d241e774e4e5c41e5bc5ca4de05da81c8470b9fbe12d,0,yolo11s,False
results\av2_confirmation\checkpoints\yolo11s\heldout\2c652f9e-8db8-3572-aa49-fae1344a875b.propagation.parquet,b6611e6abe05458d9ecf7d196a8fe94f6bd04414028639e5933d7c65f5f8c377,0,yolo11s,False
results\av2_confirmation\checkpoints\yolo11s\heldout\36aec72e-5086-376c-b109-295b128e77e1.json,cc69f7c802ef82b14d1df82c526051d2c42c3b48a07b4cf384ccef2dc1a499a0,0,yolo11s,False
results\av2_confirmation\checkpoints\yolo11s\heldout\36aec72e-5086-376c-b109-295b128e77e1.propagation.parquet,eeb946e92c25148039b7f351709d672718a7578f4997cd1cc0741deef5a70fb5,0,yolo11s,False
results\av2_confirmation\checkpoints\yolo11s\heldout\3de5b5d6-68c4-3c95-84ed-be7c83d829f8.json,2d256dc4df019c3aea03cb48069a5580acf026c252e63735f362beb0f48365d5,0,yolo11s,False
results\av2_confirmation\checkpoints\yolo11s\heldout\3de5b5d6-68c4-3c95-84ed-be7c83d829f8.propagation.parquet,ce5b93f4f67b48ec50b1e2e991fd3b0515f32f56564e5b43f32ceb153401e465,0,yolo11s,False
results\av2_confirmation\checkpoints\yolo11s\heldout\44adf4c4-6064-362f-94d3-323ed42cfda9.json,51e903a868f8a95bdd60e1f77d001403ae4fbce4fa68f987166c21fd663da45e,0,yolo11s,False
results\av2_confirmation\checkpoints\yolo11s\heldout\44adf4c4-6064-362f-94d3-323ed42cfda9.propagation.parquet,c8c7bed2a31627245d32966e29d412328ea5c29b3de37a3f21b975fba61cae7b,0,yolo11s,False
results\av2_confirmation\checkpoints\yolo11s\heldout\47286726-5dd4-4e26-bd2d-5324f429e445.json,2761eaa3f31ffa15119fac1a02a9f3da4b035eb51a7ffa9baf79c15b7827b7e6,0,yolo11s,False
results\av2_confirmation\checkpoints\yolo11s\heldout\47286726-5dd4-4e26-bd2d-5324f429e445.propagation.parquet,e47bbfc47b455919229ab7385693e97d4bbb1a17d729d2c713430744421057d6,0,yolo11s,False
results\av2_confirmation\checkpoints\yolo11s\heldout\4e3fedbb-847c-3d5b-8a62-c9ff84550985.json,fe0e0ffe0dacd60491b1018192d2b5668805baeabfac9b4f3c8a74202e6e159d,0,yolo11s,False
results\av2_confirmation\checkpoints\yolo11s\heldout\4e3fedbb-847c-3d5b-8a62-c9ff84550985.propagation.parquet,37b299ee48834d7a1fbd0e5e9cd93e765c38a31d4bf57a7cfe0f7a40665940d7,0,yolo11s,False
results\av2_confirmation\checkpoints\yolo11s\heldout\52071780-5758-3ed4-8835-0d64ecdc5575.json,c3afdf0664f92dc9e79939fb0301df1532a5db05ffd5408c5c394b4e78bc3fac,0,yolo11s,False
results\av2_confirmation\checkpoints\yolo11s\heldout\52071780-5758-3ed4-8835-0d64ecdc5575.propagation.parquet,53c2e34ed625e97628ad8bd3e5f2bee815653dc130158924277e3a44458e29fa,0,yolo11s,False
results\av2_confirmation\checkpoints\yolo11s\heldout\58e82365-03bc-3b2f-b55a-a4ad0e3e792d.json,2015ad9b5e48c73450868e277f11236699be9db5ca5a8120f040d3e2e1b10135,0,yolo11s,False
results\av2_confirmation\checkpoints\yolo11s\heldout\58e82365-03bc-3b2f-b55a-a4ad0e3e792d.propagation.parquet,90cc0d5f36e78a7fb138a77b9cf62ace99f5dd744b461d734814c6006112c09e,0,yolo11s,False
results\av2_confirmation\checkpoints\yolo11s\heldout\58fed0d4-97d5-469b-89a4-4394838e10c7.json,bb39a27d9a79cd90ac90619da365c7a216b5a4c3de96b9243ee4337a640abb36,0,yolo11s,False
results\av2_confirmation\checkpoints\yolo11s\heldout\58fed0d4-97d5-469b-89a4-4394838e10c7.propagation.parquet,86aa4a28a6614d5c6ad1b8d85e4ac0c915c63cc507ee09785f5fad87d2420406,0,yolo11s,False
results\av2_confirmation\checkpoints\yolo11s\heldout\6c932547-4c11-31d7-b8ef-0c16a13dbfc3.json,a7d2c957bccbefa4246120c2c576a7475db6df796a3d12578e1bd773576eea85,0,yolo11s,False
results\av2_confirmation\checkpoints\yolo11s\heldout\6c932547-4c11-31d7-b8ef-0c16a13dbfc3.propagation.parquet,fcd24bb1066b4c8c70197d875bae7fc4bed1562fbcb1e4e7e371edcb38433953,0,yolo11s,False
results\av2_confirmation\checkpoints\yolo11s\heldout\7039e410-b5ab-35aa-96bc-2c4b89d3c5e3.json,d1a076c1c554d45771de9eb00a5f7819a7837d1e1948cb2ce80709013ed02b2a,0,yolo11s,False
results\av2_confirmation\checkpoints\yolo11s\heldout\7039e410-b5ab-35aa-96bc-2c4b89d3c5e3.propagation.parquet,71e9506384aa147a0a013326df7ae3ea76e1edbc8bf6ee12b88465921e8492f7,0,yolo11s,False
results\av2_confirmation\checkpoints\yolo11s\heldout\78683234-e6f1-3e4e-af52-6f839254e4c0.json,9767e9e87882ee749a1f4e9ac69b899c7ab902b130f85bbb8b8fe3426a946cff,0,yolo11s,False
results\av2_confirmation\checkpoints\yolo11s\heldout\78683234-e6f1-3e4e-af52-6f839254e4c0.propagation.parquet,53e520554f73762b0fe17fed057bf2e6aa847c8e726a9425353b5a6247687b96,0,yolo11s,False
results\av2_confirmation\checkpoints\yolo11s\heldout\78da7b7e-8ddf-3c7d-8716-eaa890106dd3.json,28070152bcc5c4e8fbe095548301150987eba40613147cafccae6341a071e02d,0,yolo11s,False
results\av2_confirmation\checkpoints\yolo11s\heldout\78da7b7e-8ddf-3c7d-8716-eaa890106dd3.propagation.parquet,a6f4d877a6b8f000691bb99ca94ce4dc97787beb129ea180fbbc4f753b62dda7,0,yolo11s,False
results\av2_confirmation\checkpoints\yolo11s\heldout\7a2c222d-addc-30b2-aac6-596cb65a22e3.json,240c7214e3b21b94e989bf98b554494408e4a16576253b1ff133ad077450680d,0,yolo11s,False
results\av2_confirmation\checkpoints\yolo11s\heldout\7a2c222d-addc-30b2-aac6-596cb65a22e3.propagation.parquet,2a4c294cc70b177f51a37cd618f9b1ede3fa42b8a5a8167f4d0c74c475d145eb,0,yolo11s,False
results\av2_confirmation\checkpoints\yolo11s\heldout\858d739b-a0ba-35aa-bafc-4f7988bcad17.json,0b3f3b36923fc31dd912ff9cb19f9704ec83424c1146dd67c85b1743f709082a,0,yolo11s,False
results\av2_confirmation\checkpoints\yolo11s\heldout\858d739b-a0ba-35aa-bafc-4f7988bcad17.propagation.parquet,274f25b60dc8447fcb7d472292140eea0d045b4d14f3e00c6cbc492d07bb9caa,0,yolo11s,False
results\av2_confirmation\checkpoints\yolo11s\heldout\95bf6003-7068-3a78-a0c0-9e470a06e60f.json,0177df3317a2df359b6e5e9f42b4be0ee5ca9cf17dcbf5131738fa28567dae27,0,yolo11s,False
results\av2_confirmation\checkpoints\yolo11s\heldout\95bf6003-7068-3a78-a0c0-9e470a06e60f.propagation.parquet,dd05e607cc616814d9a750b6b84cef1c9911a16aa56fa0fbe7188e1692af0960,0,yolo11s,False
results\av2_confirmation\checkpoints\yolo11s\heldout\a7636fca-4d9e-3052-bef2-af0ce5d1df74.json,14c0873e46c53e45fc463ecd1116878e7186b51cfc017b9121fc4ed6fe170842,0,yolo11s,False
results\av2_confirmation\checkpoints\yolo11s\heldout\a7636fca-4d9e-3052-bef2-af0ce5d1df74.propagation.parquet,b8dbffde19d8c0abcd165fe3a83d1e553b61279724379a6e7bd84ef128f652e0,0,yolo11s,False
results\av2_confirmation\checkpoints\yolo11s\heldout\a91d4c7b-bf55-3a0e-9eba-1a43577bcca8.json,e4652f1b0250b34c0632cb39f447cdec8382731085bb6f5db5e95cd664af4621,0,yolo11s,False
results\av2_confirmation\checkpoints\yolo11s\heldout\a91d4c7b-bf55-3a0e-9eba-1a43577bcca8.propagation.parquet,4c6083bf5b3c68f1eaf0f89ed086c08e1a9740efe42a74e594408aa8a132ba36,0,yolo11s,False
results\av2_confirmation\checkpoints\yolo11s\heldout\b19f3c1a-a84a-3a2d-8d1b-8a4ae201020b.json,209a3640deedac163458139e7c5bb283c47c868d7f1ec7977dc7f7e3938a0e15,0,yolo11s,False
results\av2_confirmation\checkpoints\yolo11s\heldout\b19f3c1a-a84a-3a2d-8d1b-8a4ae201020b.propagation.parquet,37175a0414ee0c80fe66328fc3873b40a74e45814f5ec7788e81d583e0e84adf,0,yolo11s,False
results\av2_confirmation\checkpoints\yolo11s\heldout\b2053fdc-0b94-30bc-aee7-5bc6fb7e9f52.json,6c2b617ff632ab349434b51a356e9a534944001dd25020162be6380c8b0559af,0,yolo11s,False
results\av2_confirmation\checkpoints\yolo11s\heldout\b2053fdc-0b94-30bc-aee7-5bc6fb7e9f52.propagation.parquet,927e66c61ec1cbc11e3862a1778c119ac5a66d7e869217bfbe332cc17e28ddba,0,yolo11s,False
results\av2_confirmation\checkpoints\yolo11s\heldout\b50c4763-5d1e-37f4-a009-2244aeebabcd.json,e62d9c06487658405f9691f0fd41e57a4f19c7396a14e82b6e354d3f0051cf41,0,yolo11s,False
results\av2_confirmation\checkpoints\yolo11s\heldout\b50c4763-5d1e-37f4-a009-2244aeebabcd.propagation.parquet,336cebdc77f4c1e937d156a00b5e90987293729ed97748fc8ded5d1e220c95dc,0,yolo11s,False
results\av2_confirmation\checkpoints\yolo11s\heldout\b87683ae-14c5-321f-8af3-623e7bafc3a7.json,2b0e5e7c0ec3bb871524fbac5d7aa4fb330a31a5654a18e2df6d8b78928cff99,0,yolo11s,False
results\av2_confirmation\checkpoints\yolo11s\heldout\b87683ae-14c5-321f-8af3-623e7bafc3a7.propagation.parquet,d38d469fb510182c330b7dac12ddc1225b0e163ccb3a6eb4c56e29d1490a166a,0,yolo11s,False
results\av2_confirmation\checkpoints\yolo11s\heldout\c8ec7be0-92aa-3222-946e-fbcf398c841e.json,beb6cdcb580527a3b81329b5c1dc7c042a2f8f421d87eb9d4f80fbc82adcdeeb,0,yolo11s,False
results\av2_confirmation\checkpoints\yolo11s\heldout\c8ec7be0-92aa-3222-946e-fbcf398c841e.propagation.parquet,aec12dae4972bcd421996f6b89a4eed15e342541bfaea61a442b79f8eb3dd4db,0,yolo11s,False
results\av2_confirmation\checkpoints\yolo11s\heldout\cae56e40-8470-3c9c-af75-6e444189488f.json,d42265b2da62b07182b3ccdab88182a455d96fc55da270aa9491cd97a77bcf0a,0,yolo11s,False
results\av2_confirmation\checkpoints\yolo11s\heldout\cae56e40-8470-3c9c-af75-6e444189488f.propagation.parquet,a44f9c81bc07a2d36a1b89d9636b9b540551c7eb6d20c6166fcd64fc94b97bee,0,yolo11s,False
results\av2_confirmation\checkpoints\yolo11s\heldout\d1395998-7e8a-417d-91e9-5ca6ec045ee1.json,1cf691fc05182d65ff7705705913761d2dc0390ae67c7e33d51d537035343601,0,yolo11s,False
results\av2_confirmation\checkpoints\yolo11s\heldout\d1395998-7e8a-417d-91e9-5ca6ec045ee1.propagation.parquet,df4d6bec8914bc9a8edda842c1bee8944b36665546473f69a0b3d85ab8854a7e,0,yolo11s,False
results\av2_confirmation\checkpoints\yolo11s\heldout\d3ca0450-2167-38fb-b34b-449741cb38f3.json,b6a05f57b8a3f861b74469e0f64223929ede7b5edb5928224b6e6ce876184c08,0,yolo11s,False
results\av2_confirmation\checkpoints\yolo11s\heldout\d3ca0450-2167-38fb-b34b-449741cb38f3.propagation.parquet,79ce1d1bf0aeecf44566af8b2d2c61d1b6624dd60a6d3f9fb9fbb121923e9a8f,0,yolo11s,False
results\av2_confirmation\checkpoints\yolo11s\heldout\d5d6f11c-3026-3e0e-9d67-c111233e22de.json,15fc25a3acf0b0d6e8042ba622b320a7ebee0c6b6f4c938cb9df8ef693ebbe1a,0,yolo11s,False
results\av2_confirmation\checkpoints\yolo11s\heldout\d5d6f11c-3026-3e0e-9d67-c111233e22de.propagation.parquet,fa77447586d45c7e38373700cebd695f99c3263c4ae6404c5cc63a9415f2a838,0,yolo11s,False
results\av2_confirmation\checkpoints\yolo11s\heldout\da036982-92bf-36a8-b880-4ccf4e20b74e.json,fba832304ef96e8d9ec6174c607581abbbfc4ccd7637cc8d6a872b1d5fdddf7b,0,yolo11s,False
results\av2_confirmation\checkpoints\yolo11s\heldout\da036982-92bf-36a8-b880-4ccf4e20b74e.propagation.parquet,6611c6490a4b77682fe4b6a7431ef9d46e8c61173e3161ed6749a31a229ebfbf,0,yolo11s,False
results\av2_confirmation\checkpoints\yolo11s\heldout\dafe14f5-825c-4e7a-9009-6dfdfdd5b030.json,647307d726c21288dd7dcab11bacc57d3ccd639516c7f5a2cfc92317a4d598d2,0,yolo11s,False
results\av2_confirmation\checkpoints\yolo11s\heldout\dafe14f5-825c-4e7a-9009-6dfdfdd5b030.propagation.parquet,91bc6a753d290ecc7992b5e27f4b09edfdc06dc756d100f08134726fbbccaa24,0,yolo11s,False
results\av2_confirmation\checkpoints\yolo11s\heldout\e1d68dde-22a9-3918-a526-0850b21ff2eb.json,4bbf99c4f3a9cd8e7ccbe093396624d09a6dd01057ff08690cd79b4cb7417bcb,0,yolo11s,False
results\av2_confirmation\checkpoints\yolo11s\heldout\e1d68dde-22a9-3918-a526-0850b21ff2eb.propagation.parquet,40d45d9db34ae92c57c9fb906fc6dc57d470c9ba040c2937d16fd13e5be81951,0,yolo11s,False
results\av2_confirmation\checkpoints\yolo11s\heldout\e2e921fe-e489-3656-a0a2-5e17bd399ddf.json,e1c3e19ea4ef45d4577fb73edc1a8ddd11470cbf8b1ae736e77f80797a7d7d05,0,yolo11s,False
results\av2_confirmation\checkpoints\yolo11s\heldout\e2e921fe-e489-3656-a0a2-5e17bd399ddf.propagation.parquet,cd9447420601da52b7da54abc558fecf2d3da34d674ebdb9545dfc591eb559e8,0,yolo11s,False
results\av2_confirmation\checkpoints\yolo11s\heldout\e50e7698-de3d-355f-aca2-eddd09c09533.json,ae36fbabc20487ae3acb178627b8031bdf4a99b8a98370074d44cfb79553d832,0,yolo11s,False
results\av2_confirmation\checkpoints\yolo11s\heldout\e50e7698-de3d-355f-aca2-eddd09c09533.propagation.parquet,2d72f1b8052b5b2b0c4f3e3dc827ebad4b98af48afe1db25129e84ac844bc609,0,yolo11s,False
results\av2_confirmation\checkpoints\yolo11s\heldout\e72ef05c-8b94-3885-a34f-fff3b2b954b4.json,27a62cbbaf5215b79a403c6224fb1cd6642eaec3b92dde84a87f3f5e249f8b00,0,yolo11s,False
results\av2_confirmation\checkpoints\yolo11s\heldout\e72ef05c-8b94-3885-a34f-fff3b2b954b4.propagation.parquet,eabb3ac95c0d2553846ab183aa1428f29212ea312b78928077a19ab9ee6c4fca,0,yolo11s,False
results\av2_confirmation\checkpoints\yolo11s\heldout\e8c9fd64-fdd2-422d-a2a2-6f47500d1d12.json,3053d224f4b0ce8b07bebe9d3092040884c60798acf23c873db71a42b7af5f27,0,yolo11s,False
results\av2_confirmation\checkpoints\yolo11s\heldout\e8c9fd64-fdd2-422d-a2a2-6f47500d1d12.propagation.parquet,f915b8c8d670a3cc07672521104eab0ef20401a69925bf9104855ca8fc54a0e2,0,yolo11s,False
results\av2_confirmation\checkpoints\yolo11s\heldout\eec284b2-840a-3c75-aa42-04d2e309bbe1.json,09d338cef83c2c75de939361187c9aec2c878274b8ba3e40cb0c115cd1423702,0,yolo11s,False
results\av2_confirmation\checkpoints\yolo11s\heldout\eec284b2-840a-3c75-aa42-04d2e309bbe1.propagation.parquet,fd5355ff01a6ae29335abb2bd281c572df1898dd9f2d9ab845a9ffc8cfe2889b,0,yolo11s,False
results\av2_confirmation\checkpoints\yolo11s\heldout\f1275002-842e-3571-8f7d-05816bc7cf56.json,63489a88dad592f5c9b70b4d08edfc8d113821dd282ea55a8bc8f188bd5e44be,0,yolo11s,False
results\av2_confirmation\checkpoints\yolo11s\heldout\f1275002-842e-3571-8f7d-05816bc7cf56.propagation.parquet,a78a519395d09b6c0dde7aed40992170b7c51dba18794bd8cf17e7fcc3639c7e,0,yolo11s,False
results\av2_confirmation\checkpoints\yolo11s\heldout\f2576c8a-da9b-450e-88cf-a70af1b0eadf.json,8f9db1fbfce901f54aca44fb66ce12ad7411e0e7098ba2e4f9935f5aa729c2d1,0,yolo11s,False
results\av2_confirmation\checkpoints\yolo11s\heldout\f2576c8a-da9b-450e-88cf-a70af1b0eadf.propagation.parquet,b40bca680f6014e2906e7d67ccde6f4a3dca1fa7db82b98a4c489c64fdc3fc14,0,yolo11s,False
results\av2_confirmation\checkpoints\yolo11s\heldout\f292cc5c-7a90-360d-b62a-074c643bdf59.json,a521a6b27f78f4840734e9815d9d0aa3e661cee4dd0417c30e9fadcf4649031d,0,yolo11s,False
results\av2_confirmation\checkpoints\yolo11s\heldout\f292cc5c-7a90-360d-b62a-074c643bdf59.propagation.parquet,f8496dc7c9f2235cebd00ed9b82961f47dbd5dbfd78f5a118d80c558431c850c,0,yolo11s,False
results\av2_confirmation\checkpoints\yolo11s\heldout\f6cc0ebf-fc6a-3bf2-8bcb-76d8c43f194e.json,d5698055fff779b97879e743942c0ff7088557c37133058ece74ff4440cc9092,0,yolo11s,False
results\av2_confirmation\checkpoints\yolo11s\heldout\f6cc0ebf-fc6a-3bf2-8bcb-76d8c43f194e.propagation.parquet,2ac8e0bb32d1ac2153b529a738edee845cb20edfbf493ec2508a22a34f59bf3c,0,yolo11s,False
results\av2_confirmation\checkpoints\yolo11s\model_selection\069cc46d-38bb-309d-88cf-296a3d0c0820.json,a9231fb916ae211f577f6d608ade5b1e09cd86f7e4fa36f19443c94cf40d86cd,0,yolo11s,False
results\av2_confirmation\checkpoints\yolo11s\model_selection\069cc46d-38bb-309d-88cf-296a3d0c0820.propagation.parquet,eb3b96c4f6e5464a3cb83a2ec2aac699e55f4ecbf41b48f62e2a1f6a783eb8a3,0,yolo11s,False
results\av2_confirmation\checkpoints\yolo11s\model_selection\0b324587-6097-3f92-a07a-a44f48c85d9e.json,cdbef868eccd6856c46097f56c1322ffa7c2134954bcc45116648b171c065b51,0,yolo11s,False
results\av2_confirmation\checkpoints\yolo11s\model_selection\0b324587-6097-3f92-a07a-a44f48c85d9e.propagation.parquet,b3e79e460c21de411683c0b8f5eff13631f8f0c7355f828a8516caa9e43e3bfc,0,yolo11s,False
results\av2_confirmation\checkpoints\yolo11s\model_selection\12c3c14b-9cf2-3434-9a5d-e0bfa332f6ce.json,9b680e4b70b53de145d6105c2748577baa91567b5ae60d16423a6c127c2793cc,0,yolo11s,False
results\av2_confirmation\checkpoints\yolo11s\model_selection\12c3c14b-9cf2-3434-9a5d-e0bfa332f6ce.propagation.parquet,af20728c50ba6e1195903000819c97203b82f272f8cc1be802d6d27d49760eba,0,yolo11s,False
results\av2_confirmation\checkpoints\yolo11s\model_selection\1842383a-1577-3b7a-90db-41a9a6668ee2.json,5ed1be13e0b4e3a3b906630c513794d70d2675da6bc56af1e6e553c3d488e0f9,0,yolo11s,False
results\av2_confirmation\checkpoints\yolo11s\model_selection\1842383a-1577-3b7a-90db-41a9a6668ee2.propagation.parquet,ddcf0f8324abcfee906cbc869e1ba76d74e320123f935ad090a198d0f87e879b,0,yolo11s,False
results\av2_confirmation\checkpoints\yolo11s\model_selection\271f4204-dd77-350b-b9db-5dabc4191985.json,864837ef36aac0926686df0b6a84c1c84a719da1115f89a5ec8d643dfebab0f1,0,yolo11s,False
results\av2_confirmation\checkpoints\yolo11s\model_selection\271f4204-dd77-350b-b9db-5dabc4191985.propagation.parquet,7ef55970c6affdec8c4bb6441855a4359dfaab9c7e0321e5b7c60e4b73c3efb4,0,yolo11s,False
results\av2_confirmation\checkpoints\yolo11s\model_selection\8858428d-8fd5-3c3f-8ca4-d01f6e25e63c.json,0e3f0b8924f8be0d58fbcad0f3ffb4bda344a920b32bf51a405c8b618cab6800,0,yolo11s,False
results\av2_confirmation\checkpoints\yolo11s\model_selection\8858428d-8fd5-3c3f-8ca4-d01f6e25e63c.propagation.parquet,9fcde55ed41b618baf9c3f76d3610126ee59c616fab2263743567ebe715a2143,0,yolo11s,False
results\av2_confirmation\checkpoints\yolo11s\model_selection\8940f5f1-13e0-3094-99ba-da2d17639774.json,f9c823bdec48433245ecd9cc1ed8385c76a1593cedbbef76b7e96bb23bcc1abd,0,yolo11s,False
results\av2_confirmation\checkpoints\yolo11s\model_selection\8940f5f1-13e0-3094-99ba-da2d17639774.propagation.parquet,173cf6259514bc4af76db62ce761dc4d2ee839271e1461b68fc80379caf76db4,0,yolo11s,False
results\av2_confirmation\checkpoints\yolo11s\model_selection\8c52d911-fe34-3424-9864-d3fdfac38064.json,69512c1e7a1ed9e692e1433f5fa5525a72db54f4a87f79a40cce6c3027f70285,0,yolo11s,False
results\av2_confirmation\checkpoints\yolo11s\model_selection\8c52d911-fe34-3424-9864-d3fdfac38064.propagation.parquet,5e12c8925ea8c0a2752a270be665500edc7e72a37fa767363b47cacebf44cc8b,0,yolo11s,False
results\av2_confirmation\checkpoints\yolo11s\model_selection\8feb3dbe-4450-3aeb-b22b-e65128aa696b.json,382057740cc77d1d08cb232c336976380663bdb40f92d1ca9249954d07cd5b8e,0,yolo11s,False
results\av2_confirmation\checkpoints\yolo11s\model_selection\8feb3dbe-4450-3aeb-b22b-e65128aa696b.propagation.parquet,f0f69e81aa120bf5d7b1948e0a3634297d10b4a88d709c99e6b8c14c8847108b,0,yolo11s,False
results\av2_confirmation\checkpoints\yolo11s\model_selection\902d5e72-b665-3615-af2d-a2b6164864b2.json,13098d8de8e7d0180691ce441f162f1a134c903df1650d975490a7dacca38d87,0,yolo11s,False
results\av2_confirmation\checkpoints\yolo11s\model_selection\902d5e72-b665-3615-af2d-a2b6164864b2.propagation.parquet,942b4807d7bc9195404147ee695a715aef7e88a059d5d37836cbbba7e987c2d9,0,yolo11s,False
results\av2_confirmation\checkpoints\yolo11s\model_selection\9441ffdd-f06e-36e0-839e-b836b0f19bc9.json,f5ac31f217d6560e1325d495c471659ad72f3b439a2c19c591dac56b65be52ae,0,yolo11s,False
results\av2_confirmation\checkpoints\yolo11s\model_selection\9441ffdd-f06e-36e0-839e-b836b0f19bc9.propagation.parquet,55ad018abf794d5d7d82fabb7e209ac5dcb7263dd7117e9560621729b6237d32,0,yolo11s,False
results\av2_confirmation\checkpoints\yolo11s\model_selection\a059b6b9-ca26-4881-bcf7-d202433de0c2.json,7de810ac6058f712f9b90823237fa3d62b6ebe3a62f73f4363262d6ea052b727,0,yolo11s,False
results\av2_confirmation\checkpoints\yolo11s\model_selection\a059b6b9-ca26-4881-bcf7-d202433de0c2.propagation.parquet,21b1e6183352fda6e27d6520198221b33f37e8b7c1f9d70690e901268731a006,0,yolo11s,False
results\av2_confirmation\checkpoints\yolo11s\model_selection\a1c1d559-0480-39d2-94f0-1a89f0226c4f.json,a654a3b5809b61be281a1cebab61d41efc03f95d35e7e7852361dfaeb02bc61c,0,yolo11s,False
results\av2_confirmation\checkpoints\yolo11s\model_selection\a1c1d559-0480-39d2-94f0-1a89f0226c4f.propagation.parquet,6ebdf8233a97abd912ec3accd8bc1c7e3d27c7b5fa6ed5e90233dd8a6fce680e,0,yolo11s,False
results\av2_confirmation\checkpoints\yolo11s\model_selection\a47ba6a9-ffa1-3979-bb40-512339284b8b.json,83b83ebcd51d3448bad5db8a809153a0eb34a57190596d710c67d8b8fafc3154,0,yolo11s,False
results\av2_confirmation\checkpoints\yolo11s\model_selection\a47ba6a9-ffa1-3979-bb40-512339284b8b.propagation.parquet,29bd9e7b60dc4098f7ed41c32e0847b5ee485c3b9f62c9b8f2450bb5cef52877,0,yolo11s,False
results\av2_confirmation\checkpoints\yolo11s\model_selection\a88da814-ecc6-39c0-93ba-8a81f403a7e4.json,08624524c379a22399150a226cb0725445bb97c5f015f4783139766d5b71d33f,0,yolo11s,False
results\av2_confirmation\checkpoints\yolo11s\model_selection\a88da814-ecc6-39c0-93ba-8a81f403a7e4.propagation.parquet,c12e2ba5155987c6d94f010ac125005642efde1a836358a090e8f46c7fc60e2d,0,yolo11s,False
results\av2_confirmation\checkpoints\yolo11s\model_selection\b29b43d7-3af9-363e-aaeb-8805d958f982.json,2f01de44e5e843a0f4d02da8c0797682cab6062f338cba59980deb3c4dc94ccd,0,yolo11s,False
results\av2_confirmation\checkpoints\yolo11s\model_selection\b29b43d7-3af9-363e-aaeb-8805d958f982.propagation.parquet,d796e89fe7c4852c28c29d3b88fc3cb4ee5aa93f79a0a711d9077eee2189d5c3,0,yolo11s,False
results\av2_confirmation\checkpoints\yolo11s\model_selection\d0ba7a1b-f5ca-39d6-98d0-29c671baec65.json,49767c6f18af50bf2c1e34d7dc2ccdeed517de95c12d355ac7ea03ba4b906c80,0,yolo11s,False
results\av2_confirmation\checkpoints\yolo11s\model_selection\d0ba7a1b-f5ca-39d6-98d0-29c671baec65.propagation.parquet,4255b82d7d74e98b9b02cf7aaecfc05e84afb09cc43cec3fff160e8455526534,0,yolo11s,False
results\av2_confirmation\checkpoints\yolo11s\model_selection\e0cfd042-ae29-3d21-bb47-81eb8f933ec8.json,272b5ba0908a0b8fb9e88f48d2449c637c41063d0d896625f1fba3ba6807ddbf,0,yolo11s,False
results\av2_confirmation\checkpoints\yolo11s\model_selection\e0cfd042-ae29-3d21-bb47-81eb8f933ec8.propagation.parquet,c061aafe523012d5faea8171562a39b574a98c3a608371ec0636852fb2604d49,0,yolo11s,False
results\av2_confirmation\checkpoints\yolo11s\model_selection\e2043284-6122-3cc9-a7e7-f091a16361b7.json,766893b139c0e003b4f2d2a358696fa9fb08b1533a0c4201e45c0130ccf69bf1,0,yolo11s,False
results\av2_confirmation\checkpoints\yolo11s\model_selection\e2043284-6122-3cc9-a7e7-f091a16361b7.propagation.parquet,22eb5bb8541658afe2f68dd4b4b93137e715967fac40116ff2032ec7c26d7bf4,0,yolo11s,False
results\av2_confirmation\checkpoints\yolo11s\model_selection\e424d4f7-4b28-322f-b630-31d42ae528eb.json,d04272cbe40423e68a9fe6ecb926ea139684adb002535afaedac42932f5a4c19,0,yolo11s,False
results\av2_confirmation\checkpoints\yolo11s\model_selection\e424d4f7-4b28-322f-b630-31d42ae528eb.propagation.parquet,4586d16c58f1ade971e1214812081f6ead39cd6e68060311bd334a5a9d0bfa25,0,yolo11s,False
results\av2_confirmation\corrected_checkpoints\yolo11n\development\01bb304d-7bd8-35f8-bbef-7086b688e35e.propagation.parquet,5e8f2242701af9a9b6a489e163865ff8999ed57910e700067b889c949751fd04,0,yolo11n,False
results\av2_confirmation\corrected_checkpoints\yolo11n\development\16af3863-0d31-3cd1-8fa2-58053ffb953a.propagation.parquet,fd7de42e57042e0a1a1a36bc0194ee3954c1d03d00d9c37ea3c354cbcfa231ab,0,yolo11n,False
results\av2_confirmation\corrected_checkpoints\yolo11n\development\1d43ed4e-e705-308a-bdfa-49d99285c42a.propagation.parquet,cf18fdd5dbecb26c74236b4bb36828775adba34fc44825b973c0b02c15011da8,0,yolo11n,False
results\av2_confirmation\corrected_checkpoints\yolo11n\development\1e6f21fd-5c8a-3526-ac50-72adae89d6a8.propagation.parquet,03a79bbd4f29465140e41a9f3524e6bb8344420ab2af4f2b7e822365bfe8837a,0,yolo11n,False
results\av2_confirmation\corrected_checkpoints\yolo11n\development\2772dd5f-bc0a-47ea-ae19-a5e0dbef8f41.propagation.parquet,c7c27ff015869a04d6d355facdf6fecf0153f55ac682f93ea9aeebb194e7cda1,0,yolo11n,False
results\av2_confirmation\corrected_checkpoints\yolo11n\development\286790ed-9dec-305b-bcad-4f8153301e7c.propagation.parquet,bb6ef56e6edcae1a2660a91c519c93966b3879aa66c1603d6f7ef613e7c06608,0,yolo11n,False
results\av2_confirmation\corrected_checkpoints\yolo11n\development\2a9b2658-097e-3f8b-a817-22f2553c5de8.propagation.parquet,0c382e8167a95a0af2fb090b1e02f948bc7dd964286d7758a408a088f5747a42,0,yolo11n,False
results\av2_confirmation\corrected_checkpoints\yolo11n\development\3153b5b3-d381-3664-8f82-1d3c5ca841d2.propagation.parquet,1237746b8e375e46739eb39f250eb5469da0b98ef4c85522e7a49279221cdbe5,0,yolo11n,False
results\av2_confirmation\corrected_checkpoints\yolo11n\development\349c4c1c-9561-360f-9ae7-59772335d54b.propagation.parquet,4fd220306077dbe8d0aac70e987382be01145e6db1a7370943c061a4ccda142d,0,yolo11n,False
results\av2_confirmation\corrected_checkpoints\yolo11n\development\3576c0f5-c1b5-35bb-a0c4-ee95cba5c754.propagation.parquet,219b6c12591bcea8919dcfccadb61734ab4092d122484a26802a0eba1b595c27,0,yolo11n,False
results\av2_confirmation\corrected_checkpoints\yolo11n\development\366ceb72-9f11-385a-8bc9-a26a18dbdd22.propagation.parquet,739c11208af16fe6e7fa947debc840c58b2385d87268736524540bcebbd3bf8f,0,yolo11n,False
results\av2_confirmation\corrected_checkpoints\yolo11n\development\380e5bf0-1c68-36a4-ac64-09a03b60bebf.propagation.parquet,96e634716f453d542196cbdc4e13000453d807214e43d4c256e4f7af152dc4d8,0,yolo11n,False
results\av2_confirmation\corrected_checkpoints\yolo11n\development\3dd173a6-8b21-3189-bd53-132919b96a48.propagation.parquet,10ebc30e01f19b3a000d9e9fdd91a45f1a34fdb08161558c084bdf5c8961ff12,0,yolo11n,False
results\av2_confirmation\corrected_checkpoints\yolo11n\development\3f9796e9-c892-3915-b719-3292df878ece.propagation.parquet,bd82889a6191aadabfe679b933ae2355beae6ca161061039c5827770f06a927b,0,yolo11n,False
results\av2_confirmation\corrected_checkpoints\yolo11n\development\3fbdfb6c-927f-4aaa-81b1-21b02efd4c01.propagation.parquet,8605275a3ac84f1fb998c2d7fd5d7d12ac1262db7a74a9ef6fda406c42bf9d04,0,yolo11n,False
results\av2_confirmation\corrected_checkpoints\yolo11n\development\40bfcbec-ec59-3731-8e75-67f0bddc3b01.propagation.parquet,a2b2d72f82c816a154073943d1debfcacd5ed99066fdc95e26dd41dbe258b3ee,0,yolo11n,False
results\av2_confirmation\corrected_checkpoints\yolo11n\development\41b6f7d7-e431-3992-b783-74b9edf42215.propagation.parquet,31cb1f43e2c080b103d6e32643dabd87cfcf3b7c0eaa80f66426f7fbd21d5c8e,0,yolo11n,False
results\av2_confirmation\corrected_checkpoints\yolo11n\development\41d69427-364c-366e-94a5-8e556bcac39f.propagation.parquet,01aac375044b346ee31a937880af18e9d10781eb0701d7dc0c57bc4d1d067079,0,yolo11n,False
results\av2_confirmation\corrected_checkpoints\yolo11n\development\4207ef92-0b3b-4708-8868-4ffcaef308e0.propagation.parquet,56418b79df0a711b16582aa455da5b9420db6a7713a20209dfbf0a6e9399144a,0,yolo11n,False
results\av2_confirmation\corrected_checkpoints\yolo11n\development\453e5558-6363-38e3-bf9b-42b5ba0a6f1d.propagation.parquet,314adef352a05570f8f0cc1cc148a986e9f30be1f3dca71e50d094acd88b625d,0,yolo11n,False
results\av2_confirmation\corrected_checkpoints\yolo11n\development\46d917cd-531c-330b-8d7b-979b51a8927f.propagation.parquet,790bb9d3d557618290aa6a55556950bdc1a145198e25986f463fd2f61614c6dd,0,yolo11n,False
results\av2_confirmation\corrected_checkpoints\yolo11n\development\47167c79-2ba4-369c-8db8-760a30b4c38a.propagation.parquet,d50ad774cb23f4b10c0b734864e9278f1a246ec0cf14a44f809e0f20401c87af,0,yolo11n,False
results\av2_confirmation\corrected_checkpoints\yolo11n\development\47358aac-2ec0-3d45-a837-f2069ca7cee3.propagation.parquet,8b3099ef2656ee39833cf6fd858715355b456f717ebb8f4b22a7a9fa64d2a339,0,yolo11n,False
results\av2_confirmation\corrected_checkpoints\yolo11n\development\575d8d24-ba88-3b18-84c0-df5b29dccfde.propagation.parquet,9a2955081b25ed8a78aec28a2787de42b83477b46ebb145d34e5df22b89de523,0,yolo11n,False
results\av2_confirmation\corrected_checkpoints\yolo11n\development\5b1d8b11-4f90-3577-be0b-193e102fda82.propagation.parquet,4aa8f92febaba871775f9dc81878512e31fbe0468643f235afe14e9862dc1c18,0,yolo11n,False
results\av2_confirmation\corrected_checkpoints\yolo11n\development\62a1e53b-b55c-36c2-bc5b-e216d494875a.propagation.parquet,0b464f35a075136733cf0f2619687157beb477d2cf6e97a673f560cb774bf365,0,yolo11n,False
results\av2_confirmation\corrected_checkpoints\yolo11n\development\633addf9-441c-35e7-868a-738aa612d51c.propagation.parquet,1acb5b574a754abfc7fde2de8caa9860a5650db21af7a65cb5dc291ff6ca4b9e,0,yolo11n,False
results\av2_confirmation\corrected_checkpoints\yolo11n\development\639d4834-f922-3e27-9913-20aa649f815d.propagation.parquet,9cd82e30a6006c6afd04ac381ca9c442e42657e1da82dc849aba2e74dd5a715d,0,yolo11n,False
results\av2_confirmation\corrected_checkpoints\yolo11n\development\6937b4e5-b5b4-3970-b5dd-9ad194e6c338.propagation.parquet,cc590add8c2fafa9290a0c66ab81a6ac56597fccc14852e877b34b84735baf55,0,yolo11n,False
results\av2_confirmation\corrected_checkpoints\yolo11n\development\69c0ec7c-e289-3c4d-ade3-d2287ec34026.propagation.parquet,31659781e43630641dc1ffd6cc4662b6a0cac1fcaf77c396268f88ad5c2b58c9,0,yolo11n,False
results\av2_confirmation\corrected_checkpoints\yolo11n\development\6aa2ac89-6b25-3af6-ad59-221351189f4b.propagation.parquet,be7131ba6f79c57a0541b9b5077df57a0fac390fd6c609a78a89da380bae3e5d,0,yolo11n,False
results\av2_confirmation\corrected_checkpoints\yolo11n\development\6cc0bb26-5afb-3688-b237-b9c64c2800e5.propagation.parquet,63a7c3c1f788fce6e8614de0f0971669798b5b8c58528c990d7dae961111c66a,0,yolo11n,False
results\av2_confirmation\corrected_checkpoints\yolo11n\development\6dc6e668-549e-33b8-b952-ed8e807b1d48.propagation.parquet,026ffdeba5aae1802c7df9dbc1c85c8394d740615753e26d8de338c1c4a80567,0,yolo11n,False
results\av2_confirmation\corrected_checkpoints\yolo11n\development\74dd5c1d-7a9a-32d1-903a-fc57e07109b9.propagation.parquet,bf634a50bcdc8cf94eec8d8b3f2c001be42931de0af816c2fbca2514116e189d,0,yolo11n,False
results\av2_confirmation\corrected_checkpoints\yolo11n\development\74f15437-b85e-314a-9d86-7294b98bf07f.propagation.parquet,dd918e86b615aa5327a9ade36607a4c8e45e4fa285e384fb7d5b8e1d36cfe3dc,0,yolo11n,False
results\av2_confirmation\corrected_checkpoints\yolo11n\development\768cf7e2-eb6c-3468-969e-e3b0fd87b34e.propagation.parquet,c5d030f553d892ab02cec6ed1139c7101f089ad550a299d44f7b755c4321fab9,0,yolo11n,False
results\av2_confirmation\corrected_checkpoints\yolo11n\development\770a58e6-eff6-39b7-a265-fe7f202fe8b2.propagation.parquet,1f9cfe0b5ab397eade4b0697d08bc23333a9a751bd9620b7d81f775f7efaa030,0,yolo11n,False
results\av2_confirmation\corrected_checkpoints\yolo11n\development\7ce2a2ce-eed6-36d7-ba62-dda9acddb070.propagation.parquet,61808cf3763fd236171dfc7cc81cbbd8224605e527b80d1af24660cd2737ec7b,0,yolo11n,False
results\av2_confirmation\corrected_checkpoints\yolo11n\development\7e3d8631-3b7d-38c1-b833-ee7cfa7235ca.propagation.parquet,c1ce66fec879c5ed739228d19731e823bee034ffdec105e2879da070cfadfdff,0,yolo11n,False
results\av2_confirmation\corrected_checkpoints\yolo11n\development\7ef4a6cc-7266-3a31-8dd4-01c3d3c58dcb.propagation.parquet,0c00efabe00f0f338c77e1d978775185fe36cc7eaf7d4f4e568df2fa8af267e3,0,yolo11n,False
results\av2_confirmation\corrected_checkpoints\yolo11n\development\80da8956-f418-319c-9f49-3d47d9002546.propagation.parquet,7670f0561ec81718a139cc7f20fd4f540d994380dd0b8d6ef342f6650901c8ea,0,yolo11n,False
results\av2_confirmation\corrected_checkpoints\yolo11n\development\85026edc-5fdf-308e-a8ef-a1aad1151c50.propagation.parquet,4c285d38a2e2bf3cb6729da4c4884ca44d364fa313f58aca5014868ec14a4e8b,0,yolo11n,False
results\av2_confirmation\corrected_checkpoints\yolo11n\development\8a0ff1a2-9045-3be3-b67f-3914d88178ec.propagation.parquet,cf1de7143ab57061440f0174dc387615b2fc8097aafc3ab43b6b2b6484b7241f,0,yolo11n,False
results\av2_confirmation\corrected_checkpoints\yolo11n\development\8c019de9-7043-37bc-9498-b5858e7240af.propagation.parquet,17e18f36858f2d6a657be7bd793d4614c7be8ebcfa05c09d8021b8e77934e3fe,0,yolo11n,False
results\av2_confirmation\corrected_checkpoints\yolo11n\development\8ee606e6-4cbd-3c07-8419-fbda836ccaac.propagation.parquet,8eb0a0639b3243bc8c7d8135798c982d4cf62bdf8acde69b89e4a9849d424f4a,0,yolo11n,False
results\av2_confirmation\corrected_checkpoints\yolo11n\development\90f360d8-35f7-3c54-b2da-e99b354bc4cb.propagation.parquet,e80259e84319e94ab0b00148286dc0efe92de406536373091e47b967fd95afc8,0,yolo11n,False
results\av2_confirmation\corrected_checkpoints\yolo11n\development\91923e20-9a05-32e0-ac53-8c09b0b60341.propagation.parquet,d9ecfbc7454cebcf3074a26e3b22335280b15c5ad2a030a96782f3ea7fabefbb,0,yolo11n,False
results\av2_confirmation\corrected_checkpoints\yolo11n\development\919f13de-857f-3b1c-9f8e-7cbe500a60ae.propagation.parquet,fa4022b889eab8544d409abe8bd538af0b50956fb72d77f6de4d030029692c63,0,yolo11n,False
results\av2_confirmation\corrected_checkpoints\yolo11n\development\9239d493-31d7-3dd0-a05f-03d50a242392.propagation.parquet,5a4ed3cdd36ed1d7fbf6dec7396b83d873e3c8f54a9794073730e13a1e9be543,0,yolo11n,False
results\av2_confirmation\corrected_checkpoints\yolo11n\development\96284bbc-6b58-330f-a5a6-76cd518543f0.propagation.parquet,baa2dc29178245b642aaad03edf77134a6615dcb6b7f3d9cc60468a11cde0824,0,yolo11n,False
results\av2_confirmation\corrected_checkpoints\yolo11n\development\97738d01-b24f-365e-8818-2463149154d2.propagation.parquet,0a8f4dfb0e598d75bf76e6c4da40379795b6990fb4b27e091b5c4e90dac701f1,0,yolo11n,False
results\av2_confirmation\corrected_checkpoints\yolo11n\development\9a25fd14-783b-35c3-ab2d-df4687f82b5e.propagation.parquet,7bc2aa01f01df84f58263e725d95497439cacdaacb5ef209a6e39eecdedf133d,0,yolo11n,False
results\av2_confirmation\corrected_checkpoints\yolo11n\development\9afab336-dbae-3f70-a669-46813f4570d7.propagation.parquet,fb85d7db7528370ba08f906f3789d460fe8dcdb20134df8baf411d2df91669d3,0,yolo11n,False
results\av2_confirmation\corrected_checkpoints\yolo11n\development\a160c635-aa67-352c-a5e6-03b113493090.propagation.parquet,827d5971cfe762a7beaf2ba37ac648fc80c1458a05a795b980e0a8a20049ac77,0,yolo11n,False
results\av2_confirmation\corrected_checkpoints\yolo11n\development\a359e053-a350-36cf-ab1d-a7980afaffa2.propagation.parquet,2fc3f88ab0ba29043a3fe0536bc3cdebe8141b54d20a9ebc0edddd4393f53f62,0,yolo11n,False
results\av2_confirmation\corrected_checkpoints\yolo11n\development\a50b198c-4de2-3f8c-a2b9-ab280605b350.propagation.parquet,7a72803e58b5844f60aa3c1334bdf829f57826529ede14ecbab49a7d3e9cc039,0,yolo11n,False
results\av2_confirmation\corrected_checkpoints\yolo11n\development\aa539866-29e4-353e-95a9-b6d321b53b33.propagation.parquet,e66c20c838128a0adef456798d542d12f21013496228216dcb73dfb1c39f7fd7,0,yolo11n,False
results\av2_confirmation\corrected_checkpoints\yolo11n\development\aa82b61f-7156-3c68-95a4-b79cebd120eb.propagation.parquet,47deeb340d8bd12f70d088b7e129dd8e5a2d5c932502274b6635b3b50abbc5b2,0,yolo11n,False
results\av2_confirmation\corrected_checkpoints\yolo11n\development\ab83611b-436e-3de7-aad1-f0c9ad254196.propagation.parquet,6b77d008cea45eb0617a293bcacd8421431540fdcbf9d456685867dced5651fd,0,yolo11n,False
results\av2_confirmation\corrected_checkpoints\yolo11n\development\ac1b1697-42b9-4225-a666-d17f72204fa8.propagation.parquet,a2a088f295723de78368a4966b31305b9fc55feb8e1a793f4c4456de69f3045a,0,yolo11n,False
results\av2_confirmation\corrected_checkpoints\yolo11n\development\b21b7285-2199-3264-b10a-524e9b23502a.propagation.parquet,3cf666a18fc333359a90fac28afa37f9c1f390330863a89c6e271cd8c58d2536,0,yolo11n,False
results\av2_confirmation\corrected_checkpoints\yolo11n\development\b5ea60b0-2540-4efe-b60e-f421ade3c128.propagation.parquet,f33104ee12b437a0df188eddec5885d47def0a7024474e083bb95d3e8cc8e275,0,yolo11n,False
results\av2_confirmation\corrected_checkpoints\yolo11n\development\bb9be2e6-8f0e-3bb3-8bb9-5d9aa9df384d.propagation.parquet,d1906c95fde3746fc577751b617d4ca0594b2b32da08d254b6f286bdffd420fe,0,yolo11n,False
results\av2_confirmation\corrected_checkpoints\yolo11n\development\c453a8e7-d3da-317a-946b-f8e9678a8582.propagation.parquet,b89df3efd6986b56def109d7c8263e5c50a957c32b43605cf5234251aa6f9059,0,yolo11n,False
results\av2_confirmation\corrected_checkpoints\yolo11n\development\c7f5e5c1-dc52-3619-8998-420b2e280d8a.propagation.parquet,003fbc56f615c31a051bbec3aa86e56bc43d96643af133b258903828e06281ff,0,yolo11n,False
results\av2_confirmation\corrected_checkpoints\yolo11n\development\cf6a99cb-b8bc-34d7-bdca-30e50e66cd74.propagation.parquet,ea79066fc0877a339ac06945ca23ccee88e5591f00feb9e28f543f5b9c022c4e,0,yolo11n,False
results\av2_confirmation\corrected_checkpoints\yolo11n\development\d20c3612-a64d-3aa8-bd4a-58890413afbb.propagation.parquet,271c23113dd7477505704129ae72af2135ace07f51994cc0f0414dffae849c8c,0,yolo11n,False
results\av2_confirmation\corrected_checkpoints\yolo11n\development\d37be0e2-8223-3eeb-a0e2-c4b75d5ff87b.propagation.parquet,3e6d95d7a35dcfe5b1ab61e9d5b71d5e833ce2daf25220e01a6435946a6f8331,0,yolo11n,False
results\av2_confirmation\corrected_checkpoints\yolo11n\development\d3efe9ba-f10a-35e7-b17e-6850c66693fe.propagation.parquet,97c4d180515f927315708e0798260b384c9f4d25e095efc4dfc08986e1207e5b,0,yolo11n,False
results\av2_confirmation\corrected_checkpoints\yolo11n\development\dc9c2d63-083f-32c3-90ff-943ca823a245.propagation.parquet,22ca6f40b67c5055c65045ac53bcb90b97d7f260aa6cbfacd3ba8c0ed76fa04e,0,yolo11n,False
results\av2_confirmation\corrected_checkpoints\yolo11n\development\dd251cc5-736d-3b76-8ad3-3f6cb138178e.propagation.parquet,419b84b4ee26feb89ab5a802c2f11411763b2e8574699a4b164f91e19eb4e5e5,0,yolo11n,False
results\av2_confirmation\corrected_checkpoints\yolo11n\development\e66d1403-755b-3f63-938b-a2a69446a48a.propagation.parquet,9dea8a68827922814380c77c191e46c8c0b01d3b935a3e3cfc4deb4abc2cfe01,0,yolo11n,False
results\av2_confirmation\corrected_checkpoints\yolo11n\development\ec3133b4-2b17-3d49-b78a-4bc480ac5137.propagation.parquet,f9b41ae9a326f20c36ce1199b4281caaa6ed11eb72124d70224f532f8e66046f,0,yolo11n,False
results\av2_confirmation\corrected_checkpoints\yolo11n\development\ef4a46c4-138e-3478-b94e-3e60a567ec7d.propagation.parquet,f0cd1a7a6e14b2e96dae3df910527997638e93aca261436cf5aace8d31f7cb99,0,yolo11n,False
results\av2_confirmation\corrected_checkpoints\yolo11n\development\f3cc42c7-84a8-35c5-8683-13878bb9beeb.propagation.parquet,0182d13bab016bc043d57fc17b68d7de1604fee7ad537e4f0b08e9af491b0acc,0,yolo11n,False
results\av2_confirmation\corrected_checkpoints\yolo11n\development\f7cdc2d1-f59a-30a2-aae8-8bb81c769e6e.propagation.parquet,fed14c09bef068946082a16f0da883e21a6d2f7505900a021d63eebe3af0bc32,0,yolo11n,False
results\av2_confirmation\corrected_checkpoints\yolo11n\development\fa9ec72a-cbcf-35dc-be20-4d0d9e7215ef.propagation.parquet,e455c61798140b27a5776a684c1a4c3a062dfd39488dde5cf457be504aef117f,0,yolo11n,False
results\av2_confirmation\corrected_checkpoints\yolo11n\development\fb149ce0-7706-3bb5-9860-8c63d1c77592.propagation.parquet,8a5723843b152dd2969f4c67f019b6cbb7534bedfa11c30a7b8f158657c191cf,0,yolo11n,False
results\av2_confirmation\corrected_checkpoints\yolo11n\development\ff52c01e-3d7b-32b1-b6a1-bcff3459ccdd.propagation.parquet,9629cf65c9e6e86ec4d599c4410f127789a8ed9488b5e85c86125f7706f49f63,0,yolo11n,False
results\av2_confirmation\corrected_checkpoints\yolo11n\development\ff8e7fdb-1073-3592-ba5e-8111bc3ce48b.propagation.parquet,8cd09f4fb77f18d2646acc5f0a85e11e152946f0c8032439ecea7e32dca9504e,0,yolo11n,False
results\av2_confirmation\corrected_checkpoints\yolo11n\heldout\0b86f508-5df9-4a46-bc59-5b9536dbde9f.propagation.parquet,944e60145447998261e3e7b2f485cd7ec0fd7b8636a1bf1d653021d639034f52,0,yolo11n,False
results\av2_confirmation\corrected_checkpoints\yolo11n\heldout\0c3bad78-9f1e-395d-a376-2eb7499229fd.propagation.parquet,d0e4e7132635dd68a0f54edfbfa20249bd57d3985980a58528778ae7b427a765,0,yolo11n,False
results\av2_confirmation\corrected_checkpoints\yolo11n\heldout\0fb7276f-ecb5-3e5b-87a8-cc74c709c715.propagation.parquet,22fe9a60b8cda003181493b55848b53039258daf8bd895ad3e95a668fcf28797,0,yolo11n,False
results\av2_confirmation\corrected_checkpoints\yolo11n\heldout\15ec0778-826e-3ed7-9775-54fbf66997f4.propagation.parquet,796a8795a8fd1c9c230c731ad6566fe91de93117b67328cbb7797682b0521ba3,0,yolo11n,False
results\av2_confirmation\corrected_checkpoints\yolo11n\heldout\182ba3f7-b89a-36cc-ae40-32a341b0d3e9.propagation.parquet,caafcdc9cd7acd181ca0989006a149f0a86f68f88f0dc9f75302e88c4d41dc11,0,yolo11n,False
results\av2_confirmation\corrected_checkpoints\yolo11n\heldout\19350c96-623d-4d77-af96-f8c23f00c358.propagation.parquet,3234926fc5bffb10eff4514deb1bb724d623309ab6da736c9ebe8e89aceb27eb,0,yolo11n,False
results\av2_confirmation\corrected_checkpoints\yolo11n\heldout\1da4a0aa-22ae-3958-856d-05303de1f576.propagation.parquet,b66e984c2f292c5bf853e6991157be1da054091c66353f9c4baf82da054cb415,0,yolo11n,False
results\av2_confirmation\corrected_checkpoints\yolo11n\heldout\20dd185d-b4eb-3024-a17a-b4e5d8b15b65.propagation.parquet,1091a77c15dd06c8546c20ae918f711f5a205f39e59fb0111ff3a3c4ea819ab0,0,yolo11n,False
results\av2_confirmation\corrected_checkpoints\yolo11n\heldout\24642607-2a51-384a-90a7-228067956d05.propagation.parquet,b96c7c4e2bf123ffd0564ad5053daffd95ea956c91adecc8f441edd9588c311b,0,yolo11n,False
results\av2_confirmation\corrected_checkpoints\yolo11n\heldout\27c03d98-6ac3-38a3-ba5e-102b184d01ef.propagation.parquet,b4f7029c8cc826911da04b312c3696923273a8def19e022a9eaf2ed5547f19f6,0,yolo11n,False
results\av2_confirmation\corrected_checkpoints\yolo11n\heldout\29a00842-ead2-3050-b587-c5ef507e4125.propagation.parquet,fcda9351b3305ade77a4ad9695e359138f75aed1ee60de659f6a40099be04d0a,0,yolo11n,False
results\av2_confirmation\corrected_checkpoints\yolo11n\heldout\2c652f9e-8db8-3572-aa49-fae1344a875b.propagation.parquet,4f75fec86c541183ed6cd663cbc0decc6d0e301aa361184e7edd14d94ae58b1f,0,yolo11n,False
results\av2_confirmation\corrected_checkpoints\yolo11n\heldout\36aec72e-5086-376c-b109-295b128e77e1.propagation.parquet,df1af4bbb6ebd4f219f853db92dc4cc1bf2a0e354c5c225f5eebcef60e57f2c2,0,yolo11n,False
results\av2_confirmation\corrected_checkpoints\yolo11n\heldout\3de5b5d6-68c4-3c95-84ed-be7c83d829f8.propagation.parquet,664c67028df4c519415d54cfc88c3f3afa7c409a6bcfc73a0e9b3863dcbf3a2e,0,yolo11n,False
results\av2_confirmation\corrected_checkpoints\yolo11n\heldout\44adf4c4-6064-362f-94d3-323ed42cfda9.propagation.parquet,ed7265050983cae12333b75aa34394c3009a22e3a60e29212e8ef87a7b8fd8d3,0,yolo11n,False
results\av2_confirmation\corrected_checkpoints\yolo11n\heldout\47286726-5dd4-4e26-bd2d-5324f429e445.propagation.parquet,5575772a851b75602e3aafcc34031a2df81e1daf89af9a602d26edc43d527f03,0,yolo11n,False
results\av2_confirmation\corrected_checkpoints\yolo11n\heldout\4e3fedbb-847c-3d5b-8a62-c9ff84550985.propagation.parquet,1de1cdaf714c8eaa56429ab560d3475202cda43e2e2fb577da01ad9bb52a7fb2,0,yolo11n,False
results\av2_confirmation\corrected_checkpoints\yolo11n\heldout\52071780-5758-3ed4-8835-0d64ecdc5575.propagation.parquet,fae493893d871e02f71cea32ce21b247e4da8a895305f34373dd6322565c956b,0,yolo11n,False
results\av2_confirmation\corrected_checkpoints\yolo11n\heldout\58e82365-03bc-3b2f-b55a-a4ad0e3e792d.propagation.parquet,10d877ce0326b6b1d45ba59d0720d3f210c79363154f96d9a10b4b0fcc8d2de7,0,yolo11n,False
results\av2_confirmation\corrected_checkpoints\yolo11n\heldout\58fed0d4-97d5-469b-89a4-4394838e10c7.propagation.parquet,61328e3849374bce4c90f912136a470c0043643abd8c13efa8fe5122fcc827be,0,yolo11n,False
results\av2_confirmation\corrected_checkpoints\yolo11n\heldout\6c932547-4c11-31d7-b8ef-0c16a13dbfc3.propagation.parquet,a15663a3cb8d84de096f704523d7d0b0cd9c33df443e23459f63d9156189a180,0,yolo11n,False
results\av2_confirmation\corrected_checkpoints\yolo11n\heldout\7039e410-b5ab-35aa-96bc-2c4b89d3c5e3.propagation.parquet,3de1d286c835ea75f1746d4eecd46ca72cf1aa834cc267486672096156718ebe,0,yolo11n,False
results\av2_confirmation\corrected_checkpoints\yolo11n\heldout\78683234-e6f1-3e4e-af52-6f839254e4c0.propagation.parquet,fb870a0f891372fd8dd39585ac77e6c2ac833e1c62503607aa5096a5344ff924,0,yolo11n,False
results\av2_confirmation\corrected_checkpoints\yolo11n\heldout\78da7b7e-8ddf-3c7d-8716-eaa890106dd3.propagation.parquet,2a163ec3a81f448792cc54df957793d9ce5431be77a63178f6a46cfc377a1c7f,0,yolo11n,False
results\av2_confirmation\corrected_checkpoints\yolo11n\heldout\7a2c222d-addc-30b2-aac6-596cb65a22e3.propagation.parquet,31b29f9b54e2189a4899b998516ff0a67d8cef9231d4de330cd00ba5369b2e7e,0,yolo11n,False
results\av2_confirmation\corrected_checkpoints\yolo11n\heldout\858d739b-a0ba-35aa-bafc-4f7988bcad17.propagation.parquet,71994e8d6b4f32cdc90bbc5d9886e4fb2b565ccb5c3e76328eeca97a24889fdd,0,yolo11n,False
results\av2_confirmation\corrected_checkpoints\yolo11n\heldout\95bf6003-7068-3a78-a0c0-9e470a06e60f.propagation.parquet,0d8bad2c8fec019a17fc6ce92dd5b9551516811ccc5e6beac1aa394366f2c805,0,yolo11n,False
results\av2_confirmation\corrected_checkpoints\yolo11n\heldout\a7636fca-4d9e-3052-bef2-af0ce5d1df74.propagation.parquet,d458cff24c160a51d3145ca8c83668224a72c9b714359c544d914b9601a4a325,0,yolo11n,False
results\av2_confirmation\corrected_checkpoints\yolo11n\heldout\a91d4c7b-bf55-3a0e-9eba-1a43577bcca8.propagation.parquet,a1476edc86e55d2c1ea3c7fdbd0e2d0c2f1e1da58b24a6a2d22ba0a67682adf3,0,yolo11n,False
results\av2_confirmation\corrected_checkpoints\yolo11n\heldout\b19f3c1a-a84a-3a2d-8d1b-8a4ae201020b.propagation.parquet,46543ff70879a4096f64b88243bdac19bc95d042d154f823569544338bbd988d,0,yolo11n,False
results\av2_confirmation\corrected_checkpoints\yolo11n\heldout\b2053fdc-0b94-30bc-aee7-5bc6fb7e9f52.propagation.parquet,c0790914314eae290cf383baecaea8e7a3569f3fe4e1ceeed58e6ec497e73067,0,yolo11n,False
results\av2_confirmation\corrected_checkpoints\yolo11n\heldout\b50c4763-5d1e-37f4-a009-2244aeebabcd.propagation.parquet,e59afe55d679584b9d7858fff58424d24ebb666b5032465a41e70a7095ce86e2,0,yolo11n,False
results\av2_confirmation\corrected_checkpoints\yolo11n\heldout\b87683ae-14c5-321f-8af3-623e7bafc3a7.propagation.parquet,f278775aa174416167608bba70fe8110f86727bc79aa6903248ed7d93266927a,0,yolo11n,False
results\av2_confirmation\corrected_checkpoints\yolo11n\heldout\c8ec7be0-92aa-3222-946e-fbcf398c841e.propagation.parquet,5d536377c93544133c647f7509e4b2ab4bd8fe94870d2de53a6183ead3fc77b0,0,yolo11n,False
results\av2_confirmation\corrected_checkpoints\yolo11n\heldout\cae56e40-8470-3c9c-af75-6e444189488f.propagation.parquet,1f33af81f46de92a35f2345026d0cce33c4b6ab273c235e7af2a1b1cdbb23770,0,yolo11n,False
results\av2_confirmation\corrected_checkpoints\yolo11n\heldout\d1395998-7e8a-417d-91e9-5ca6ec045ee1.propagation.parquet,946d8612311a85fc316572e8e47d09d22ba2bd04e8f12fbd5be4069eaa8b3805,0,yolo11n,False
results\av2_confirmation\corrected_checkpoints\yolo11n\heldout\d3ca0450-2167-38fb-b34b-449741cb38f3.propagation.parquet,3b335b32528e89b3cbc0663081bbbe2122ee21870cef9c5ccc8f587e33fbc8aa,0,yolo11n,False
results\av2_confirmation\corrected_checkpoints\yolo11n\heldout\d5d6f11c-3026-3e0e-9d67-c111233e22de.propagation.parquet,667954b4806b64cf034cf1f193cfc29b9757e201cc22eef769bf8b2d66bd0740,0,yolo11n,False
results\av2_confirmation\corrected_checkpoints\yolo11n\heldout\da036982-92bf-36a8-b880-4ccf4e20b74e.propagation.parquet,c76928f4c07c6bb89c092c4926e7ac382bcebadf13fa0c8477245ad3ceb0d68b,0,yolo11n,False
results\av2_confirmation\corrected_checkpoints\yolo11n\heldout\dafe14f5-825c-4e7a-9009-6dfdfdd5b030.propagation.parquet,21beb81fd98bf2bd70ed6fc4a97fa09138410dc9c71976b91270c6ec65e17254,0,yolo11n,False
results\av2_confirmation\corrected_checkpoints\yolo11n\heldout\e1d68dde-22a9-3918-a526-0850b21ff2eb.propagation.parquet,cd91eb3f5af045a62e67ceef88a9c2816a231f5a8b8e216036c3d393d093b643,0,yolo11n,False
results\av2_confirmation\corrected_checkpoints\yolo11n\heldout\e2e921fe-e489-3656-a0a2-5e17bd399ddf.propagation.parquet,5aae562252188562d6383674a573932707ae9498de79c8a348debd835d1ecef7,0,yolo11n,False
results\av2_confirmation\corrected_checkpoints\yolo11n\heldout\e50e7698-de3d-355f-aca2-eddd09c09533.propagation.parquet,ade2b4b0cd61694327259caea3bc8d3447d1457ad8dd8b81abc5fcb71fd39e5b,0,yolo11n,False
results\av2_confirmation\corrected_checkpoints\yolo11n\heldout\e72ef05c-8b94-3885-a34f-fff3b2b954b4.propagation.parquet,1862c88934f35f55ec0616799d038cbdcd5f07bd89abe62442e8b9a607d1f55d,0,yolo11n,False
results\av2_confirmation\corrected_checkpoints\yolo11n\heldout\e8c9fd64-fdd2-422d-a2a2-6f47500d1d12.propagation.parquet,b23a9451ef5b8cb6fd353a2cf7846d24778c4656ee9ee3d0afdc2823e4fcb335,0,yolo11n,False
results\av2_confirmation\corrected_checkpoints\yolo11n\heldout\eec284b2-840a-3c75-aa42-04d2e309bbe1.propagation.parquet,9a7696d18e0b19bda75e148916aedc0b76c1fb799776fea3386bc185cd6f69e3,0,yolo11n,False
results\av2_confirmation\corrected_checkpoints\yolo11n\heldout\f1275002-842e-3571-8f7d-05816bc7cf56.propagation.parquet,9ad2ea26545c5956fc41552b51c1ca4b19186d4e49ca1a194e5924c8f275becd,0,yolo11n,False
results\av2_confirmation\corrected_checkpoints\yolo11n\heldout\f2576c8a-da9b-450e-88cf-a70af1b0eadf.propagation.parquet,6d2a95ffcff2857878b3a5a6e84b1b25b505a2fad10852096c9f0eff550912e4,0,yolo11n,False
results\av2_confirmation\corrected_checkpoints\yolo11n\heldout\f292cc5c-7a90-360d-b62a-074c643bdf59.propagation.parquet,254b99e4e1e0cdd96808dbe0f96257afeaf06c25c0c2c0b86c013376a06ecb17,0,yolo11n,False
results\av2_confirmation\corrected_checkpoints\yolo11n\heldout\f6cc0ebf-fc6a-3bf2-8bcb-76d8c43f194e.propagation.parquet,b3f624f4780a043b270642959502544029f531529558c96ec6e4c750a8beed18,0,yolo11n,False
results\av2_confirmation\corrected_checkpoints\yolo11n\model_selection\069cc46d-38bb-309d-88cf-296a3d0c0820.propagation.parquet,d5461f52fa370a900b427c80223d3e6162823eeb4853f0cea60ddf3fe98e46e1,0,yolo11n,False
results\av2_confirmation\corrected_checkpoints\yolo11n\model_selection\0b324587-6097-3f92-a07a-a44f48c85d9e.propagation.parquet,627e87ff7c03c9aa93d41fd625fdf12c75f4d062d6de76e5b5c297bb18964681,0,yolo11n,False
results\av2_confirmation\corrected_checkpoints\yolo11n\model_selection\12c3c14b-9cf2-3434-9a5d-e0bfa332f6ce.propagation.parquet,4f1d025da45e484dc06e4639cb4bc77d0b8926be453f7bd0d8eaf3deb562a6e1,0,yolo11n,False
results\av2_confirmation\corrected_checkpoints\yolo11n\model_selection\1842383a-1577-3b7a-90db-41a9a6668ee2.propagation.parquet,fa10204ebddd4541bc5428461522a7feb815ebfb2315a7afabe7a5311efcb25b,0,yolo11n,False
results\av2_confirmation\corrected_checkpoints\yolo11n\model_selection\271f4204-dd77-350b-b9db-5dabc4191985.propagation.parquet,77abaa8be717688a6a9f82174eb40aa5151356ed4b6f7fca9092ad44b8466c26,0,yolo11n,False
results\av2_confirmation\corrected_checkpoints\yolo11n\model_selection\8858428d-8fd5-3c3f-8ca4-d01f6e25e63c.propagation.parquet,1ffedcd65b07895b57081e4fc2db1abb72e137acd250e104e3c7337eb57ef6c1,0,yolo11n,False
results\av2_confirmation\corrected_checkpoints\yolo11n\model_selection\8940f5f1-13e0-3094-99ba-da2d17639774.propagation.parquet,91f865172940b6010e658f4e72b9acbc904138fe27fb21a0da80e83270bd08d9,0,yolo11n,False
results\av2_confirmation\corrected_checkpoints\yolo11n\model_selection\8c52d911-fe34-3424-9864-d3fdfac38064.propagation.parquet,54af7d7d172333a8eb7ec83daac0fba516ed855000f8410f81ab3b995ee21bd2,0,yolo11n,False
results\av2_confirmation\corrected_checkpoints\yolo11n\model_selection\8feb3dbe-4450-3aeb-b22b-e65128aa696b.propagation.parquet,33f6ceb98a725c6f5f6e7623259bb0b50a0c4bcdee4548b0f4a32eca1ef83caf,0,yolo11n,False
results\av2_confirmation\corrected_checkpoints\yolo11n\model_selection\902d5e72-b665-3615-af2d-a2b6164864b2.propagation.parquet,3d14f588a6d53b2f3c356a5f0b4fe22aafdfd63869953c762b990cbf0fe6e856,0,yolo11n,False
results\av2_confirmation\corrected_checkpoints\yolo11n\model_selection\9441ffdd-f06e-36e0-839e-b836b0f19bc9.propagation.parquet,f5c13223ddfb3fcfa777e187bf2ccafdec4bdae39c972e2c68b9839e7f9e0818,0,yolo11n,False
results\av2_confirmation\corrected_checkpoints\yolo11n\model_selection\a059b6b9-ca26-4881-bcf7-d202433de0c2.propagation.parquet,d0a10438a4cad44c57fc8a9fa0c2089d00bbcad3059bce93b90af808ca4f6f77,0,yolo11n,False
results\av2_confirmation\corrected_checkpoints\yolo11n\model_selection\a1c1d559-0480-39d2-94f0-1a89f0226c4f.propagation.parquet,af60ad514091de1c3534cc8a834e18d55f1d65c79d14d8b4606af87ab79db2c0,0,yolo11n,False
results\av2_confirmation\corrected_checkpoints\yolo11n\model_selection\a47ba6a9-ffa1-3979-bb40-512339284b8b.propagation.parquet,d1c544c6ac2a4107c9168bfef4847e0503e7e5a1594ae3b38911218f8b6f22c8,0,yolo11n,False
results\av2_confirmation\corrected_checkpoints\yolo11n\model_selection\a88da814-ecc6-39c0-93ba-8a81f403a7e4.propagation.parquet,93c085b3fdbc1fe46c43bac3e0f20a2b91b61365bf0a74a46907f6c845767d42,0,yolo11n,False
results\av2_confirmation\corrected_checkpoints\yolo11n\model_selection\b29b43d7-3af9-363e-aaeb-8805d958f982.propagation.parquet,eaed53428c6d6ab790f85ae223594b2b98306ba1329048aeb7f28b0bb59b026c,0,yolo11n,False
results\av2_confirmation\corrected_checkpoints\yolo11n\model_selection\d0ba7a1b-f5ca-39d6-98d0-29c671baec65.propagation.parquet,609069c8adb8729c68ec982eaae6d6ba32040a35707134eee93623b04ed40a96,0,yolo11n,False
results\av2_confirmation\corrected_checkpoints\yolo11n\model_selection\e0cfd042-ae29-3d21-bb47-81eb8f933ec8.propagation.parquet,9866a449fbecd5dfd2ba64a0fcce073f99a06f3e518fbc68c104be82f41b085a,0,yolo11n,False
results\av2_confirmation\corrected_checkpoints\yolo11n\model_selection\e2043284-6122-3cc9-a7e7-f091a16361b7.propagation.parquet,2e18c3a6141b4fcb177383d00bf3a63ab60c3a9fbfe5d6d582f5bd50e29320ce,0,yolo11n,False
results\av2_confirmation\corrected_checkpoints\yolo11n\model_selection\e424d4f7-4b28-322f-b630-31d42ae528eb.propagation.parquet,757ccc56bda29f086cc80e042d18e4a7bcd2cdb66426eb081f5543fbe4dab6f8,0,yolo11n,False
results\av2_confirmation\corrected_checkpoints\yolo11s\development\01bb304d-7bd8-35f8-bbef-7086b688e35e.propagation.parquet,069c14cb28134641074c7ee554ebd5116bda1223d9861677dd380d6568e2a21c,0,yolo11s,False
results\av2_confirmation\corrected_checkpoints\yolo11s\development\16af3863-0d31-3cd1-8fa2-58053ffb953a.propagation.parquet,299d998b4727865aa333feeb599ba64819b20aed1a4e5d4f0decead926785490,0,yolo11s,False
results\av2_confirmation\corrected_checkpoints\yolo11s\development\1d43ed4e-e705-308a-bdfa-49d99285c42a.propagation.parquet,cada3ca6751f8133ea9143a237801f682d4582a9a9746c318548d1ec9e86653a,0,yolo11s,False
results\av2_confirmation\corrected_checkpoints\yolo11s\development\1e6f21fd-5c8a-3526-ac50-72adae89d6a8.propagation.parquet,3c7427e43b44cfdaab71ff9d0c03d9313fd777558d94dafa655b871a65f910cb,0,yolo11s,False
results\av2_confirmation\corrected_checkpoints\yolo11s\development\2772dd5f-bc0a-47ea-ae19-a5e0dbef8f41.propagation.parquet,d289c34e0a0d49d29bebb229e46ef5127d4b0e2b5d867b312da3f4b61ca1b469,0,yolo11s,False
results\av2_confirmation\corrected_checkpoints\yolo11s\development\286790ed-9dec-305b-bcad-4f8153301e7c.propagation.parquet,dacdcd30c9214df4342c82e4177f68a210c7a58dcc739e1fca7686076a80a579,0,yolo11s,False
results\av2_confirmation\corrected_checkpoints\yolo11s\development\2a9b2658-097e-3f8b-a817-22f2553c5de8.propagation.parquet,6be8a4551ca92db13312c0c3c024baef883e716ee5261e6ca57af3f2a7b487c6,0,yolo11s,False
results\av2_confirmation\corrected_checkpoints\yolo11s\development\3153b5b3-d381-3664-8f82-1d3c5ca841d2.propagation.parquet,40900a7c4a3df58a5acfbcff182a9f20053e0fd7694d7f43a43181c3d9662151,0,yolo11s,False
results\av2_confirmation\corrected_checkpoints\yolo11s\development\349c4c1c-9561-360f-9ae7-59772335d54b.propagation.parquet,134fd3d9af68fa1f76117e5c4f03f28ebeaea21d902f4933c554eac23173a72f,0,yolo11s,False
results\av2_confirmation\corrected_checkpoints\yolo11s\development\3576c0f5-c1b5-35bb-a0c4-ee95cba5c754.propagation.parquet,c0617f856885ca3f076a4789e0f3274bd97dadac976e65b343c2c9ffc1e81240,0,yolo11s,False
results\av2_confirmation\corrected_checkpoints\yolo11s\development\366ceb72-9f11-385a-8bc9-a26a18dbdd22.propagation.parquet,bc8c6e776950df8bd6031d0b2bee514d20c3cd9ea17c6a47662e2de0b5c2ce90,0,yolo11s,False
results\av2_confirmation\corrected_checkpoints\yolo11s\development\380e5bf0-1c68-36a4-ac64-09a03b60bebf.propagation.parquet,e12122d9390b26e435f91ab96b09099bd4c643051f3b3f119242cc72d9962a36,0,yolo11s,False
results\av2_confirmation\corrected_checkpoints\yolo11s\development\3dd173a6-8b21-3189-bd53-132919b96a48.propagation.parquet,4a5717fce1c2c62c249fdf4496a2946b3f128877cc9745b3f62101a7dd0c1867,0,yolo11s,False
results\av2_confirmation\corrected_checkpoints\yolo11s\development\3f9796e9-c892-3915-b719-3292df878ece.propagation.parquet,110278569b3b42965b340a71eebc3d488b479a38c7dc58ceaa23724505da3351,0,yolo11s,False
results\av2_confirmation\corrected_checkpoints\yolo11s\development\3fbdfb6c-927f-4aaa-81b1-21b02efd4c01.propagation.parquet,e90a45d0560f5549f27376feb2fc88c5e6f4b5f3af749df14521c2f6a0c85f6c,0,yolo11s,False
results\av2_confirmation\corrected_checkpoints\yolo11s\development\40bfcbec-ec59-3731-8e75-67f0bddc3b01.propagation.parquet,1e6aa3855b7ba443ed49c97c8a90747ec0a727a9cf73d49f8f8aa72ad2d171a5,0,yolo11s,False
results\av2_confirmation\corrected_checkpoints\yolo11s\development\41b6f7d7-e431-3992-b783-74b9edf42215.propagation.parquet,95022f2b9ff03628283a64a7e1ca0a1db2bece156bea65366a8f23a631c277b1,0,yolo11s,False
results\av2_confirmation\corrected_checkpoints\yolo11s\development\41d69427-364c-366e-94a5-8e556bcac39f.propagation.parquet,8e90bba41ec67e33bec01361f3355b7769097344882972260ed7535011de419b,0,yolo11s,False
results\av2_confirmation\corrected_checkpoints\yolo11s\development\4207ef92-0b3b-4708-8868-4ffcaef308e0.propagation.parquet,2c02355f79b56b241d04ae615a0d8be6440b8d8e689a5b81a553265bc7a99960,0,yolo11s,False
results\av2_confirmation\corrected_checkpoints\yolo11s\development\453e5558-6363-38e3-bf9b-42b5ba0a6f1d.propagation.parquet,584afb0fdb388d895133b85cf5128ca28236c4c8880f1f6c0cc8d97a22db0520,0,yolo11s,False
results\av2_confirmation\corrected_checkpoints\yolo11s\development\46d917cd-531c-330b-8d7b-979b51a8927f.propagation.parquet,e3122836bf4755ea5d65a9e867ed61dc67138bc3be83276fc0eb3dc3eda4ca31,0,yolo11s,False
results\av2_confirmation\corrected_checkpoints\yolo11s\development\47167c79-2ba4-369c-8db8-760a30b4c38a.propagation.parquet,858cdea4caa7c511c3bb91640712c895d3fea78444c285325254e16869025dc7,0,yolo11s,False
results\av2_confirmation\corrected_checkpoints\yolo11s\development\47358aac-2ec0-3d45-a837-f2069ca7cee3.propagation.parquet,88d519bf1ec93d16853525f59e362af6a8677710eeea36ef57ff922ea3faefda,0,yolo11s,False
results\av2_confirmation\corrected_checkpoints\yolo11s\development\575d8d24-ba88-3b18-84c0-df5b29dccfde.propagation.parquet,d37250a87867855583e9b3b3230e0cdddd4b59e12c7ada74f84a6962125265e0,0,yolo11s,False
results\av2_confirmation\corrected_checkpoints\yolo11s\development\5b1d8b11-4f90-3577-be0b-193e102fda82.propagation.parquet,fb2e901595abbb0c865b81087a474752b6fb81ca5fb9c7ed43b9c954aad52868,0,yolo11s,False
results\av2_confirmation\corrected_checkpoints\yolo11s\development\62a1e53b-b55c-36c2-bc5b-e216d494875a.propagation.parquet,8f2925046da5eb5dc124052c433e012bd4d60cf783fbdcc0e427e5c67931baee,0,yolo11s,False
results\av2_confirmation\corrected_checkpoints\yolo11s\development\633addf9-441c-35e7-868a-738aa612d51c.propagation.parquet,5d6d6e369de30ae2a26e59dcc7404e7d5278df6a3c207989da9e51f137a4c8ca,0,yolo11s,False
results\av2_confirmation\corrected_checkpoints\yolo11s\development\639d4834-f922-3e27-9913-20aa649f815d.propagation.parquet,56d59d3104d1b5e59ffe134018ba8033208c724054478edf9547e979349a3029,0,yolo11s,False
results\av2_confirmation\corrected_checkpoints\yolo11s\development\6937b4e5-b5b4-3970-b5dd-9ad194e6c338.propagation.parquet,a2f4735e7a15ed8c5abd60dc6cc9fd6f57ac195c212ad89dfe3a548372634f53,0,yolo11s,False
results\av2_confirmation\corrected_checkpoints\yolo11s\development\69c0ec7c-e289-3c4d-ade3-d2287ec34026.propagation.parquet,35f125b05b28df73fdac8f67d24ee0e5001134243745e577cfaf6d5599fae01c,0,yolo11s,False
results\av2_confirmation\corrected_checkpoints\yolo11s\development\6aa2ac89-6b25-3af6-ad59-221351189f4b.propagation.parquet,86a65a2bb1d1baeb675141c389c8b762fbd716653eda6a5d52d2e35a6fd99ce3,0,yolo11s,False
results\av2_confirmation\corrected_checkpoints\yolo11s\development\6cc0bb26-5afb-3688-b237-b9c64c2800e5.propagation.parquet,db11e7f0cce9f76a3fa9163ebe25e0742b2678dd8642427fbf7558b2af76f8c5,0,yolo11s,False
results\av2_confirmation\corrected_checkpoints\yolo11s\development\6dc6e668-549e-33b8-b952-ed8e807b1d48.propagation.parquet,b41d635f5e19ca3e2b5ab33ac530c7129ab4915e88d40432ffbbe0e9f9292bbb,0,yolo11s,False
results\av2_confirmation\corrected_checkpoints\yolo11s\development\74dd5c1d-7a9a-32d1-903a-fc57e07109b9.propagation.parquet,c8761b3a3e27c09f5e7ec157178f714c01ee79ddfb7b82e91de8eeec2bf9d702,0,yolo11s,False
results\av2_confirmation\corrected_checkpoints\yolo11s\development\74f15437-b85e-314a-9d86-7294b98bf07f.propagation.parquet,efc74b9abd51e083006be05f3a459abdaeff4a0845c74748015c831e2d6e2b4d,0,yolo11s,False
results\av2_confirmation\corrected_checkpoints\yolo11s\development\768cf7e2-eb6c-3468-969e-e3b0fd87b34e.propagation.parquet,a5f2dc8f0726ed61fb07e70cc67bb4c0825bd208fb75964325a5f45221f051eb,0,yolo11s,False
results\av2_confirmation\corrected_checkpoints\yolo11s\development\770a58e6-eff6-39b7-a265-fe7f202fe8b2.propagation.parquet,90331fddc502fc31aac636beb7527641a388c1e76aba1e26c55b6450a9d72443,0,yolo11s,False
results\av2_confirmation\corrected_checkpoints\yolo11s\development\7ce2a2ce-eed6-36d7-ba62-dda9acddb070.propagation.parquet,91d3b22ae5ace95e66a2dbbbf57af89dc3e01d0392cdb89fe0734aaf519e7f49,0,yolo11s,False
results\av2_confirmation\corrected_checkpoints\yolo11s\development\7e3d8631-3b7d-38c1-b833-ee7cfa7235ca.propagation.parquet,58096c96b919cf1b410bce0ae5300ae2ae02498ca49225e844e82cf313b81499,0,yolo11s,False
results\av2_confirmation\corrected_checkpoints\yolo11s\development\7ef4a6cc-7266-3a31-8dd4-01c3d3c58dcb.propagation.parquet,33e55fbbc4bff5390d52e5c6e05ac87634a40c6126625393371cc943bc2b9cfb,0,yolo11s,False
results\av2_confirmation\corrected_checkpoints\yolo11s\development\80da8956-f418-319c-9f49-3d47d9002546.propagation.parquet,5d8aca5e44c10ebd18e1beaab40faf12998b643f7fc284454251e3bdac160092,0,yolo11s,False
results\av2_confirmation\corrected_checkpoints\yolo11s\development\85026edc-5fdf-308e-a8ef-a1aad1151c50.propagation.parquet,610dee190d357b48ce36a6897af45b26dbbbaaaf85ba7308d38f97cd2bf753ce,0,yolo11s,False
results\av2_confirmation\corrected_checkpoints\yolo11s\development\8a0ff1a2-9045-3be3-b67f-3914d88178ec.propagation.parquet,ea5e20c4fabdfee1508d8f1697166d89fe85cdc976e61fa9af92ae0da8d6ff5e,0,yolo11s,False
results\av2_confirmation\corrected_checkpoints\yolo11s\development\8c019de9-7043-37bc-9498-b5858e7240af.propagation.parquet,7b6cf6d755fc440ab73fd821b52660263f780c346277604d6d9fb56b359e3563,0,yolo11s,False
results\av2_confirmation\corrected_checkpoints\yolo11s\development\8ee606e6-4cbd-3c07-8419-fbda836ccaac.propagation.parquet,91714dfd93a43307f09f48a43fd95da17a7c6bd686683fb9c4ba35be9d2a769b,0,yolo11s,False
results\av2_confirmation\corrected_checkpoints\yolo11s\development\90f360d8-35f7-3c54-b2da-e99b354bc4cb.propagation.parquet,88c7b0b80fbe3ce9b8dde4ea562fde41d5e5e775d4100a6ff90d13803e847dba,0,yolo11s,False
results\av2_confirmation\corrected_checkpoints\yolo11s\development\91923e20-9a05-32e0-ac53-8c09b0b60341.propagation.parquet,d02bec94ca02d0218ec7bc3615b7163ec1756bbeb99303ea94cf72626a39fc6d,0,yolo11s,False
results\av2_confirmation\corrected_checkpoints\yolo11s\development\919f13de-857f-3b1c-9f8e-7cbe500a60ae.propagation.parquet,f9cab7d386d1b4e5e1383a78052ad205c185b3e114a0d3ceb6fad83d35b6fced,0,yolo11s,False
results\av2_confirmation\corrected_checkpoints\yolo11s\development\9239d493-31d7-3dd0-a05f-03d50a242392.propagation.parquet,51da887b0860e5023092dad08e427aa93c2d81de9b4cf8766b1fe71de139de5e,0,yolo11s,False
results\av2_confirmation\corrected_checkpoints\yolo11s\development\96284bbc-6b58-330f-a5a6-76cd518543f0.propagation.parquet,7f48f2fad104ef86da10a1dd11d7f21e94e723009d322daaf329af0cf1da5532,0,yolo11s,False
results\av2_confirmation\corrected_checkpoints\yolo11s\development\97738d01-b24f-365e-8818-2463149154d2.propagation.parquet,ec2ca80e9ed1fe676f24c0383e27ebb73bd5a8c5c2b6e7ac89c0ab1383459a5f,0,yolo11s,False
results\av2_confirmation\corrected_checkpoints\yolo11s\development\9a25fd14-783b-35c3-ab2d-df4687f82b5e.propagation.parquet,c47627292a28565ba63d2f9b9426963919478289b5325d718aa7ff935673f5fd,0,yolo11s,False
results\av2_confirmation\corrected_checkpoints\yolo11s\development\9afab336-dbae-3f70-a669-46813f4570d7.propagation.parquet,ec3224711de99af29c5044d95b212aa8348791c99046215b755ccd0405b96832,0,yolo11s,False
results\av2_confirmation\corrected_checkpoints\yolo11s\development\a160c635-aa67-352c-a5e6-03b113493090.propagation.parquet,41b3d9694407a4198cafa1d55425fba56b2700135171c6d3235bc97c5299ed6c,0,yolo11s,False
results\av2_confirmation\corrected_checkpoints\yolo11s\development\a359e053-a350-36cf-ab1d-a7980afaffa2.propagation.parquet,72e038bffe5f9152b187a0c0d4791ea1e4919c091a5a86533ddc34d9e2c70d31,0,yolo11s,False
results\av2_confirmation\corrected_checkpoints\yolo11s\development\a50b198c-4de2-3f8c-a2b9-ab280605b350.propagation.parquet,d8d1140cf1f91aec9d5dc304b451e23dab70d32355abe122a4a1da61933a83da,0,yolo11s,False
results\av2_confirmation\corrected_checkpoints\yolo11s\development\aa539866-29e4-353e-95a9-b6d321b53b33.propagation.parquet,78396f24bf7d7e55919a13f8b346a52e59b1cdc35223d551a7c2cdb5a05a8e50,0,yolo11s,False
results\av2_confirmation\corrected_checkpoints\yolo11s\development\aa82b61f-7156-3c68-95a4-b79cebd120eb.propagation.parquet,2bd17ea78ee052afec8e8567332d6faf0e17ad4e4e6467bacf10f8a2adf4439a,0,yolo11s,False
results\av2_confirmation\corrected_checkpoints\yolo11s\development\ab83611b-436e-3de7-aad1-f0c9ad254196.propagation.parquet,5bcce3721c52c68c0aad29111f77534c95a8579cd5a6517cf0e9e59d18d5a754,0,yolo11s,False
results\av2_confirmation\corrected_checkpoints\yolo11s\development\ac1b1697-42b9-4225-a666-d17f72204fa8.propagation.parquet,647f82e7fd5bac6027dbcbee3215e67b3e0e23312945b4c3687ff584ea327ce2,0,yolo11s,False
results\av2_confirmation\corrected_checkpoints\yolo11s\development\b21b7285-2199-3264-b10a-524e9b23502a.propagation.parquet,5c8e2b2f9f7f42a311aef274944d82d66681352be1ec7b578cabb2aa04dc539b,0,yolo11s,False
results\av2_confirmation\corrected_checkpoints\yolo11s\development\b5ea60b0-2540-4efe-b60e-f421ade3c128.propagation.parquet,d2b1ea63ea59ee87b2c2b0507b0168a6fbdb94c1404034f5fd32cce80ea9c70c,0,yolo11s,False
results\av2_confirmation\corrected_checkpoints\yolo11s\development\bb9be2e6-8f0e-3bb3-8bb9-5d9aa9df384d.propagation.parquet,da483c9210be40b0548e41d348255514c172b167d13cfbb861f801896f2797db,0,yolo11s,False
results\av2_confirmation\corrected_checkpoints\yolo11s\development\c453a8e7-d3da-317a-946b-f8e9678a8582.propagation.parquet,35ace3228f83f5e9364f7564ab350bba18d2f54d434566759ed58e4816cd35a7,0,yolo11s,False
results\av2_confirmation\corrected_checkpoints\yolo11s\development\c7f5e5c1-dc52-3619-8998-420b2e280d8a.propagation.parquet,30db08ecc36d2f99223b0bacd1605f530f2344376318b113746b5f885d26d077,0,yolo11s,False
results\av2_confirmation\corrected_checkpoints\yolo11s\development\cf6a99cb-b8bc-34d7-bdca-30e50e66cd74.propagation.parquet,c875185d602bdf6e3cb109777518fd4de08eb82c8067f1d53df62fda824a812b,0,yolo11s,False
results\av2_confirmation\corrected_checkpoints\yolo11s\development\d20c3612-a64d-3aa8-bd4a-58890413afbb.propagation.parquet,bdc3575763abe85d977052e523edca6db90d9d54834a572782d5b1c01744b60a,0,yolo11s,False
results\av2_confirmation\corrected_checkpoints\yolo11s\development\d37be0e2-8223-3eeb-a0e2-c4b75d5ff87b.propagation.parquet,d6db453e0823685e73ce389d86eac43ae90de24ff2fc2fd6d297cc24ba515703,0,yolo11s,False
results\av2_confirmation\corrected_checkpoints\yolo11s\development\d3efe9ba-f10a-35e7-b17e-6850c66693fe.propagation.parquet,2e01df65aa2bc6924fbe765b0e1ca1ea9f5178e4f1965cb3ccfa77e22581a918,0,yolo11s,False
results\av2_confirmation\corrected_checkpoints\yolo11s\development\dc9c2d63-083f-32c3-90ff-943ca823a245.propagation.parquet,110ebde32aaa3e4077d207eb043022a910e64655bb975b626255def21e73c832,0,yolo11s,False
results\av2_confirmation\corrected_checkpoints\yolo11s\development\dd251cc5-736d-3b76-8ad3-3f6cb138178e.propagation.parquet,f4e28a5ff01c6662cdb1396663a6647ebdf0774be695212ecfd7b727a87f8e42,0,yolo11s,False
results\av2_confirmation\corrected_checkpoints\yolo11s\development\e66d1403-755b-3f63-938b-a2a69446a48a.propagation.parquet,8046eb835eeb7d197771beb69d756301d6843ce788076928917360ce914b28fe,0,yolo11s,False
results\av2_confirmation\corrected_checkpoints\yolo11s\development\ec3133b4-2b17-3d49-b78a-4bc480ac5137.propagation.parquet,ebc24a070403137f8a56f4305aaffe9615770102921038dcec3934be564a9815,0,yolo11s,False
results\av2_confirmation\corrected_checkpoints\yolo11s\development\ef4a46c4-138e-3478-b94e-3e60a567ec7d.propagation.parquet,f8bd10cec7114489e94641f38b4cca9a63e5d2bd26ad90ac83a89b3dd7da5b9d,0,yolo11s,False
results\av2_confirmation\corrected_checkpoints\yolo11s\development\f3cc42c7-84a8-35c5-8683-13878bb9beeb.propagation.parquet,c17316fff37c2881ac76fba7071e2415d43028124137c1d16f127cdd4472e872,0,yolo11s,False
results\av2_confirmation\corrected_checkpoints\yolo11s\development\f7cdc2d1-f59a-30a2-aae8-8bb81c769e6e.propagation.parquet,27c7237e0a06e008d52f58feccf76968bdf670d00ddc6ef7efed5e368d0d6068,0,yolo11s,False
results\av2_confirmation\corrected_checkpoints\yolo11s\development\fa9ec72a-cbcf-35dc-be20-4d0d9e7215ef.propagation.parquet,2e1991a46154f3cad21ee4eda79367e53655cc8a29e99898d299b299f41669e4,0,yolo11s,False
results\av2_confirmation\corrected_checkpoints\yolo11s\development\fb149ce0-7706-3bb5-9860-8c63d1c77592.propagation.parquet,d9579cadc99b0643275dd5d18102510507e3277af7aac7b8166fa1031f33b18c,0,yolo11s,False
results\av2_confirmation\corrected_checkpoints\yolo11s\development\ff52c01e-3d7b-32b1-b6a1-bcff3459ccdd.propagation.parquet,762263ad05524c777af64e0b5cedc1f044f4c90709347ff165e43e5ad217a0e1,0,yolo11s,False
results\av2_confirmation\corrected_checkpoints\yolo11s\development\ff8e7fdb-1073-3592-ba5e-8111bc3ce48b.propagation.parquet,1025ac37de0ace49dc5f78919237416ef38c0845941b27d929875e059c1ba975,0,yolo11s,False
results\av2_confirmation\corrected_checkpoints\yolo11s\heldout\0b86f508-5df9-4a46-bc59-5b9536dbde9f.propagation.parquet,baaf55849b6923ff805e42753d6b6d39713227852a716b7c6462618a9ac07e89,0,yolo11s,False
results\av2_confirmation\corrected_checkpoints\yolo11s\heldout\0c3bad78-9f1e-395d-a376-2eb7499229fd.propagation.parquet,b0dc713ce94afd70581647538d4e377ceb39947e5085cf8a86edeb79e0358c05,0,yolo11s,False
results\av2_confirmation\corrected_checkpoints\yolo11s\heldout\0fb7276f-ecb5-3e5b-87a8-cc74c709c715.propagation.parquet,e63e3ca3f6f91758e08bff25a3e672bc0f56a19fbaf0540c35e83beea8dfc72d,0,yolo11s,False
results\av2_confirmation\corrected_checkpoints\yolo11s\heldout\15ec0778-826e-3ed7-9775-54fbf66997f4.propagation.parquet,6238c5520cc36294b8880da96c5cd8e56232937457dc1083f2cf46600126866e,0,yolo11s,False
results\av2_confirmation\corrected_checkpoints\yolo11s\heldout\182ba3f7-b89a-36cc-ae40-32a341b0d3e9.propagation.parquet,ee2cbafcff1fe1b4549231e2816d78e8397b2d0ade401df0f5de7ad307d06f4e,0,yolo11s,False
results\av2_confirmation\corrected_checkpoints\yolo11s\heldout\19350c96-623d-4d77-af96-f8c23f00c358.propagation.parquet,fd0218e56c0290a6ec0a5930a0d23495ebcd921b19143c56bb0c18abc444efce,0,yolo11s,False
results\av2_confirmation\corrected_checkpoints\yolo11s\heldout\1da4a0aa-22ae-3958-856d-05303de1f576.propagation.parquet,0b004f724a63936e2cce760ff77ee2804650ba528ae6cd1478ccdf26ab3e0bed,0,yolo11s,False
results\av2_confirmation\corrected_checkpoints\yolo11s\heldout\20dd185d-b4eb-3024-a17a-b4e5d8b15b65.propagation.parquet,b8daaf24868f7d03b8b58efe0ea587681facbb8dc6cea1c92b0c65620d023911,0,yolo11s,False
results\av2_confirmation\corrected_checkpoints\yolo11s\heldout\24642607-2a51-384a-90a7-228067956d05.propagation.parquet,722f590755050482b35b4a47c363dc2a420cb7d7e428c67422ba40e966d2aec1,0,yolo11s,False
results\av2_confirmation\corrected_checkpoints\yolo11s\heldout\27c03d98-6ac3-38a3-ba5e-102b184d01ef.propagation.parquet,7e6cdda8531188e25f16f5ce177f28206c5aedfc4cd7c643407cc8700471a249,0,yolo11s,False
results\av2_confirmation\corrected_checkpoints\yolo11s\heldout\29a00842-ead2-3050-b587-c5ef507e4125.propagation.parquet,17a73f0e09b8b110f83d18ddd7a5372d7f08ee86b87cd4f11f30f605ffd85c38,0,yolo11s,False
results\av2_confirmation\corrected_checkpoints\yolo11s\heldout\2c652f9e-8db8-3572-aa49-fae1344a875b.propagation.parquet,837785793b708b9b17bc3e1d984f536afba1545b140b1fed7ecd7634dc3f6184,0,yolo11s,False
results\av2_confirmation\corrected_checkpoints\yolo11s\heldout\36aec72e-5086-376c-b109-295b128e77e1.propagation.parquet,33318fe455f83c2652a9dfb966f33ab61f1146cef85580b194c7d38a2ceba4e3,0,yolo11s,False
results\av2_confirmation\corrected_checkpoints\yolo11s\heldout\3de5b5d6-68c4-3c95-84ed-be7c83d829f8.propagation.parquet,1e8df667ab244eb8dc1352698c88e9304464add74e2bdbe24805b8f928b226ca,0,yolo11s,False
results\av2_confirmation\corrected_checkpoints\yolo11s\heldout\44adf4c4-6064-362f-94d3-323ed42cfda9.propagation.parquet,8305af9358efa033f08baa5e2086927a6645fb23f2de8103f62e32bc0684d185,0,yolo11s,False
results\av2_confirmation\corrected_checkpoints\yolo11s\heldout\47286726-5dd4-4e26-bd2d-5324f429e445.propagation.parquet,9296d7b9b72b5a607207f3ce213d8db7669c791f54ec2948a2735800e2c59919,0,yolo11s,False
results\av2_confirmation\corrected_checkpoints\yolo11s\heldout\4e3fedbb-847c-3d5b-8a62-c9ff84550985.propagation.parquet,acc313b25be714d2ae30402bc9bfde1b140c6079e477b36126049b54ee8bc632,0,yolo11s,False
results\av2_confirmation\corrected_checkpoints\yolo11s\heldout\52071780-5758-3ed4-8835-0d64ecdc5575.propagation.parquet,fccc96004463c766131d42ef138c7487eedb821a2d954a6e3b75b5e6240f26dd,0,yolo11s,False
results\av2_confirmation\corrected_checkpoints\yolo11s\heldout\58e82365-03bc-3b2f-b55a-a4ad0e3e792d.propagation.parquet,53de8d05114ff25951520af7c0055f7e287ce929c69a0b3b2c8e776ac2e648a5,0,yolo11s,False
results\av2_confirmation\corrected_checkpoints\yolo11s\heldout\58fed0d4-97d5-469b-89a4-4394838e10c7.propagation.parquet,3454d38c0d9a7e434e717d8b783487ad12c8fae61d8f0e874dd4907625ab4e50,0,yolo11s,False
results\av2_confirmation\corrected_checkpoints\yolo11s\heldout\6c932547-4c11-31d7-b8ef-0c16a13dbfc3.propagation.parquet,bc78d6d6adbe8759a408e3575b228d797ac6722eb6d3fc0182bbdca681b01ca2,0,yolo11s,False
results\av2_confirmation\corrected_checkpoints\yolo11s\heldout\7039e410-b5ab-35aa-96bc-2c4b89d3c5e3.propagation.parquet,6981776013f5bedf4323b9abfe20a7ffb3d4861da69ea192eec2d9bafd7a91eb,0,yolo11s,False
results\av2_confirmation\corrected_checkpoints\yolo11s\heldout\78683234-e6f1-3e4e-af52-6f839254e4c0.propagation.parquet,ccf985c669b751e1493984a77719f6f647739f8ef4aee4a9e10bdc8a64e0bfff,0,yolo11s,False
results\av2_confirmation\corrected_checkpoints\yolo11s\heldout\78da7b7e-8ddf-3c7d-8716-eaa890106dd3.propagation.parquet,b3259ce0c3b717ea64fe91be2f789c7e11d4c7bd444b62aa103211093459c4b2,0,yolo11s,False
results\av2_confirmation\corrected_checkpoints\yolo11s\heldout\7a2c222d-addc-30b2-aac6-596cb65a22e3.propagation.parquet,f4325f3da8a5e6fb77beaa41d4d399ad96a81f79613510c98f093ad3209d3f47,0,yolo11s,False
results\av2_confirmation\corrected_checkpoints\yolo11s\heldout\858d739b-a0ba-35aa-bafc-4f7988bcad17.propagation.parquet,f9ff2c74ea571cd9afc15485c58d462bf5a681f398890963c946f33c0e968383,0,yolo11s,False
results\av2_confirmation\corrected_checkpoints\yolo11s\heldout\95bf6003-7068-3a78-a0c0-9e470a06e60f.propagation.parquet,f1ac811f3a1933f07ead917726ce8a7341b15b23e68dafbdd779dab0afb9bff9,0,yolo11s,False
results\av2_confirmation\corrected_checkpoints\yolo11s\heldout\a7636fca-4d9e-3052-bef2-af0ce5d1df74.propagation.parquet,7fcf0c8b600830d159d5e4ecd896fdb8c17240b14789e74e4d940c6ccd5b8e36,0,yolo11s,False
results\av2_confirmation\corrected_checkpoints\yolo11s\heldout\a91d4c7b-bf55-3a0e-9eba-1a43577bcca8.propagation.parquet,cba9979334589188764f5f9dc6dba6c84d78549fd61454539916a218f90a5281,0,yolo11s,False
results\av2_confirmation\corrected_checkpoints\yolo11s\heldout\b19f3c1a-a84a-3a2d-8d1b-8a4ae201020b.propagation.parquet,b0febac6eadc5feeb58c91ddbb5fe9a4ac3ad5dbbc88ff0586605dc8b7a74f68,0,yolo11s,False
results\av2_confirmation\corrected_checkpoints\yolo11s\heldout\b2053fdc-0b94-30bc-aee7-5bc6fb7e9f52.propagation.parquet,3c2d53e7e585b1faa0130a4503a6c7d3315fda6af64a9b82fef98fea608795bb,0,yolo11s,False
results\av2_confirmation\corrected_checkpoints\yolo11s\heldout\b50c4763-5d1e-37f4-a009-2244aeebabcd.propagation.parquet,c16c8f80f5b4a9627d499abaf8a95290402eb8eb737d06e922880a4138bb0c21,0,yolo11s,False
results\av2_confirmation\corrected_checkpoints\yolo11s\heldout\b87683ae-14c5-321f-8af3-623e7bafc3a7.propagation.parquet,1563c954f2376ee54508f5661e9eca1b3fb08968cb239ca86ed8c2b4de5fc5b7,0,yolo11s,False
results\av2_confirmation\corrected_checkpoints\yolo11s\heldout\c8ec7be0-92aa-3222-946e-fbcf398c841e.propagation.parquet,e3552eac8c4223ecbdf33f2d12275e5959a5527c7d400ca59284a122c26ddbec,0,yolo11s,False
results\av2_confirmation\corrected_checkpoints\yolo11s\heldout\cae56e40-8470-3c9c-af75-6e444189488f.propagation.parquet,0412f0ae4e24d0991b44196f4f2d01e732633826e4e576790ed38e0d45c14b5e,0,yolo11s,False
results\av2_confirmation\corrected_checkpoints\yolo11s\heldout\d1395998-7e8a-417d-91e9-5ca6ec045ee1.propagation.parquet,30337360ac15de66331dcebc54a483365022f6a354d991ef9f0a86bc3b310149,0,yolo11s,False
results\av2_confirmation\corrected_checkpoints\yolo11s\heldout\d3ca0450-2167-38fb-b34b-449741cb38f3.propagation.parquet,104bafe6090cf17e609c8a3b6f848c9b0256095a9a68f8095b56ac76a85cd60e,0,yolo11s,False
results\av2_confirmation\corrected_checkpoints\yolo11s\heldout\d5d6f11c-3026-3e0e-9d67-c111233e22de.propagation.parquet,89f1249f9dfa065cfa370c59262791f10b6319a7f50d38b47759457912e66f0c,0,yolo11s,False
results\av2_confirmation\corrected_checkpoints\yolo11s\heldout\da036982-92bf-36a8-b880-4ccf4e20b74e.propagation.parquet,6b80f70f7386314b73348f4e86d5d32dbf77464d8c22dfdeb87994c189107ccb,0,yolo11s,False
results\av2_confirmation\corrected_checkpoints\yolo11s\heldout\dafe14f5-825c-4e7a-9009-6dfdfdd5b030.propagation.parquet,3b3b1c63b4d9c99b21ebdd3f1bd7a8d9c125f6ef52d8e5d9bdd8eded706cc038,0,yolo11s,False
results\av2_confirmation\corrected_checkpoints\yolo11s\heldout\e1d68dde-22a9-3918-a526-0850b21ff2eb.propagation.parquet,a724ce2606db35920e38c95b69c02fb6ec60e3f30ba7d5ca38572b45ee4e97e0,0,yolo11s,False
results\av2_confirmation\corrected_checkpoints\yolo11s\heldout\e2e921fe-e489-3656-a0a2-5e17bd399ddf.propagation.parquet,8baf2efaa7465afad6804f09d482b7b4cdd317d4d082a856252045b7601e91db,0,yolo11s,False
results\av2_confirmation\corrected_checkpoints\yolo11s\heldout\e50e7698-de3d-355f-aca2-eddd09c09533.propagation.parquet,618530b529e21d738d849a7e306551aa4735aed56c484baffb72095b4c8a785c,0,yolo11s,False
results\av2_confirmation\corrected_checkpoints\yolo11s\heldout\e72ef05c-8b94-3885-a34f-fff3b2b954b4.propagation.parquet,1438526659a0e28839fb02dc95ad03bbaa06af83cd64cae58d0efd68fb3d1e74,0,yolo11s,False
results\av2_confirmation\corrected_checkpoints\yolo11s\heldout\e8c9fd64-fdd2-422d-a2a2-6f47500d1d12.propagation.parquet,d37db05b574e1b771a3022fcbbe22a88cffd2d6e689d8673775e1e6c20162d89,0,yolo11s,False
results\av2_confirmation\corrected_checkpoints\yolo11s\heldout\eec284b2-840a-3c75-aa42-04d2e309bbe1.propagation.parquet,60f61264cc4c8c897317f087dd915921f6bde84176d9b1b0428512b8ebbfc709,0,yolo11s,False
results\av2_confirmation\corrected_checkpoints\yolo11s\heldout\f1275002-842e-3571-8f7d-05816bc7cf56.propagation.parquet,cf42080d5950ba921bf0b622c18485bfb918236bd9641933cc5bceab18628d42,0,yolo11s,False
results\av2_confirmation\corrected_checkpoints\yolo11s\heldout\f2576c8a-da9b-450e-88cf-a70af1b0eadf.propagation.parquet,c1479c098e4a245f2a013bb41708753eb10ec9dcae5d2144d790dfea753c5d74,0,yolo11s,False
results\av2_confirmation\corrected_checkpoints\yolo11s\heldout\f292cc5c-7a90-360d-b62a-074c643bdf59.propagation.parquet,e89ef2f7e810f8670848af17cc2e07f0292bf93bd5e7e3a82dec5baa543c0b02,0,yolo11s,False
results\av2_confirmation\corrected_checkpoints\yolo11s\heldout\f6cc0ebf-fc6a-3bf2-8bcb-76d8c43f194e.propagation.parquet,e9748a24db75c8f15d4ec7d630d0a7073f864e8d410a67caf3563ad44a67dca8,0,yolo11s,False
results\av2_confirmation\corrected_checkpoints\yolo11s\model_selection\069cc46d-38bb-309d-88cf-296a3d0c0820.propagation.parquet,0769c596716d0cfbe36b890e544ba52c01b6df0c9fafa92eb375fb70e2f551fe,0,yolo11s,False
results\av2_confirmation\corrected_checkpoints\yolo11s\model_selection\0b324587-6097-3f92-a07a-a44f48c85d9e.propagation.parquet,21e09e02387b6bc00a44d7801c5a9631446eece0fffb919728edd9bae9f37fec,0,yolo11s,False
results\av2_confirmation\corrected_checkpoints\yolo11s\model_selection\12c3c14b-9cf2-3434-9a5d-e0bfa332f6ce.propagation.parquet,4b55bcb03bd18f203e6e67b212ab3a3ed408aa2914bd8c6455eec051697b39bd,0,yolo11s,False
results\av2_confirmation\corrected_checkpoints\yolo11s\model_selection\1842383a-1577-3b7a-90db-41a9a6668ee2.propagation.parquet,e875a3db494342ffa742e5b503f6d8cfc7ee5b06b6c5d01c37ce0b954ddccd77,0,yolo11s,False
results\av2_confirmation\corrected_checkpoints\yolo11s\model_selection\271f4204-dd77-350b-b9db-5dabc4191985.propagation.parquet,6d0aca9ba73c218a8a45c809cd81f41af0b60fadb3d3546b921f0efdff3a14ba,0,yolo11s,False
results\av2_confirmation\corrected_checkpoints\yolo11s\model_selection\8858428d-8fd5-3c3f-8ca4-d01f6e25e63c.propagation.parquet,19b78993838fd6ce885f11ecf901bb290bd741c5a227b62c4889ff6a5205bd00,0,yolo11s,False
results\av2_confirmation\corrected_checkpoints\yolo11s\model_selection\8940f5f1-13e0-3094-99ba-da2d17639774.propagation.parquet,3640ad7a94db8936cdac238409ea0f31f15e1ac4903175492987d81ab34a6266,0,yolo11s,False
results\av2_confirmation\corrected_checkpoints\yolo11s\model_selection\8c52d911-fe34-3424-9864-d3fdfac38064.propagation.parquet,622cb94d90f6dd45310ab890e1dc58a55b1671ece3fa7996c12b17f329e0fba1,0,yolo11s,False
results\av2_confirmation\corrected_checkpoints\yolo11s\model_selection\8feb3dbe-4450-3aeb-b22b-e65128aa696b.propagation.parquet,88ba6e14661179089f1893c02f6cb02e229c93b5ee77777f88bc6b96b805623f,0,yolo11s,False
results\av2_confirmation\corrected_checkpoints\yolo11s\model_selection\902d5e72-b665-3615-af2d-a2b6164864b2.propagation.parquet,872a2eeedc692602151dbca3deb05dfce8968117b054358cc65de9c197055b48,0,yolo11s,False
results\av2_confirmation\corrected_checkpoints\yolo11s\model_selection\9441ffdd-f06e-36e0-839e-b836b0f19bc9.propagation.parquet,6d8e8e718ea037515537d4132339977d93a62411b50d377374873806da191cd8,0,yolo11s,False
results\av2_confirmation\corrected_checkpoints\yolo11s\model_selection\a059b6b9-ca26-4881-bcf7-d202433de0c2.propagation.parquet,93e4160a672e0932fd8fd00ffbad145af8983db80baef67a11bcf82d7160932f,0,yolo11s,False
results\av2_confirmation\corrected_checkpoints\yolo11s\model_selection\a1c1d559-0480-39d2-94f0-1a89f0226c4f.propagation.parquet,d82d98bd08ec4a8015b2926793730994afa79f2115c05c602a50919aca3191a0,0,yolo11s,False
results\av2_confirmation\corrected_checkpoints\yolo11s\model_selection\a47ba6a9-ffa1-3979-bb40-512339284b8b.propagation.parquet,2eec2f1e8f17f577aba4abca14c94e3d40db47ff9963ae40be6f2df9c92a336c,0,yolo11s,False
results\av2_confirmation\corrected_checkpoints\yolo11s\model_selection\a88da814-ecc6-39c0-93ba-8a81f403a7e4.propagation.parquet,772316dad70be2907419d8b0f86e6e7ae4e6f3a564d0fa528bb88dca13063f7b,0,yolo11s,False
results\av2_confirmation\corrected_checkpoints\yolo11s\model_selection\b29b43d7-3af9-363e-aaeb-8805d958f982.propagation.parquet,54d3596f68d1cea17357982cabd45309af5ab057d703ca1963ccf5cfce3c818c,0,yolo11s,False
results\av2_confirmation\corrected_checkpoints\yolo11s\model_selection\d0ba7a1b-f5ca-39d6-98d0-29c671baec65.propagation.parquet,0cf3cc526532cb9fa512a1bd55018e1d9ff3802477c56312d7a4eb593b636604,0,yolo11s,False
results\av2_confirmation\corrected_checkpoints\yolo11s\model_selection\e0cfd042-ae29-3d21-bb47-81eb8f933ec8.propagation.parquet,f440400024002f4a0e5400a3e9d00ddeffc622ace4173901bea7d88ddff34438,0,yolo11s,False
results\av2_confirmation\corrected_checkpoints\yolo11s\model_selection\e2043284-6122-3cc9-a7e7-f091a16361b7.propagation.parquet,7c49022f32350f5eeec0e5f841e93ed59903cf257ca401814634ec2698f2ed0f,0,yolo11s,False
results\av2_confirmation\corrected_checkpoints\yolo11s\model_selection\e424d4f7-4b28-322f-b630-31d42ae528eb.propagation.parquet,c245233174c317e4591965159eee2d603b357ab9eac497a1e602cd601a0fa96a,0,yolo11s,False
results\av2_confirmation\invalid_propagation_run\checkpoints\yolo11n\development\01bb304d-7bd8-35f8-bbef-7086b688e35e.propagation.parquet,1a07aa7dc7a7f29b5eecc0eff3c393cdbb34ecfb656f7705e87e1859cf4f1733,0,yolo11n,False
results\av2_confirmation\invalid_propagation_run\checkpoints\yolo11n\development\16af3863-0d31-3cd1-8fa2-58053ffb953a.propagation.parquet,80c918e19e5b85aca0817fad9498186e3287fac7a450bcaca19ea52a6a4602a5,0,yolo11n,False
results\av2_confirmation\invalid_propagation_run\checkpoints\yolo11n\development\1d43ed4e-e705-308a-bdfa-49d99285c42a.propagation.parquet,02bfd5735b98b94064e7c20b372e85b47a88e9d153c54da1e8984ffd0f0c4d3b,0,yolo11n,False
results\av2_confirmation\invalid_propagation_run\checkpoints\yolo11n\development\1e6f21fd-5c8a-3526-ac50-72adae89d6a8.propagation.parquet,8f811e21a1bdfb2ff8059c88f6ec5a96164617bcd59ce4513159341badf4aae1,0,yolo11n,False
results\av2_confirmation\invalid_propagation_run\checkpoints\yolo11n\development\2772dd5f-bc0a-47ea-ae19-a5e0dbef8f41.propagation.parquet,4014dd23ec9e5864808a03fce475d8fbf8ab30c7acb448c83a53fe9f79393e4f,0,yolo11n,False
results\av2_confirmation\invalid_propagation_run\checkpoints\yolo11n\development\286790ed-9dec-305b-bcad-4f8153301e7c.propagation.parquet,1f0d5ccfc398100245d610b046b158dff0f044deb678e3798a4d99e825cd1b1b,0,yolo11n,False
results\av2_confirmation\invalid_propagation_run\checkpoints\yolo11n\development\2a9b2658-097e-3f8b-a817-22f2553c5de8.propagation.parquet,a7dd018eb04e33a5d85c83a34289a71b9cbdce5cc74979e48c27412217863cfb,0,yolo11n,False
results\av2_confirmation\invalid_propagation_run\checkpoints\yolo11n\development\3153b5b3-d381-3664-8f82-1d3c5ca841d2.propagation.parquet,db266bd46a499fad5970c315885c4d28f6b8c08f55d39a3ab0b6f63bd154d95f,0,yolo11n,False
results\av2_confirmation\invalid_propagation_run\checkpoints\yolo11n\development\349c4c1c-9561-360f-9ae7-59772335d54b.propagation.parquet,59f3d3f0c7ce36d0bcff9859f6c31ed78ca84c8fa926800a727c1f5b251640d1,0,yolo11n,False
results\av2_confirmation\invalid_propagation_run\checkpoints\yolo11n\development\3576c0f5-c1b5-35bb-a0c4-ee95cba5c754.propagation.parquet,45c3ae52c60611f17e5b563dd4b2dac1163b87c28046097b3000d6953ccd9380,0,yolo11n,False
results\av2_confirmation\invalid_propagation_run\checkpoints\yolo11n\development\366ceb72-9f11-385a-8bc9-a26a18dbdd22.propagation.parquet,c15bbdaaa338bcfb2ee60b16aa18660916663267e02e42b56447b5a10fd4c87e,0,yolo11n,False
results\av2_confirmation\invalid_propagation_run\checkpoints\yolo11n\development\380e5bf0-1c68-36a4-ac64-09a03b60bebf.propagation.parquet,35608f7c1fe8a05753ea3c86399728c97dbc855a8189033b6e41a0dd26ecc467,0,yolo11n,False
results\av2_confirmation\invalid_propagation_run\checkpoints\yolo11n\development\3dd173a6-8b21-3189-bd53-132919b96a48.propagation.parquet,8d59e55edc2a0e2f7d36d86bda4cb6a3109b8fb15797cb7c4334819e36e82c7d,0,yolo11n,False
results\av2_confirmation\invalid_propagation_run\checkpoints\yolo11n\development\3f9796e9-c892-3915-b719-3292df878ece.propagation.parquet,69940637ebfcfacd587c9bc321f16bf28320489a1707bde0d1adf2db21f659ac,0,yolo11n,False
results\av2_confirmation\invalid_propagation_run\checkpoints\yolo11n\development\3fbdfb6c-927f-4aaa-81b1-21b02efd4c01.propagation.parquet,ebe802e1652d3e3cd64eed1a064c5e1e126d88ac77931e4278779a0dd6567554,0,yolo11n,False
results\av2_confirmation\invalid_propagation_run\checkpoints\yolo11n\development\40bfcbec-ec59-3731-8e75-67f0bddc3b01.propagation.parquet,9d1ca1430a79b6ca65ebae9fa73d6bf239cb88ba9dbc5e25cde598a0b6994e7e,0,yolo11n,False
results\av2_confirmation\invalid_propagation_run\checkpoints\yolo11n\development\41b6f7d7-e431-3992-b783-74b9edf42215.propagation.parquet,21f42b6d20d0c97fbd8a829057ad4cbc01222c889b841acc3327b15d2aa2b2e6,0,yolo11n,False
results\av2_confirmation\invalid_propagation_run\checkpoints\yolo11n\development\41d69427-364c-366e-94a5-8e556bcac39f.propagation.parquet,eb3c3768009df467401524228d273f5ee690af99cc58e4bbde7bc7d5dd0cd629,0,yolo11n,False
results\av2_confirmation\invalid_propagation_run\checkpoints\yolo11n\development\4207ef92-0b3b-4708-8868-4ffcaef308e0.propagation.parquet,3ba5531a5573d49dd365e35b71825aa156a32ebb10f8163cc8a0607572f97e28,0,yolo11n,False
results\av2_confirmation\invalid_propagation_run\checkpoints\yolo11n\development\453e5558-6363-38e3-bf9b-42b5ba0a6f1d.propagation.parquet,9d1f8db448b1a966bffc1600dc33fff5602691c43aab40c3bb63fc0a556072b8,0,yolo11n,False
results\av2_confirmation\invalid_propagation_run\checkpoints\yolo11n\development\46d917cd-531c-330b-8d7b-979b51a8927f.propagation.parquet,78f875779875fa3d1a728bdb18b4f850c8072a0ed4c82acefa0a79f69e4b6a26,0,yolo11n,False
results\av2_confirmation\invalid_propagation_run\checkpoints\yolo11n\development\47167c79-2ba4-369c-8db8-760a30b4c38a.propagation.parquet,2c46e94b6f75d4be6ff4d7844fe4c524cde50a31aa83d46a11ef38a70025fbbf,0,yolo11n,False
results\av2_confirmation\invalid_propagation_run\checkpoints\yolo11n\development\47358aac-2ec0-3d45-a837-f2069ca7cee3.propagation.parquet,9f9e45fac70980f81e614b7199b470050b2dbc4a9d25f5ff9ef0889004b24067,0,yolo11n,False
results\av2_confirmation\invalid_propagation_run\checkpoints\yolo11n\development\575d8d24-ba88-3b18-84c0-df5b29dccfde.propagation.parquet,7414d3254a9231aa44cc3982694279bad3d5eede983d06f043bdb8b15c52655d,0,yolo11n,False
results\av2_confirmation\invalid_propagation_run\checkpoints\yolo11n\development\5b1d8b11-4f90-3577-be0b-193e102fda82.propagation.parquet,6e59cc8cd5ddf975269ace8f14602c8cdf86e70e972bdb01afdcb47c76388de6,0,yolo11n,False
results\av2_confirmation\invalid_propagation_run\checkpoints\yolo11n\development\62a1e53b-b55c-36c2-bc5b-e216d494875a.propagation.parquet,1cc4903dca269aee5fb9a8e000eb6d16127cf499e5cc5b7d017c5c7c0d9de7bd,0,yolo11n,False
results\av2_confirmation\invalid_propagation_run\checkpoints\yolo11n\development\633addf9-441c-35e7-868a-738aa612d51c.propagation.parquet,4a6daffb376f07eadc5e900f0af66c693eea9757ebbe1e288541b074e97ff421,0,yolo11n,False
results\av2_confirmation\invalid_propagation_run\checkpoints\yolo11n\development\639d4834-f922-3e27-9913-20aa649f815d.propagation.parquet,39d4b52b2a909a4ee7a81f67da7d7fe294a180720dc0d97952ebed2a85383273,0,yolo11n,False
results\av2_confirmation\invalid_propagation_run\checkpoints\yolo11n\development\6937b4e5-b5b4-3970-b5dd-9ad194e6c338.propagation.parquet,6bf95b93bb64db02177f583500bbfd359cc33ded70c9c1b3d6e8884d9f1071d7,0,yolo11n,False
results\av2_confirmation\invalid_propagation_run\checkpoints\yolo11n\development\69c0ec7c-e289-3c4d-ade3-d2287ec34026.propagation.parquet,1566f84973eba0507c4edbf8a163d33b9947d57d7cbdc357094541f0f795944f,0,yolo11n,False
results\av2_confirmation\invalid_propagation_run\checkpoints\yolo11n\development\6aa2ac89-6b25-3af6-ad59-221351189f4b.propagation.parquet,df8658937743d54a50a5048bee6c775efc648faa8f717370d4f6a2c7e19dc69a,0,yolo11n,False
results\av2_confirmation\invalid_propagation_run\checkpoints\yolo11n\development\6cc0bb26-5afb-3688-b237-b9c64c2800e5.propagation.parquet,d1d692057460c5ce21f2f4ebe6da59b54659e307f35d76ef83d5a12180ab25a8,0,yolo11n,False
results\av2_confirmation\invalid_propagation_run\checkpoints\yolo11n\development\6dc6e668-549e-33b8-b952-ed8e807b1d48.propagation.parquet,9fe6d3e946b0c8a010a6f5aff231188a6929209c7bca08fd145dee86fde607fe,0,yolo11n,False
results\av2_confirmation\invalid_propagation_run\checkpoints\yolo11n\development\74dd5c1d-7a9a-32d1-903a-fc57e07109b9.propagation.parquet,d73f32ba0c58688a87fc5582db7b5466b55dd1527e5a2a1aa30aa17b380ed782,0,yolo11n,False
results\av2_confirmation\invalid_propagation_run\checkpoints\yolo11n\development\74f15437-b85e-314a-9d86-7294b98bf07f.propagation.parquet,9b44ae672497457acbdc765e837c0eb1dd1b3594596b3f5d9a73d750aad40326,0,yolo11n,False
results\av2_confirmation\invalid_propagation_run\checkpoints\yolo11n\development\768cf7e2-eb6c-3468-969e-e3b0fd87b34e.propagation.parquet,d2f6fdbbebf6b4e19b5d425804e7ae37b502089a057dbd282fb075a8a4f59108,0,yolo11n,False
results\av2_confirmation\invalid_propagation_run\checkpoints\yolo11n\development\770a58e6-eff6-39b7-a265-fe7f202fe8b2.propagation.parquet,c3408a78d96ea59cd378c1561ea27b5ead21338d613c2e7244f1ec63fbe6f1c7,0,yolo11n,False
results\av2_confirmation\invalid_propagation_run\checkpoints\yolo11n\development\7ce2a2ce-eed6-36d7-ba62-dda9acddb070.propagation.parquet,8448f7ab29922d29f3ad9ca6e3ac92a8d2bfc3e54caf9656c47a5c7310bf912d,0,yolo11n,False
results\av2_confirmation\invalid_propagation_run\checkpoints\yolo11n\development\7e3d8631-3b7d-38c1-b833-ee7cfa7235ca.propagation.parquet,eea680807ed01dac7169ca00f70588849980fdff71f61fd60e53a7128e16a133,0,yolo11n,False
results\av2_confirmation\invalid_propagation_run\checkpoints\yolo11n\development\7ef4a6cc-7266-3a31-8dd4-01c3d3c58dcb.propagation.parquet,7ae6dc52ca71434e848f192ec6fc59a77cd08c03c6dee0d0f81b74c68f4ff449,0,yolo11n,False
results\av2_confirmation\invalid_propagation_run\checkpoints\yolo11n\development\80da8956-f418-319c-9f49-3d47d9002546.propagation.parquet,97023d843d39b45977cd81b78259f1a40ccdb0b59fd6ecbd0c8ba35e8ba09859,0,yolo11n,False
results\av2_confirmation\invalid_propagation_run\checkpoints\yolo11n\development\85026edc-5fdf-308e-a8ef-a1aad1151c50.propagation.parquet,c9bc3f793aca9c5dd35344e8262776909478be0ef49560714645120281376ed8,0,yolo11n,False
results\av2_confirmation\invalid_propagation_run\checkpoints\yolo11n\development\8a0ff1a2-9045-3be3-b67f-3914d88178ec.propagation.parquet,85dca451da5f5fc00285037ae41d1ca7ff75ae96618af5245bc0d974ff07e910,0,yolo11n,False
results\av2_confirmation\invalid_propagation_run\checkpoints\yolo11n\development\8c019de9-7043-37bc-9498-b5858e7240af.propagation.parquet,fba43e6886bbbabf2ef3f16951edc22422eeddd34fcec9ee3be6ac46406087af,0,yolo11n,False
results\av2_confirmation\invalid_propagation_run\checkpoints\yolo11n\development\8ee606e6-4cbd-3c07-8419-fbda836ccaac.propagation.parquet,21c5aee910acfccfcf1dcfa72036b027a2db4e3e498b7454937813a91d3a84ed,0,yolo11n,False
results\av2_confirmation\invalid_propagation_run\checkpoints\yolo11n\development\90f360d8-35f7-3c54-b2da-e99b354bc4cb.propagation.parquet,0ce1da4899e36b8a302d4b45c369f7809af24dfd83ed93280b14313d8734d20c,0,yolo11n,False
results\av2_confirmation\invalid_propagation_run\checkpoints\yolo11n\development\91923e20-9a05-32e0-ac53-8c09b0b60341.propagation.parquet,8f776f66f47f460a75c5862eea7da4945e852b67a34fd9ec3ab8438b65186564,0,yolo11n,False
results\av2_confirmation\invalid_propagation_run\checkpoints\yolo11n\development\919f13de-857f-3b1c-9f8e-7cbe500a60ae.propagation.parquet,0996c5cbe01eec3afaacac201b03fcdcf667b7011a4f3e38ed58f37e8ab08858,0,yolo11n,False
results\av2_confirmation\invalid_propagation_run\checkpoints\yolo11n\development\9239d493-31d7-3dd0-a05f-03d50a242392.propagation.parquet,2b5d2631f213738b5ea19efdb6c073f96ed8e7ec5fb44b7f48b271c7c1d897b5,0,yolo11n,False
results\av2_confirmation\invalid_propagation_run\checkpoints\yolo11n\development\96284bbc-6b58-330f-a5a6-76cd518543f0.propagation.parquet,581112d8fd6f90a5fee52bc8c044926818f77028f51d3bb8c62c2f99feddfe6e,0,yolo11n,False
results\av2_confirmation\invalid_propagation_run\checkpoints\yolo11n\development\97738d01-b24f-365e-8818-2463149154d2.propagation.parquet,c02e409f1eab202850816149f1f8d61ae4604da19a624ba01da10901b285c1de,0,yolo11n,False
results\av2_confirmation\invalid_propagation_run\checkpoints\yolo11n\development\9a25fd14-783b-35c3-ab2d-df4687f82b5e.propagation.parquet,308efb57206cbcf61906e30e2960f47cc42e6016b21e63cfd8a027d699118d57,0,yolo11n,False
results\av2_confirmation\invalid_propagation_run\checkpoints\yolo11n\development\9afab336-dbae-3f70-a669-46813f4570d7.propagation.parquet,f62a7c23d1a26b0d583c155eec2bcae24c793dc59cbac1c0b8807ab69eb79f07,0,yolo11n,False
results\av2_confirmation\invalid_propagation_run\checkpoints\yolo11n\development\a160c635-aa67-352c-a5e6-03b113493090.propagation.parquet,d5940d9ccb3f9b266ebe919125b014eb5ff1a9bc7f23bd601f987d83c2514710,0,yolo11n,False
results\av2_confirmation\invalid_propagation_run\checkpoints\yolo11n\development\a359e053-a350-36cf-ab1d-a7980afaffa2.propagation.parquet,bbaa0a86f185aa2773a5d56cb88a1eefc0f9482c12541af4cc04b92f86363eae,0,yolo11n,False
results\av2_confirmation\invalid_propagation_run\checkpoints\yolo11n\development\a50b198c-4de2-3f8c-a2b9-ab280605b350.propagation.parquet,57f36d8a7f09c510cc685b826db8b5ef24addb6de402be5612c6617706618dff,0,yolo11n,False
results\av2_confirmation\invalid_propagation_run\checkpoints\yolo11n\development\aa539866-29e4-353e-95a9-b6d321b53b33.propagation.parquet,5d68ef8df0bb1ad98e5841b828258131df696bc539393b822311f67af4094398,0,yolo11n,False
results\av2_confirmation\invalid_propagation_run\checkpoints\yolo11n\development\aa82b61f-7156-3c68-95a4-b79cebd120eb.propagation.parquet,5ae1edc77e45013011f1e92464a02a1fd90f221c7770c487bc49a4b9d5022b17,0,yolo11n,False
results\av2_confirmation\invalid_propagation_run\checkpoints\yolo11n\development\ab83611b-436e-3de7-aad1-f0c9ad254196.propagation.parquet,d3ffc2f97471e0bc6b00ef5c3da1dc0ea51edac7cb22c40148fb29df06420d52,0,yolo11n,False
results\av2_confirmation\invalid_propagation_run\checkpoints\yolo11n\development\ac1b1697-42b9-4225-a666-d17f72204fa8.propagation.parquet,8b196f14f58d75d72ccfea3f0ab3d0cb3fec720686870be49a7f303f90b8dfd2,0,yolo11n,False
results\av2_confirmation\invalid_propagation_run\checkpoints\yolo11n\development\b21b7285-2199-3264-b10a-524e9b23502a.propagation.parquet,f893549c44ebc303e41c3f1e8e560eca67ce87773672d78acea18eb729d228dd,0,yolo11n,False
results\av2_confirmation\invalid_propagation_run\checkpoints\yolo11n\development\b5ea60b0-2540-4efe-b60e-f421ade3c128.propagation.parquet,c0265ffe928df084cec6bca1123e5bce1b61697da72449d8a2a356bf4b6000a3,0,yolo11n,False
results\av2_confirmation\invalid_propagation_run\checkpoints\yolo11n\development\bb9be2e6-8f0e-3bb3-8bb9-5d9aa9df384d.propagation.parquet,f5c262afd22d9136d46be3b64a7d929eb64dc1eebddfb1b33793a6e8e28c2ccf,0,yolo11n,False
results\av2_confirmation\invalid_propagation_run\checkpoints\yolo11n\development\c453a8e7-d3da-317a-946b-f8e9678a8582.propagation.parquet,92c2bf8e7463be9ce42d66350de96aaf801833ba602dfa4fe3e8b73dd12dae4f,0,yolo11n,False
results\av2_confirmation\invalid_propagation_run\checkpoints\yolo11n\development\c7f5e5c1-dc52-3619-8998-420b2e280d8a.propagation.parquet,70d77f8ac5f67efaedd4fb6ddbb195cdfa59f64bc0d33fe117b52cdc5c5ee8db,0,yolo11n,False
results\av2_confirmation\invalid_propagation_run\checkpoints\yolo11n\development\cf6a99cb-b8bc-34d7-bdca-30e50e66cd74.propagation.parquet,fdd726c3af22ccf32b0ebb280cd8b57a56aa68549c9a18d80ceebf0cb408497c,0,yolo11n,False
results\av2_confirmation\invalid_propagation_run\checkpoints\yolo11n\development\d20c3612-a64d-3aa8-bd4a-58890413afbb.propagation.parquet,1984fab0a1c27e0ef7bf3e0a541f7fb1f3b76df7734344d3a748c43d6b2c76f3,0,yolo11n,False
results\av2_confirmation\invalid_propagation_run\checkpoints\yolo11n\development\d37be0e2-8223-3eeb-a0e2-c4b75d5ff87b.propagation.parquet,3bfab41caaa5ae2d71ae2e6558f1f7007cb0484995db1c4c4e3ccbd973636ce6,0,yolo11n,False
results\av2_confirmation\invalid_propagation_run\checkpoints\yolo11n\development\d3efe9ba-f10a-35e7-b17e-6850c66693fe.propagation.parquet,3422296467d3304d8e0a2e2ab9a6fafaa1ffef061929b7871240454a3f0121dc,0,yolo11n,False
results\av2_confirmation\invalid_propagation_run\checkpoints\yolo11n\development\dc9c2d63-083f-32c3-90ff-943ca823a245.propagation.parquet,c5a289a589b4c1e14b375eee36003a10130e500964c432d166565433a39cf5e2,0,yolo11n,False
results\av2_confirmation\invalid_propagation_run\checkpoints\yolo11n\development\dd251cc5-736d-3b76-8ad3-3f6cb138178e.propagation.parquet,29f33c19bc9adeed341fa125a05a18322a3c51f91f9a19e46993e6cd8bb3dee1,0,yolo11n,False
results\av2_confirmation\invalid_propagation_run\checkpoints\yolo11n\development\e66d1403-755b-3f63-938b-a2a69446a48a.propagation.parquet,d61946fb1e08c77d396d6cd8aa6c72ed8fd9c708ce3ad5ab6e190dbecc230009,0,yolo11n,False
results\av2_confirmation\invalid_propagation_run\checkpoints\yolo11n\development\ec3133b4-2b17-3d49-b78a-4bc480ac5137.propagation.parquet,b2ccd06ebba7457c8196c415f25aee17a20a087d8d727739129908438c984483,0,yolo11n,False
results\av2_confirmation\invalid_propagation_run\checkpoints\yolo11n\development\ef4a46c4-138e-3478-b94e-3e60a567ec7d.propagation.parquet,021ffa44016684faeb9eb85c423608f48f5b92e82ff941df9a69ead0205799ac,0,yolo11n,False
results\av2_confirmation\invalid_propagation_run\checkpoints\yolo11n\development\f3cc42c7-84a8-35c5-8683-13878bb9beeb.propagation.parquet,fc714751f2a130d616d074eccdc816b5adce1faa5d46dc06809ca2813700f5a7,0,yolo11n,False
results\av2_confirmation\invalid_propagation_run\checkpoints\yolo11n\development\f7cdc2d1-f59a-30a2-aae8-8bb81c769e6e.propagation.parquet,788f5f15c9c733dec5c49e6ac0ac7ec702d58ae5b4cd5242c28ce11e09c4a1df,0,yolo11n,False
results\av2_confirmation\invalid_propagation_run\checkpoints\yolo11n\development\fa9ec72a-cbcf-35dc-be20-4d0d9e7215ef.propagation.parquet,2301ff9140e8aeaa266f5784623a9cf11ff179ce9dee10c3af6e08fc891ec92d,0,yolo11n,False
results\av2_confirmation\invalid_propagation_run\checkpoints\yolo11n\development\fb149ce0-7706-3bb5-9860-8c63d1c77592.propagation.parquet,5dd7d265f0a080d69ee28b1a8fcfa6f1ba2c64343509a404081780c7904938a3,0,yolo11n,False
results\av2_confirmation\invalid_propagation_run\checkpoints\yolo11n\development\ff52c01e-3d7b-32b1-b6a1-bcff3459ccdd.propagation.parquet,1c2d0580d02bcbc41b089bfc62d66523dc85bc2464abcc68851a5e6791d3e91d,0,yolo11n,False
results\av2_confirmation\invalid_propagation_run\checkpoints\yolo11n\development\ff8e7fdb-1073-3592-ba5e-8111bc3ce48b.propagation.parquet,05fd072df73f042d4e60c7d08a20bd0dcc051f417da9f01637fcb035fdaea801,0,yolo11n,False
results\av2_confirmation\invalid_propagation_run\checkpoints\yolo11n\heldout\0b86f508-5df9-4a46-bc59-5b9536dbde9f.propagation.parquet,e7dcd44f4260e9fbd020c116346571c06a3dda129679691e4fba06389c3ad41e,0,yolo11n,False
results\av2_confirmation\invalid_propagation_run\checkpoints\yolo11n\heldout\0c3bad78-9f1e-395d-a376-2eb7499229fd.propagation.parquet,e082d7efa07b0ccc3ea9fa2ed896abcd37f5c414ebbc74164b30fa94b021580f,0,yolo11n,False
results\av2_confirmation\invalid_propagation_run\checkpoints\yolo11n\heldout\0fb7276f-ecb5-3e5b-87a8-cc74c709c715.propagation.parquet,5fd343344f9eb52a0819795b718ed80bf5dec3ddd171c811db62d0121f53c973,0,yolo11n,False
results\av2_confirmation\invalid_propagation_run\checkpoints\yolo11n\heldout\15ec0778-826e-3ed7-9775-54fbf66997f4.propagation.parquet,0cec76dc8fb0648dfc451656e1e57bcf06003c63798027fa8511095e84338a2f,0,yolo11n,False
results\av2_confirmation\invalid_propagation_run\checkpoints\yolo11n\heldout\182ba3f7-b89a-36cc-ae40-32a341b0d3e9.propagation.parquet,f3c578b17e031e030a5a9927c7ab339b2fcdae7e04770b4bda024a586c632c0e,0,yolo11n,False
results\av2_confirmation\invalid_propagation_run\checkpoints\yolo11n\heldout\19350c96-623d-4d77-af96-f8c23f00c358.propagation.parquet,bc47aae071f7405b2e0a4afd838270b568ba6fc5622a0461a9d5c157e13fa8ea,0,yolo11n,False
results\av2_confirmation\invalid_propagation_run\checkpoints\yolo11n\heldout\1da4a0aa-22ae-3958-856d-05303de1f576.propagation.parquet,bff7e9db4fa99316fb8661f2335071beaea9a7979006006e3e7350129ea2d957,0,yolo11n,False
results\av2_confirmation\invalid_propagation_run\checkpoints\yolo11n\heldout\20dd185d-b4eb-3024-a17a-b4e5d8b15b65.propagation.parquet,63640733caaa9cde70c0ed224776240c167d251991a811b834883d367c5482c7,0,yolo11n,False
results\av2_confirmation\invalid_propagation_run\checkpoints\yolo11n\heldout\24642607-2a51-384a-90a7-228067956d05.propagation.parquet,02cf6a5320768848cb717a4c568411fa3a7ba23d5e1202e9819a0c3cd93951be,0,yolo11n,False
results\av2_confirmation\invalid_propagation_run\checkpoints\yolo11n\heldout\27c03d98-6ac3-38a3-ba5e-102b184d01ef.propagation.parquet,f93f5520f48b86569869a47eb102364814fb3a6c1f5aa36b267b479fac6762cb,0,yolo11n,False
results\av2_confirmation\invalid_propagation_run\checkpoints\yolo11n\heldout\29a00842-ead2-3050-b587-c5ef507e4125.propagation.parquet,1eca68d4a94830703c5899d80f110dd76c5973a8b7aac7b2b71bd6bd90cb0062,0,yolo11n,False
results\av2_confirmation\invalid_propagation_run\checkpoints\yolo11n\heldout\2c652f9e-8db8-3572-aa49-fae1344a875b.propagation.parquet,38a5a1388ec394c583f3032f3f6c8a7a3ced19f88fa3495d3a5b3bf669af7c50,0,yolo11n,False
results\av2_confirmation\invalid_propagation_run\checkpoints\yolo11n\heldout\36aec72e-5086-376c-b109-295b128e77e1.propagation.parquet,c77fe5e5b3dac007086c95e3333974b700e26b6a8b263cce78b680edd9ffbc53,0,yolo11n,False
results\av2_confirmation\invalid_propagation_run\checkpoints\yolo11n\heldout\3de5b5d6-68c4-3c95-84ed-be7c83d829f8.propagation.parquet,75312c29b9d063892051e671232ce666fdce4e4fb0002a5f03d8e869d4e721fe,0,yolo11n,False
results\av2_confirmation\invalid_propagation_run\checkpoints\yolo11n\heldout\44adf4c4-6064-362f-94d3-323ed42cfda9.propagation.parquet,b722b6d4f86435cb1e66105931f59ac36034329396a27f1c8c470f3b7a77bca2,0,yolo11n,False
results\av2_confirmation\invalid_propagation_run\checkpoints\yolo11n\heldout\47286726-5dd4-4e26-bd2d-5324f429e445.propagation.parquet,850a390fea63679ab4b7137b7f092afa5bca8f80fee2bcf3335682bbb9c2e612,0,yolo11n,False
results\av2_confirmation\invalid_propagation_run\checkpoints\yolo11n\heldout\4e3fedbb-847c-3d5b-8a62-c9ff84550985.propagation.parquet,0b41a3dde7dc0676a345921a81b1a3cbbe68fa35b013a1e1466e7ed6f91ab1fa,0,yolo11n,False
results\av2_confirmation\invalid_propagation_run\checkpoints\yolo11n\heldout\52071780-5758-3ed4-8835-0d64ecdc5575.propagation.parquet,b4d23454ba67ab170665548bde7f5210fdefa1a27830fbad2045913ebd174d8b,0,yolo11n,False
results\av2_confirmation\invalid_propagation_run\checkpoints\yolo11n\heldout\58e82365-03bc-3b2f-b55a-a4ad0e3e792d.propagation.parquet,981ce60faafed31d3060e02026b0548337904962f4ba1a11a40039bdd0face19,0,yolo11n,False
results\av2_confirmation\invalid_propagation_run\checkpoints\yolo11n\heldout\58fed0d4-97d5-469b-89a4-4394838e10c7.propagation.parquet,e5c93f5e6152e90380266ae822ef94063dddbaac720779ac6a62c2d23953e88b,0,yolo11n,False
results\av2_confirmation\invalid_propagation_run\checkpoints\yolo11n\heldout\6c932547-4c11-31d7-b8ef-0c16a13dbfc3.propagation.parquet,cef034a00a3290b7e1aef8d58f6c3e92d3601db3bc5b5521e4279a1749f7bcdf,0,yolo11n,False
results\av2_confirmation\invalid_propagation_run\checkpoints\yolo11n\heldout\7039e410-b5ab-35aa-96bc-2c4b89d3c5e3.propagation.parquet,6550a4c917f342d0a8201d151517da23f379c08011e30492345cf340b391ec2c,0,yolo11n,False
results\av2_confirmation\invalid_propagation_run\checkpoints\yolo11n\heldout\78683234-e6f1-3e4e-af52-6f839254e4c0.propagation.parquet,6e29a34777300978d23a1a7ecd4a78ba26e03ca24723d2998f56d057d66cfebf,0,yolo11n,False
results\av2_confirmation\invalid_propagation_run\checkpoints\yolo11n\heldout\78da7b7e-8ddf-3c7d-8716-eaa890106dd3.propagation.parquet,98fbb8d7a3f2b84c326e78ddc984a051a38694001e93ee5b6909a7352f816824,0,yolo11n,False
results\av2_confirmation\invalid_propagation_run\checkpoints\yolo11n\heldout\7a2c222d-addc-30b2-aac6-596cb65a22e3.propagation.parquet,858d2df39a6d03d9d4e421420f71cdad9f833a170e4c178481db8ebafe0c95bc,0,yolo11n,False
results\av2_confirmation\invalid_propagation_run\checkpoints\yolo11n\heldout\858d739b-a0ba-35aa-bafc-4f7988bcad17.propagation.parquet,f4f47bd4abb178395b443941ede7f2cef5a3d5fe58123c8c28e175a70f739487,0,yolo11n,False
results\av2_confirmation\invalid_propagation_run\checkpoints\yolo11n\heldout\95bf6003-7068-3a78-a0c0-9e470a06e60f.propagation.parquet,0a5ef4521223694339968160cc55a59b6fcdd2a7d695ff24cc7e97fc3ceb4278,0,yolo11n,False
results\av2_confirmation\invalid_propagation_run\checkpoints\yolo11n\heldout\a7636fca-4d9e-3052-bef2-af0ce5d1df74.propagation.parquet,a1a542641f4398386e03c585a582bcbb47777bc7ecd75da08083a143f615ad04,0,yolo11n,False
results\av2_confirmation\invalid_propagation_run\checkpoints\yolo11n\heldout\a91d4c7b-bf55-3a0e-9eba-1a43577bcca8.propagation.parquet,4eb2075ef9eb5458ca5631eb093c3020eef5c8d7ab8e1ba76d38d4aa923b9593,0,yolo11n,False
results\av2_confirmation\invalid_propagation_run\checkpoints\yolo11n\heldout\b19f3c1a-a84a-3a2d-8d1b-8a4ae201020b.propagation.parquet,b5fa39be40a570e05df243abdb317e0b9a86d4f9f216e85fb8828da1adb94248,0,yolo11n,False
results\av2_confirmation\invalid_propagation_run\checkpoints\yolo11n\heldout\b2053fdc-0b94-30bc-aee7-5bc6fb7e9f52.propagation.parquet,4a895d6bbf015e896ad52e93531789a4f724274f9a528e4327bf4094b17a8849,0,yolo11n,False
results\av2_confirmation\invalid_propagation_run\checkpoints\yolo11n\heldout\b50c4763-5d1e-37f4-a009-2244aeebabcd.propagation.parquet,8ada5fe503799e86374aef1470f9faa90d24ba216a73ece7399b8ec10bce4642,0,yolo11n,False
results\av2_confirmation\invalid_propagation_run\checkpoints\yolo11n\heldout\b87683ae-14c5-321f-8af3-623e7bafc3a7.propagation.parquet,07b4a95826a7bd0318906308fdd5590ef57f6701f78e55c6e22d19215ac7deb0,0,yolo11n,False
results\av2_confirmation\invalid_propagation_run\checkpoints\yolo11n\heldout\c8ec7be0-92aa-3222-946e-fbcf398c841e.propagation.parquet,06e8b6e9c33d2184d0818fc6f7eeaf896a6457e63185fc262b86b0fbdd20a944,0,yolo11n,False
results\av2_confirmation\invalid_propagation_run\checkpoints\yolo11n\heldout\cae56e40-8470-3c9c-af75-6e444189488f.propagation.parquet,990774e2fa7eed4c415b528d3813efd4c9efc2785e65f94a21d47cf7aeec1c86,0,yolo11n,False
results\av2_confirmation\invalid_propagation_run\checkpoints\yolo11n\heldout\d1395998-7e8a-417d-91e9-5ca6ec045ee1.propagation.parquet,23118a626b937a5cbfb78bd7462ee05ca739bf465a28cb4fd64152ef964cd737,0,yolo11n,False
results\av2_confirmation\invalid_propagation_run\checkpoints\yolo11n\heldout\d3ca0450-2167-38fb-b34b-449741cb38f3.propagation.parquet,ee37d6565e27b596220bf55655718a4fcfabe6ac7658a62e2ab7dc73d2a585be,0,yolo11n,False
results\av2_confirmation\invalid_propagation_run\checkpoints\yolo11n\heldout\d5d6f11c-3026-3e0e-9d67-c111233e22de.propagation.parquet,b2c7081f51022409c8f66225d13fcce86c0677dfbf8f736763b45b2e7c9cbc4c,0,yolo11n,False
results\av2_confirmation\invalid_propagation_run\checkpoints\yolo11n\heldout\da036982-92bf-36a8-b880-4ccf4e20b74e.propagation.parquet,e9fb182b8421417f42ebcfce5f87a59202b4d9693313ce6b9fe030500cd96202,0,yolo11n,False
results\av2_confirmation\invalid_propagation_run\checkpoints\yolo11n\heldout\dafe14f5-825c-4e7a-9009-6dfdfdd5b030.propagation.parquet,9ff6d8a01fb2d50a97e212c7832d4b5e160ae9241f379384eda94b70e379add6,0,yolo11n,False
results\av2_confirmation\invalid_propagation_run\checkpoints\yolo11n\heldout\e1d68dde-22a9-3918-a526-0850b21ff2eb.propagation.parquet,5b75bd9a3c5cec4257bb9b01da034602219094ed929aec4f29cc1bf99fc1a8f2,0,yolo11n,False
results\av2_confirmation\invalid_propagation_run\checkpoints\yolo11n\heldout\e2e921fe-e489-3656-a0a2-5e17bd399ddf.propagation.parquet,e733e7c078cf9c49fcc858cab525d1adffc71442e62ce708f3c7a4a81c4fb7e3,0,yolo11n,False
results\av2_confirmation\invalid_propagation_run\checkpoints\yolo11n\heldout\e50e7698-de3d-355f-aca2-eddd09c09533.propagation.parquet,5a9bb3b7b799c101bbafca7585a6be7ed9262d78ed82c900f6309cf6811eeefc,0,yolo11n,False
results\av2_confirmation\invalid_propagation_run\checkpoints\yolo11n\heldout\e72ef05c-8b94-3885-a34f-fff3b2b954b4.propagation.parquet,6e8fd29135f572db3ddaabee86dc44b8fed14f534e3d6abb68881ecf7496ea5c,0,yolo11n,False
results\av2_confirmation\invalid_propagation_run\checkpoints\yolo11n\heldout\e8c9fd64-fdd2-422d-a2a2-6f47500d1d12.propagation.parquet,3d6baade3cca75bf1690eb50b0acff76fb30d634c298548eb02d51ac5e0aed61,0,yolo11n,False
results\av2_confirmation\invalid_propagation_run\checkpoints\yolo11n\heldout\eec284b2-840a-3c75-aa42-04d2e309bbe1.propagation.parquet,610d1bebc4f6e6ad79d756f744428d6211351393ec1cd1ffda7e8cbc28fb65d7,0,yolo11n,False
results\av2_confirmation\invalid_propagation_run\checkpoints\yolo11n\heldout\f1275002-842e-3571-8f7d-05816bc7cf56.propagation.parquet,e3f48802f45298654bdfe68df45fa87a0a73aff7112b9f1dcdd8fad66e31876d,0,yolo11n,False
results\av2_confirmation\invalid_propagation_run\checkpoints\yolo11n\heldout\f2576c8a-da9b-450e-88cf-a70af1b0eadf.propagation.parquet,61bde4238e37c74a069ca76cdcbeba63a0fe8adbb6cabc5937d5e7b06884d679,0,yolo11n,False
results\av2_confirmation\invalid_propagation_run\checkpoints\yolo11n\heldout\f292cc5c-7a90-360d-b62a-074c643bdf59.propagation.parquet,1c07b64e3f7d85b84e6d4ed241d48b5f30e5d2e185cfe5efc215651dded2dcb3,0,yolo11n,False
results\av2_confirmation\invalid_propagation_run\checkpoints\yolo11n\heldout\f6cc0ebf-fc6a-3bf2-8bcb-76d8c43f194e.propagation.parquet,cc8aa7eaa2d0f95d76c2201cc2cab91e7a1d0d3de949155fb417efe87995c022,0,yolo11n,False
results\av2_confirmation\invalid_propagation_run\checkpoints\yolo11n\model_selection\069cc46d-38bb-309d-88cf-296a3d0c0820.propagation.parquet,08ec1094035d19b5d90596e417b732a9732b820c0ed8250870a4f39282cfc804,0,yolo11n,False
results\av2_confirmation\invalid_propagation_run\checkpoints\yolo11n\model_selection\0b324587-6097-3f92-a07a-a44f48c85d9e.propagation.parquet,06694e2a73d24b8e8177b29c8dc322b471f086c961885ddb7a21a71b889d1661,0,yolo11n,False
results\av2_confirmation\invalid_propagation_run\checkpoints\yolo11n\model_selection\12c3c14b-9cf2-3434-9a5d-e0bfa332f6ce.propagation.parquet,69986049149bb00d184f27acd58857864116ed51b54f57846c388c77c82ee05c,0,yolo11n,False
results\av2_confirmation\invalid_propagation_run\checkpoints\yolo11n\model_selection\1842383a-1577-3b7a-90db-41a9a6668ee2.propagation.parquet,c7c4716a2969e5e1b4e7b10f40ca42e0b1f1686421323a3045d19230e05c75f1,0,yolo11n,False
results\av2_confirmation\invalid_propagation_run\checkpoints\yolo11n\model_selection\271f4204-dd77-350b-b9db-5dabc4191985.propagation.parquet,ed5be5d7662ee58ee65dfb4e98618964f9a3144827d901ebf2b6959e71603ccb,0,yolo11n,False
results\av2_confirmation\invalid_propagation_run\checkpoints\yolo11n\model_selection\8858428d-8fd5-3c3f-8ca4-d01f6e25e63c.propagation.parquet,8ec80aa9aa4c9f5c6b839bdd8d7c8738ff8ce60a3b93a027ee72a7901080e677,0,yolo11n,False
results\av2_confirmation\invalid_propagation_run\checkpoints\yolo11n\model_selection\8940f5f1-13e0-3094-99ba-da2d17639774.propagation.parquet,e3ad1ca2f1489519d81d3cb0fb740e625c6bd1807cdf338ac8517f3116a55432,0,yolo11n,False
results\av2_confirmation\invalid_propagation_run\checkpoints\yolo11n\model_selection\8c52d911-fe34-3424-9864-d3fdfac38064.propagation.parquet,be6397aefdf46e90a13eb4022915a85a9bb420a935f7c1b0750b9c1d735e21e3,0,yolo11n,False
results\av2_confirmation\invalid_propagation_run\checkpoints\yolo11n\model_selection\8feb3dbe-4450-3aeb-b22b-e65128aa696b.propagation.parquet,811862e2c316a2c880bbda6293452f41dda9e1c0142f9e771d9a93497406d5e8,0,yolo11n,False
results\av2_confirmation\invalid_propagation_run\checkpoints\yolo11n\model_selection\902d5e72-b665-3615-af2d-a2b6164864b2.propagation.parquet,bd515ab5a7de457c7b934774428bf9f368371ab02ce9746614cf8ab28f1a4bdd,0,yolo11n,False
results\av2_confirmation\invalid_propagation_run\checkpoints\yolo11n\model_selection\9441ffdd-f06e-36e0-839e-b836b0f19bc9.propagation.parquet,641db2dc0c71dc6b6eba782021f637a956fd455d48088af7514c7f5e0fab4504,0,yolo11n,False
results\av2_confirmation\invalid_propagation_run\checkpoints\yolo11n\model_selection\a059b6b9-ca26-4881-bcf7-d202433de0c2.propagation.parquet,909597d20b5bdfc2dc011ab1a59486f3b16db8826f679b6123682f078199df6b,0,yolo11n,False
results\av2_confirmation\invalid_propagation_run\checkpoints\yolo11n\model_selection\a1c1d559-0480-39d2-94f0-1a89f0226c4f.propagation.parquet,3d9a579f5c3bb8d10787fa4dc804daeb9d36beca6b9bbdc3193b86dc3ebf9728,0,yolo11n,False
results\av2_confirmation\invalid_propagation_run\checkpoints\yolo11n\model_selection\a47ba6a9-ffa1-3979-bb40-512339284b8b.propagation.parquet,5b203aff856d843d381cacec1b72e0d6a89f71f88607b53b6e27e59740b9d1e4,0,yolo11n,False
results\av2_confirmation\invalid_propagation_run\checkpoints\yolo11n\model_selection\a88da814-ecc6-39c0-93ba-8a81f403a7e4.propagation.parquet,970d8d1b82edd3feeeef94339b703a43683ea0f269aee9cbdbc18d39614b2028,0,yolo11n,False
results\av2_confirmation\invalid_propagation_run\checkpoints\yolo11n\model_selection\b29b43d7-3af9-363e-aaeb-8805d958f982.propagation.parquet,4177b4c101d1ff18c08a8adb3b5323de66cd5e18a59d07798c026e9697a33c50,0,yolo11n,False
results\av2_confirmation\invalid_propagation_run\checkpoints\yolo11n\model_selection\d0ba7a1b-f5ca-39d6-98d0-29c671baec65.propagation.parquet,33358543117dc743927ae579c680970efdd240c57356d080bc7ad035704bfd04,0,yolo11n,False
results\av2_confirmation\invalid_propagation_run\checkpoints\yolo11n\model_selection\e0cfd042-ae29-3d21-bb47-81eb8f933ec8.propagation.parquet,6898e66792728357c36dd78cc2a50992f18cde2158e12392adc390f6072bd221,0,yolo11n,False
results\av2_confirmation\invalid_propagation_run\checkpoints\yolo11n\model_selection\e2043284-6122-3cc9-a7e7-f091a16361b7.propagation.parquet,e3bfa4f49c4d0059675ac3eac3b78cb46fd14dbbef13b4559e3aa1139c9db114,0,yolo11n,False
results\av2_confirmation\invalid_propagation_run\checkpoints\yolo11n\model_selection\e424d4f7-4b28-322f-b630-31d42ae528eb.propagation.parquet,fa5d80ff7ea2a7fdbce47791f5e2d7d676db388c5d37435cdaa2163935fb37ef,0,yolo11n,False
results\av2_confirmation\invalid_propagation_run\checkpoints\yolo11s\development\01bb304d-7bd8-35f8-bbef-7086b688e35e.propagation.parquet,bbcb26448312631ccf99af68639754eb5312c441a875e2eed66696dc84331f7f,0,yolo11s,False
results\av2_confirmation\invalid_propagation_run\checkpoints\yolo11s\development\16af3863-0d31-3cd1-8fa2-58053ffb953a.propagation.parquet,6faa24e87894403b215ee72bd568b8439fd0cf4553636bba2715b20755b971cf,0,yolo11s,False
results\av2_confirmation\invalid_propagation_run\checkpoints\yolo11s\development\1d43ed4e-e705-308a-bdfa-49d99285c42a.propagation.parquet,3f388a1899d794b167e171514b63a041fba70148538c0a4669693ff4264c1ab8,0,yolo11s,False
results\av2_confirmation\invalid_propagation_run\checkpoints\yolo11s\development\1e6f21fd-5c8a-3526-ac50-72adae89d6a8.propagation.parquet,e47453cb475f2398e150f44b608d5a39c9786f9ff4b0fbc156d7ea9edd715365,0,yolo11s,False
results\av2_confirmation\invalid_propagation_run\checkpoints\yolo11s\development\2772dd5f-bc0a-47ea-ae19-a5e0dbef8f41.propagation.parquet,0310dc4b5f3d5891a6caf2999ff7432c66446df250109681308f6c5c3f50ece4,0,yolo11s,False
results\av2_confirmation\invalid_propagation_run\checkpoints\yolo11s\development\286790ed-9dec-305b-bcad-4f8153301e7c.propagation.parquet,eefb944b6e428824bc5e1fee1f480a48bd26ef0cb5baf37a7036b00c86ea1384,0,yolo11s,False
results\av2_confirmation\invalid_propagation_run\checkpoints\yolo11s\development\2a9b2658-097e-3f8b-a817-22f2553c5de8.propagation.parquet,b3803bc4606fbcd71de2ae98274864b05c9c37767e00d1b9591906d88ba4aea4,0,yolo11s,False
results\av2_confirmation\invalid_propagation_run\checkpoints\yolo11s\development\3153b5b3-d381-3664-8f82-1d3c5ca841d2.propagation.parquet,cdf2509b2e2710283d27adbaf9f4663c862e0bc2a8d0d0efabdb66d3629c38e4,0,yolo11s,False
results\av2_confirmation\invalid_propagation_run\checkpoints\yolo11s\development\349c4c1c-9561-360f-9ae7-59772335d54b.propagation.parquet,1a9677a1b2046aabd4a653953837c1b36d1fb7b25e38601ad0e137fb9f21c07d,0,yolo11s,False
results\av2_confirmation\invalid_propagation_run\checkpoints\yolo11s\development\3576c0f5-c1b5-35bb-a0c4-ee95cba5c754.propagation.parquet,c104a082ec7c5abf6beef3f8b03ca9c289dcf44388d1c8ac6e7d078b54aa753f,0,yolo11s,False
results\av2_confirmation\invalid_propagation_run\checkpoints\yolo11s\development\366ceb72-9f11-385a-8bc9-a26a18dbdd22.propagation.parquet,c4ed6aee8afa0a14874017e2ee7b664296ef8672e2d02901db36ea782870586e,0,yolo11s,False
results\av2_confirmation\invalid_propagation_run\checkpoints\yolo11s\development\380e5bf0-1c68-36a4-ac64-09a03b60bebf.propagation.parquet,71afc7bd9cf31e21d41c37a56f7c5dbfe2abb75c630b8ecbdef8019ea30511b3,0,yolo11s,False
results\av2_confirmation\invalid_propagation_run\checkpoints\yolo11s\development\3dd173a6-8b21-3189-bd53-132919b96a48.propagation.parquet,6ede4597c8ea69fe8a9eec7d77c3a69d9efe946a13441620476eff9b692bc60e,0,yolo11s,False
results\av2_confirmation\invalid_propagation_run\checkpoints\yolo11s\development\3f9796e9-c892-3915-b719-3292df878ece.propagation.parquet,493007d8cd1588ef2897d66d531078ed8f13ad433a09240f88695c7d96263be4,0,yolo11s,False
results\av2_confirmation\invalid_propagation_run\checkpoints\yolo11s\development\3fbdfb6c-927f-4aaa-81b1-21b02efd4c01.propagation.parquet,2db8b1042fa78aef6ccdf389b8a1a1ee290271de8a977cbf806c7b4135463877,0,yolo11s,False
results\av2_confirmation\invalid_propagation_run\checkpoints\yolo11s\development\40bfcbec-ec59-3731-8e75-67f0bddc3b01.propagation.parquet,8a7f9917ac1d7d0081e07b22dab261a453bc6d70279ee69ad112b6fe4b9c22fd,0,yolo11s,False
results\av2_confirmation\invalid_propagation_run\checkpoints\yolo11s\development\41b6f7d7-e431-3992-b783-74b9edf42215.propagation.parquet,856701d61c5021c17eac44ec9f28895ab8cc1d9800919f6592e9b75900e2536c,0,yolo11s,False
results\av2_confirmation\invalid_propagation_run\checkpoints\yolo11s\development\41d69427-364c-366e-94a5-8e556bcac39f.propagation.parquet,1999d3d7b5e504aba98d10a51d10e465b9c13079b3fa1f0db3c7b715da4b32b0,0,yolo11s,False
results\av2_confirmation\invalid_propagation_run\checkpoints\yolo11s\development\4207ef92-0b3b-4708-8868-4ffcaef308e0.propagation.parquet,94b274ffd9049bf86bb3ba1e98b0ee9100a2916733906159023b505e53e775db,0,yolo11s,False
results\av2_confirmation\invalid_propagation_run\checkpoints\yolo11s\development\453e5558-6363-38e3-bf9b-42b5ba0a6f1d.propagation.parquet,925ede04e92247f8fc0cbc7eaf8669ae26301b2ec511f98205844ae357604eb1,0,yolo11s,False
results\av2_confirmation\invalid_propagation_run\checkpoints\yolo11s\development\46d917cd-531c-330b-8d7b-979b51a8927f.propagation.parquet,6c7d59d000627bfa61079043e17158dd37ad54a1e54aeac9cb42fcf8654225dd,0,yolo11s,False
results\av2_confirmation\invalid_propagation_run\checkpoints\yolo11s\development\47167c79-2ba4-369c-8db8-760a30b4c38a.propagation.parquet,5dd3c44e310a5b177930e17290c77a497b7e12af8ef879b7a8dd1c665d752b1f,0,yolo11s,False
results\av2_confirmation\invalid_propagation_run\checkpoints\yolo11s\development\47358aac-2ec0-3d45-a837-f2069ca7cee3.propagation.parquet,ce11e409840516098620c791d7b2132aa9cfa70a192286366101ee2d1c599ee8,0,yolo11s,False
results\av2_confirmation\invalid_propagation_run\checkpoints\yolo11s\development\575d8d24-ba88-3b18-84c0-df5b29dccfde.propagation.parquet,0f4f464650a879f7a508584ce28b7540b877cfdc05220cc9109282029678491f,0,yolo11s,False
results\av2_confirmation\invalid_propagation_run\checkpoints\yolo11s\development\5b1d8b11-4f90-3577-be0b-193e102fda82.propagation.parquet,40e66947f37301f5a447d485ba26eb7738a42ce5bf031318956ee29ae5c278f1,0,yolo11s,False
results\av2_confirmation\invalid_propagation_run\checkpoints\yolo11s\development\62a1e53b-b55c-36c2-bc5b-e216d494875a.propagation.parquet,e8e438200eacb41223e3b303f8cc906aba8215f60277631920a36906a7c04209,0,yolo11s,False
results\av2_confirmation\invalid_propagation_run\checkpoints\yolo11s\development\633addf9-441c-35e7-868a-738aa612d51c.propagation.parquet,f59b13414920b2bb758379233c5c909a0978e757ca677a9a2552bf0c617a8c2d,0,yolo11s,False
results\av2_confirmation\invalid_propagation_run\checkpoints\yolo11s\development\639d4834-f922-3e27-9913-20aa649f815d.propagation.parquet,d5f528ea03d0dedc27f92f48756212b1caae12d67aad36f517c6d316d7e6af2a,0,yolo11s,False
results\av2_confirmation\invalid_propagation_run\checkpoints\yolo11s\development\6937b4e5-b5b4-3970-b5dd-9ad194e6c338.propagation.parquet,278041b2cb4d90ea4d8f290808b89eb4795ac39bb0d1b76ae94377168de7f066,0,yolo11s,False
results\av2_confirmation\invalid_propagation_run\checkpoints\yolo11s\development\69c0ec7c-e289-3c4d-ade3-d2287ec34026.propagation.parquet,c09a73c63b53e7bc055a0dd9aa59534bbc11913e84905b83a69cf4d17d9f6cab,0,yolo11s,False
results\av2_confirmation\invalid_propagation_run\checkpoints\yolo11s\development\6aa2ac89-6b25-3af6-ad59-221351189f4b.propagation.parquet,9ecd0f46fb9db2dd78921c0ddc03b81e89c951d9fcfaf81cdc26863d2d067f5f,0,yolo11s,False
results\av2_confirmation\invalid_propagation_run\checkpoints\yolo11s\development\6cc0bb26-5afb-3688-b237-b9c64c2800e5.propagation.parquet,9540274b01c2024f73d4a310c21e55c8b04da4985fa67c775a7f8fdd8f690c14,0,yolo11s,False
results\av2_confirmation\invalid_propagation_run\checkpoints\yolo11s\development\6dc6e668-549e-33b8-b952-ed8e807b1d48.propagation.parquet,bb1c9c595744c6ccb6ded36949bbc90b4bddfb77ca0475c3ac96a3ddc98e97d8,0,yolo11s,False
results\av2_confirmation\invalid_propagation_run\checkpoints\yolo11s\development\74dd5c1d-7a9a-32d1-903a-fc57e07109b9.propagation.parquet,176e9daa0d6c2de4318345ca90bf704f78dac0959a8c31eb00428ec35bcacc51,0,yolo11s,False
results\av2_confirmation\invalid_propagation_run\checkpoints\yolo11s\development\74f15437-b85e-314a-9d86-7294b98bf07f.propagation.parquet,37b193bc8d009c4305f3512956e0c5ab064822966c19ea37f009316cd6e6a973,0,yolo11s,False
results\av2_confirmation\invalid_propagation_run\checkpoints\yolo11s\development\768cf7e2-eb6c-3468-969e-e3b0fd87b34e.propagation.parquet,c473def6fb1b8a2d707ab95c0983c7b6fd87c0b7ee3252d48bb43e7cf582cfdc,0,yolo11s,False
results\av2_confirmation\invalid_propagation_run\checkpoints\yolo11s\development\770a58e6-eff6-39b7-a265-fe7f202fe8b2.propagation.parquet,ed8146802d87cf1ecf9ed533c5b4adffaa3d6d1b3425e10f6e06bd5ee0c1ebda,0,yolo11s,False
results\av2_confirmation\invalid_propagation_run\checkpoints\yolo11s\development\7ce2a2ce-eed6-36d7-ba62-dda9acddb070.propagation.parquet,605e2bbab4b786477e928b3b1da3ad7eea807ffc89f9eb4a8baf3c26b2e49589,0,yolo11s,False
results\av2_confirmation\invalid_propagation_run\checkpoints\yolo11s\development\7e3d8631-3b7d-38c1-b833-ee7cfa7235ca.propagation.parquet,112449d8705416564243d67a9179023a6998b487bcc35b66c3d1d58d25d15dea,0,yolo11s,False
results\av2_confirmation\invalid_propagation_run\checkpoints\yolo11s\development\7ef4a6cc-7266-3a31-8dd4-01c3d3c58dcb.propagation.parquet,182285fe5ada59a36c2a8375b92a188276f755c8c02bc129745634faeabb6074,0,yolo11s,False
results\av2_confirmation\invalid_propagation_run\checkpoints\yolo11s\development\80da8956-f418-319c-9f49-3d47d9002546.propagation.parquet,da3d19e27c8c9301c7c7dde16ec361a4125851857dc42a0bca2f5b8b6ff596c8,0,yolo11s,False
results\av2_confirmation\invalid_propagation_run\checkpoints\yolo11s\development\85026edc-5fdf-308e-a8ef-a1aad1151c50.propagation.parquet,d537f0e5b94bdf7d7528ee0ce307f3ea85267a7ae94194a4000abf246a9258cc,0,yolo11s,False
results\av2_confirmation\invalid_propagation_run\checkpoints\yolo11s\development\8a0ff1a2-9045-3be3-b67f-3914d88178ec.propagation.parquet,8a973533cd92d6a433df2be930e25dd6fa7e05a083f9da2bf105727be0393079,0,yolo11s,False
results\av2_confirmation\invalid_propagation_run\checkpoints\yolo11s\development\8c019de9-7043-37bc-9498-b5858e7240af.propagation.parquet,ee9c24488ed5f2edc3bf7e7a0926f174c7c2bc5d8b92e7bb3edc2e2ab2add881,0,yolo11s,False
results\av2_confirmation\invalid_propagation_run\checkpoints\yolo11s\development\8ee606e6-4cbd-3c07-8419-fbda836ccaac.propagation.parquet,96a24d4c63d28ce9b32b3dd8e9f3e04baa99fccc1df454bdf71c8bd0eac94f18,0,yolo11s,False
results\av2_confirmation\invalid_propagation_run\checkpoints\yolo11s\development\90f360d8-35f7-3c54-b2da-e99b354bc4cb.propagation.parquet,45dfecbc05779c1308a9c35ef4f121e803b0e3376f192db65ddb5759f78f644d,0,yolo11s,False
results\av2_confirmation\invalid_propagation_run\checkpoints\yolo11s\development\91923e20-9a05-32e0-ac53-8c09b0b60341.propagation.parquet,ab55807b9cba0dbef7ba2bacfd369e6c37be2ce13e152c5df909745e961a8849,0,yolo11s,False
results\av2_confirmation\invalid_propagation_run\checkpoints\yolo11s\development\919f13de-857f-3b1c-9f8e-7cbe500a60ae.propagation.parquet,97b45e48be56162a3cf9790ebe4d1fb2451564e4d4d4ca6e651820fe97837c87,0,yolo11s,False
results\av2_confirmation\invalid_propagation_run\checkpoints\yolo11s\development\9239d493-31d7-3dd0-a05f-03d50a242392.propagation.parquet,22632dbe8820ff27e2980fc4a9bcf86caf178fa04d12e64107dd30148cff4e6a,0,yolo11s,False
results\av2_confirmation\invalid_propagation_run\checkpoints\yolo11s\development\96284bbc-6b58-330f-a5a6-76cd518543f0.propagation.parquet,b4e4db22fd83616b110b9e33a5d04d20ec5fdbd26659a200ae878e8852d921b0,0,yolo11s,False
results\av2_confirmation\invalid_propagation_run\checkpoints\yolo11s\development\97738d01-b24f-365e-8818-2463149154d2.propagation.parquet,3a3e10c7d5c06cde9b20ce1583f96c112fc3a7576a9365d9be366d2a73ccdaa0,0,yolo11s,False
results\av2_confirmation\invalid_propagation_run\checkpoints\yolo11s\development\9a25fd14-783b-35c3-ab2d-df4687f82b5e.propagation.parquet,a9fa90d098ad37c69c39c46c0868b4231aae2bfd86f6ed2359f8ef94007c1159,0,yolo11s,False
results\av2_confirmation\invalid_propagation_run\checkpoints\yolo11s\development\9afab336-dbae-3f70-a669-46813f4570d7.propagation.parquet,446e0964073bcb0a9bdf366ad343f7e7baaa9e74745385743338973ae2212cad,0,yolo11s,False
results\av2_confirmation\invalid_propagation_run\checkpoints\yolo11s\development\a160c635-aa67-352c-a5e6-03b113493090.propagation.parquet,c35d13615e09ff8e0b2947725a6d25a789d36354ae3016dd3065dd5f343ac0a9,0,yolo11s,False
results\av2_confirmation\invalid_propagation_run\checkpoints\yolo11s\development\a359e053-a350-36cf-ab1d-a7980afaffa2.propagation.parquet,ba5a18ecbcf9fb31042a7464c42bd5f44d69358adb002e0685a8b240637c8877,0,yolo11s,False
results\av2_confirmation\invalid_propagation_run\checkpoints\yolo11s\development\a50b198c-4de2-3f8c-a2b9-ab280605b350.propagation.parquet,5dc7674cfe33c3417d45bed04eb69810bb2b337813a38937eb58924f291befde,0,yolo11s,False
results\av2_confirmation\invalid_propagation_run\checkpoints\yolo11s\development\aa539866-29e4-353e-95a9-b6d321b53b33.propagation.parquet,46b1509f33b633550bb733d1e947cf831c56b64ea855075c99a200d29cc5540b,0,yolo11s,False
results\av2_confirmation\invalid_propagation_run\checkpoints\yolo11s\development\aa82b61f-7156-3c68-95a4-b79cebd120eb.propagation.parquet,e2809733bdbeac622c401d61991e2f37cc79ce281f75175bb355b105ad9c1018,0,yolo11s,False
results\av2_confirmation\invalid_propagation_run\checkpoints\yolo11s\development\ab83611b-436e-3de7-aad1-f0c9ad254196.propagation.parquet,fb10b20416de757c8075eb047d5b9d8ae37efbd1e1d291106fcda4bb2fe626b3,0,yolo11s,False
results\av2_confirmation\invalid_propagation_run\checkpoints\yolo11s\development\ac1b1697-42b9-4225-a666-d17f72204fa8.propagation.parquet,79a4f3a579a48320070d884f4a4ead1f4a112b194d6bc3da0d1f4cb14244b32b,0,yolo11s,False
results\av2_confirmation\invalid_propagation_run\checkpoints\yolo11s\development\b21b7285-2199-3264-b10a-524e9b23502a.propagation.parquet,49b7458a5e6797d6ab1f12ffd1f545a2bbce6c14d83f1709b36df5be4ff387c0,0,yolo11s,False
results\av2_confirmation\invalid_propagation_run\checkpoints\yolo11s\development\b5ea60b0-2540-4efe-b60e-f421ade3c128.propagation.parquet,82bf73723a1454aea344fef05a2d8271ccba77f9f8910902cda037dbede27c63,0,yolo11s,False
results\av2_confirmation\invalid_propagation_run\checkpoints\yolo11s\development\bb9be2e6-8f0e-3bb3-8bb9-5d9aa9df384d.propagation.parquet,bc7b78ebd2cc290ca0103646b398af8ee582277471c111770d99b55de2dc788c,0,yolo11s,False
results\av2_confirmation\invalid_propagation_run\checkpoints\yolo11s\development\c453a8e7-d3da-317a-946b-f8e9678a8582.propagation.parquet,0521915fb8589605cdd6ab348fb5f9fc1721fe25198d4b46ec918f2fd8d00092,0,yolo11s,False
results\av2_confirmation\invalid_propagation_run\checkpoints\yolo11s\development\c7f5e5c1-dc52-3619-8998-420b2e280d8a.propagation.parquet,f43a8a2ba2ae9221c2074ca7732b62e6706f6027bb1291a7e9e9ce609cb9969d,0,yolo11s,False
results\av2_confirmation\invalid_propagation_run\checkpoints\yolo11s\development\cf6a99cb-b8bc-34d7-bdca-30e50e66cd74.propagation.parquet,04fd3af51aaccb73c256e02c4c7c5e9cac0c1220812cfabbaf6261741d183ec5,0,yolo11s,False
results\av2_confirmation\invalid_propagation_run\checkpoints\yolo11s\development\d20c3612-a64d-3aa8-bd4a-58890413afbb.propagation.parquet,6305970214c775be0e10114e10e88d3eedc9465f2ad16b1e890bc66e6a96a5cb,0,yolo11s,False
results\av2_confirmation\invalid_propagation_run\checkpoints\yolo11s\development\d37be0e2-8223-3eeb-a0e2-c4b75d5ff87b.propagation.parquet,5ef35d3879c95a48a200bf9e394c2ce8a7050b064ce40ec99e239ce6a9ba734a,0,yolo11s,False
results\av2_confirmation\invalid_propagation_run\checkpoints\yolo11s\development\d3efe9ba-f10a-35e7-b17e-6850c66693fe.propagation.parquet,183b89184ed330acad70f4941c31f2db0ef86f8da14b78b2312b0d818ba106f3,0,yolo11s,False
results\av2_confirmation\invalid_propagation_run\checkpoints\yolo11s\development\dc9c2d63-083f-32c3-90ff-943ca823a245.propagation.parquet,83be11f1411225ccc33beadeab7597300cd4837bce4d3337d164b117ed97e30b,0,yolo11s,False
results\av2_confirmation\invalid_propagation_run\checkpoints\yolo11s\development\dd251cc5-736d-3b76-8ad3-3f6cb138178e.propagation.parquet,a176d6d38a4fa235da0717963f128429482fb8361c2bb91ff241b466fb99d566,0,yolo11s,False
results\av2_confirmation\invalid_propagation_run\checkpoints\yolo11s\development\e66d1403-755b-3f63-938b-a2a69446a48a.propagation.parquet,8d5418115b9bdb425ba92a450f4b151d9b3db8f9809f710fa6d884583b00d47c,0,yolo11s,False
results\av2_confirmation\invalid_propagation_run\checkpoints\yolo11s\development\ec3133b4-2b17-3d49-b78a-4bc480ac5137.propagation.parquet,69c960071a12697ea51eb334a5c9958e38206701a7c26b24b0979a998bacfaf2,0,yolo11s,False
results\av2_confirmation\invalid_propagation_run\checkpoints\yolo11s\development\ef4a46c4-138e-3478-b94e-3e60a567ec7d.propagation.parquet,8466949a5ca84d0d0460d73baba31a549dad045ef5e84e6730513cc47151b796,0,yolo11s,False
results\av2_confirmation\invalid_propagation_run\checkpoints\yolo11s\development\f3cc42c7-84a8-35c5-8683-13878bb9beeb.propagation.parquet,f82b67540843fd5acbbd47ec7ef6fdbeba16c7def4db581d21212af53dee983c,0,yolo11s,False
results\av2_confirmation\invalid_propagation_run\checkpoints\yolo11s\development\f7cdc2d1-f59a-30a2-aae8-8bb81c769e6e.propagation.parquet,b2c6476df516bf31337b47eab78b15efb7abbcc4ac6a691769933facc9c885af,0,yolo11s,False
results\av2_confirmation\invalid_propagation_run\checkpoints\yolo11s\development\fa9ec72a-cbcf-35dc-be20-4d0d9e7215ef.propagation.parquet,1086bab90be3bb33ed97f4c93e50a0c4049028a2c1f74dc138bdf51842720e3f,0,yolo11s,False
results\av2_confirmation\invalid_propagation_run\checkpoints\yolo11s\development\fb149ce0-7706-3bb5-9860-8c63d1c77592.propagation.parquet,94136b3ac548c340245416c3d3d28aeaf0bc36a8b639d0c88b5b0035072b6007,0,yolo11s,False
results\av2_confirmation\invalid_propagation_run\checkpoints\yolo11s\development\ff52c01e-3d7b-32b1-b6a1-bcff3459ccdd.propagation.parquet,6e3d052ca5fcb0ee876ea27cdc11db4a358fa7a26bfcecc8fc0bb8eda6639c53,0,yolo11s,False
results\av2_confirmation\invalid_propagation_run\checkpoints\yolo11s\development\ff8e7fdb-1073-3592-ba5e-8111bc3ce48b.propagation.parquet,513e45dcde91b98fada6226877096c7eb07e4b2ae8b903248d040f1e01a8138f,0,yolo11s,False
results\av2_confirmation\invalid_propagation_run\checkpoints\yolo11s\heldout\0b86f508-5df9-4a46-bc59-5b9536dbde9f.propagation.parquet,aea2342a92ed047ec19e97433732442fe6caaeed562161c880bbe147e7f02db4,0,yolo11s,False
results\av2_confirmation\invalid_propagation_run\checkpoints\yolo11s\heldout\0c3bad78-9f1e-395d-a376-2eb7499229fd.propagation.parquet,66dc0be2e7975c9038957a2d83875da445719bb4d178c364bb1bd1de76084f60,0,yolo11s,False
results\av2_confirmation\invalid_propagation_run\checkpoints\yolo11s\heldout\0fb7276f-ecb5-3e5b-87a8-cc74c709c715.propagation.parquet,cd4f18af4fe07557375befebe92393d2f30cd3c23f71b9e5e9646abb90430440,0,yolo11s,False
results\av2_confirmation\invalid_propagation_run\checkpoints\yolo11s\heldout\15ec0778-826e-3ed7-9775-54fbf66997f4.propagation.parquet,1577c2c66a662099ccca74754afaecb9c6038dfe9d7331f88f18713595a9eb5a,0,yolo11s,False
results\av2_confirmation\invalid_propagation_run\checkpoints\yolo11s\heldout\182ba3f7-b89a-36cc-ae40-32a341b0d3e9.propagation.parquet,9b32a237830dea8934be9b17df228c3f979badaddf7ef11f0bb7e3f69ead4227,0,yolo11s,False
results\av2_confirmation\invalid_propagation_run\checkpoints\yolo11s\heldout\19350c96-623d-4d77-af96-f8c23f00c358.propagation.parquet,8adfc927d33b7e9c7f67ec7a8ab926447c4416b1e9c567510821a4e2de20d9c1,0,yolo11s,False
results\av2_confirmation\invalid_propagation_run\checkpoints\yolo11s\heldout\1da4a0aa-22ae-3958-856d-05303de1f576.propagation.parquet,b994571ab4fdffbecd812ccaa943cf902e8eb185fc6e397173d74bf672e3b147,0,yolo11s,False
results\av2_confirmation\invalid_propagation_run\checkpoints\yolo11s\heldout\20dd185d-b4eb-3024-a17a-b4e5d8b15b65.propagation.parquet,6feb277b98824f2afee0edcc36db5f4f10c32edb2203efa8ee6c05b82c672823,0,yolo11s,False
results\av2_confirmation\invalid_propagation_run\checkpoints\yolo11s\heldout\24642607-2a51-384a-90a7-228067956d05.propagation.parquet,7308cef06ed37bc8fccdbd34d77c394d09e7d6055735b861b06f0b6d6c26c0fd,0,yolo11s,False
results\av2_confirmation\invalid_propagation_run\checkpoints\yolo11s\heldout\27c03d98-6ac3-38a3-ba5e-102b184d01ef.propagation.parquet,b6a1d2a31429b85e309c450de5026b0852be18b71716019e84302393fdf952a5,0,yolo11s,False
results\av2_confirmation\invalid_propagation_run\checkpoints\yolo11s\heldout\29a00842-ead2-3050-b587-c5ef507e4125.propagation.parquet,a6e1ef9ba5e7e38892649986d4b53171036a782b891bbaee475b52a9873531e5,0,yolo11s,False
results\av2_confirmation\invalid_propagation_run\checkpoints\yolo11s\heldout\2c652f9e-8db8-3572-aa49-fae1344a875b.propagation.parquet,b6611e6abe05458d9ecf7d196a8fe94f6bd04414028639e5933d7c65f5f8c377,0,yolo11s,False
results\av2_confirmation\invalid_propagation_run\checkpoints\yolo11s\heldout\36aec72e-5086-376c-b109-295b128e77e1.propagation.parquet,eeb946e92c25148039b7f351709d672718a7578f4997cd1cc0741deef5a70fb5,0,yolo11s,False
results\av2_confirmation\invalid_propagation_run\checkpoints\yolo11s\heldout\3de5b5d6-68c4-3c95-84ed-be7c83d829f8.propagation.parquet,ce5b93f4f67b48ec50b1e2e991fd3b0515f32f56564e5b43f32ceb153401e465,0,yolo11s,False
results\av2_confirmation\invalid_propagation_run\checkpoints\yolo11s\heldout\44adf4c4-6064-362f-94d3-323ed42cfda9.propagation.parquet,c8c7bed2a31627245d32966e29d412328ea5c29b3de37a3f21b975fba61cae7b,0,yolo11s,False
results\av2_confirmation\invalid_propagation_run\checkpoints\yolo11s\heldout\47286726-5dd4-4e26-bd2d-5324f429e445.propagation.parquet,e47bbfc47b455919229ab7385693e97d4bbb1a17d729d2c713430744421057d6,0,yolo11s,False
results\av2_confirmation\invalid_propagation_run\checkpoints\yolo11s\heldout\4e3fedbb-847c-3d5b-8a62-c9ff84550985.propagation.parquet,37b299ee48834d7a1fbd0e5e9cd93e765c38a31d4bf57a7cfe0f7a40665940d7,0,yolo11s,False
results\av2_confirmation\invalid_propagation_run\checkpoints\yolo11s\heldout\52071780-5758-3ed4-8835-0d64ecdc5575.propagation.parquet,53c2e34ed625e97628ad8bd3e5f2bee815653dc130158924277e3a44458e29fa,0,yolo11s,False
results\av2_confirmation\invalid_propagation_run\checkpoints\yolo11s\heldout\58e82365-03bc-3b2f-b55a-a4ad0e3e792d.propagation.parquet,90cc0d5f36e78a7fb138a77b9cf62ace99f5dd744b461d734814c6006112c09e,0,yolo11s,False
results\av2_confirmation\invalid_propagation_run\checkpoints\yolo11s\heldout\58fed0d4-97d5-469b-89a4-4394838e10c7.propagation.parquet,86aa4a28a6614d5c6ad1b8d85e4ac0c915c63cc507ee09785f5fad87d2420406,0,yolo11s,False
results\av2_confirmation\invalid_propagation_run\checkpoints\yolo11s\heldout\6c932547-4c11-31d7-b8ef-0c16a13dbfc3.propagation.parquet,fcd24bb1066b4c8c70197d875bae7fc4bed1562fbcb1e4e7e371edcb38433953,0,yolo11s,False
results\av2_confirmation\invalid_propagation_run\checkpoints\yolo11s\heldout\7039e410-b5ab-35aa-96bc-2c4b89d3c5e3.propagation.parquet,71e9506384aa147a0a013326df7ae3ea76e1edbc8bf6ee12b88465921e8492f7,0,yolo11s,False
results\av2_confirmation\invalid_propagation_run\checkpoints\yolo11s\heldout\78683234-e6f1-3e4e-af52-6f839254e4c0.propagation.parquet,53e520554f73762b0fe17fed057bf2e6aa847c8e726a9425353b5a6247687b96,0,yolo11s,False
results\av2_confirmation\invalid_propagation_run\checkpoints\yolo11s\heldout\78da7b7e-8ddf-3c7d-8716-eaa890106dd3.propagation.parquet,a6f4d877a6b8f000691bb99ca94ce4dc97787beb129ea180fbbc4f753b62dda7,0,yolo11s,False
results\av2_confirmation\invalid_propagation_run\checkpoints\yolo11s\heldout\7a2c222d-addc-30b2-aac6-596cb65a22e3.propagation.parquet,2a4c294cc70b177f51a37cd618f9b1ede3fa42b8a5a8167f4d0c74c475d145eb,0,yolo11s,False
results\av2_confirmation\invalid_propagation_run\checkpoints\yolo11s\heldout\858d739b-a0ba-35aa-bafc-4f7988bcad17.propagation.parquet,274f25b60dc8447fcb7d472292140eea0d045b4d14f3e00c6cbc492d07bb9caa,0,yolo11s,False
results\av2_confirmation\invalid_propagation_run\checkpoints\yolo11s\heldout\95bf6003-7068-3a78-a0c0-9e470a06e60f.propagation.parquet,dd05e607cc616814d9a750b6b84cef1c9911a16aa56fa0fbe7188e1692af0960,0,yolo11s,False
results\av2_confirmation\invalid_propagation_run\checkpoints\yolo11s\heldout\a7636fca-4d9e-3052-bef2-af0ce5d1df74.propagation.parquet,b8dbffde19d8c0abcd165fe3a83d1e553b61279724379a6e7bd84ef128f652e0,0,yolo11s,False
results\av2_confirmation\invalid_propagation_run\checkpoints\yolo11s\heldout\a91d4c7b-bf55-3a0e-9eba-1a43577bcca8.propagation.parquet,4c6083bf5b3c68f1eaf0f89ed086c08e1a9740efe42a74e594408aa8a132ba36,0,yolo11s,False
results\av2_confirmation\invalid_propagation_run\checkpoints\yolo11s\heldout\b19f3c1a-a84a-3a2d-8d1b-8a4ae201020b.propagation.parquet,37175a0414ee0c80fe66328fc3873b40a74e45814f5ec7788e81d583e0e84adf,0,yolo11s,False
results\av2_confirmation\invalid_propagation_run\checkpoints\yolo11s\heldout\b2053fdc-0b94-30bc-aee7-5bc6fb7e9f52.propagation.parquet,927e66c61ec1cbc11e3862a1778c119ac5a66d7e869217bfbe332cc17e28ddba,0,yolo11s,False
results\av2_confirmation\invalid_propagation_run\checkpoints\yolo11s\heldout\b50c4763-5d1e-37f4-a009-2244aeebabcd.propagation.parquet,336cebdc77f4c1e937d156a00b5e90987293729ed97748fc8ded5d1e220c95dc,0,yolo11s,False
results\av2_confirmation\invalid_propagation_run\checkpoints\yolo11s\heldout\b87683ae-14c5-321f-8af3-623e7bafc3a7.propagation.parquet,d38d469fb510182c330b7dac12ddc1225b0e163ccb3a6eb4c56e29d1490a166a,0,yolo11s,False
results\av2_confirmation\invalid_propagation_run\checkpoints\yolo11s\heldout\c8ec7be0-92aa-3222-946e-fbcf398c841e.propagation.parquet,aec12dae4972bcd421996f6b89a4eed15e342541bfaea61a442b79f8eb3dd4db,0,yolo11s,False
results\av2_confirmation\invalid_propagation_run\checkpoints\yolo11s\heldout\cae56e40-8470-3c9c-af75-6e444189488f.propagation.parquet,a44f9c81bc07a2d36a1b89d9636b9b540551c7eb6d20c6166fcd64fc94b97bee,0,yolo11s,False
results\av2_confirmation\invalid_propagation_run\checkpoints\yolo11s\heldout\d1395998-7e8a-417d-91e9-5ca6ec045ee1.propagation.parquet,df4d6bec8914bc9a8edda842c1bee8944b36665546473f69a0b3d85ab8854a7e,0,yolo11s,False
results\av2_confirmation\invalid_propagation_run\checkpoints\yolo11s\heldout\d3ca0450-2167-38fb-b34b-449741cb38f3.propagation.parquet,79ce1d1bf0aeecf44566af8b2d2c61d1b6624dd60a6d3f9fb9fbb121923e9a8f,0,yolo11s,False
results\av2_confirmation\invalid_propagation_run\checkpoints\yolo11s\heldout\d5d6f11c-3026-3e0e-9d67-c111233e22de.propagation.parquet,fa77447586d45c7e38373700cebd695f99c3263c4ae6404c5cc63a9415f2a838,0,yolo11s,False
results\av2_confirmation\invalid_propagation_run\checkpoints\yolo11s\heldout\da036982-92bf-36a8-b880-4ccf4e20b74e.propagation.parquet,6611c6490a4b77682fe4b6a7431ef9d46e8c61173e3161ed6749a31a229ebfbf,0,yolo11s,False
results\av2_confirmation\invalid_propagation_run\checkpoints\yolo11s\heldout\dafe14f5-825c-4e7a-9009-6dfdfdd5b030.propagation.parquet,91bc6a753d290ecc7992b5e27f4b09edfdc06dc756d100f08134726fbbccaa24,0,yolo11s,False
results\av2_confirmation\invalid_propagation_run\checkpoints\yolo11s\heldout\e1d68dde-22a9-3918-a526-0850b21ff2eb.propagation.parquet,40d45d9db34ae92c57c9fb906fc6dc57d470c9ba040c2937d16fd13e5be81951,0,yolo11s,False
results\av2_confirmation\invalid_propagation_run\checkpoints\yolo11s\heldout\e2e921fe-e489-3656-a0a2-5e17bd399ddf.propagation.parquet,cd9447420601da52b7da54abc558fecf2d3da34d674ebdb9545dfc591eb559e8,0,yolo11s,False
results\av2_confirmation\invalid_propagation_run\checkpoints\yolo11s\heldout\e50e7698-de3d-355f-aca2-eddd09c09533.propagation.parquet,2d72f1b8052b5b2b0c4f3e3dc827ebad4b98af48afe1db25129e84ac844bc609,0,yolo11s,False
results\av2_confirmation\invalid_propagation_run\checkpoints\yolo11s\heldout\e72ef05c-8b94-3885-a34f-fff3b2b954b4.propagation.parquet,eabb3ac95c0d2553846ab183aa1428f29212ea312b78928077a19ab9ee6c4fca,0,yolo11s,False
results\av2_confirmation\invalid_propagation_run\checkpoints\yolo11s\heldout\e8c9fd64-fdd2-422d-a2a2-6f47500d1d12.propagation.parquet,f915b8c8d670a3cc07672521104eab0ef20401a69925bf9104855ca8fc54a0e2,0,yolo11s,False
results\av2_confirmation\invalid_propagation_run\checkpoints\yolo11s\heldout\eec284b2-840a-3c75-aa42-04d2e309bbe1.propagation.parquet,fd5355ff01a6ae29335abb2bd281c572df1898dd9f2d9ab845a9ffc8cfe2889b,0,yolo11s,False
results\av2_confirmation\invalid_propagation_run\checkpoints\yolo11s\heldout\f1275002-842e-3571-8f7d-05816bc7cf56.propagation.parquet,a78a519395d09b6c0dde7aed40992170b7c51dba18794bd8cf17e7fcc3639c7e,0,yolo11s,False
results\av2_confirmation\invalid_propagation_run\checkpoints\yolo11s\heldout\f2576c8a-da9b-450e-88cf-a70af1b0eadf.propagation.parquet,b40bca680f6014e2906e7d67ccde6f4a3dca1fa7db82b98a4c489c64fdc3fc14,0,yolo11s,False
results\av2_confirmation\invalid_propagation_run\checkpoints\yolo11s\heldout\f292cc5c-7a90-360d-b62a-074c643bdf59.propagation.parquet,f8496dc7c9f2235cebd00ed9b82961f47dbd5dbfd78f5a118d80c558431c850c,0,yolo11s,False
results\av2_confirmation\invalid_propagation_run\checkpoints\yolo11s\heldout\f6cc0ebf-fc6a-3bf2-8bcb-76d8c43f194e.propagation.parquet,2ac8e0bb32d1ac2153b529a738edee845cb20edfbf493ec2508a22a34f59bf3c,0,yolo11s,False
results\av2_confirmation\invalid_propagation_run\checkpoints\yolo11s\model_selection\069cc46d-38bb-309d-88cf-296a3d0c0820.propagation.parquet,eb3b96c4f6e5464a3cb83a2ec2aac699e55f4ecbf41b48f62e2a1f6a783eb8a3,0,yolo11s,False
results\av2_confirmation\invalid_propagation_run\checkpoints\yolo11s\model_selection\0b324587-6097-3f92-a07a-a44f48c85d9e.propagation.parquet,b3e79e460c21de411683c0b8f5eff13631f8f0c7355f828a8516caa9e43e3bfc,0,yolo11s,False
results\av2_confirmation\invalid_propagation_run\checkpoints\yolo11s\model_selection\12c3c14b-9cf2-3434-9a5d-e0bfa332f6ce.propagation.parquet,af20728c50ba6e1195903000819c97203b82f272f8cc1be802d6d27d49760eba,0,yolo11s,False
results\av2_confirmation\invalid_propagation_run\checkpoints\yolo11s\model_selection\1842383a-1577-3b7a-90db-41a9a6668ee2.propagation.parquet,ddcf0f8324abcfee906cbc869e1ba76d74e320123f935ad090a198d0f87e879b,0,yolo11s,False
results\av2_confirmation\invalid_propagation_run\checkpoints\yolo11s\model_selection\271f4204-dd77-350b-b9db-5dabc4191985.propagation.parquet,7ef55970c6affdec8c4bb6441855a4359dfaab9c7e0321e5b7c60e4b73c3efb4,0,yolo11s,False
results\av2_confirmation\invalid_propagation_run\checkpoints\yolo11s\model_selection\8858428d-8fd5-3c3f-8ca4-d01f6e25e63c.propagation.parquet,9fcde55ed41b618baf9c3f76d3610126ee59c616fab2263743567ebe715a2143,0,yolo11s,False
results\av2_confirmation\invalid_propagation_run\checkpoints\yolo11s\model_selection\8940f5f1-13e0-3094-99ba-da2d17639774.propagation.parquet,173cf6259514bc4af76db62ce761dc4d2ee839271e1461b68fc80379caf76db4,0,yolo11s,False
results\av2_confirmation\invalid_propagation_run\checkpoints\yolo11s\model_selection\8c52d911-fe34-3424-9864-d3fdfac38064.propagation.parquet,5e12c8925ea8c0a2752a270be665500edc7e72a37fa767363b47cacebf44cc8b,0,yolo11s,False
results\av2_confirmation\invalid_propagation_run\checkpoints\yolo11s\model_selection\8feb3dbe-4450-3aeb-b22b-e65128aa696b.propagation.parquet,f0f69e81aa120bf5d7b1948e0a3634297d10b4a88d709c99e6b8c14c8847108b,0,yolo11s,False
results\av2_confirmation\invalid_propagation_run\checkpoints\yolo11s\model_selection\902d5e72-b665-3615-af2d-a2b6164864b2.propagation.parquet,942b4807d7bc9195404147ee695a715aef7e88a059d5d37836cbbba7e987c2d9,0,yolo11s,False
results\av2_confirmation\invalid_propagation_run\checkpoints\yolo11s\model_selection\9441ffdd-f06e-36e0-839e-b836b0f19bc9.propagation.parquet,55ad018abf794d5d7d82fabb7e209ac5dcb7263dd7117e9560621729b6237d32,0,yolo11s,False
results\av2_confirmation\invalid_propagation_run\checkpoints\yolo11s\model_selection\a059b6b9-ca26-4881-bcf7-d202433de0c2.propagation.parquet,21b1e6183352fda6e27d6520198221b33f37e8b7c1f9d70690e901268731a006,0,yolo11s,False
results\av2_confirmation\invalid_propagation_run\checkpoints\yolo11s\model_selection\a1c1d559-0480-39d2-94f0-1a89f0226c4f.propagation.parquet,6ebdf8233a97abd912ec3accd8bc1c7e3d27c7b5fa6ed5e90233dd8a6fce680e,0,yolo11s,False
results\av2_confirmation\invalid_propagation_run\checkpoints\yolo11s\model_selection\a47ba6a9-ffa1-3979-bb40-512339284b8b.propagation.parquet,29bd9e7b60dc4098f7ed41c32e0847b5ee485c3b9f62c9b8f2450bb5cef52877,0,yolo11s,False
results\av2_confirmation\invalid_propagation_run\checkpoints\yolo11s\model_selection\a88da814-ecc6-39c0-93ba-8a81f403a7e4.propagation.parquet,c12e2ba5155987c6d94f010ac125005642efde1a836358a090e8f46c7fc60e2d,0,yolo11s,False
results\av2_confirmation\invalid_propagation_run\checkpoints\yolo11s\model_selection\b29b43d7-3af9-363e-aaeb-8805d958f982.propagation.parquet,d796e89fe7c4852c28c29d3b88fc3cb4ee5aa93f79a0a711d9077eee2189d5c3,0,yolo11s,False
results\av2_confirmation\invalid_propagation_run\checkpoints\yolo11s\model_selection\d0ba7a1b-f5ca-39d6-98d0-29c671baec65.propagation.parquet,4255b82d7d74e98b9b02cf7aaecfc05e84afb09cc43cec3fff160e8455526534,0,yolo11s,False
results\av2_confirmation\invalid_propagation_run\checkpoints\yolo11s\model_selection\e0cfd042-ae29-3d21-bb47-81eb8f933ec8.propagation.parquet,c061aafe523012d5faea8171562a39b574a98c3a608371ec0636852fb2604d49,0,yolo11s,False
results\av2_confirmation\invalid_propagation_run\checkpoints\yolo11s\model_selection\e2043284-6122-3cc9-a7e7-f091a16361b7.propagation.parquet,22eb5bb8541658afe2f68dd4b4b93137e715967fac40116ff2032ec7c26d7bf4,0,yolo11s,False
results\av2_confirmation\invalid_propagation_run\checkpoints\yolo11s\model_selection\e424d4f7-4b28-322f-b630-31d42ae528eb.propagation.parquet,4586d16c58f1ade971e1214812081f6ead39cd6e68060311bd334a5a9d0bfa25,0,yolo11s,False
results\av2_confirmation\invalid_propagation_run\premature_analysis\aggregate_metrics.csv,6e0d527e97634b4eb5251bd996933f68cd1a2218d0f3397b8fe457c528e7b6d3,540,,False
results\av2_confirmation\invalid_propagation_run\premature_analysis\bootstrap_intervals.csv,59ce2e70e9d8141cb1d03866ba5894353cc9fc4d0546dab45a6be10e9d72c1a5,12,,False
results\av2_confirmation\invalid_propagation_run\premature_analysis\detector_comparison.csv,4bc4825c207afd08b61af975f8fcdd2f8ee47acd0a1194d2b8de452477459c8e,90,,False
results\av2_confirmation\invalid_propagation_run\premature_analysis\heldout_primary_metrics.csv,d556155a9693c38f549b8daaa44bfb15522fbbf7bab57d654019afa972c25a49,12,,False
results\av2_confirmation\invalid_propagation_run\premature_analysis\high_yaw_metrics.csv,df5d9c1471233bc9c9492bfcb1d318a817fd5924b10582a5955060c3f505d1fa,180,,False
results\av2_confirmation\invalid_propagation_run\premature_analysis\latency_comparison.csv,65e50bc07c56cfc7f901f91057ff6551d4d1154ecd9e0902266e2e3ef3ce57dc,180,,False
results\av2_confirmation\invalid_propagation_run\premature_analysis\metric_recalculation.csv,6b80b1d5f28f54cc0266216fd36fcc40ac0b78637f9c1f818c74f39850902b50,1260,,False
results\av2_confirmation\invalid_propagation_run\premature_analysis\model_comparison.csv,cf423c8cc49cc669039134aae37ec8a031423e9256611266b1945375fbc900d8,12,,False
results\av2_confirmation\invalid_propagation_run\premature_analysis\negative_controls.csv,61699b379249e7ac43a2d512e90974b4a4461a44cd94c3f979d18d1439aec61d,16,,False
results\av2_confirmation\invalid_propagation_run\premature_analysis\object_motion_contribution.csv,3643d1a87190a7516d7600106c16e8d6aa3634760b5fbbc2750244a0990111ca,4,,False
results\av2_confirmation\invalid_propagation_run\premature_analysis\per_log_metrics.csv,3e45613dae673a4e0eec6cf04f7da728e0fd171c9d91d9e53674db1f43dff005,9000,,False
results\av2_confirmation\invalid_propagation_run\premature_analysis\runtime_metrics.csv,eec7deae27a0c025c2e51b9cc31d7f3e66e92db4c48d2d6712064928aa1a965f,2,,False
results\av2_confirmation\invalid_propagation_run\premature_analysis\run_manifest_PREMATURE.json,ec36d789d322441e80cc4c6ff39ac0d11c8bcd688d23153ef43d715f25aec044,0,,False
results\av2_confirmation\invalid_propagation_run\premature_analysis\statistical_tests.csv,95461aca4d806a833d27521fffcf9ed2de07d091cc43499e7219534569c02744,12,,False
results\nuscenes_500ms_reproduction\b4_bootstrap_intervals.csv,58620c1c989eeac581d3fc69e79ed721ff8fe941ce01b30def8dce00ef10c182,20,,False
results\nuscenes_500ms_reproduction\b4_class_metrics.csv,ffc70eba4ab1d67c7b72eb8d0e9aa03af2d790b53f5cae33c9cce2170efc3138,63,,False
results\nuscenes_500ms_reproduction\b4_compute_time.csv,196842549460089c033fffd97153bbfe86f225c8d510daf2b8e231a178bf04e1,339,,False
results\nuscenes_500ms_reproduction\b4_distance_metrics.csv,254e387a47033a22cdf8c23eed38f7af3f896a97c9888c427bf603718db220f3,14,,False
results\nuscenes_500ms_reproduction\b4_scene_metrics.csv,d8054ceea8c423073fde0afff0959aea88cf1344bbec35cc5eadbe6fbf68a73e,70,,False
results\nuscenes_500ms_reproduction\b4_yaw_metrics.csv,ae2bd65e9ecfaf3681aa1ce34d606997c42d9db1f5e2b63c370799b65f68ef48,14,,False
results\nuscenes_500ms_reproduction\compute_time.csv,a83e741f97499e57c4cf7d949f7e64c028c12e4822ebd87d2f4088babcf6a92e,339,,False
results\nuscenes_500ms_reproduction\confirmed_model_comparison.csv,70c71c8b238b6f7ca774f1e7516145ed3eae9462e7d485cfad80e5eb252a359a,7,,False
results\nuscenes_500ms_reproduction\confirmed_predictions.parquet,14cb3eeb9813b3380bbb6fd2c30d2003b48cd8331a3e1d478b3bc5efd7ff7735,0,,False
results\nuscenes_500ms_reproduction\eligible_pairs.csv,6593b41993228496146757423b655b1e5800fbeb860c118eda7ad156b9130c6b,339,,False
results\nuscenes_500ms_reproduction\high_yaw_metrics.csv,0e2f2f237c1ef8275becb18d74f3409b330b61629bd527ee53d94e2b6995f54b,91,,False
results\nuscenes_500ms_reproduction\lidar_depth_estimates.parquet,43c0a1d7cb312e84761f33dc576f7252e3dcd1ad17cb7b40154de78665f14c4b,0,,False
results\nuscenes_500ms_reproduction\loop_ablation.csv,33c406273ecdb4b428993c08b08f97fa5b8237b3d148fa338ff3bd2819a9ebaa,5,,False
results\nuscenes_500ms_reproduction\model_comparison.csv,7b1d99bd8616684102fe83c8191a8614d37bd44d67420eec03129f84ae98f129,13,,False
results\nuscenes_500ms_reproduction\negative_controls.csv,52bdf11920b07b6ab43926c8a4a23992112c54cba76a5f5861aa8b12b77057c5,6,,False
results\nuscenes_500ms_reproduction\propagated_boxes.parquet,455b5d4a5c55998e80c17fb18d606e05d234f3c0b5a924bd5b53a4bd4c232b58,0,,False
results\nuscenes_500ms_reproduction\run_manifest.json,0107317a31686b0aaab8354bb5ed8cd03e8205d3aaf06792c7df23f5a6d02214,0,,False
results\nuscenes_500ms_reproduction\scene_heldout_metrics.csv,5638248a1eda20196aaec2a5336a23fc224f1953e096188c3e1eabcca531aa15,260,,False
results\object_motion_harm\benefit_probability_model.csv,93fc82d7b63fae130a58880278e98e32b0c564543582c51a29ebf58dcc6325ce,151,,False
results\object_motion_harm\bootstrap_reversal.csv,83e3ad714e7a01ece0f84ffbeadab8d33fe67ebc6385223560c98fab479acd55,762,,False
results\object_motion_harm\component_effects_by_detector.csv,6cce81e507a2da96b15567741ab538e45862077a49f774a283a393feb3841034,360,,False
results\object_motion_harm\component_effects_by_detector.shard-00-of-08.csv,587d09786ba703236112910b7227e1aa94eebf07196556a0c4538d1806ee426b,360,,False
results\object_motion_harm\component_effects_by_detector.shard-01-of-08.csv,90596691f9f9f774d87ae868b2ea83c4953756d25456540d239df0ba047cc0de,360,,False
results\object_motion_harm\component_effects_by_detector.shard-02-of-08.csv,a79dd1635c1b28baacd67fecf06f4f268fa66aaa2abdceb2012fa8b7bcec4a65,360,,False
results\object_motion_harm\component_effects_by_detector.shard-03-of-08.csv,3cb7583ffc981ad60a337d2923c66c0d1a40bb2fb4cf4e719e911b866000d82f,360,,False
results\object_motion_harm\component_effects_by_detector.shard-04-of-08.csv,32bcfe56bbaa4f2e60c5e684e7ae0582f4ff070f5df9db2f5c7704fac5148740,360,,False
results\object_motion_harm\component_effects_by_detector.shard-05-of-08.csv,5076dcd0371a9305a1d95d998ab066f427f612aa09dc3c2ff2851b9c0e6f86a6,360,,False
results\object_motion_harm\component_effects_by_detector.shard-06-of-08.csv,5e6e60fa827876d9f545c890d4404b198b9cb2af06edfe05738ba30d21d72aa2,360,,False
results\object_motion_harm\component_effects_by_detector.shard-07-of-08.csv,d61cd5daf8d43ec9ffe097a0390ccd21456022cf38a7b490f45dc8a58fdf3c7f,360,,False
results\object_motion_harm\component_interactions.csv,76f6eead6962b9117b6a7acaab23c772261417616d838e8a0620ba62962b89cf,4890,,False
results\object_motion_harm\component_interactions.shard-00-of-08.csv,7afccf960bd89d1a72f1c12199d37c93c1a59945d706d01b1e27b0d121bbed9c,608,,False
results\object_motion_harm\component_interactions.shard-01-of-08.csv,60a0d50c97f9c46149143093d2996b03d61e33c0ebf1ac3f68dc7a4d480033d8,608,,False
results\object_motion_harm\component_interactions.shard-02-of-08.csv,7e6e632c0049719fc26b2e9e8354ee94588745061bc485f19be4c0ab63372544,608,,False
results\object_motion_harm\component_interactions.shard-03-of-08.csv,a74bbc64149ffe72127017e37f0b8ddf14f07b8a67df14726522bf527d82282a,608,,False
results\object_motion_harm\component_interactions.shard-04-of-08.csv,d34d2fa0322100391e2e4e9b67429bdd7168e11e66ba132343c45c533682ce26,592,,False
results\object_motion_harm\component_interactions.shard-05-of-08.csv,4c96ae036d839e16c5f168a8e08e205bf6139a26b221ab1a4db7f9c27ab22017,592,,False
results\object_motion_harm\component_interactions.shard-06-of-08.csv,84089b858ef7f3983bf6c0fab8afef9374003d0ed9f5adb47ae3c54191bf881a,592,,False
results\object_motion_harm\component_interactions.shard-07-of-08.csv,0fae3c39c699348fbfeb50e87e77840b59058a0097357c7411dba1e983a445c6,592,,False
results\object_motion_harm\component_log_rows.shard-00-of-08.csv,f5cf36476aa14df300039c84e347b5e3c9f3f8b3216c878ea660ea8917aefaad,2800,,False
results\object_motion_harm\component_log_rows.shard-01-of-08.csv,bfe697a54a5e12cecddcc25fefe63fff684c0546bc84c4ef9fa7e27ba2aa4505,2656,,False
results\object_motion_harm\component_log_rows.shard-02-of-08.csv,6cd41450a3ba8d184732520b44aa2b0f6b9c569ca279565c5754c8089ea43203,2824,,False
results\object_motion_harm\component_log_rows.shard-03-of-08.csv,ada86b6ec0ad02953daaa3cd36a58320e21f3179931eb171400b902861f368e7,2680,,False
results\object_motion_harm\component_log_rows.shard-04-of-08.csv,6947400a56ddb1065d13b8c31983a6d5a87d42b3821e27f43a20f3165530d1b5,2672,,False
results\object_motion_harm\component_log_rows.shard-05-of-08.csv,807f0213665a284b31d7b1f36052e6e25b744c491bb49ecf563a36eb43dd6947,2728,,False
results\object_motion_harm\component_log_rows.shard-06-of-08.csv,4640a2c36ab0b42c7b34ea7ee781f1122c1ced38e381d5c95f6060bd78f1edd2,2624,,False
results\object_motion_harm\component_log_rows.shard-07-of-08.csv,6fe07c5c3658f2124fa728027f34d1943be5a3df0d92161ca44af030aca90898,2696,,False
results\object_motion_harm\component_substitution.csv,f6a0bc2510712f3d2e955d6aaf70b5b5dee85f8fad18d1245290d6aa7c5525e2,480,,False
results\object_motion_harm\component_substitution.shard-00-of-08.csv,9d09f07c9fd33b0432f0b8280f1fa26a95e19b5436b17eab2fa30fabf039e5ab,480,,False
results\object_motion_harm\component_substitution.shard-01-of-08.csv,e6f1b9389ab6449b6cb24c2c55fb783bb392dd41658cbc3c8821d5315a70862b,480,,False
results\object_motion_harm\component_substitution.shard-02-of-08.csv,e6f46890a5b2c6455419f60202516fc88868658dc4f1cc20f9238f2e622ae2f7,480,,False
results\object_motion_harm\component_substitution.shard-03-of-08.csv,7daec195a58c76330303ac0c19184b8dcc985f80e349858e93b2d653cbfff721,480,,False
results\object_motion_harm\component_substitution.shard-04-of-08.csv,038ff69d67edb086a5d66bdb4e95dc41920cccb644eb7bd81735ccfa805f6b9c,480,,False
results\object_motion_harm\component_substitution.shard-05-of-08.csv,9efe45b24cbee6b0dd82ba08a95cb38ae3e4f1b4c8a9f9ab7766bde0bcee3906,480,,False
results\object_motion_harm\component_substitution.shard-06-of-08.csv,686e8033402f0e1b72a848b4184e85db70e7c242234786cd0c1d70f7036b9314,480,,False
results\object_motion_harm\component_substitution.shard-07-of-08.csv,0f9d65df0de6cc2217a40fbbb5db81fd5cd6f2a5c0ee6ec11851aeff83d21f07,480,,False
results\object_motion_harm\covariate_shift_analysis.csv,554875d87a31650ffb036003a40ae1d31c6508bf0bac8424ac1d8a5715c4d672,11,,False
results\object_motion_harm\cross_dataset_harmonization.csv,49d014d064d23a8b9bb000d6dba5943c2198c44b2cbded7e962c1ca4e8de15d9,7,,False
results\object_motion_harm\failure_mechanism_summary.csv,32f69f236793637e029efdd5fd448026695047258b4d6183d00b45b751df4d4f,60,,False
results\object_motion_harm\failure_mechanism_summary.shard-00-of-08.csv,498034f7abd7c41aea8c8a8cf322e20e4fb4b2fa0cc6437594801406e6deb138,56,,False
results\object_motion_harm\failure_mechanism_summary.shard-01-of-08.csv,eade8bc36eee40eae36f9bef919943db935e58588437ea0c6d99e215df295cb2,55,,False
results\object_motion_harm\failure_mechanism_summary.shard-02-of-08.csv,62c2cd8bdbeef0b1a30f9cdb84689d8e611f7878293a0fd1b511ef31a8adbbd4,57,,False
results\object_motion_harm\failure_mechanism_summary.shard-03-of-08.csv,fc1df5495b6c12b3ed8206f077959d742f2b7b66d978d2e92ed946c7931e906a,53,,False
results\object_motion_harm\failure_mechanism_summary.shard-04-of-08.csv,5b632362a08a77f5e14bf986ed6f0eac64f5cce6a49239a804ada9ea569af538,58,,False
results\object_motion_harm\failure_mechanism_summary.shard-05-of-08.csv,7b8db4494d4deac5dabe1d71961ee341db552308b63a417448c0e84740547bf0,59,,False
results\object_motion_harm\failure_mechanism_summary.shard-06-of-08.csv,355f7e1050b835acea552df32da96b9624aec3e495943ad1a2aafbb2697ec997,57,,False
results\object_motion_harm\failure_mechanism_summary.shard-07-of-08.csv,268c9f157ec9491a5b15bdbb8ee22976f2d27912ec2b6aa61d24225bb18e4319,56,,False
results\object_motion_harm\frozen_gate_specification.json,ad961b1264cb228ba57c4571ae11b92bc6c66d5b96dc0b590ac0da5189945321,0,,False
results\object_motion_harm\gate_heldout_results.csv,f9961759281433a6226c53ac4513526703087fdec42233db5c7c567a47580744,28,,False
results\object_motion_harm\influence_analysis.csv,6f47ec54f0ed72c89aa0e3ac76d873035f261b1afe1a859978bff064104348d2,70,,False
results\object_motion_harm\nuscenes_common_b3_b5.parquet,fc58d2b238fcb2cefe2da04631417b62fe080ffa3b216ef4c930b431e1c984c3,0,,False
results\object_motion_harm\object_level_diagnostics.parquet,a0ed3ed03941c3ce8fd7dcddf321aa920925a0109d03650d04e8498ec3a866d8,0,,False
results\object_motion_harm\object_level_diagnostics.shard-00-of-08.parquet,97e464cc37a3e61208f7aadf3efaa1f8c18a6d4c25e9629c8b4c1ab2d85cc7c1,0,,False
results\object_motion_harm\object_level_diagnostics.shard-01-of-08.parquet,cfc3b06f7b2bb994d50c4726e1e8579591a9b98d9f45f3516ce05f72fb1f4d4f,0,,False
results\object_motion_harm\object_level_diagnostics.shard-02-of-08.parquet,4c8efd407f413baaa752ce37d61b27331be5d03925ddbd27430a91e1affc2c54,0,,False
results\object_motion_harm\object_level_diagnostics.shard-03-of-08.parquet,983450eff642c3fa3ba56c8c7d1fd21141d935eb52467e269beee2d0b2a007ef,0,,False
results\object_motion_harm\object_level_diagnostics.shard-04-of-08.parquet,2e0172ef09cfde29e0a15ceb071400db064aa3924e1e3b7119f1e650094ef151,0,,False
results\object_motion_harm\object_level_diagnostics.shard-05-of-08.parquet,616d2dbbf0011abb8fccbf4fbc6a3df2a0dfad904dad3c0c0016a0fe9c778b58,0,,False
results\object_motion_harm\object_level_diagnostics.shard-06-of-08.parquet,75bb16e530d858928a1b1882f60734251dc7669da88f382cda128cf33ca5e9b3,0,,False
results\object_motion_harm\object_level_diagnostics.shard-07-of-08.parquet,4f28cb8ce27508f3bad7f92471b62bbb8bbe2cf6aebb0cba0a7fc337ec2f8da2,0,,False
results\object_motion_harm\operating_envelope.csv,c044aadfd99fac70a96e44b2718eb2a7fb1541202a915da8080b8fd6cef3c115,137,,False
results\object_motion_harm\oracle_diagnostics.csv,ff63f90a41d81c480ba3b2b5a66fd268bc153200a9ff4f1849ed7cfafa452b82,13550,,False
results\object_motion_harm\oracle_diagnostics.shard-00-of-08.csv,a4cd8b1513838a15a6b0ed4ca83b1a948d31e15c392e7c61bdf5a9c74edb35f0,1750,,False
results\object_motion_harm\oracle_diagnostics.shard-01-of-08.csv,3907b93eb69d520b55d49789e56de9394fc5d16d3af447e0cf631150bf293c96,1660,,False
results\object_motion_harm\oracle_diagnostics.shard-02-of-08.csv,fa9d10171db88bbd43ce2970f146b6185ac5805e57e7b1aeda09a9742315e52f,1765,,False
results\object_motion_harm\oracle_diagnostics.shard-03-of-08.csv,f35fcf40c365bc97fc0ba4a3284c8bb3edfa65c63cdac3bb0055d8c43a8b5292,1675,,False
results\object_motion_harm\oracle_diagnostics.shard-04-of-08.csv,8aed6d4815203b8cb5425a616356616b9e844fff17d5e420fed2195542d1fba1,1670,,False
results\object_motion_harm\oracle_diagnostics.shard-05-of-08.csv,044e81b005dec19cc2ebe2fd1499f378dc493b9c7a20f5518121e749458fe22c,1705,,False
results\object_motion_harm\oracle_diagnostics.shard-06-of-08.csv,2e7fc8006308044aff8916fb9d30c8a6356a172d3a169be037c8d571cb69df01,1640,,False
results\object_motion_harm\oracle_diagnostics.shard-07-of-08.csv,3151bcb09c3f50e88849d6587e8b3f31ec000d0777c6a73b9ebcf9eae35de3cf,1685,,False
results\object_motion_harm\per_log_reversal.csv,2abc96a881cf4de018e960ae0b8575d4e386f0a1ffb19983642d6194eb8a1a1b,2710,,False
results\object_motion_harm\reversal_recalculation.csv,825308165189da54a27586b5677f5aaf4e526ebe0850dce5881e53b4bb9114e0,120,,False
results\object_motion_harm\runtime_metrics.csv,b9a37b6de5ea586c52828dfb2b9a09b76e69ec40f11817508a8985825878302e,6,,False
results\object_motion_harm\run_manifest.json,6105004730b7dbe71c86ad42f81f3f7ce1ab91e2e36f506a1628fc585844eb40,0,,False
results\object_motion_harm\figures\figure_1_expected_vs_observed.csv,f70ac59a3cb9d5f1e4dd15c9a530d56e75e9598787b9e21ddb254780a4a92d3d,6,,False
results\object_motion_harm\figures\figure_2_paired_logs.csv,5913e2713afc4e405f0d6987cf6bfd546778077be1148d8be5de87282c7b016d,80,,False
results\object_motion_harm\figures\figure_3_component_substitution.csv,ea8bfe8e9ae383763d07e550b5e122323473921f3e63e0c375fa60700bda0678,16,,False
results\object_motion_harm\figures\figure_4_harm_probability.csv,69062006d2033f8af2b1bdf613eaf60c9c6c60b64607d03ee4cb0406a2b4fa1e,38,,False
results\object_motion_harm\figures\figure_5_cross_dataset_reversal.csv,32699b4b750f7d3a2d32ac32926d3567947d94db47bb24890e51e4eafd1fc88c,3,,False
results\object_motion_harm\figures\figure_6_gate_recommendation.csv,43aefaa1e3befd148ab9a43f7526bced888ba3debdef9871c15efb2271cab62c,6,,False
results\sivp_strengthening\architecture_interaction.csv,9ac07249d408abaebed7eef1dc3181f5dc8107dd21de9e3024f0edd1414e4761,6,,False
results\sivp_strengthening\causal_gate_calibration.csv,95e4395f88a472f37114d47c97fc0e18a81f27e667979b6ec855f405cfb9c5b2,19,,False
results\sivp_strengthening\causal_gate_model_spec.json,fed0a44c338c953b3c40174a29009878286776d2287626773baa374feeb2c120,0,,False
results\sivp_strengthening\current_detector_completion_audit.csv,c63946b1277addb9cdaafc9482fd106e36e6c2de76b587cef553661af9d7e8c1,100,,False
results\sivp_strengthening\extension_completion_audit.csv,d098fd8db988ba846581b72b435dfbdc0d5e894e31b9fcf4bb26ad93875a4427,45,,False
results\sivp_strengthening\extension_download_manifest.csv,2f223aeecdd82796130fbb1a2a5b56083902aee31c18ff3f687229cc3a1241f4,21599,,False
results\sivp_strengthening\extension_download_summary.json,0e954ea5c714dd86be6c730a2c3ef7e2dec7eb1f7c50212905e3f8ef7d74c274,0,,False
results\sivp_strengthening\extension_freeze_manifest.json,4b14e4ffc965a4bc19706bc5f55066b6ced173e64212df89c11eb76ef801224e,0,,False
results\sivp_strengthening\extension_latency_pairs.parquet,35e2a407c652efb51ba47e8341f39201424fb391def2ad7859355ab56fe0f215,0,,False
results\sivp_strengthening\extension_metadata_freeze.csv,315765f0311e31b517eb0be03d06f1c13438466a4aca491f49dc98a5a2040c84,45,,False
results\sivp_strengthening\failure_sensitivity.csv,5a02d6c703f9839a0a52a8c6e0d23cdc1e978fbd27fb628900e602ecb0ae42cc,46,,False
results\sivp_strengthening\replacement_checkpoint_inventory.csv,fcdef6e6ac107c7e1d714850e1ec46d586a77ed69f1abb6607b78ccf5082716f,300,,False
results\sivp_strengthening\replacement_process_inventory.csv,83cb3ff07c3d1871e4dd7a813661315e74604fc64e29b8b4f72d8fef534af3a1,4,,False
results\sivp_strengthening\rtdetr_completion_audit.csv,042090f2ae0c972baef322c3be010163bd9501805bb7449ea624c9d532cef463,50,,False
results\sivp_strengthening\third_detector_manifest.json,5c2317b2b8fa6887f679d21107164fe0ee695d0196077877c8f52a95c01957df,0,,False
results\sivp_strengthening\tracker_baselines.csv,1373b307e7ac850444239b89053a70dc779601bcd59ae7cff8316a5c5b8af874,210,,False
results\sivp_strengthening\tracker_bootstrap_intervals.csv,2266dd93097d70278b3cb1b23b96e23c38c65509308d07ea24cc6e952f89e95e,180,,False
results\sivp_strengthening\tracker_failure_mechanisms.csv,42bc8351fff60b949f69f2b2a292d7ba141029ed4cc9de79139b3c0fbaa9e044,20,,False
results\sivp_strengthening\tracker_manifest.json,2ae357494eaa77596a13ba42172392c685d29902f8cc4ee486f70b8ab32cea1a,0,,False
results\sivp_strengthening\tracker_per_log_metrics.csv,4000cb2fd2b9eebbfd00649161a40c86c01d8a6d7cb458fa2d2fac315d2d1f2d,9471,,False
results\sivp_strengthening\tracker_runtime.csv,0770f55c496e1757750fee26957cccbe9e325650e97461c475459e95e37006ac,21,,False
results\sivp_strengthening\end_to_end_low_level\heldout\rtdetr_l\0b86f508-5df9-4a46-bc59-5b9536dbde9f.predictions.parquet,0e9f2fefd094d9d5250225fe466cd2bbbe762f9d360c727780f1371f11404f0c,0,rtdetr_l,False
results\sivp_strengthening\end_to_end_low_level\heldout\rtdetr_l\0b86f508-5df9-4a46-bc59-5b9536dbde9f.targets.parquet,c81ba8eeb86c0b162cd876421a219cbdff3eb46ee529e88422dee958b8d35147,0,rtdetr_l,False
results\sivp_strengthening\end_to_end_low_level\heldout\rtdetr_l\0c3bad78-9f1e-395d-a376-2eb7499229fd.predictions.parquet,988230c93da850979d6d16334fb42dd84ae2ea1a4902e6e948a8717918f45dc5,0,rtdetr_l,False
results\sivp_strengthening\end_to_end_low_level\heldout\rtdetr_l\0c3bad78-9f1e-395d-a376-2eb7499229fd.targets.parquet,6b962a22bd2ac598d446933bd1927a73b6f4c6af25b3cec13f98ca298eee4ce9,0,rtdetr_l,False
results\sivp_strengthening\end_to_end_low_level\heldout\rtdetr_l\0fb7276f-ecb5-3e5b-87a8-cc74c709c715.predictions.parquet,be90676a4c419a199284c05ff459855e483c54b0dd9d6397ed68e9ffdcaa08f1,0,rtdetr_l,False
results\sivp_strengthening\end_to_end_low_level\heldout\rtdetr_l\0fb7276f-ecb5-3e5b-87a8-cc74c709c715.targets.parquet,7fd921478575763f606ea8d93ee4285ad8fd0c1828499d6567209e4fca457fba,0,rtdetr_l,False
results\sivp_strengthening\end_to_end_low_level\heldout\rtdetr_l\15ec0778-826e-3ed7-9775-54fbf66997f4.predictions.parquet,fc6c4aa22ae0cb7878c37151e5b57ac9f889be60c31623f84fe8ce9d2abf4489,0,rtdetr_l,False
results\sivp_strengthening\end_to_end_low_level\heldout\rtdetr_l\15ec0778-826e-3ed7-9775-54fbf66997f4.targets.parquet,69e30be4060728855d7fbc52fae14c69471c9a7bfa4ed9992cc8ab95916d11bd,0,rtdetr_l,False
results\sivp_strengthening\end_to_end_low_level\heldout\rtdetr_l\182ba3f7-b89a-36cc-ae40-32a341b0d3e9.predictions.parquet,9730ef80fb2a4c7927855d8008a64bb2f55972f9c43aa3aab6c3d3ffc3e510ae,0,rtdetr_l,False
results\sivp_strengthening\end_to_end_low_level\heldout\rtdetr_l\182ba3f7-b89a-36cc-ae40-32a341b0d3e9.targets.parquet,4c67041d4ee5ba45e196e29bcb6e923affec0db151b20e42acf4ea0baf0d1ad2,0,rtdetr_l,False
results\sivp_strengthening\end_to_end_low_level\heldout\rtdetr_l\19350c96-623d-4d77-af96-f8c23f00c358.predictions.parquet,fea020967ec0d096f777cda92bb9cb6fc04026c02abc0a748d5104efbd7b6cd1,0,rtdetr_l,False
results\sivp_strengthening\end_to_end_low_level\heldout\rtdetr_l\19350c96-623d-4d77-af96-f8c23f00c358.targets.parquet,faa058c294df6e20611f826c1248b9977694cbbe02f1152406e6f86193862a65,0,rtdetr_l,False
results\sivp_strengthening\end_to_end_low_level\heldout\rtdetr_l\1da4a0aa-22ae-3958-856d-05303de1f576.predictions.parquet,d8403532f2160b52a90d5d20d979566d0e17bf94d25160de514d72585d3bff22,0,rtdetr_l,False
results\sivp_strengthening\end_to_end_low_level\heldout\rtdetr_l\1da4a0aa-22ae-3958-856d-05303de1f576.targets.parquet,5b040d4540491b569a38cc29e6450138ed8aadae94139fae2e02205f3337c2b8,0,rtdetr_l,False
results\sivp_strengthening\end_to_end_low_level\heldout\rtdetr_l\20dd185d-b4eb-3024-a17a-b4e5d8b15b65.predictions.parquet,212c64917539612d8997e3cbb78093df7401d5d6ddd6a186e714a240a270f35a,0,rtdetr_l,False
results\sivp_strengthening\end_to_end_low_level\heldout\rtdetr_l\20dd185d-b4eb-3024-a17a-b4e5d8b15b65.targets.parquet,41f0960f42ee43f160a3e367c0e9e883ff095a1898ea99fb001a4e360d2fd4d5,0,rtdetr_l,False
results\sivp_strengthening\end_to_end_low_level\heldout\rtdetr_l\24642607-2a51-384a-90a7-228067956d05.predictions.parquet,969e01a1de84a88aa1b0aa64ecf5dee5dc74334f34d80115aacda342ca082a42,0,rtdetr_l,False
results\sivp_strengthening\end_to_end_low_level\heldout\rtdetr_l\24642607-2a51-384a-90a7-228067956d05.targets.parquet,68cd150fda16b88d14d0ae5f0ebf0802bdc9aa2de160f0003b4d97a43147076c,0,rtdetr_l,False
results\sivp_strengthening\end_to_end_low_level\heldout\rtdetr_l\27c03d98-6ac3-38a3-ba5e-102b184d01ef.predictions.parquet,7cf40768f1436a9c8fa4d61ca98051ba26369fc22a95f4ffe48d501743e64725,0,rtdetr_l,False
results\sivp_strengthening\end_to_end_low_level\heldout\rtdetr_l\27c03d98-6ac3-38a3-ba5e-102b184d01ef.targets.parquet,4b50f8288f9408080c9bc0f43b0ee4c290c22526981a58b5f904dfadbf5fb17b,0,rtdetr_l,False
results\sivp_strengthening\end_to_end_low_level\heldout\rtdetr_l\29a00842-ead2-3050-b587-c5ef507e4125.predictions.parquet,6caa859738e1ab13cdec56bfa67381fb67401421527eedadb55b8479c45c927c,0,rtdetr_l,False
results\sivp_strengthening\end_to_end_low_level\heldout\rtdetr_l\29a00842-ead2-3050-b587-c5ef507e4125.targets.parquet,10ad8f98a7d27173a0ef385095923e026cf32ee2b560b6ca8e8371d954026844,0,rtdetr_l,False
results\sivp_strengthening\end_to_end_low_level\heldout\rtdetr_l\2c652f9e-8db8-3572-aa49-fae1344a875b.predictions.parquet,5b2d7e68cf81b49fa8cccbd7774786435d88b12ab4ba7207b26f3e809f2ced55,0,rtdetr_l,False
results\sivp_strengthening\end_to_end_low_level\heldout\rtdetr_l\2c652f9e-8db8-3572-aa49-fae1344a875b.targets.parquet,2133973f97164683fdf7d62035f85dd5885144e5e5ae38fb16f7a2c51bdf0dde,0,rtdetr_l,False
results\sivp_strengthening\end_to_end_low_level\heldout\rtdetr_l\36aec72e-5086-376c-b109-295b128e77e1.predictions.parquet,5061fff07f17369651c9dce61d48f317544c0107c3e9f951b3a46e77120019c5,0,rtdetr_l,False
results\sivp_strengthening\end_to_end_low_level\heldout\rtdetr_l\36aec72e-5086-376c-b109-295b128e77e1.targets.parquet,b7e40139aafb887282924afb6e104ce277aeabfa777d16bc44c71f71e71ab8d8,0,rtdetr_l,False
results\sivp_strengthening\end_to_end_low_level\heldout\rtdetr_l\3de5b5d6-68c4-3c95-84ed-be7c83d829f8.predictions.parquet,d622cdcdf432188e3605dec2bf7192ebd6a743904244f3734b83263ba65e6c81,0,rtdetr_l,False
results\sivp_strengthening\end_to_end_low_level\heldout\rtdetr_l\3de5b5d6-68c4-3c95-84ed-be7c83d829f8.targets.parquet,45c514356ba2e9d68bdf6a90e00a632f7edcb731c834262a0d5417015d7f0f8c,0,rtdetr_l,False
results\sivp_strengthening\end_to_end_low_level\heldout\rtdetr_l\44adf4c4-6064-362f-94d3-323ed42cfda9.predictions.parquet,00c836982194be9b19e39a72c714f9103414d136ebb9df44f81445faf01eca03,0,rtdetr_l,False
results\sivp_strengthening\end_to_end_low_level\heldout\rtdetr_l\44adf4c4-6064-362f-94d3-323ed42cfda9.targets.parquet,77855e272015bb0a550173e3bbd2dc5a13fa137323e4c5e9bfc65b364c67a4fa,0,rtdetr_l,False
results\sivp_strengthening\end_to_end_low_level\heldout\rtdetr_l\47286726-5dd4-4e26-bd2d-5324f429e445.predictions.parquet,3d2a5a3300816f85af3c759e6caa5cab072a5c7f9a58d95a7dc56549b793b071,0,rtdetr_l,False
results\sivp_strengthening\end_to_end_low_level\heldout\rtdetr_l\47286726-5dd4-4e26-bd2d-5324f429e445.targets.parquet,df1e46af688f4d6296bbe656beb24a1067a8ae73ade1ae61025125e0f5c672bf,0,rtdetr_l,False
results\sivp_strengthening\end_to_end_low_level\heldout\rtdetr_l\4e3fedbb-847c-3d5b-8a62-c9ff84550985.predictions.parquet,f8b08a6044c5844c6e54978758c3c1115f6792d18a812164394aeb153a8357e8,0,rtdetr_l,False
results\sivp_strengthening\end_to_end_low_level\heldout\rtdetr_l\4e3fedbb-847c-3d5b-8a62-c9ff84550985.targets.parquet,9b3970c594eb0f9a7080370f68bbe95175b0d826bbaf2ccc97bc698b1df2115e,0,rtdetr_l,False
results\sivp_strengthening\end_to_end_low_level\heldout\rtdetr_l\52071780-5758-3ed4-8835-0d64ecdc5575.predictions.parquet,41c98459bd2274c3f40413f038d6203dead85022ca7231cba3b4ff45aac77110,0,rtdetr_l,False
results\sivp_strengthening\end_to_end_low_level\heldout\rtdetr_l\52071780-5758-3ed4-8835-0d64ecdc5575.targets.parquet,57bfe91da9c7901c11e31b754c79a890fbbb52d6a60e7f4d6cf9d3dc45fd953f,0,rtdetr_l,False
results\sivp_strengthening\end_to_end_low_level\heldout\rtdetr_l\58e82365-03bc-3b2f-b55a-a4ad0e3e792d.predictions.parquet,60133b1abc28115ad1ab34b1b51e2d687fa5550303b17d97295138a1e1254a6a,0,rtdetr_l,False
results\sivp_strengthening\end_to_end_low_level\heldout\rtdetr_l\58e82365-03bc-3b2f-b55a-a4ad0e3e792d.targets.parquet,8346b32a8018867b4d8cf5b039bbb68f99fd65aa5cc88965805daf6b93a9aa23,0,rtdetr_l,False
results\sivp_strengthening\end_to_end_low_level\heldout\rtdetr_l\58fed0d4-97d5-469b-89a4-4394838e10c7.predictions.parquet,5afb22a7ef2d948433e03861650839d43fc162a7afaf84540b86357a8f5c41fa,0,rtdetr_l,False
results\sivp_strengthening\end_to_end_low_level\heldout\rtdetr_l\58fed0d4-97d5-469b-89a4-4394838e10c7.targets.parquet,f4cfc104b57f7604d22e3afef28922d1f706b49932f31c7e9937361fe236d8cf,0,rtdetr_l,False
results\sivp_strengthening\end_to_end_low_level\heldout\rtdetr_l\6c932547-4c11-31d7-b8ef-0c16a13dbfc3.predictions.parquet,627cfb52334a6c7b87dd7a1dcab6907c9a4f1cdbb7c880c66b1c86ce1438613e,0,rtdetr_l,False
results\sivp_strengthening\end_to_end_low_level\heldout\rtdetr_l\6c932547-4c11-31d7-b8ef-0c16a13dbfc3.targets.parquet,4dcfa76e3b344d51da21badb96bac81791a1e04c2a5e5175ada59bc4fe00d172,0,rtdetr_l,False
results\sivp_strengthening\end_to_end_low_level\heldout\rtdetr_l\7039e410-b5ab-35aa-96bc-2c4b89d3c5e3.predictions.parquet,d86b0a32f42472a9fa300b2fdbb7da198e5ab3fa51065af1430411f217fa69e3,0,rtdetr_l,False
results\sivp_strengthening\end_to_end_low_level\heldout\rtdetr_l\7039e410-b5ab-35aa-96bc-2c4b89d3c5e3.targets.parquet,9cb2cf126212195bc314e6c7fd1e2588d6d569f1ceb095be8b7c4e16e8a16ce3,0,rtdetr_l,False
results\sivp_strengthening\end_to_end_low_level\heldout\rtdetr_l\78683234-e6f1-3e4e-af52-6f839254e4c0.predictions.parquet,8a3df77e90c938d86c55483743585ac54ed737c48f0d302ef09d08e95840273d,0,rtdetr_l,False
results\sivp_strengthening\end_to_end_low_level\heldout\rtdetr_l\78683234-e6f1-3e4e-af52-6f839254e4c0.targets.parquet,7c0e40d93c8910a2601a9f6631859eb78cd35d1620ac3e7e760cd9abc621a3c3,0,rtdetr_l,False
results\sivp_strengthening\end_to_end_low_level\heldout\rtdetr_l\78da7b7e-8ddf-3c7d-8716-eaa890106dd3.predictions.parquet,c3e034776e368b180117d4a027f7a16088f200bc500998c2f142cb3e3f75d8c1,0,rtdetr_l,False
results\sivp_strengthening\end_to_end_low_level\heldout\rtdetr_l\78da7b7e-8ddf-3c7d-8716-eaa890106dd3.targets.parquet,7fd7f1593331f545a3656f738364f9d7f795119868c5cd8e9ce2e9cbc5e199f4,0,rtdetr_l,False
results\sivp_strengthening\end_to_end_low_level\heldout\rtdetr_l\7a2c222d-addc-30b2-aac6-596cb65a22e3.predictions.parquet,dfeb6fa31c2be37b473f4f514788984f4dc8a167235909d8ccc6be02c0e2b812,0,rtdetr_l,False
results\sivp_strengthening\end_to_end_low_level\heldout\rtdetr_l\7a2c222d-addc-30b2-aac6-596cb65a22e3.targets.parquet,60f25ab1d2de5e637087602adee94fd64bedb95b2864a9a4daf8d9f082958b03,0,rtdetr_l,False
results\sivp_strengthening\end_to_end_low_level\heldout\rtdetr_l\858d739b-a0ba-35aa-bafc-4f7988bcad17.predictions.parquet,b19c3403f4015113be7914707ed6311cd6022dca363843f95bdb455c451c7613,0,rtdetr_l,False
results\sivp_strengthening\end_to_end_low_level\heldout\rtdetr_l\858d739b-a0ba-35aa-bafc-4f7988bcad17.targets.parquet,023a4dfa64cbf53653d42dc8df5fc8c636e592b1fe7aeeee804847feb59e03b1,0,rtdetr_l,False
results\sivp_strengthening\end_to_end_low_level\heldout\rtdetr_l\95bf6003-7068-3a78-a0c0-9e470a06e60f.predictions.parquet,14595df3ebfc03d0b9b52fec604db0226dbe176d3af338c86f1e0c9eb68ce78d,0,rtdetr_l,False
results\sivp_strengthening\end_to_end_low_level\heldout\rtdetr_l\95bf6003-7068-3a78-a0c0-9e470a06e60f.targets.parquet,e124b17e21a6534d980484ad9e606e3187436485fbc1ebed37f2efd82e375742,0,rtdetr_l,False
results\sivp_strengthening\end_to_end_low_level\heldout\rtdetr_l\a7636fca-4d9e-3052-bef2-af0ce5d1df74.predictions.parquet,9290df723db93fcd823b12489422585e3d906adc7ee1b25359b32a3b527b291a,0,rtdetr_l,False
results\sivp_strengthening\end_to_end_low_level\heldout\rtdetr_l\a7636fca-4d9e-3052-bef2-af0ce5d1df74.targets.parquet,93ee0bf17fcbcb8d192c8924014f77759f6260ee868c5e4f83d573df11e7dd1f,0,rtdetr_l,False
results\sivp_strengthening\end_to_end_low_level\heldout\rtdetr_l\a91d4c7b-bf55-3a0e-9eba-1a43577bcca8.predictions.parquet,e72acb739b7ed7248b09ba67829240c0f0e0dc69ddde35d86ab80b00f497b5e4,0,rtdetr_l,False
results\sivp_strengthening\end_to_end_low_level\heldout\rtdetr_l\a91d4c7b-bf55-3a0e-9eba-1a43577bcca8.targets.parquet,f4a7071ffe045efb9c85d8887291e252b112b73f696f25a938b9c67a6d06607e,0,rtdetr_l,False
results\sivp_strengthening\end_to_end_low_level\heldout\rtdetr_l\b19f3c1a-a84a-3a2d-8d1b-8a4ae201020b.predictions.parquet,c26c4403c15004987e3de938c223bdb840d19e63c026c3ab5141d9deb5f30f0d,0,rtdetr_l,False
results\sivp_strengthening\end_to_end_low_level\heldout\rtdetr_l\b19f3c1a-a84a-3a2d-8d1b-8a4ae201020b.targets.parquet,e39c9598553088076bd73784e1c3d32566d4076b4386de31a7e0c0eda1659317,0,rtdetr_l,False
results\sivp_strengthening\end_to_end_low_level\heldout\rtdetr_l\b2053fdc-0b94-30bc-aee7-5bc6fb7e9f52.predictions.parquet,d53ae2c6587aa83455e2749f72894873523480264d9f1e359b35cf846a59ed43,0,rtdetr_l,False
results\sivp_strengthening\end_to_end_low_level\heldout\rtdetr_l\b2053fdc-0b94-30bc-aee7-5bc6fb7e9f52.targets.parquet,e6b8a344848a331a3e8a16350761ae63bb29f868022ce36b2a011a1778b37600,0,rtdetr_l,False
results\sivp_strengthening\end_to_end_low_level\heldout\rtdetr_l\b50c4763-5d1e-37f4-a009-2244aeebabcd.predictions.parquet,ba9325a5140f989cd41d702e494e57bd0db418887301a019431420b7ff05bad6,0,rtdetr_l,False
results\sivp_strengthening\end_to_end_low_level\heldout\rtdetr_l\b50c4763-5d1e-37f4-a009-2244aeebabcd.targets.parquet,78d74d56f29cc2ab8347b8779f093ba92d79fd436723829ed2fc4759793c69b2,0,rtdetr_l,False
results\sivp_strengthening\end_to_end_low_level\heldout\rtdetr_l\b87683ae-14c5-321f-8af3-623e7bafc3a7.predictions.parquet,42bd8eb23c62847ebd7c4d4515b048123ed50934cbcf81d8b73f1ce0d4130825,0,rtdetr_l,False
results\sivp_strengthening\end_to_end_low_level\heldout\rtdetr_l\b87683ae-14c5-321f-8af3-623e7bafc3a7.targets.parquet,fac7ba0eb8200319ffbc7bf5289b7eae31f1d21390525a0cf1ad45d56519675a,0,rtdetr_l,False
results\sivp_strengthening\end_to_end_low_level\heldout\rtdetr_l\c8ec7be0-92aa-3222-946e-fbcf398c841e.predictions.parquet,3e272b5453dc65598cb14b3eaa50db3c5175616a68d3d4d69aba239f2b6b0010,0,rtdetr_l,False
results\sivp_strengthening\end_to_end_low_level\heldout\rtdetr_l\c8ec7be0-92aa-3222-946e-fbcf398c841e.targets.parquet,e291d31b97e0efa29e47cf44dffbe50c5ceef3567d2936dbb575ee29f0858b0d,0,rtdetr_l,False
results\sivp_strengthening\end_to_end_low_level\heldout\rtdetr_l\cae56e40-8470-3c9c-af75-6e444189488f.predictions.parquet,907b8b89961c2841ccc256dfd7e03ebda10e004bc6f5d373bf5c183848176b5b,0,rtdetr_l,False
results\sivp_strengthening\end_to_end_low_level\heldout\rtdetr_l\cae56e40-8470-3c9c-af75-6e444189488f.targets.parquet,72c68bb0a29d69e9cf15c4c5b0713e63b0587650ac91d187937e3e94630ee913,0,rtdetr_l,False
results\sivp_strengthening\end_to_end_low_level\heldout\rtdetr_l\d1395998-7e8a-417d-91e9-5ca6ec045ee1.predictions.parquet,06e3ddd5fb79eb97217aceb1767852116aac71c61eff35661dfd4978da14a0c6,0,rtdetr_l,False
results\sivp_strengthening\end_to_end_low_level\heldout\rtdetr_l\d1395998-7e8a-417d-91e9-5ca6ec045ee1.targets.parquet,9e5e410626429d48bd7dbcf82a8cc41078056d5e59a480e02f6ac3c4c41c57ba,0,rtdetr_l,False
results\sivp_strengthening\end_to_end_low_level\heldout\rtdetr_l\d3ca0450-2167-38fb-b34b-449741cb38f3.predictions.parquet,0cd03b82435738652eb4fcfe160bc39a76a1f3e683ed133e7f565d9f0086e99b,0,rtdetr_l,False
results\sivp_strengthening\end_to_end_low_level\heldout\rtdetr_l\d3ca0450-2167-38fb-b34b-449741cb38f3.targets.parquet,9f0a7e3aaa09acc32ddbe526fe03fd968a5f38517ab83fdfa3558620a83480a7,0,rtdetr_l,False
results\sivp_strengthening\end_to_end_low_level\heldout\rtdetr_l\d5d6f11c-3026-3e0e-9d67-c111233e22de.predictions.parquet,f77d366b5cd9dc5a2094814a82716ca976ca9f877d822ea5d8a4e058f5a14fe6,0,rtdetr_l,False
results\sivp_strengthening\end_to_end_low_level\heldout\rtdetr_l\d5d6f11c-3026-3e0e-9d67-c111233e22de.targets.parquet,9c42b61295ed9c215ab86d42cdf6f4ea0e11851c75bd7e382f308c87cff0e74c,0,rtdetr_l,False
results\sivp_strengthening\end_to_end_low_level\heldout\rtdetr_l\da036982-92bf-36a8-b880-4ccf4e20b74e.predictions.parquet,e1c05b154d1ae921cdf9485d38722b54c4009102251ab2f03b032cd00ad4922d,0,rtdetr_l,False
results\sivp_strengthening\end_to_end_low_level\heldout\rtdetr_l\da036982-92bf-36a8-b880-4ccf4e20b74e.targets.parquet,0081fba1452c02b3c6a53c715f5e8288dc849660c29e2927839ba1e40b9262e8,0,rtdetr_l,False
results\sivp_strengthening\end_to_end_low_level\heldout\rtdetr_l\dafe14f5-825c-4e7a-9009-6dfdfdd5b030.predictions.parquet,744e6912f0bd1971573a033aaf4cc8708c1f7e0b48bc12b4bf26b3b270c81135,0,rtdetr_l,False
results\sivp_strengthening\end_to_end_low_level\heldout\rtdetr_l\dafe14f5-825c-4e7a-9009-6dfdfdd5b030.targets.parquet,41f72786d9f38d8fd2470341b22ab3e11c5d7b1419aca6d7eb64b253626ed2ef,0,rtdetr_l,False
results\sivp_strengthening\end_to_end_low_level\heldout\rtdetr_l\e1d68dde-22a9-3918-a526-0850b21ff2eb.predictions.parquet,9d1cbf1d0df05a7be7629671b27e207cb51940983601d21ef3e35a2ad98a8aa2,0,rtdetr_l,False
results\sivp_strengthening\end_to_end_low_level\heldout\rtdetr_l\e1d68dde-22a9-3918-a526-0850b21ff2eb.targets.parquet,77269d211568c17293fbd268b86e3590e299d1c0eddce65b2069fd57dc59f85e,0,rtdetr_l,False
results\sivp_strengthening\end_to_end_low_level\heldout\rtdetr_l\e2e921fe-e489-3656-a0a2-5e17bd399ddf.predictions.parquet,5ca20788cba686a1f495fe8e1ca96ec5e72d73f751ef92af7a4d5646b983f4e0,0,rtdetr_l,False
results\sivp_strengthening\end_to_end_low_level\heldout\rtdetr_l\e2e921fe-e489-3656-a0a2-5e17bd399ddf.targets.parquet,e8e1cea4a04852eab7f2f37302e2726186a19fb97926b641789372a837bd8fc3,0,rtdetr_l,False
results\sivp_strengthening\end_to_end_low_level\heldout\rtdetr_l\e50e7698-de3d-355f-aca2-eddd09c09533.predictions.parquet,90435a857cdd83080143efdf8947cb0cf122e68554802e99f2b0d596d232b0bb,0,rtdetr_l,False
results\sivp_strengthening\end_to_end_low_level\heldout\rtdetr_l\e50e7698-de3d-355f-aca2-eddd09c09533.targets.parquet,a2a07f13b75d2c0bd98df92c97cecbad057069e201a19a6f4229045bbbd29fa7,0,rtdetr_l,False
results\sivp_strengthening\end_to_end_low_level\heldout\rtdetr_l\e72ef05c-8b94-3885-a34f-fff3b2b954b4.predictions.parquet,ee37c953c79178e48e33655bfac95038215a5eb8e071af92f8b85a088bbc0323,0,rtdetr_l,False
results\sivp_strengthening\end_to_end_low_level\heldout\rtdetr_l\e72ef05c-8b94-3885-a34f-fff3b2b954b4.targets.parquet,5f3de748eb05a7c2ab964c3d53f0a25a439e55862efed9ef4dd2f0ad2038f793,0,rtdetr_l,False
results\sivp_strengthening\end_to_end_low_level\heldout\rtdetr_l\e8c9fd64-fdd2-422d-a2a2-6f47500d1d12.predictions.parquet,f1f44ea078b4fe44ab9e345ce99a6d7e14a18655b3c3a9b3ef5defca0074c95a,0,rtdetr_l,False
results\sivp_strengthening\end_to_end_low_level\heldout\rtdetr_l\e8c9fd64-fdd2-422d-a2a2-6f47500d1d12.targets.parquet,f5185b3c5b865002e1b44b45ab5ac1e194e7667d4be88d8a87b3745f8e865d5d,0,rtdetr_l,False
results\sivp_strengthening\end_to_end_low_level\heldout\rtdetr_l\eec284b2-840a-3c75-aa42-04d2e309bbe1.predictions.parquet,a784712d17f64ab02a443408a5bf8e1ee4623a372291ff94a3a59d81d4f75edc,0,rtdetr_l,False
results\sivp_strengthening\end_to_end_low_level\heldout\rtdetr_l\eec284b2-840a-3c75-aa42-04d2e309bbe1.targets.parquet,24956f7fa364eafa6423935e4768d83a4600303ba550de3937cab24f346091ee,0,rtdetr_l,False
results\sivp_strengthening\end_to_end_low_level\heldout\rtdetr_l\f1275002-842e-3571-8f7d-05816bc7cf56.predictions.parquet,3247db3788a9659e5f65cf4d31380130040f36757ad3c99df3adbf37ddf01fab,0,rtdetr_l,False
results\sivp_strengthening\end_to_end_low_level\heldout\rtdetr_l\f1275002-842e-3571-8f7d-05816bc7cf56.targets.parquet,970db67652c565c9ecabc46693041a91292f165d9b4d6d9d4412d044a2ca5c5b,0,rtdetr_l,False
results\sivp_strengthening\end_to_end_low_level\heldout\rtdetr_l\f2576c8a-da9b-450e-88cf-a70af1b0eadf.predictions.parquet,8a742259bf5b357ac953d9914cad9967e8567650aa69e639286de1ec39519261,0,rtdetr_l,False
results\sivp_strengthening\end_to_end_low_level\heldout\rtdetr_l\f2576c8a-da9b-450e-88cf-a70af1b0eadf.targets.parquet,413f54c043b65f8f252fb09b5d598f8ac855e8bec6d9e9110d3af37a4af2e237,0,rtdetr_l,False
results\sivp_strengthening\end_to_end_low_level\heldout\rtdetr_l\f292cc5c-7a90-360d-b62a-074c643bdf59.predictions.parquet,e43321b701454a8811ead7695aeeae43063e5395497db43cd9a7c03ed79bdec1,0,rtdetr_l,False
results\sivp_strengthening\end_to_end_low_level\heldout\rtdetr_l\f292cc5c-7a90-360d-b62a-074c643bdf59.targets.parquet,1f3a432b092a4417bc7a84b451c5793342dea7cc6fa68e6211bd8791277935b5,0,rtdetr_l,False
results\sivp_strengthening\end_to_end_low_level\heldout\rtdetr_l\f6cc0ebf-fc6a-3bf2-8bcb-76d8c43f194e.predictions.parquet,cc0b6862325502d38f40c8062d333372feda8b6509499f391ee69ae65570fdce,0,rtdetr_l,False
results\sivp_strengthening\end_to_end_low_level\heldout\rtdetr_l\f6cc0ebf-fc6a-3bf2-8bcb-76d8c43f194e.targets.parquet,ba8ccf9329ef4284a9ed7a7f57f6d872af7a8b59c58fdc9aa5633eb184f0a469,0,rtdetr_l,False
results\sivp_strengthening\end_to_end_low_level\heldout\yolo11n\0b86f508-5df9-4a46-bc59-5b9536dbde9f.predictions.parquet,e981e1251e6cdf3dbfa5547937e8f3967d15f8e246ca358804292dc9941141fa,0,yolo11n,False
results\sivp_strengthening\end_to_end_low_level\heldout\yolo11n\0b86f508-5df9-4a46-bc59-5b9536dbde9f.targets.parquet,28d84076d1f46f43b113aa37c178bc95b5a04887d5f1fa3747fa812d9bfa8d21,0,yolo11n,False
results\sivp_strengthening\end_to_end_low_level\heldout\yolo11n\0c3bad78-9f1e-395d-a376-2eb7499229fd.predictions.parquet,9e09757d222fd7cd92e23561885d6e597e72b577530c11cb3256be69c2173946,0,yolo11n,False
results\sivp_strengthening\end_to_end_low_level\heldout\yolo11n\0c3bad78-9f1e-395d-a376-2eb7499229fd.targets.parquet,2651fea479742fd7fac9640cc19f721e53f4fd9dd48eed1c50b09834169f49c6,0,yolo11n,False
results\sivp_strengthening\end_to_end_low_level\heldout\yolo11n\0fb7276f-ecb5-3e5b-87a8-cc74c709c715.predictions.parquet,a56096970d817adb83d791f7dc53cdf3642922e84804e3122055384cdfc8dbd5,0,yolo11n,False
results\sivp_strengthening\end_to_end_low_level\heldout\yolo11n\0fb7276f-ecb5-3e5b-87a8-cc74c709c715.targets.parquet,fd7dbfbd763f1bd48ef3d626791f7949ef48863af253fd509c8b98f9332fe577,0,yolo11n,False
results\sivp_strengthening\end_to_end_low_level\heldout\yolo11n\15ec0778-826e-3ed7-9775-54fbf66997f4.predictions.parquet,d7f65c65bee651bd913f4cf4ad7f1f0368209fef65b6cc5e2ab8da05aad6c7aa,0,yolo11n,False
results\sivp_strengthening\end_to_end_low_level\heldout\yolo11n\15ec0778-826e-3ed7-9775-54fbf66997f4.targets.parquet,92d7df52efae8b14da980ca1ffbfbec049baed26cace5b5b7ca0ac931e2fe01a,0,yolo11n,False
results\sivp_strengthening\end_to_end_low_level\heldout\yolo11n\182ba3f7-b89a-36cc-ae40-32a341b0d3e9.predictions.parquet,c8f4a70ad583304ebe7b99a2fba011c04fac300628ec65aa2c2a533959ad8955,0,yolo11n,False
results\sivp_strengthening\end_to_end_low_level\heldout\yolo11n\182ba3f7-b89a-36cc-ae40-32a341b0d3e9.targets.parquet,804203efc0bf0ec6d2c0b384fc7fb82affc1556a19a28aeea9529fd1923e4231,0,yolo11n,False
results\sivp_strengthening\end_to_end_low_level\heldout\yolo11n\19350c96-623d-4d77-af96-f8c23f00c358.predictions.parquet,8bd8f231e6dcc2217cc40945f7ef8c26ab62b068f93d2df2165c6d85adad3a6d,0,yolo11n,False
results\sivp_strengthening\end_to_end_low_level\heldout\yolo11n\19350c96-623d-4d77-af96-f8c23f00c358.targets.parquet,dad1f37790867882b5d5b5d99268e8ee02ced6fcadfe78d612fa83b6120c2dde,0,yolo11n,False
results\sivp_strengthening\end_to_end_low_level\heldout\yolo11n\1da4a0aa-22ae-3958-856d-05303de1f576.predictions.parquet,26e3d53587f5d3a265ca30bbfdd729973bb798f149ab91d476bc68558a516f99,0,yolo11n,False
results\sivp_strengthening\end_to_end_low_level\heldout\yolo11n\1da4a0aa-22ae-3958-856d-05303de1f576.targets.parquet,b47ee5f6554dc1145d3f64c9cd41730b2548fddf566fe1c9879f26b20e9e150d,0,yolo11n,False
results\sivp_strengthening\end_to_end_low_level\heldout\yolo11n\20dd185d-b4eb-3024-a17a-b4e5d8b15b65.predictions.parquet,1933e6e033f24e88b34ad2d23b12604626ff4fbda1b61b8ee80fc4ebdd753396,0,yolo11n,False
results\sivp_strengthening\end_to_end_low_level\heldout\yolo11n\20dd185d-b4eb-3024-a17a-b4e5d8b15b65.targets.parquet,771205680109078c4b993472e757fe645a4114d7445ab3a5575311450205a18a,0,yolo11n,False
results\sivp_strengthening\end_to_end_low_level\heldout\yolo11n\24642607-2a51-384a-90a7-228067956d05.predictions.parquet,c9ae245f6d2bc5d52d0e38374dadbfe88dec3458c43b4c504c738c6e1644ebd2,0,yolo11n,False
results\sivp_strengthening\end_to_end_low_level\heldout\yolo11n\24642607-2a51-384a-90a7-228067956d05.targets.parquet,5cbf94c37efe5a1aab24d71ccf6c7ff810e842a4414ee903e3c1334d5419ec28,0,yolo11n,False
results\sivp_strengthening\end_to_end_low_level\heldout\yolo11n\27c03d98-6ac3-38a3-ba5e-102b184d01ef.predictions.parquet,3bc1b829c5a50a5f00cf8ada834260d8765d9903c6e05a14b8521a16b75237ee,0,yolo11n,False
results\sivp_strengthening\end_to_end_low_level\heldout\yolo11n\27c03d98-6ac3-38a3-ba5e-102b184d01ef.targets.parquet,654e356f7311de7d40edd8fddd83ff7c5cf6d89edb9bb4817a347ec810372de7,0,yolo11n,False
results\sivp_strengthening\end_to_end_low_level\heldout\yolo11n\29a00842-ead2-3050-b587-c5ef507e4125.predictions.parquet,0dc75346005b1fe282a4d3a3befe59eb9b0dfb6011cdba237d7160eaebd62419,0,yolo11n,False
results\sivp_strengthening\end_to_end_low_level\heldout\yolo11n\29a00842-ead2-3050-b587-c5ef507e4125.targets.parquet,22a667f39ed4b93d2586ab94db413883031347a245aa3d6e5ebf4f5924fcedff,0,yolo11n,False
results\sivp_strengthening\end_to_end_low_level\heldout\yolo11n\2c652f9e-8db8-3572-aa49-fae1344a875b.predictions.parquet,b74a60f30ed02d166a355cfa64cff13a1928d6d7f24c48801010d445e3082c2c,0,yolo11n,False
results\sivp_strengthening\end_to_end_low_level\heldout\yolo11n\2c652f9e-8db8-3572-aa49-fae1344a875b.targets.parquet,3f2591bc2895b007f2dd7929b34ab87aaeeb85956fd0a6b11fb1ddaf499dbcfe,0,yolo11n,False
results\sivp_strengthening\end_to_end_low_level\heldout\yolo11n\36aec72e-5086-376c-b109-295b128e77e1.predictions.parquet,2557d7a865a727080db7a4d6a4c122ba78e069a51be0d214e9c94f12097cdc68,0,yolo11n,False
results\sivp_strengthening\end_to_end_low_level\heldout\yolo11n\36aec72e-5086-376c-b109-295b128e77e1.targets.parquet,da3c27135a594e7a5237db743b4c4ce3dddea6ae0355cdfd0c19978f197104c1,0,yolo11n,False
results\sivp_strengthening\end_to_end_low_level\heldout\yolo11n\3de5b5d6-68c4-3c95-84ed-be7c83d829f8.predictions.parquet,2c5c9c8c54b5b6374a795a17bd38b19038951d762d02f0fb898c7786b4983655,0,yolo11n,False
results\sivp_strengthening\end_to_end_low_level\heldout\yolo11n\3de5b5d6-68c4-3c95-84ed-be7c83d829f8.targets.parquet,8df5422b71abb12f6544a0d1ba8a02ffa79f607af2ecc1e82c5645e23231c64f,0,yolo11n,False
results\sivp_strengthening\end_to_end_low_level\heldout\yolo11n\44adf4c4-6064-362f-94d3-323ed42cfda9.predictions.parquet,476b634f3c9312d59d1c4cd8e94e52dcb8d9df9cf543f3ef68ee5eded8e0fc79,0,yolo11n,False
results\sivp_strengthening\end_to_end_low_level\heldout\yolo11n\44adf4c4-6064-362f-94d3-323ed42cfda9.targets.parquet,9be3ecf508e90d7d018ec928a4e8e166ca8df522434d52568a8902ee63087570,0,yolo11n,False
results\sivp_strengthening\end_to_end_low_level\heldout\yolo11n\47286726-5dd4-4e26-bd2d-5324f429e445.predictions.parquet,01c0aeb81c5cca47e5553536f7b767869e730448255eb050db3f18dff8310516,0,yolo11n,False
results\sivp_strengthening\end_to_end_low_level\heldout\yolo11n\47286726-5dd4-4e26-bd2d-5324f429e445.targets.parquet,07e5f6c3406dbfc55f8f3ce96610cc072d97465468bade426f89105a1098d756,0,yolo11n,False
results\sivp_strengthening\end_to_end_low_level\heldout\yolo11n\4e3fedbb-847c-3d5b-8a62-c9ff84550985.predictions.parquet,c36cc14dacaf97cc1bba8d6f4f1cd632310065ce70355e7f5ae624db4fdfbd18,0,yolo11n,False
results\sivp_strengthening\end_to_end_low_level\heldout\yolo11n\4e3fedbb-847c-3d5b-8a62-c9ff84550985.targets.parquet,bc8485d236367eb24bd152269ca2f6bb3005053fb341dca067c98765d492b7f6,0,yolo11n,False
results\sivp_strengthening\end_to_end_low_level\heldout\yolo11n\52071780-5758-3ed4-8835-0d64ecdc5575.predictions.parquet,76cfd6c8298cdd4ad4f5adb0a3d88e911ae48769f4f6ab68f217e94cae616bb3,0,yolo11n,False
results\sivp_strengthening\end_to_end_low_level\heldout\yolo11n\52071780-5758-3ed4-8835-0d64ecdc5575.targets.parquet,14d51c7c4cea6e1d34234d9ba703fa6067f75de715a596f8538e2fdc610093da,0,yolo11n,False
results\sivp_strengthening\end_to_end_low_level\heldout\yolo11n\58e82365-03bc-3b2f-b55a-a4ad0e3e792d.predictions.parquet,f54fa1bc080868a900d9dc240bae2db6e18711df4753b7abb54cdb6b6cfc2a23,0,yolo11n,False
results\sivp_strengthening\end_to_end_low_level\heldout\yolo11n\58e82365-03bc-3b2f-b55a-a4ad0e3e792d.targets.parquet,c1fd80b4e0473f3ce2f6e1a75ffab143ea30af2aab1ab6ecc587b16723d22578,0,yolo11n,False
results\sivp_strengthening\end_to_end_low_level\heldout\yolo11n\58fed0d4-97d5-469b-89a4-4394838e10c7.predictions.parquet,02ededd3f2d314eb4aa12ad64e6d3694d5ab35404784d95f85245ad58cab17a7,0,yolo11n,False
results\sivp_strengthening\end_to_end_low_level\heldout\yolo11n\58fed0d4-97d5-469b-89a4-4394838e10c7.targets.parquet,a3131bdf8c44c8df6ba81064f68ecf4a62445091119fb3687597d1def642b129,0,yolo11n,False
results\sivp_strengthening\end_to_end_low_level\heldout\yolo11n\6c932547-4c11-31d7-b8ef-0c16a13dbfc3.predictions.parquet,f850130c0bf00f761eda6fc1382e1b27f31e7de87c9f543d1021038cfccec235,0,yolo11n,False
results\sivp_strengthening\end_to_end_low_level\heldout\yolo11n\6c932547-4c11-31d7-b8ef-0c16a13dbfc3.targets.parquet,a132f6ff05c16344405001f4dbe35406e0ea4a243516353c3a77fc012e00b1a1,0,yolo11n,False
results\sivp_strengthening\end_to_end_low_level\heldout\yolo11n\7039e410-b5ab-35aa-96bc-2c4b89d3c5e3.predictions.parquet,2356fb7cd0571917e6c1339c8a7c850514f5f08d87447a8fff5fba145b1c69d0,0,yolo11n,False
results\sivp_strengthening\end_to_end_low_level\heldout\yolo11n\7039e410-b5ab-35aa-96bc-2c4b89d3c5e3.targets.parquet,815e96f9b181c5d6ffc1b88185d982172f56d11ee07a853a92e48a65744500e6,0,yolo11n,False
results\sivp_strengthening\end_to_end_low_level\heldout\yolo11n\78683234-e6f1-3e4e-af52-6f839254e4c0.predictions.parquet,e81efefe8fa07f1c5f2171baabf170684033d3f1d0165387e9ccd5f7bc2d1924,0,yolo11n,False
results\sivp_strengthening\end_to_end_low_level\heldout\yolo11n\78683234-e6f1-3e4e-af52-6f839254e4c0.targets.parquet,9536603dbbd8cf1ec225936d65c0146e364f5372ea627dab605f7b7a847317ec,0,yolo11n,False
results\sivp_strengthening\end_to_end_low_level\heldout\yolo11n\78da7b7e-8ddf-3c7d-8716-eaa890106dd3.predictions.parquet,ecc9d9b0e30348817aa6ae7659d990329fb9352390cceca8a442b46913b15592,0,yolo11n,False
results\sivp_strengthening\end_to_end_low_level\heldout\yolo11n\78da7b7e-8ddf-3c7d-8716-eaa890106dd3.targets.parquet,e1dabb65c9cb554c6c57693ae1350764742edb91b4c9ab5b8c03a8c145e3a226,0,yolo11n,False
results\sivp_strengthening\end_to_end_low_level\heldout\yolo11n\7a2c222d-addc-30b2-aac6-596cb65a22e3.predictions.parquet,c3ea87849eda9046f20a9934600600581ee0653f98134652bd8d667589951ce0,0,yolo11n,False
results\sivp_strengthening\end_to_end_low_level\heldout\yolo11n\7a2c222d-addc-30b2-aac6-596cb65a22e3.targets.parquet,b36281a69d91d254673fc11f9e6b94919f9dfc7fca898da8444131977d63cd79,0,yolo11n,False
results\sivp_strengthening\end_to_end_low_level\heldout\yolo11n\858d739b-a0ba-35aa-bafc-4f7988bcad17.predictions.parquet,84ed3cdc6a75c6fd32a7ce82416a8d35b4bf66b87d3e6f8bbe5dc764f1552d58,0,yolo11n,False
results\sivp_strengthening\end_to_end_low_level\heldout\yolo11n\858d739b-a0ba-35aa-bafc-4f7988bcad17.targets.parquet,19a3d5494bfdc75da95be5da6b15ad39eb487aba17033d9b3d54ff9af8e2645d,0,yolo11n,False
results\sivp_strengthening\end_to_end_low_level\heldout\yolo11n\95bf6003-7068-3a78-a0c0-9e470a06e60f.predictions.parquet,ba1fab4d61c28091d64c1edc93b7c05ef90b26428164c2e31a49e91639aa11b8,0,yolo11n,False
results\sivp_strengthening\end_to_end_low_level\heldout\yolo11n\95bf6003-7068-3a78-a0c0-9e470a06e60f.targets.parquet,6a92beab31899422ad6cd6e4486997c8cde50828692297cded46926f22623458,0,yolo11n,False
results\sivp_strengthening\end_to_end_low_level\heldout\yolo11n\a7636fca-4d9e-3052-bef2-af0ce5d1df74.predictions.parquet,ed1c5d974f68568d0f7645ea80a51dbaf411e31291077ec31c10c06045389c8d,0,yolo11n,False
results\sivp_strengthening\end_to_end_low_level\heldout\yolo11n\a7636fca-4d9e-3052-bef2-af0ce5d1df74.targets.parquet,7e0ef0b48484bd1bbe352580b3643002635dbe6a5634e44a354c0da5173b3f31,0,yolo11n,False
results\sivp_strengthening\end_to_end_low_level\heldout\yolo11n\a91d4c7b-bf55-3a0e-9eba-1a43577bcca8.predictions.parquet,f4fa35316bdd67fc1a71923e9b016ac1069e7a100178be9986f7650a43f27b1d,0,yolo11n,False
results\sivp_strengthening\end_to_end_low_level\heldout\yolo11n\a91d4c7b-bf55-3a0e-9eba-1a43577bcca8.targets.parquet,c41862ca85df18d763cd3d51df3d27568ee20ff1bb95100ebda28f67625afad5,0,yolo11n,False
results\sivp_strengthening\end_to_end_low_level\heldout\yolo11n\b19f3c1a-a84a-3a2d-8d1b-8a4ae201020b.predictions.parquet,4b87967f17558406175fee0ca1dffc949edea8629ddc530344d052a5f2471442,0,yolo11n,False
results\sivp_strengthening\end_to_end_low_level\heldout\yolo11n\b19f3c1a-a84a-3a2d-8d1b-8a4ae201020b.targets.parquet,8d3e522912a5ca0004862b691ebcab533deb76d43667bb067a69354a033d0955,0,yolo11n,False
results\sivp_strengthening\end_to_end_low_level\heldout\yolo11n\b2053fdc-0b94-30bc-aee7-5bc6fb7e9f52.predictions.parquet,b864f43a3865f95b1ee9e497e4e8fc80ab93f9ff0e95948f89ee9962aa32382c,0,yolo11n,False
results\sivp_strengthening\end_to_end_low_level\heldout\yolo11n\b2053fdc-0b94-30bc-aee7-5bc6fb7e9f52.targets.parquet,cfe5a02023793fb4d742972c40dde44b7d82ee6c012dd99e7ced6678999bb41d,0,yolo11n,False
results\sivp_strengthening\end_to_end_low_level\heldout\yolo11n\b50c4763-5d1e-37f4-a009-2244aeebabcd.predictions.parquet,973f160b617954a4c1492c89cc64f2159b815b495bad1797b8fc1197edf820e7,0,yolo11n,False
results\sivp_strengthening\end_to_end_low_level\heldout\yolo11n\b50c4763-5d1e-37f4-a009-2244aeebabcd.targets.parquet,04ad344e06d378626252a07fb5d3f705ed538df81af0280f3fb596a8de0539fc,0,yolo11n,False
results\sivp_strengthening\end_to_end_low_level\heldout\yolo11n\b87683ae-14c5-321f-8af3-623e7bafc3a7.predictions.parquet,f19a2453159352a834e50537a507021d65b9baeb51d555e9b1f89534666e85db,0,yolo11n,False
results\sivp_strengthening\end_to_end_low_level\heldout\yolo11n\b87683ae-14c5-321f-8af3-623e7bafc3a7.targets.parquet,f77b9986c51c9d70de2db4440ffbd36e59b81d603db20bed3ad10207a0f0c295,0,yolo11n,False
results\sivp_strengthening\end_to_end_low_level\heldout\yolo11n\c8ec7be0-92aa-3222-946e-fbcf398c841e.predictions.parquet,899638ce78547352daca9eb93e72bc0c0982fd67803ff33b99ada2592c4898eb,0,yolo11n,False
results\sivp_strengthening\end_to_end_low_level\heldout\yolo11n\c8ec7be0-92aa-3222-946e-fbcf398c841e.targets.parquet,123787401955dfc3ba0fd95320ae5d2e5d887e89870e17e10ec8f27288785c15,0,yolo11n,False
results\sivp_strengthening\end_to_end_low_level\heldout\yolo11n\cae56e40-8470-3c9c-af75-6e444189488f.predictions.parquet,b8533b6fa09af764b3df71812c96152b84af2937b36ede31ba319b8b5dbfc0d0,0,yolo11n,False
results\sivp_strengthening\end_to_end_low_level\heldout\yolo11n\cae56e40-8470-3c9c-af75-6e444189488f.targets.parquet,960eaf75113958b954f4313f41c99f22e1b061c9b546faa140eac455b7fdc746,0,yolo11n,False
results\sivp_strengthening\end_to_end_low_level\heldout\yolo11n\d1395998-7e8a-417d-91e9-5ca6ec045ee1.predictions.parquet,853633621e5dac3d673b82f29a9c7b55be072bc9d8c62749752b4c72350304eb,0,yolo11n,False
results\sivp_strengthening\end_to_end_low_level\heldout\yolo11n\d1395998-7e8a-417d-91e9-5ca6ec045ee1.targets.parquet,834b58f77b9ed50ae76aa661b8fb55e179366afd0c50371ce10770b3a23d11a0,0,yolo11n,False
results\sivp_strengthening\end_to_end_low_level\heldout\yolo11n\d3ca0450-2167-38fb-b34b-449741cb38f3.predictions.parquet,7d0e4850a36eacdd205112c1ce2143237cee544f2637219a83b7be4b31c202e2,0,yolo11n,False
results\sivp_strengthening\end_to_end_low_level\heldout\yolo11n\d3ca0450-2167-38fb-b34b-449741cb38f3.targets.parquet,39ba74065013681f3abae934f820614fa1a9db2111d978098e08defedc749fcd,0,yolo11n,False
results\sivp_strengthening\end_to_end_low_level\heldout\yolo11n\d5d6f11c-3026-3e0e-9d67-c111233e22de.predictions.parquet,580442716515afe656f0e762a2af9d6904338dbc1a0fe024b996634839f84e2e,0,yolo11n,False
results\sivp_strengthening\end_to_end_low_level\heldout\yolo11n\d5d6f11c-3026-3e0e-9d67-c111233e22de.targets.parquet,7078fbee9ca20175cf758a2c4669956e16e9ce60a03363bcd0e1111de653244f,0,yolo11n,False
results\sivp_strengthening\end_to_end_low_level\heldout\yolo11n\da036982-92bf-36a8-b880-4ccf4e20b74e.predictions.parquet,d94c787e480ff97332822aca6c27cf0f5293b9a87b630fb3b4435ab01d74e376,0,yolo11n,False
results\sivp_strengthening\end_to_end_low_level\heldout\yolo11n\da036982-92bf-36a8-b880-4ccf4e20b74e.targets.parquet,afdd9e7bcc526d2c54e9e611b88bd0b8b7d5233289e743e73c6a8fd7c06c6434,0,yolo11n,False
results\sivp_strengthening\end_to_end_low_level\heldout\yolo11n\dafe14f5-825c-4e7a-9009-6dfdfdd5b030.predictions.parquet,53068f6fe73110f4506ad15e740e7dc205ad91c655567365f87ad124b40ec981,0,yolo11n,False
results\sivp_strengthening\end_to_end_low_level\heldout\yolo11n\dafe14f5-825c-4e7a-9009-6dfdfdd5b030.targets.parquet,8d18ee40733c214cd141cedaf65db144a0b5ac6d2ce43ed5693520eddb52be81,0,yolo11n,False
results\sivp_strengthening\end_to_end_low_level\heldout\yolo11n\e1d68dde-22a9-3918-a526-0850b21ff2eb.predictions.parquet,1da0c727e0be600e47b9b03033ff6a694aecef37bc4cfac9037e4ba0f318318e,0,yolo11n,False
results\sivp_strengthening\end_to_end_low_level\heldout\yolo11n\e1d68dde-22a9-3918-a526-0850b21ff2eb.targets.parquet,aa85b1a30932da9113199415471dac92a2de61ff4cbea54cf44b3233facbf507,0,yolo11n,False
results\sivp_strengthening\end_to_end_low_level\heldout\yolo11n\e2e921fe-e489-3656-a0a2-5e17bd399ddf.predictions.parquet,c31fa016c17fb602185bcadb610931b1d485e78111004dd2374e513502359787,0,yolo11n,False
results\sivp_strengthening\end_to_end_low_level\heldout\yolo11n\e2e921fe-e489-3656-a0a2-5e17bd399ddf.targets.parquet,e1de8a9eb44b39abf065035a464523bfcc788eaf799c3ec7202ebaa32e54bab6,0,yolo11n,False
results\sivp_strengthening\end_to_end_low_level\heldout\yolo11n\e50e7698-de3d-355f-aca2-eddd09c09533.predictions.parquet,dc49fe89496b61bff613ef03f0ea28c1c8545c5b5768224d182c83e771c1fc43,0,yolo11n,False
results\sivp_strengthening\end_to_end_low_level\heldout\yolo11n\e50e7698-de3d-355f-aca2-eddd09c09533.targets.parquet,af9a52f66394977870922980ffee90cb17446668346b546139b558d0040160c2,0,yolo11n,False
results\sivp_strengthening\end_to_end_low_level\heldout\yolo11n\e72ef05c-8b94-3885-a34f-fff3b2b954b4.predictions.parquet,ea6fa4570a6d38137ec1949d1a7d73b2fc9178a2eb54868ec6622586f151dff8,0,yolo11n,False
results\sivp_strengthening\end_to_end_low_level\heldout\yolo11n\e72ef05c-8b94-3885-a34f-fff3b2b954b4.targets.parquet,a04f171d01e6aa657cbf0504794c4db782d45250178c647205cc9de0813880b7,0,yolo11n,False
results\sivp_strengthening\end_to_end_low_level\heldout\yolo11n\e8c9fd64-fdd2-422d-a2a2-6f47500d1d12.predictions.parquet,d40abddd28674ac84b0c91965f3c7a9a3b3cdbe5b4adde7ba0da9d26a0555f49,0,yolo11n,False
results\sivp_strengthening\end_to_end_low_level\heldout\yolo11n\e8c9fd64-fdd2-422d-a2a2-6f47500d1d12.targets.parquet,9cdf96a179f6aa4e37e6708eaf3c7fcf139ab3c7d4bca62f8ca54c7776aaaa79,0,yolo11n,False
results\sivp_strengthening\end_to_end_low_level\heldout\yolo11n\eec284b2-840a-3c75-aa42-04d2e309bbe1.predictions.parquet,52db72b7095d27dcc19f8e6f89b0c2bde83c8dcdc85fc231cf3ebae1f3280862,0,yolo11n,False
results\sivp_strengthening\end_to_end_low_level\heldout\yolo11n\eec284b2-840a-3c75-aa42-04d2e309bbe1.targets.parquet,8d312895b106a5e487f3c269b469e54442360cc44ea826d5e0f7b925e3444cf1,0,yolo11n,False
results\sivp_strengthening\end_to_end_low_level\heldout\yolo11n\f1275002-842e-3571-8f7d-05816bc7cf56.predictions.parquet,5dc2329411e4f339b5bb95014fe266d5bfae4fb05137b96e5919cd9f7a9d74d8,0,yolo11n,False
results\sivp_strengthening\end_to_end_low_level\heldout\yolo11n\f1275002-842e-3571-8f7d-05816bc7cf56.targets.parquet,cf21b7c8fe0a7f98ad3c14796f7f5b8a3a16019484ea7a819d6027d869064950,0,yolo11n,False
results\sivp_strengthening\end_to_end_low_level\heldout\yolo11n\f2576c8a-da9b-450e-88cf-a70af1b0eadf.predictions.parquet,fd4fbbeed09b06d2d1d6305e81cbc48a3e12e465054b7d83dcc1f732cae60965,0,yolo11n,False
results\sivp_strengthening\end_to_end_low_level\heldout\yolo11n\f2576c8a-da9b-450e-88cf-a70af1b0eadf.targets.parquet,9ad260c164ddd5d37baf1fde5dbd3686d771c4390cf86241d13ce1e4d983da47,0,yolo11n,False
results\sivp_strengthening\end_to_end_low_level\heldout\yolo11n\f292cc5c-7a90-360d-b62a-074c643bdf59.predictions.parquet,ea94c4ae98fcd8ac4c8ccb1195fa53a15754294e6d5c130ac204e17fccc7f23d,0,yolo11n,False
results\sivp_strengthening\end_to_end_low_level\heldout\yolo11n\f292cc5c-7a90-360d-b62a-074c643bdf59.targets.parquet,ab3b8add4dbec10a47255ff3ba38d65f53a8b6eeb1a08801c3a17cabc16f9482,0,yolo11n,False
results\sivp_strengthening\end_to_end_low_level\heldout\yolo11n\f6cc0ebf-fc6a-3bf2-8bcb-76d8c43f194e.predictions.parquet,244388aa42be02bdd69a62337c56b0bd15a4adf7bdc13d2251932493440bea85,0,yolo11n,False
results\sivp_strengthening\end_to_end_low_level\heldout\yolo11n\f6cc0ebf-fc6a-3bf2-8bcb-76d8c43f194e.targets.parquet,00dd3f1e8b1f4f2c63ded5f6bee534744df187cdf162960945b65dc07fc6bb90,0,yolo11n,False
results\sivp_strengthening\end_to_end_low_level\heldout\yolo11s\0b86f508-5df9-4a46-bc59-5b9536dbde9f.predictions.parquet,60dc8e2a3170758872db3909b92bf5d5a7f438bda33054a0f20b507451782e2f,0,yolo11s,False
results\sivp_strengthening\end_to_end_low_level\heldout\yolo11s\0b86f508-5df9-4a46-bc59-5b9536dbde9f.targets.parquet,44ee67e50abfe343818b65ccc1bea4aa56e1cc8c835ac59db5da9cf5e7e65443,0,yolo11s,False
results\sivp_strengthening\end_to_end_low_level\heldout\yolo11s\0c3bad78-9f1e-395d-a376-2eb7499229fd.predictions.parquet,b7cfd7b87f6bad4e9358b119030f63c4d5c9ece9357ee0e0e84cfa79e4fb7f17,0,yolo11s,False
results\sivp_strengthening\end_to_end_low_level\heldout\yolo11s\0c3bad78-9f1e-395d-a376-2eb7499229fd.targets.parquet,8a3839742b508d70e90833cd0be709f944da69fa73d6c2c63b5b6f1fcbf68fd8,0,yolo11s,False
results\sivp_strengthening\end_to_end_low_level\heldout\yolo11s\0fb7276f-ecb5-3e5b-87a8-cc74c709c715.predictions.parquet,bf1a96ab8286ac8fcac1dc7ebb2d3b0ffd0804983fc4b15b85f2915715327f7e,0,yolo11s,False
results\sivp_strengthening\end_to_end_low_level\heldout\yolo11s\0fb7276f-ecb5-3e5b-87a8-cc74c709c715.targets.parquet,fd9070f13d41d150de3cc8d5b9bc08dc178deffc92c3735b3e449cd53421a60a,0,yolo11s,False
results\sivp_strengthening\end_to_end_low_level\heldout\yolo11s\15ec0778-826e-3ed7-9775-54fbf66997f4.predictions.parquet,28a4f623dde3b8d13d59b6068a0b91cf32560b3556412fd4be3bafd0556aadec,0,yolo11s,False
results\sivp_strengthening\end_to_end_low_level\heldout\yolo11s\15ec0778-826e-3ed7-9775-54fbf66997f4.targets.parquet,af33086713d3f65bc61d22365c78bd4f62e4ea9d5e92b94320e5e4e0a723975e,0,yolo11s,False
results\sivp_strengthening\end_to_end_low_level\heldout\yolo11s\182ba3f7-b89a-36cc-ae40-32a341b0d3e9.predictions.parquet,ada5e0a647d592d9ba6241544e5a5fbf4618e63402e3ef2924b9362525387573,0,yolo11s,False
results\sivp_strengthening\end_to_end_low_level\heldout\yolo11s\182ba3f7-b89a-36cc-ae40-32a341b0d3e9.targets.parquet,bd6c22c3c72be48f30a9c2bf39947b01ca58896e3707a81cea867497b06d975d,0,yolo11s,False
results\sivp_strengthening\end_to_end_low_level\heldout\yolo11s\19350c96-623d-4d77-af96-f8c23f00c358.predictions.parquet,860775735628c13b2b0c77d4d32483a618eee9a372ecbb1efbd4ae9f5aff152b,0,yolo11s,False
results\sivp_strengthening\end_to_end_low_level\heldout\yolo11s\19350c96-623d-4d77-af96-f8c23f00c358.targets.parquet,10544da91b99a371a3017bc172d60efadb8a69d076e703b3e751991dbf47b379,0,yolo11s,False
results\sivp_strengthening\end_to_end_low_level\heldout\yolo11s\1da4a0aa-22ae-3958-856d-05303de1f576.predictions.parquet,797f7a334b32f03a7e891ab44fe05a63cf11a13fe58f2b828bb3b9edfc23a063,0,yolo11s,False
results\sivp_strengthening\end_to_end_low_level\heldout\yolo11s\1da4a0aa-22ae-3958-856d-05303de1f576.targets.parquet,00b4cd32dfc6fa3732b90f6af2bc19b1b9633db3c78ca06a8c54688cb68932bf,0,yolo11s,False
results\sivp_strengthening\end_to_end_low_level\heldout\yolo11s\20dd185d-b4eb-3024-a17a-b4e5d8b15b65.predictions.parquet,204699e65c129fbb81214883e2f72f83c36b7902bc39da56eab302671d489b6d,0,yolo11s,False
results\sivp_strengthening\end_to_end_low_level\heldout\yolo11s\20dd185d-b4eb-3024-a17a-b4e5d8b15b65.targets.parquet,53ce4a83b919248df59a3e01544be2920d20efc02a842596cedb8030306bd48d,0,yolo11s,False
results\sivp_strengthening\end_to_end_low_level\heldout\yolo11s\24642607-2a51-384a-90a7-228067956d05.predictions.parquet,14fab07541b49837ab522915671f6d34387b3bcddee1c7c5a02892868c98855e,0,yolo11s,False
results\sivp_strengthening\end_to_end_low_level\heldout\yolo11s\24642607-2a51-384a-90a7-228067956d05.targets.parquet,976065f45d6d823ad4db7f03310dd5edc08c1fe06aae17145bd659205bcdeafa,0,yolo11s,False
results\sivp_strengthening\end_to_end_low_level\heldout\yolo11s\27c03d98-6ac3-38a3-ba5e-102b184d01ef.predictions.parquet,284c399b2d5bae6e3d1939e81cc4fa9e258535ca672c6e1f0e1ce52f5a9a8c64,0,yolo11s,False
results\sivp_strengthening\end_to_end_low_level\heldout\yolo11s\27c03d98-6ac3-38a3-ba5e-102b184d01ef.targets.parquet,566ecc37202e358125a57f36dc70af905ea027a1a6581573622383f0907e24d0,0,yolo11s,False
results\sivp_strengthening\end_to_end_low_level\heldout\yolo11s\29a00842-ead2-3050-b587-c5ef507e4125.predictions.parquet,aff4a4b25447cb3f02841e58e5512846a3b648b7cd4b3c88c37b94fccc8a31f8,0,yolo11s,False
results\sivp_strengthening\end_to_end_low_level\heldout\yolo11s\29a00842-ead2-3050-b587-c5ef507e4125.targets.parquet,a60ef96cadfae5a6ffe780151228d84535160f0296c4fc4c42db2b8bd1420a4d,0,yolo11s,False
results\sivp_strengthening\end_to_end_low_level\heldout\yolo11s\2c652f9e-8db8-3572-aa49-fae1344a875b.predictions.parquet,dc2135aaf9a13a01d529b18a173d5a519be7d75532d0e300f157f6a0d2ab930d,0,yolo11s,False
results\sivp_strengthening\end_to_end_low_level\heldout\yolo11s\2c652f9e-8db8-3572-aa49-fae1344a875b.targets.parquet,530dfdfa74392c73967bb382d0957f19b745688d461c4bfac1acc7322fa2d35f,0,yolo11s,False
results\sivp_strengthening\end_to_end_low_level\heldout\yolo11s\36aec72e-5086-376c-b109-295b128e77e1.predictions.parquet,e575233af1f9369510862e11101295d809044338e6651fb6b039eca721027adc,0,yolo11s,False
results\sivp_strengthening\end_to_end_low_level\heldout\yolo11s\36aec72e-5086-376c-b109-295b128e77e1.targets.parquet,12eca08c1c8e5c5c5fc661620f5399b1025698a398302515b3c9f32527aa0cca,0,yolo11s,False
results\sivp_strengthening\end_to_end_low_level\heldout\yolo11s\3de5b5d6-68c4-3c95-84ed-be7c83d829f8.predictions.parquet,111e80c61ff4b9e9d03d2c3bf43a58680603878f1ea48527f1335d185f884739,0,yolo11s,False
results\sivp_strengthening\end_to_end_low_level\heldout\yolo11s\3de5b5d6-68c4-3c95-84ed-be7c83d829f8.targets.parquet,47e0d7a49ba82c318176d51223798758fa3048978caa4e481eebfd709622a8f5,0,yolo11s,False
results\sivp_strengthening\end_to_end_low_level\heldout\yolo11s\44adf4c4-6064-362f-94d3-323ed42cfda9.predictions.parquet,6b56ca70dc345d3e1ab967a403a315ecfca6c35a5dc4199d45906e65fa97006e,0,yolo11s,False
results\sivp_strengthening\end_to_end_low_level\heldout\yolo11s\44adf4c4-6064-362f-94d3-323ed42cfda9.targets.parquet,f38959d565825dccbdaf07f32c2b12f200ce4b174ad2cac4ed98e509a259444b,0,yolo11s,False
results\sivp_strengthening\end_to_end_low_level\heldout\yolo11s\47286726-5dd4-4e26-bd2d-5324f429e445.predictions.parquet,cda5c3dcf26028e3742ac2f2e71c6b0d9a44451988edafd02484e14946828d57,0,yolo11s,False
results\sivp_strengthening\end_to_end_low_level\heldout\yolo11s\47286726-5dd4-4e26-bd2d-5324f429e445.targets.parquet,47c1bec773d9e7ddbef6b0c13c13942b47213ee6e0a49fa75d4956d3e3cbfb56,0,yolo11s,False
results\sivp_strengthening\end_to_end_low_level\heldout\yolo11s\4e3fedbb-847c-3d5b-8a62-c9ff84550985.predictions.parquet,52d305987cc7623531710baf4adc070d4324c18f95771c5d808a83223035b189,0,yolo11s,False
results\sivp_strengthening\end_to_end_low_level\heldout\yolo11s\4e3fedbb-847c-3d5b-8a62-c9ff84550985.targets.parquet,1f465cd9cfe66a5c3311773db92eafba930cd46ff97107e54e4f0de50ac06f6a,0,yolo11s,False
results\sivp_strengthening\end_to_end_low_level\heldout\yolo11s\52071780-5758-3ed4-8835-0d64ecdc5575.predictions.parquet,87820154d9d4ea008f98e0c7ce0bc87786a7f32efa9ba4ba00169c4ee1588f3b,0,yolo11s,False
results\sivp_strengthening\end_to_end_low_level\heldout\yolo11s\52071780-5758-3ed4-8835-0d64ecdc5575.targets.parquet,72d75f6fec8cf162e6ff85e3c6d99fa84b6dd48f48dd29686df554ab49d4f469,0,yolo11s,False
results\sivp_strengthening\end_to_end_low_level\heldout\yolo11s\58e82365-03bc-3b2f-b55a-a4ad0e3e792d.predictions.parquet,5a6907d219fcf12b8a9f17dcba57ba6d8c26c90350fc391beaabe290540bab5a,0,yolo11s,False
results\sivp_strengthening\end_to_end_low_level\heldout\yolo11s\58e82365-03bc-3b2f-b55a-a4ad0e3e792d.targets.parquet,4648f5fb8a6d1562a95a1451bd0ac7247e73499d4902315a2aafc800f8714a95,0,yolo11s,False
results\sivp_strengthening\end_to_end_low_level\heldout\yolo11s\58fed0d4-97d5-469b-89a4-4394838e10c7.predictions.parquet,7864c2f23485dc2f777c243773e232a1358fb50248841e5a97f510d4a12fded4,0,yolo11s,False
results\sivp_strengthening\end_to_end_low_level\heldout\yolo11s\58fed0d4-97d5-469b-89a4-4394838e10c7.targets.parquet,c066037bece3787942a0a7ff531bdceacb310ae95b8cc7b9878567fa6edbef77,0,yolo11s,False
results\sivp_strengthening\end_to_end_low_level\heldout\yolo11s\6c932547-4c11-31d7-b8ef-0c16a13dbfc3.predictions.parquet,7b7f05a42255a2d77ea044c5beac818d00acae1894b4ad77748ab2c87b63d5fd,0,yolo11s,False
results\sivp_strengthening\end_to_end_low_level\heldout\yolo11s\6c932547-4c11-31d7-b8ef-0c16a13dbfc3.targets.parquet,7a24bdd1a6ad7d4e275d1bcd9bb52bb74b6a08293544959f1b1a146de7a6f2ea,0,yolo11s,False
results\sivp_strengthening\end_to_end_low_level\heldout\yolo11s\7039e410-b5ab-35aa-96bc-2c4b89d3c5e3.predictions.parquet,20e4d5d6b598fab2a7946e8fd1a148f5471f1becd876d0eb86a2cd11f4b28328,0,yolo11s,False
results\sivp_strengthening\end_to_end_low_level\heldout\yolo11s\7039e410-b5ab-35aa-96bc-2c4b89d3c5e3.targets.parquet,7dc0a4aa6b4401573a46c8fab69bff8896adca0905a19423c720b4d18292a38b,0,yolo11s,False
results\sivp_strengthening\end_to_end_low_level\heldout\yolo11s\78683234-e6f1-3e4e-af52-6f839254e4c0.predictions.parquet,3d1bf242dfc000bd406ac5908ad04e0a7105b98978c3ed0ea4d16afc55e80243,0,yolo11s,False
results\sivp_strengthening\end_to_end_low_level\heldout\yolo11s\78683234-e6f1-3e4e-af52-6f839254e4c0.targets.parquet,437f4b66436e586694f6a31a7226b6e40570a6012af3380581cfaa84752da485,0,yolo11s,False
results\sivp_strengthening\end_to_end_low_level\heldout\yolo11s\78da7b7e-8ddf-3c7d-8716-eaa890106dd3.predictions.parquet,616d8444b0f7bd8c96448687ef4c00302f4bc5631e93af38db60e44fc1e74780,0,yolo11s,False
results\sivp_strengthening\end_to_end_low_level\heldout\yolo11s\78da7b7e-8ddf-3c7d-8716-eaa890106dd3.targets.parquet,d74dd7387a6f6f04eb78e072635d27c420b49ee11ff490ed7cc8eab2a96f0e09,0,yolo11s,False
results\sivp_strengthening\end_to_end_low_level\heldout\yolo11s\7a2c222d-addc-30b2-aac6-596cb65a22e3.predictions.parquet,6b41fa54237ca5828c71c2350da85b19f12238d938e1bc7228e16f487a4f59e8,0,yolo11s,False
results\sivp_strengthening\end_to_end_low_level\heldout\yolo11s\7a2c222d-addc-30b2-aac6-596cb65a22e3.targets.parquet,21508a17b3a70ed18b00b1317d5ea6433d889e4a4e83f59e52274f46b8affb49,0,yolo11s,False
results\sivp_strengthening\end_to_end_low_level\heldout\yolo11s\858d739b-a0ba-35aa-bafc-4f7988bcad17.predictions.parquet,9ad7028539fa36671ee54c6e85581d593eabb1e6f379453dbc77cc6b1970b9f0,0,yolo11s,False
results\sivp_strengthening\end_to_end_low_level\heldout\yolo11s\858d739b-a0ba-35aa-bafc-4f7988bcad17.targets.parquet,06b31ff3bd8b22243b95bff99a31fd5cbddcec9507541556e9e793356fc0661d,0,yolo11s,False
results\sivp_strengthening\end_to_end_low_level\heldout\yolo11s\95bf6003-7068-3a78-a0c0-9e470a06e60f.predictions.parquet,d7f75fab830fc1ba23b88da1365afe0c5aa650b92fc8ccad74358efea8e939b4,0,yolo11s,False
results\sivp_strengthening\end_to_end_low_level\heldout\yolo11s\95bf6003-7068-3a78-a0c0-9e470a06e60f.targets.parquet,7d3dde0ca9765436962c907b6d3659705ed21bc818a2295528d143730193060a,0,yolo11s,False
results\sivp_strengthening\end_to_end_low_level\heldout\yolo11s\a7636fca-4d9e-3052-bef2-af0ce5d1df74.predictions.parquet,fd562e137e77b2dd0a9eaa8d901534499b518d4d4d9fe685520c4a33c3c3a778,0,yolo11s,False
results\sivp_strengthening\end_to_end_low_level\heldout\yolo11s\a7636fca-4d9e-3052-bef2-af0ce5d1df74.targets.parquet,5c08d6e1bfd8997e8c5afa72e5fdfeb97ab74df479a4633a0b63348b87524c28,0,yolo11s,False
results\sivp_strengthening\end_to_end_low_level\heldout\yolo11s\a91d4c7b-bf55-3a0e-9eba-1a43577bcca8.predictions.parquet,22322e8f64db20378b7094105cbed7bb70a495614689d0283b4ece78a5d09ac2,0,yolo11s,False
results\sivp_strengthening\end_to_end_low_level\heldout\yolo11s\a91d4c7b-bf55-3a0e-9eba-1a43577bcca8.targets.parquet,23796330e18dc73b1292dec32876f3c8dde4eb8de1632fc04178e325aa5df890,0,yolo11s,False
results\sivp_strengthening\end_to_end_low_level\heldout\yolo11s\b19f3c1a-a84a-3a2d-8d1b-8a4ae201020b.predictions.parquet,2ea121fbe9199f89bbe7ab99545b1f536d1f1185dab06051678d7298924234b1,0,yolo11s,False
results\sivp_strengthening\end_to_end_low_level\heldout\yolo11s\b19f3c1a-a84a-3a2d-8d1b-8a4ae201020b.targets.parquet,c720c8ef71251fe24afd82bf733cb8788ed5f79655d690ab2f755b33ea8358ea,0,yolo11s,False
results\sivp_strengthening\end_to_end_low_level\heldout\yolo11s\b2053fdc-0b94-30bc-aee7-5bc6fb7e9f52.predictions.parquet,2e75ff15f827c545b747dc5d9f8a0380ddd369ed5d018a328ae932eec5be7856,0,yolo11s,False
results\sivp_strengthening\end_to_end_low_level\heldout\yolo11s\b2053fdc-0b94-30bc-aee7-5bc6fb7e9f52.targets.parquet,a9e65c683796e96335e98b63b1ab0fb1b4b4ab7d07a8330ed4c24c20279f1f44,0,yolo11s,False
results\sivp_strengthening\end_to_end_low_level\heldout\yolo11s\b50c4763-5d1e-37f4-a009-2244aeebabcd.predictions.parquet,8cf13fcd043211f68d0e80070d7119bb92156e3309b2c842f983d5dc877cbf2d,0,yolo11s,False
results\sivp_strengthening\end_to_end_low_level\heldout\yolo11s\b50c4763-5d1e-37f4-a009-2244aeebabcd.targets.parquet,b8855e9e7d2c43fdab1869fc01720c50aa589ad06d441378aa4b8b1d5b48641f,0,yolo11s,False
results\sivp_strengthening\end_to_end_low_level\heldout\yolo11s\b87683ae-14c5-321f-8af3-623e7bafc3a7.predictions.parquet,dd8d2f11da208008f0860401abd6c058756eb67f77d79234b16fa0caad33cf72,0,yolo11s,False
results\sivp_strengthening\end_to_end_low_level\heldout\yolo11s\b87683ae-14c5-321f-8af3-623e7bafc3a7.targets.parquet,1b0b8ef565c58538c238477ba19a995fef4cb0806076c8c1390d1924f9a5c5ee,0,yolo11s,False
results\sivp_strengthening\end_to_end_low_level\heldout\yolo11s\c8ec7be0-92aa-3222-946e-fbcf398c841e.predictions.parquet,d557bacabf81e8220fb03635df37cb8ad06a6a1ae95aa2888fbad9a345dde3c9,0,yolo11s,False
results\sivp_strengthening\end_to_end_low_level\heldout\yolo11s\c8ec7be0-92aa-3222-946e-fbcf398c841e.targets.parquet,926ef9976727c9adec0e88bc4b5e639e1713456daecf3c755c646ae3e216e8d2,0,yolo11s,False
results\sivp_strengthening\end_to_end_low_level\heldout\yolo11s\cae56e40-8470-3c9c-af75-6e444189488f.predictions.parquet,119e4a702431a8322f0d131bc5220936aa18374feff80d1553ab3ce5d1bb04df,0,yolo11s,False
results\sivp_strengthening\end_to_end_low_level\heldout\yolo11s\cae56e40-8470-3c9c-af75-6e444189488f.targets.parquet,b837a64575ccbd0c6c42ddf36ecdf09a04ffe1957ea6e1a3c79e7113b9679159,0,yolo11s,False
results\sivp_strengthening\end_to_end_low_level\heldout\yolo11s\d1395998-7e8a-417d-91e9-5ca6ec045ee1.predictions.parquet,bc32445cee2cfc30cdfe1f63aca781ed45e441f090ac44b6fb0915144f53809b,0,yolo11s,False
results\sivp_strengthening\end_to_end_low_level\heldout\yolo11s\d1395998-7e8a-417d-91e9-5ca6ec045ee1.targets.parquet,8c44af4d372cbfaf550483e8d45edba55adf76c639086d234d665c3a149e0902,0,yolo11s,False
results\sivp_strengthening\end_to_end_low_level\heldout\yolo11s\d3ca0450-2167-38fb-b34b-449741cb38f3.predictions.parquet,2a9038a4aa963226da746d97889412f6e120eb79e2698fda3ec21a5cda22e090,0,yolo11s,False
results\sivp_strengthening\end_to_end_low_level\heldout\yolo11s\d3ca0450-2167-38fb-b34b-449741cb38f3.targets.parquet,3c5aff234f24ce83e18cdb2a0f956022663d037e6cd7f589d32501729da73f0d,0,yolo11s,False
results\sivp_strengthening\end_to_end_low_level\heldout\yolo11s\d5d6f11c-3026-3e0e-9d67-c111233e22de.predictions.parquet,f1bd1c76cb71c7f1f3b12cd221aa9b76697cdf7d888b225631e8b528e662892e,0,yolo11s,False
results\sivp_strengthening\end_to_end_low_level\heldout\yolo11s\d5d6f11c-3026-3e0e-9d67-c111233e22de.targets.parquet,16678598568564a31f0e2330340898b5f0a723e585dd297483a032a6bd1c210f,0,yolo11s,False
results\sivp_strengthening\end_to_end_low_level\heldout\yolo11s\da036982-92bf-36a8-b880-4ccf4e20b74e.predictions.parquet,ee45651ec801f19710327c7436b3b0a5c71a2d31dcd1bddc9a96693b2ed90b09,0,yolo11s,False
results\sivp_strengthening\end_to_end_low_level\heldout\yolo11s\da036982-92bf-36a8-b880-4ccf4e20b74e.targets.parquet,21814847307b819f0d40e6ac6bd73311d0d5739cf1878994234e835b78482493,0,yolo11s,False
results\sivp_strengthening\end_to_end_low_level\heldout\yolo11s\dafe14f5-825c-4e7a-9009-6dfdfdd5b030.predictions.parquet,b022bdeb4ca854783d6ba421efe85bb7020132c37bb609cfa82e978158508492,0,yolo11s,False
results\sivp_strengthening\end_to_end_low_level\heldout\yolo11s\dafe14f5-825c-4e7a-9009-6dfdfdd5b030.targets.parquet,8048b9558f4615d27eca74a3aa293022eced137fa84b232932d6b02b2ee770ea,0,yolo11s,False
results\sivp_strengthening\end_to_end_low_level\heldout\yolo11s\e1d68dde-22a9-3918-a526-0850b21ff2eb.predictions.parquet,74c3d30f850773eef21bd5f44d202fdca40e37dfe4a07c20eea550a65819f59e,0,yolo11s,False
results\sivp_strengthening\end_to_end_low_level\heldout\yolo11s\e1d68dde-22a9-3918-a526-0850b21ff2eb.targets.parquet,a1565ee36133ea2c32e85b08d905c93dc94aaf03154bfed01489e13e7394a3cb,0,yolo11s,False
results\sivp_strengthening\end_to_end_low_level\heldout\yolo11s\e2e921fe-e489-3656-a0a2-5e17bd399ddf.predictions.parquet,7235ac38ecd030773051def8e31c1b23329aaca25bea550b05bf5f03e1e3dfb2,0,yolo11s,False
results\sivp_strengthening\end_to_end_low_level\heldout\yolo11s\e2e921fe-e489-3656-a0a2-5e17bd399ddf.targets.parquet,0e4a094468b4e365d3aa8bf3a0e3b4ffd9b4077c9cd6c3909da5e079a2f0e199,0,yolo11s,False
results\sivp_strengthening\end_to_end_low_level\heldout\yolo11s\e50e7698-de3d-355f-aca2-eddd09c09533.predictions.parquet,7f64f431802e30661490bcc9906103662be77b7fdb4facd2ef762154afc06879,0,yolo11s,False
results\sivp_strengthening\end_to_end_low_level\heldout\yolo11s\e50e7698-de3d-355f-aca2-eddd09c09533.targets.parquet,06765b3ea0b962f6566b17dc422423716898756f13f284a31593b3b9a5d83a96,0,yolo11s,False
results\sivp_strengthening\end_to_end_low_level\heldout\yolo11s\e72ef05c-8b94-3885-a34f-fff3b2b954b4.predictions.parquet,cdfd92443c9b93cf2d2c02b5813861830400c68990d2ee6c938c8e78aa07ae49,0,yolo11s,False
results\sivp_strengthening\end_to_end_low_level\heldout\yolo11s\e72ef05c-8b94-3885-a34f-fff3b2b954b4.targets.parquet,6b90ef1f1fde9b10675318749ad90cc9c4de092266b57e5ad654b621d6c3583a,0,yolo11s,False
results\sivp_strengthening\end_to_end_low_level\heldout\yolo11s\e8c9fd64-fdd2-422d-a2a2-6f47500d1d12.predictions.parquet,db669ff9a0865c5b7642385ba165d9e0d9f8e40555f63c7ada4b6f33d9794be3,0,yolo11s,False
results\sivp_strengthening\end_to_end_low_level\heldout\yolo11s\e8c9fd64-fdd2-422d-a2a2-6f47500d1d12.targets.parquet,7eae5ccbcdbcf0db2a3e12d5e4501d4e47bf7f4b836fe169b053346a8c8e1605,0,yolo11s,False
results\sivp_strengthening\end_to_end_low_level\heldout\yolo11s\eec284b2-840a-3c75-aa42-04d2e309bbe1.predictions.parquet,29df3267db8b1cd01ed5527c6d575fef208103653cee20475d3d7f1a4750cdbb,0,yolo11s,False
results\sivp_strengthening\end_to_end_low_level\heldout\yolo11s\eec284b2-840a-3c75-aa42-04d2e309bbe1.targets.parquet,a74c909fbe1c6d18733975cb2b202e904e926761f723d24ddbcaf53661a94384,0,yolo11s,False
results\sivp_strengthening\end_to_end_low_level\heldout\yolo11s\f1275002-842e-3571-8f7d-05816bc7cf56.predictions.parquet,c469f81ecf078486920f569cd2cd63a0060cb1ca2dd12be293044345dddbfeb3,0,yolo11s,False
results\sivp_strengthening\end_to_end_low_level\heldout\yolo11s\f1275002-842e-3571-8f7d-05816bc7cf56.targets.parquet,dff05c1cf2c2e04208f75bcb70bfdf77f212d8916dd88501294ad1f66ec7e9ca,0,yolo11s,False
results\sivp_strengthening\end_to_end_low_level\heldout\yolo11s\f2576c8a-da9b-450e-88cf-a70af1b0eadf.predictions.parquet,fc0ecb5fd6ba6547a6dc4e7d1f46fb116933fded91474fce663caaf677a8d8a3,0,yolo11s,False
results\sivp_strengthening\end_to_end_low_level\heldout\yolo11s\f2576c8a-da9b-450e-88cf-a70af1b0eadf.targets.parquet,696c07ae29c6ae19a4f35e12ee5bb106360160c5c02991404c9db6429519741e,0,yolo11s,False
results\sivp_strengthening\end_to_end_low_level\heldout\yolo11s\f292cc5c-7a90-360d-b62a-074c643bdf59.predictions.parquet,12e36b99d1a82241150ec78986546799b0a1636c881ff11707459ef2c5f1d413,0,yolo11s,False
results\sivp_strengthening\end_to_end_low_level\heldout\yolo11s\f292cc5c-7a90-360d-b62a-074c643bdf59.targets.parquet,c46c3e64a91369b68435fd958148c48cf3aae2a492944c3c7444d40b7b19e084,0,yolo11s,False
results\sivp_strengthening\end_to_end_low_level\heldout\yolo11s\f6cc0ebf-fc6a-3bf2-8bcb-76d8c43f194e.predictions.parquet,cf072706a7c32b83391c073b738843694486685f3e300701269e1f702cadafe3,0,yolo11s,False
results\sivp_strengthening\end_to_end_low_level\heldout\yolo11s\f6cc0ebf-fc6a-3bf2-8bcb-76d8c43f194e.targets.parquet,fbe0b0d60d169cb1f1d16426da00e8d1a6fade9bd3b4172c9b2f591466c3f995,0,yolo11s,False
results\sivp_strengthening\end_to_end_metric_shards\shard_0_of_4.csv,f20d75e91c66f54b11cf479670b482a1b77feb7a80fd80e0ff2c18a7efba1a15,3776,,False
results\sivp_strengthening\end_to_end_metric_shards\shard_1_of_4.csv,2cd30f18de44c46aced629c1cc6f08f9af9e007176c214b0f3cb4c90f26faf30,3538,,False
results\sivp_strengthening\end_to_end_metric_shards\shard_2_of_4.csv,ea888fbfe1b3907eb4092d1f9c968bf5037cc9e871c924b580bea816c6ec973b,3776,,False
results\sivp_strengthening\end_to_end_metric_shards\shard_3_of_4.csv,a84bfcc219af4281dd558cb4c114fa09a27ac60a086b3649d6f7dea4ccbe20ea,3538,,False
results\sivp_strengthening\extension_detector_checkpoints\yolo11n\02a00399-3857-444e-8db3-a8f58489c394.json,324febb061da6fe135b738141a05ea59356dabca10f3907879211be22dd737b6,0,yolo11n,False
results\sivp_strengthening\extension_detector_checkpoints\yolo11n\05fa5048-f355-3274-b565-c0ddc547b315.json,e467e7928afe25e0a42f47e5f47994e8221eec08574e8ce5975184b73c6bae88,0,yolo11n,False
results\sivp_strengthening\extension_detector_checkpoints\yolo11n\0bae3b5e-417d-3b03-abaa-806b433233b8.json,44c36eb793ed3498558d4f11f5e2bd107d49caf554635a868a99f44fc296a829,0,yolo11n,False
results\sivp_strengthening\extension_detector_checkpoints\yolo11n\11ba4e81-c26f-3cd1-827d-b6913bcef64e.json,df7d87353e2915a71bdb53c78b53b2e6e7c91c62e1bb118edeb5966948476fd5,0,yolo11n,False
results\sivp_strengthening\extension_detector_checkpoints\yolo11n\185d3943-dd15-397a-8b2e-69cd86628fb7.json,1e483cabc85b8aaa7f6ae96008cc05ca91a4214f6f5ca053981993417bf7f2c3,0,yolo11n,False
results\sivp_strengthening\extension_detector_checkpoints\yolo11n\19f53e16-9f99-3035-9672-7e860f3b0048.json,123f6d5312879fdc7838882bf05a772c925194937cf87711be479be5caf49402,0,yolo11n,False
results\sivp_strengthening\extension_detector_checkpoints\yolo11n\214e388e-cbd7-3dde-a204-d2ec42298808.json,7c5f02e0d038391f97c49336f3a28b8c83b24b044758409136defcb401f232bc,0,yolo11n,False
results\sivp_strengthening\extension_detector_checkpoints\yolo11n\22052525-4f85-3fe8-9d7d-000a9fffce36.json,73bb336f5a3482edb17ae4a7ab0d2b3f8deda56f5149e319316bcece9c7098ef,0,yolo11n,False
results\sivp_strengthening\extension_detector_checkpoints\yolo11n\280269f9-6111-311d-b351-ce9f63f88c81.json,19ce4f38fd8ad26f9b4bd79238a02732ec3b23f75310d6dd98f69600af6fc1d5,0,yolo11n,False
results\sivp_strengthening\extension_detector_checkpoints\yolo11n\42f92807-0c5e-3397-bd45-9d5303b4db2a.json,02814fd359db63e57c2352301eb7720a91a5c178c6e91abd68cbc4dcbd02099e,0,yolo11n,False
results\sivp_strengthening\extension_detector_checkpoints\yolo11n\51bbdd4d-3065-34ae-b369-b6e0444f34db.json,c39b2e29c7739a9bc7d210894dfc3511f89fbc05c8af2b49383ce6b9e57c4f00,0,yolo11n,False
results\sivp_strengthening\extension_detector_checkpoints\yolo11n\6803104a-bb06-402e-8471-e5af492db0a8.json,87e9fc264a47f5f0dfef4a79d3295c920bbc6a16ad6e9d9e93c8da8be5d2af47,0,yolo11n,False
results\sivp_strengthening\extension_detector_checkpoints\yolo11n\72cf3ca1-1a9e-3254-bca0-29c62521e454.json,c1e426723d7d7b2d0c68dd4baceeb025935773a7cb38ef71715678219e6a1e00,0,yolo11n,False
results\sivp_strengthening\extension_detector_checkpoints\yolo11n\7606de8d-486c-4916-9cbb-002ee966f834.json,6a4e5103eded27713cb71774aa523370cb147daed5943a515d48ee436c55efd9,0,yolo11n,False
results\sivp_strengthening\extension_detector_checkpoints\yolo11n\78f7cb5c-9d51-34f0-b356-9b3d83263c75.json,d9fa96056b330bfe40b6157d7650db769a51cf9456cb529284a9542cfe8506a5,0,yolo11n,False
results\sivp_strengthening\extension_detector_checkpoints\yolo11n\7de2e535-81df-3d5f-a5ca-62e4b940eb54.json,4746e8f632494dcb597efed6ed3b0251fbaf4b4fda1bf2341c0783d2fb2f37f6,0,yolo11n,False
results\sivp_strengthening\extension_detector_checkpoints\yolo11n\7e4d67b3-c3cc-3288-afe5-043602ea3c70.json,78115be822d99d701dccd2fa1756de49e8ca71d4b15d60e527f8704905d91085,0,yolo11n,False
results\sivp_strengthening\extension_detector_checkpoints\yolo11n\7fab2350-7eaf-3b7e-a39d-6937a4c1bede.json,cdfa698d2375efba31d0d68662181e43ed97fc9012931133e58a4002188e4bcf,0,yolo11n,False
results\sivp_strengthening\extension_detector_checkpoints\yolo11n\8749f79f-a30b-3c3f-8a44-dbfa682bbef1.json,083b4b9e8d325621dd65388e2ccf9aae089c8fffcef5e54cf79cf2621da2b063,0,yolo11n,False
results\sivp_strengthening\extension_detector_checkpoints\yolo11n\88f47a10-87b4-3ea8-a0c7-a07d825b647d.json,39512cf4af53a3e8ae18ffe1845e4cce57013f06bd15dbfe0e52ebb9ae80e3e2,0,yolo11n,False
results\sivp_strengthening\extension_detector_checkpoints\yolo11n\91aab547-1912-3b8e-8e7f-df3b202147bf.json,d0b9c82b597e5d3522a78c46c0e4344e84a90ab4e16829e5bbae4c00274b044b,0,yolo11n,False
results\sivp_strengthening\extension_detector_checkpoints\yolo11n\9bb1f857-8b61-369f-a537-484c1323ae32.json,100559d2ea65f76690068ab44670c9ba8dc4a876da2be32cbcc2772a54454c4a,0,yolo11n,False
results\sivp_strengthening\extension_detector_checkpoints\yolo11n\a060c4c1-b9fc-39c1-9d30-d93a124c9066.json,07c9a2ab560edcea389522ee7101306d905062c732480805e7993646bb3f483c,0,yolo11n,False
results\sivp_strengthening\extension_detector_checkpoints\yolo11n\a1589ae2-2678-310e-91cc-c4b512cd7fa5.json,705ef8afc2ae234ee798ada2db56525b44d814fa4a2c0ea731f63f6612459fde,0,yolo11n,False
results\sivp_strengthening\extension_detector_checkpoints\yolo11n\a33a44fb-6008-3dc2-b7c5-2d27b70741e8.json,8ca3ef737f17749df0f2f2c5d4c42ed328a3cdc84268bfffbb4a7f27dd5a52e0,0,yolo11n,False
results\sivp_strengthening\extension_detector_checkpoints\yolo11n\b6500255-eba3-3f77-acfd-626c07aa8621.json,5ab3601841a0f74b272b2b8023001bc6f216562b4597299d1870ec5be86eb6c9,0,yolo11n,False
results\sivp_strengthening\extension_detector_checkpoints\yolo11n\b6e967f6-92bc-3bf5-99c9-1b0c4649fd67.json,653043b74feb2c60cd63bb5fd17d9cf033ed30887e8d6f17e674d73348f09fe3,0,yolo11n,False
results\sivp_strengthening\extension_detector_checkpoints\yolo11n\b8489c02-60d0-3f44-a3b4-9de62830d666.json,b850753f028fa0ac5c91762b8666c9457ed45e0ce4f3a03c4c3e6d43a2c81593,0,yolo11n,False
results\sivp_strengthening\extension_detector_checkpoints\yolo11n\ba67827f-6b99-3d2a-96ab-7c829eb999bb.json,5eee70049d43b907bbeaed48dc710bce48b4281c1cd4e8fbb9be07ea62117375,0,yolo11n,False
results\sivp_strengthening\extension_detector_checkpoints\yolo11n\bf382949-3515-3c16-b505-319442937a43.json,ee42e877f122c967539559cf4f39081826f9b5d3e616257ddbb9e373ef7462f1,0,yolo11n,False
results\sivp_strengthening\extension_detector_checkpoints\yolo11n\c222c78d-b574-4b9d-82e1-96a4f3f8bb27.json,e5d493f746664bfe6c7a946c76e23257006dd0d3fe3203aba7c6eacf8e28168c,0,yolo11n,False
results\sivp_strengthening\extension_detector_checkpoints\yolo11n\c865c156-0f26-411c-a16c-be985333f675.json,d4e69a072c02d422da2a9f93f6047861059e54edbbc675c648236e9032ccfbf1,0,yolo11n,False
results\sivp_strengthening\extension_detector_checkpoints\yolo11n\cf5aaa11-4f92-3377-a7a2-861f305023eb.json,3858185b1f6072549e3f11937ee4094496c36c00a3dfb50fb82558c82d016b56,0,yolo11n,False
results\sivp_strengthening\extension_detector_checkpoints\yolo11n\d770f926-bca8-31de-9790-73fbb7b6a890.json,09038f73c1b856ad0afde54511279913c2894c6c55a198430e15fe23f0f4e1f0,0,yolo11n,False
results\sivp_strengthening\extension_detector_checkpoints\yolo11n\d89f80be-76d0-3853-8daa-76605cf4ce5e.json,ad967074026ebaa5147932e8c0e7ad56854a25e57ce37c30b8a4c46a5437e615,0,yolo11n,False
results\sivp_strengthening\extension_detector_checkpoints\yolo11n\dc9077b9-2fe0-3d18-9b97-8067ff090874.json,98f385d189dbf19b661de2fb3e0561fa4f96842c636f0741fdb95eb5a45d7995,0,yolo11n,False
results\sivp_strengthening\extension_detector_checkpoints\yolo11n\de56b100-508b-3479-81fe-735349f8e8de.json,0d493b607c61eba68764fb3cd680de69e998b9a482c967f5f4fa02ad93021a0a,0,yolo11n,False
results\sivp_strengthening\extension_detector_checkpoints\yolo11n\de9cf513-a0cd-3389-bc79-3f9f6f261317.json,e477e2a27001ea979554373a9ef0b69791a9b15d70f57083011bed0b5e1edcfb,0,yolo11n,False
results\sivp_strengthening\extension_detector_checkpoints\yolo11n\ded5ef6e-46ea-3a66-9180-18a6fa0a2db4.json,a19cc57404e0d6104ee1e47981049f3abcb0a7a5eb195e5131592443d51f90e5,0,yolo11n,False
results\sivp_strengthening\extension_detector_checkpoints\yolo11n\dfc32963-1524-34f4-9f5e-0292f0f223ae.json,071f151482d94289f4a03fa6a292926bb909099dda717a203fc6aee83536ab72,0,yolo11n,False
results\sivp_strengthening\extension_detector_checkpoints\yolo11n\e0ea281b-6956-3605-b720-71b54ec87d25.json,9c12a34ea2d05c513f26d172333daf3c8d294cd957c5d47710be0dc1d9f877d8,0,yolo11n,False
results\sivp_strengthening\extension_detector_checkpoints\yolo11n\e13c06cb-cd01-380e-946f-6d92ac1af49d.json,af46f1214e816c79f1f4a8d46eb5104fd2763d9858bb7611fc8559bd7c611c62,0,yolo11n,False
results\sivp_strengthening\extension_detector_checkpoints\yolo11n\ecbe6def-7560-352c-8822-b2b92613e1e4.json,d6c18171336519778da2c2cd6d6cd6297cb07fcc17e83e3a4e9ea859ab100b0a,0,yolo11n,False
results\sivp_strengthening\extension_detector_checkpoints\yolo11n\fbee355f-8878-31fa-8ac8-b9a45a3f130a.json,480a35fe938c08abe34f6ad19f2f2d987d59676f14fbde3547edf2906bb85428,0,yolo11n,False
results\sivp_strengthening\extension_detector_checkpoints\yolo11n\ff0dbfc5-8a7b-3a6e-8936-e5e812e45408.json,936ebeb900440cb9409729389994add4a299ef5e1896478ddff18e69bb48eba8,0,yolo11n,False
results\sivp_strengthening\extension_detector_checkpoints\yolo11s\02a00399-3857-444e-8db3-a8f58489c394.json,2941f2625796136aa5d7ea257a3eb0dced5871de70a532617eba7af0f81f5cea,0,yolo11s,False
results\sivp_strengthening\extension_detector_checkpoints\yolo11s\05fa5048-f355-3274-b565-c0ddc547b315.json,faef4c63ad0ca47400257f6b2647399a43eb05cdde47d0e21279696cdc300bf2,0,yolo11s,False
results\sivp_strengthening\extension_detector_checkpoints\yolo11s\0bae3b5e-417d-3b03-abaa-806b433233b8.json,057b351cc3738984db9255a19a3f8f33506b9fe0736e25295c67d313d09e72a7,0,yolo11s,False
results\sivp_strengthening\extension_detector_checkpoints\yolo11s\11ba4e81-c26f-3cd1-827d-b6913bcef64e.json,94d50a4751b51861d80378ed744adb39fbde6bb845a1912cdaf2c83788fdf46f,0,yolo11s,False
results\sivp_strengthening\extension_detector_checkpoints\yolo11s\185d3943-dd15-397a-8b2e-69cd86628fb7.json,97fddb7f9d8000d1a07f57c840e5a1c5d5a161c6a26c531d7df23f24befbef7e,0,yolo11s,False
results\sivp_strengthening\extension_detector_checkpoints\yolo11s\19f53e16-9f99-3035-9672-7e860f3b0048.json,b7ce7e6326f9b09f3bad4f03723516e19169c96336ce594fd72e2ad05961949b,0,yolo11s,False
results\sivp_strengthening\extension_detector_checkpoints\yolo11s\214e388e-cbd7-3dde-a204-d2ec42298808.json,5a5cd15bdd050ab8a6ab43d31a77e6b799aeff683170068b6d2965d77ea6a874,0,yolo11s,False
results\sivp_strengthening\extension_detector_checkpoints\yolo11s\22052525-4f85-3fe8-9d7d-000a9fffce36.json,05845199e7e122bfeb77a9e794157194594037d76cbae91f5acc072320fc3fda,0,yolo11s,False
results\sivp_strengthening\extension_detector_checkpoints\yolo11s\280269f9-6111-311d-b351-ce9f63f88c81.json,7d89769bd8ebc24939293763a6244f49be331f06d7fca5415417266b0718ece2,0,yolo11s,False
results\sivp_strengthening\extension_detector_checkpoints\yolo11s\42f92807-0c5e-3397-bd45-9d5303b4db2a.json,6f2aab5f8a12d29b0e88992278e9b3c1d8272ae8293198dbdfbf16f7ab0596de,0,yolo11s,False
results\sivp_strengthening\extension_detector_checkpoints\yolo11s\51bbdd4d-3065-34ae-b369-b6e0444f34db.json,f6705bf7275a53ba5bd57c646a891c8e40e1f62a20e2431e4c7bfe79c131c9cd,0,yolo11s,False
results\sivp_strengthening\extension_detector_checkpoints\yolo11s\6803104a-bb06-402e-8471-e5af492db0a8.json,ab9b0770d1784756de495579f487b1039daf26c757c0f41c4b36560be6ea710e,0,yolo11s,False
results\sivp_strengthening\extension_detector_checkpoints\yolo11s\72cf3ca1-1a9e-3254-bca0-29c62521e454.json,2dda0e4b0fc6e1d9b574f90d2a9b696f9a2cbaface02273e01711587aae61bf1,0,yolo11s,False
results\sivp_strengthening\extension_detector_checkpoints\yolo11s\7606de8d-486c-4916-9cbb-002ee966f834.json,00ab184eb4b274910d900fc47ba405e10217ab8e4d3b30358363ed3e8a3a79c9,0,yolo11s,False
results\sivp_strengthening\extension_detector_checkpoints\yolo11s\78f7cb5c-9d51-34f0-b356-9b3d83263c75.json,4f2287423f88750da1520e0036a30beec050d4a06a2e0ed1b6a0c5b1c2c3a6cf,0,yolo11s,False
results\sivp_strengthening\extension_detector_checkpoints\yolo11s\7de2e535-81df-3d5f-a5ca-62e4b940eb54.json,989296bf369ca54a42f2d0aae507e3364dbcf498f7d9075b49b801326dfd6e43,0,yolo11s,False
results\sivp_strengthening\extension_detector_checkpoints\yolo11s\7e4d67b3-c3cc-3288-afe5-043602ea3c70.json,ece5b6f8123f23e5288ffec8847482e13de7432507cfff3f833fc4a21f89c66c,0,yolo11s,False
results\sivp_strengthening\extension_detector_checkpoints\yolo11s\7fab2350-7eaf-3b7e-a39d-6937a4c1bede.json,cbebf243b47a813d06fd036a00fdaf3ae3b4192478fc9cf9b111909152f0f6b7,0,yolo11s,False
results\sivp_strengthening\extension_detector_checkpoints\yolo11s\8749f79f-a30b-3c3f-8a44-dbfa682bbef1.json,68896e16ea0fb76ff30000d45eaf77e9ef03b66e4b7d48a784ea708f528000de,0,yolo11s,False
results\sivp_strengthening\extension_detector_checkpoints\yolo11s\88f47a10-87b4-3ea8-a0c7-a07d825b647d.json,7a6674389e8439e2ab33e2c528685c3e84473ac5b62e88d4e8f63994660509cf,0,yolo11s,False
results\sivp_strengthening\extension_detector_checkpoints\yolo11s\91aab547-1912-3b8e-8e7f-df3b202147bf.json,6159fb5a4bc9a8619594bb21f96d441503573b82576e92f3a055a215d35b96a4,0,yolo11s,False
results\sivp_strengthening\extension_detector_checkpoints\yolo11s\9bb1f857-8b61-369f-a537-484c1323ae32.json,242357683e99e7c45aba63c821836dfd6669eeb33de54e307f5a847085e67f63,0,yolo11s,False
results\sivp_strengthening\extension_detector_checkpoints\yolo11s\a060c4c1-b9fc-39c1-9d30-d93a124c9066.json,d9ef7adae05fbb62b9915f4a83206b1d461dc9ea401876c6493714340e05f873,0,yolo11s,False
results\sivp_strengthening\extension_detector_checkpoints\yolo11s\a1589ae2-2678-310e-91cc-c4b512cd7fa5.json,e5af6d97d1e7f3273153bc4a0410d76340e156f8235f82014277d8effdddd378,0,yolo11s,False
results\sivp_strengthening\extension_detector_checkpoints\yolo11s\a33a44fb-6008-3dc2-b7c5-2d27b70741e8.json,3e358350dcec7a731560d42e3c9cae65f6b278b21376360d99a23c8d078eb3e2,0,yolo11s,False
results\sivp_strengthening\extension_detector_checkpoints\yolo11s\b6500255-eba3-3f77-acfd-626c07aa8621.json,ec7c44a870e6407974a133d702fa8307f53b261e80be2077aa6e8e79983a0349,0,yolo11s,False
results\sivp_strengthening\extension_detector_checkpoints\yolo11s\b6e967f6-92bc-3bf5-99c9-1b0c4649fd67.json,ecdf5855ec5535470c1dbf14ddb009111083ea8dbeb1d103e020517682a225c3,0,yolo11s,False
results\sivp_strengthening\extension_detector_checkpoints\yolo11s\b8489c02-60d0-3f44-a3b4-9de62830d666.json,df8b66a16088ed9fd25b60c941f652cdc94a0b071904c62e1fd67931fa36ff24,0,yolo11s,False
results\sivp_strengthening\extension_detector_checkpoints\yolo11s\ba67827f-6b99-3d2a-96ab-7c829eb999bb.json,5459d03ee341364eac25a62d2f69d447381812af9e4fb7ddc989fa90585feb58,0,yolo11s,False
results\sivp_strengthening\extension_detector_checkpoints\yolo11s\bf382949-3515-3c16-b505-319442937a43.json,b39d33d42b40c3ca1309045f82febfb98372500eb7eeda9733804ee86a5568ef,0,yolo11s,False
results\sivp_strengthening\extension_detector_checkpoints\yolo11s\c222c78d-b574-4b9d-82e1-96a4f3f8bb27.json,f4bfdbdf127e3480eb29fd35c84693be3907f03cce6b89037bafa002b3c99804,0,yolo11s,False
results\sivp_strengthening\extension_detector_checkpoints\yolo11s\c865c156-0f26-411c-a16c-be985333f675.json,4ca59f8cd9039557c390577a4c50fa8196e51349701e75d50fa967db76e264b0,0,yolo11s,False
results\sivp_strengthening\extension_detector_checkpoints\yolo11s\cf5aaa11-4f92-3377-a7a2-861f305023eb.json,6e15f01ea62c456871370d16c4b60d29c41a2a04cae96af8f6b557e95b3429c4,0,yolo11s,False
results\sivp_strengthening\extension_detector_checkpoints\yolo11s\d770f926-bca8-31de-9790-73fbb7b6a890.json,f20eebfa2ede65adc2252c1928d68391cdc94339b9ba8ce7d716db167c6d0578,0,yolo11s,False
results\sivp_strengthening\extension_detector_checkpoints\yolo11s\d89f80be-76d0-3853-8daa-76605cf4ce5e.json,eb0aa44c6039cff24b1b556b1e196e5195f1a1d352630370072406ab90cedb0f,0,yolo11s,False
results\sivp_strengthening\extension_detector_checkpoints\yolo11s\dc9077b9-2fe0-3d18-9b97-8067ff090874.json,e2413beee0fcbf5c54868d376ab147a92cc85b44844cb2d988b56d9ef4da388c,0,yolo11s,False
results\sivp_strengthening\extension_detector_checkpoints\yolo11s\de56b100-508b-3479-81fe-735349f8e8de.json,aede802a2e472288ecdd81ecb65f5f433064b16d62049f0f5765acc7b5bacfce,0,yolo11s,False
results\sivp_strengthening\extension_detector_checkpoints\yolo11s\de9cf513-a0cd-3389-bc79-3f9f6f261317.json,ed41831ba122a2331a8206b284dc447e080720626308863e250d6d102ce3b9b7,0,yolo11s,False
results\sivp_strengthening\extension_detector_checkpoints\yolo11s\ded5ef6e-46ea-3a66-9180-18a6fa0a2db4.json,5096a2269b91264e9b25948860397a8e0dec0a8b6cb255bc9c0714240b9377b7,0,yolo11s,False
results\sivp_strengthening\extension_detector_checkpoints\yolo11s\dfc32963-1524-34f4-9f5e-0292f0f223ae.json,ac0e4aa1aa8f173af867d6954747fd1a7981455c1a1f54eeafcb0434f73d53ab,0,yolo11s,False
results\sivp_strengthening\extension_detector_checkpoints\yolo11s\e0ea281b-6956-3605-b720-71b54ec87d25.json,9c90f402571dafe97ed8e62b9f5f07dc4c260d4724c271df86924c090150fcd9,0,yolo11s,False
results\sivp_strengthening\extension_detector_checkpoints\yolo11s\e13c06cb-cd01-380e-946f-6d92ac1af49d.json,2ef90e8ff9a6c0f7fa922cbdfd7c51ffdbc67e95716cc1fa85d0fd408b6249ea,0,yolo11s,False
results\sivp_strengthening\extension_detector_checkpoints\yolo11s\ecbe6def-7560-352c-8822-b2b92613e1e4.json,a97829644a56ae12d604f1591c4065928d63a277eb7e83a35bd3e4212404648f,0,yolo11s,False
results\sivp_strengthening\extension_detector_checkpoints\yolo11s\fbee355f-8878-31fa-8ac8-b9a45a3f130a.json,4812b0a4e1edd1f5e41321a17766af83958940e6addc1e7a27e0978ec733a92e,0,yolo11s,False
results\sivp_strengthening\extension_detector_checkpoints\yolo11s\ff0dbfc5-8a7b-3a6e-8936-e5e812e45408.json,b7de4d64101c7707361dc0d71aecb2ab20732f0fe0036291a9c77c193b57ebbf,0,yolo11s,False
results\sivp_strengthening\extension_propagation\yolo11n\02a00399-3857-444e-8db3-a8f58489c394.parquet,69d9c387b12b2f8b30c8aa750b20d628c205fc4b7dd7a59ab3dd8f688f5b651d,0,yolo11n,False
results\sivp_strengthening\extension_propagation\yolo11n\05fa5048-f355-3274-b565-c0ddc547b315.parquet,f0fdab3ba8da6506c3bc561ce382e006a66db7da591d25d25ef200f8e3a7d3c9,0,yolo11n,False
results\sivp_strengthening\extension_propagation\yolo11n\0bae3b5e-417d-3b03-abaa-806b433233b8.parquet,9ebb6f4d6f958b71c5d41e7848d71e38e9fa35097a9a7f9ed925b13a47b643f3,0,yolo11n,False
results\sivp_strengthening\extension_propagation\yolo11n\11ba4e81-c26f-3cd1-827d-b6913bcef64e.parquet,b4867387abafeb0cccf9be4bde63a3ba6e547e468096c2e0be034a8603a8df57,0,yolo11n,False
results\sivp_strengthening\extension_propagation\yolo11n\185d3943-dd15-397a-8b2e-69cd86628fb7.parquet,751456ab28edc409cb572730361baf8280f384ac7c7bfd1676522287e8eea386,0,yolo11n,False
results\sivp_strengthening\extension_propagation\yolo11n\19f53e16-9f99-3035-9672-7e860f3b0048.parquet,fbc0b42f74ba6233943f52ddfe60570ad4959bb830e6187fa6111e94a1425712,0,yolo11n,False
results\sivp_strengthening\extension_propagation\yolo11n\214e388e-cbd7-3dde-a204-d2ec42298808.parquet,acaa316e7db4c8abc7620e28fb3f8cbcd3df9c57bf3ca88f8b2f624ec1946a88,0,yolo11n,False
results\sivp_strengthening\extension_propagation\yolo11n\22052525-4f85-3fe8-9d7d-000a9fffce36.parquet,a808df8c468b49f911505f95f6eb4a4e180baa1ad7186b1338c46c0e01282a80,0,yolo11n,False
results\sivp_strengthening\extension_propagation\yolo11n\280269f9-6111-311d-b351-ce9f63f88c81.parquet,1214b8331fc53b9c4981bcdd236db823bfee2a560c8ca9977c317b71f2bd5170,0,yolo11n,False
results\sivp_strengthening\extension_propagation\yolo11n\42f92807-0c5e-3397-bd45-9d5303b4db2a.parquet,914860c93449e21b8eaf98719630af57de4f93a097f8fba5bcd8889728ce2f1a,0,yolo11n,False
results\sivp_strengthening\extension_propagation\yolo11s\02a00399-3857-444e-8db3-a8f58489c394.parquet,b3b36ed35f26156bc389024a81d559f020fd3edbadf04cece10ab1bb6180dcb5,0,yolo11s,False
results\sivp_strengthening\extension_propagation\yolo11s\05fa5048-f355-3274-b565-c0ddc547b315.parquet,be5fa1ca64cc3241d2d0c65a3910ff1657208d39c6f9d3c3d9bd62e29aa15d7a,0,yolo11s,False
results\sivp_strengthening\extension_propagation\yolo11s\0bae3b5e-417d-3b03-abaa-806b433233b8.parquet,a1a58d3b07fcccebd13221a569870448097114b049d41706f5e9f4960b9756c5,0,yolo11s,False
results\sivp_strengthening\extension_propagation\yolo11s\11ba4e81-c26f-3cd1-827d-b6913bcef64e.parquet,7d161f8d47c2d1982096ac8c18cacf75e08e60f75923e7c87de5b610457443dd,0,yolo11s,False
results\sivp_strengthening\extension_propagation\yolo11s\185d3943-dd15-397a-8b2e-69cd86628fb7.parquet,b8fe48a5da59ed2694ac13c8b4e5227fb20bd84a9738878d7d86b164afdfe659,0,yolo11s,False
results\sivp_strengthening\extension_propagation\yolo11s\19f53e16-9f99-3035-9672-7e860f3b0048.parquet,5d1f33138aa9466253bcfcf6839d785f802e3ec72156f0c98661b58adc08eb2c,0,yolo11s,False
results\sivp_strengthening\extension_propagation\yolo11s\214e388e-cbd7-3dde-a204-d2ec42298808.parquet,a761f723aa1409b080297ef731dc4b515459c0620791462d21fb87ceb9940de1,0,yolo11s,False
results\sivp_strengthening\extension_propagation\yolo11s\22052525-4f85-3fe8-9d7d-000a9fffce36.parquet,203bce84c8b29f107376e354e754b1ee2c4052a36f3064f78d156b98e0d34fcb,0,yolo11s,False
results\sivp_strengthening\extension_propagation\yolo11s\280269f9-6111-311d-b351-ce9f63f88c81.parquet,328155039f5837b8e02dab10dc34367f1bbe01bdc392852697a3b3732083e4ee,0,yolo11s,False
results\sivp_strengthening\extension_propagation\yolo11s\42f92807-0c5e-3397-bd45-9d5303b4db2a.parquet,3c367f7587c1770a82f36a44093f7337f41e2034191ac00e281b08ce8f26c2b1,0,yolo11s,False
results\sivp_strengthening\extension_propagation\yolo11s\51bbdd4d-3065-34ae-b369-b6e0444f34db.parquet,8b15475ac6bdaf75b2e8885ab7267f136cfde63be7125c1aef27a7700f742980,0,yolo11s,False
results\sivp_strengthening\extension_propagation\yolo11s\6803104a-bb06-402e-8471-e5af492db0a8.parquet,fbcfa98ae643665988bf41a37fd71cd74fc1d85bf4e2390aa6ee7590338f14b6,0,yolo11s,False
results\sivp_strengthening\extension_propagation\yolo11s\72cf3ca1-1a9e-3254-bca0-29c62521e454.parquet,2b2f284956e0c55cce25a199dc88053dd8954a18f86dca4d84b61ced23b77a2a,0,yolo11s,False
results\sivp_strengthening\extension_propagation\yolo11s\7606de8d-486c-4916-9cbb-002ee966f834.parquet,007e39924529612e33f4362839a1beaea5b31360f7376cf1abce7d932ddece01,0,yolo11s,False
results\sivp_strengthening\extension_propagation\yolo11s\78f7cb5c-9d51-34f0-b356-9b3d83263c75.parquet,11404dad6febf449cf1225f7f95f27bec1123290534e60ee3d9f208decf166cf,0,yolo11s,False
results\sivp_strengthening\extension_propagation\yolo11s\7de2e535-81df-3d5f-a5ca-62e4b940eb54.parquet,fc6e810e93d53d1b2c0469e77be81f2e25cf10d2fef21734ac86d5cf82e838b8,0,yolo11s,False
results\sivp_strengthening\extension_propagation\yolo11s\7e4d67b3-c3cc-3288-afe5-043602ea3c70.parquet,43055228e96989d53de9650226ea5bea4760c3471c7a692e0283cff3554f0510,0,yolo11s,False
results\sivp_strengthening\extension_propagation\yolo11s\7fab2350-7eaf-3b7e-a39d-6937a4c1bede.parquet,4a11be0343bbd1b192afea6680340a1f7fe40bdcc1bf629c781a707f8b4d15b7,0,yolo11s,False
results\sivp_strengthening\extension_propagation\yolo11s\8749f79f-a30b-3c3f-8a44-dbfa682bbef1.parquet,7a8d08e7437d0a16d7f16605f3c49b01ae14ad10426a0c7488f9f5dc6643e414,0,yolo11s,False
results\sivp_strengthening\extension_propagation\yolo11s\88f47a10-87b4-3ea8-a0c7-a07d825b647d.parquet,4e0fb770ddf52bbffbc0d4505faf01bb0d0d84d95973bf8af15bcd429526bd24,0,yolo11s,False
results\sivp_strengthening\extension_propagation\yolo11s\91aab547-1912-3b8e-8e7f-df3b202147bf.parquet,e8513af68b104887ee199c1caeadcb53e257fc96241c556700b1b2adca2bb3e7,0,yolo11s,False
results\sivp_strengthening\extension_propagation\yolo11s\9bb1f857-8b61-369f-a537-484c1323ae32.parquet,601bf0f6cf99cc21d9b190f59ab7f324a6aa32892433cad66febf121d95dc898,0,yolo11s,False
results\sivp_strengthening\third_detector_checkpoints\extension\02a00399-3857-444e-8db3-a8f58489c394.json,d0ae8dbbddfe98e84c21001bbc0d789d61b67acd1712d44434ac13547bc57ab3,0,,False
results\sivp_strengthening\third_detector_checkpoints\extension\05fa5048-f355-3274-b565-c0ddc547b315.json,ef18a6966e5c89b05a9cc69e52174736aceee2f6a999d582c01c989c516541cb,0,,False
results\sivp_strengthening\third_detector_checkpoints\extension\0bae3b5e-417d-3b03-abaa-806b433233b8.json,6a289c07e6e0bd846926e3d903251a199555da385dd1ac79eac597bcf40733bd,0,,False
results\sivp_strengthening\third_detector_checkpoints\extension\11ba4e81-c26f-3cd1-827d-b6913bcef64e.json,1e9a7be45b7418194e4d2e2fff93aa970bc08f6cd64de07d0a6f3e2a45d733f5,0,,False
results\sivp_strengthening\third_detector_checkpoints\extension\185d3943-dd15-397a-8b2e-69cd86628fb7.json,d494d5f1320cc1494043309cd0e810f18962e4ee277e6525dc52876e9ce68e91,0,,False
results\sivp_strengthening\third_detector_checkpoints\extension\19f53e16-9f99-3035-9672-7e860f3b0048.json,42da8031346e5726c4021960c9e1a679be1933ccc302693344cd33c50610a42d,0,,False
results\sivp_strengthening\third_detector_checkpoints\extension\214e388e-cbd7-3dde-a204-d2ec42298808.json,41e68d05a15f46bc257c827cd15a802807c1eabe8720901acf966cff4371a30d,0,,False
results\sivp_strengthening\third_detector_checkpoints\extension\22052525-4f85-3fe8-9d7d-000a9fffce36.json,affeb882d2266df2e277f5ba66114e4908ccda639f4a87b3f41928d205102755,0,,False
results\sivp_strengthening\third_detector_checkpoints\extension\280269f9-6111-311d-b351-ce9f63f88c81.json,4d16177beff232dbfa8a2359d10929cdaf5d29c557617d99113ec72eee9b2d4f,0,,False
results\sivp_strengthening\third_detector_checkpoints\extension\42f92807-0c5e-3397-bd45-9d5303b4db2a.json,fc45d0ec86de64c11c710a0f8a827b81821d54644ce60f0963984e3106d62e47,0,,False
results\sivp_strengthening\third_detector_checkpoints\extension\51bbdd4d-3065-34ae-b369-b6e0444f34db.json,522ad0461dda15e3a601592f23659e2220af9791563dbd982c1c1086c6baaff0,0,,False
results\sivp_strengthening\third_detector_checkpoints\extension\6803104a-bb06-402e-8471-e5af492db0a8.json,c768b1a572e31fdd5062a455c06e305c00513291fde0773d3ebb38e96cc86de7,0,,False
results\sivp_strengthening\third_detector_checkpoints\extension\72cf3ca1-1a9e-3254-bca0-29c62521e454.json,f5d04fc668147e9525e8c83a1877c4e8d4f32023b9de98eadcf7b90850051e8e,0,,False
results\sivp_strengthening\third_detector_checkpoints\extension\7606de8d-486c-4916-9cbb-002ee966f834.json,0c0515b9ba73c4300dd4754bcbddfe73ac88a978d5e132f68fce8a466ba28ca3,0,,False
results\sivp_strengthening\third_detector_checkpoints\extension\78f7cb5c-9d51-34f0-b356-9b3d83263c75.json,9c692f50dbbc8568c8128494f7d1ff961690f1aa3d69c50d7c757bfee696b4f5,0,,False
results\sivp_strengthening\third_detector_checkpoints\extension\7de2e535-81df-3d5f-a5ca-62e4b940eb54.json,61c144f215a96b8249535d36d9cb23e2e97706dee0324cf5f028d87f8e4d6898,0,,False
results\sivp_strengthening\third_detector_checkpoints\extension\7e4d67b3-c3cc-3288-afe5-043602ea3c70.json,f6f8425e7e67abc363ec54f2c9422a307d887a61f615e91e089cedabd68e2cb5,0,,False
results\sivp_strengthening\third_detector_checkpoints\extension\7fab2350-7eaf-3b7e-a39d-6937a4c1bede.json,92832a9dd29510de327f2b5ab32fc1618cce16f1c5a670b6920bfbd85fa62682,0,,False
results\sivp_strengthening\third_detector_checkpoints\extension\8749f79f-a30b-3c3f-8a44-dbfa682bbef1.json,ba7e50284d667f9479a14f11d8258a83972dbd4c589072ca2431390147d143eb,0,,False
results\sivp_strengthening\third_detector_checkpoints\extension\88f47a10-87b4-3ea8-a0c7-a07d825b647d.json,5777e2f74160679be7e1716543e25ef1f7408bcdf0779bc506e425232bfb0a9b,0,,False
results\sivp_strengthening\third_detector_checkpoints\extension\91aab547-1912-3b8e-8e7f-df3b202147bf.json,aa25f4178f85e744c6b33f559ab777c4258eaf35cb6ec678413049665f183c3e,0,,False
results\sivp_strengthening\third_detector_checkpoints\heldout\0b86f508-5df9-4a46-bc59-5b9536dbde9f.json,b5e7e299e944941c573ad8789f4ad8437d0208de7e44dd7e83d50c2cdaaf52d4,0,,False
results\sivp_strengthening\third_detector_checkpoints\heldout\0c3bad78-9f1e-395d-a376-2eb7499229fd.json,9f1f9d9c424635c965a08500d3d1418d072d1d610d64d411cf5e9a2edac8e86a,0,,False
results\sivp_strengthening\third_detector_checkpoints\heldout\0fb7276f-ecb5-3e5b-87a8-cc74c709c715.json,06f917aa0e55ca0486d154cff2e67e072bc72b44ba14c6ac8e6cc0a94c44a86e,0,,False
results\sivp_strengthening\third_detector_checkpoints\heldout\15ec0778-826e-3ed7-9775-54fbf66997f4.json,4bd67e3499e4f1afc5ce5db4dfc622ce761793417aae62d25216bcdab06c14e3,0,,False
results\sivp_strengthening\third_detector_checkpoints\heldout\182ba3f7-b89a-36cc-ae40-32a341b0d3e9.json,2c0e5278188f8fb0d67ecb1c5b4f02dd845e6554015b186f192382d013eeab62,0,,False
results\sivp_strengthening\third_detector_checkpoints\heldout\19350c96-623d-4d77-af96-f8c23f00c358.json,d62161c91a37360dcea2d0c438ac6bfc2ac5cec2e62c83398cbb5cf3d657285c,0,,False
results\sivp_strengthening\third_detector_checkpoints\heldout\1da4a0aa-22ae-3958-856d-05303de1f576.json,a2c5afb0fb318765cf741bee195b7a1e87ae0bb9db65da187b2f041df2f0136c,0,,False
results\sivp_strengthening\third_detector_checkpoints\heldout\20dd185d-b4eb-3024-a17a-b4e5d8b15b65.json,cab163b14dc8de1e5328522cafa40009a02eb775006af447cc401f5424850649,0,,False
results\sivp_strengthening\third_detector_checkpoints\heldout\24642607-2a51-384a-90a7-228067956d05.json,c62baeda4bfdec3c16129356eae84d441ea40bcd63505909eb5fac6a3c248736,0,,False
results\sivp_strengthening\third_detector_checkpoints\heldout\27c03d98-6ac3-38a3-ba5e-102b184d01ef.json,478d36e873b57b06e6de5b8788f4b426b5795ae6b1552454d864c8b16d8919b0,0,,False
results\sivp_strengthening\third_detector_checkpoints\heldout\29a00842-ead2-3050-b587-c5ef507e4125.json,e9e250ec37a4a48c2da1e1834f39d56bab362b0c2f0d50310ef0cf77acdfe569,0,,False
results\sivp_strengthening\third_detector_checkpoints\heldout\2c652f9e-8db8-3572-aa49-fae1344a875b.json,b7b243578a0afd383b125f4935aa5acb34ee53b781dc0d87cd06a1816dfbdc98,0,,False
results\sivp_strengthening\third_detector_checkpoints\heldout\36aec72e-5086-376c-b109-295b128e77e1.json,9fea1e053ff778d9939a5d2462f8cb2a09190f09e42a64c3a065be1a9ce24ba9,0,,False
results\sivp_strengthening\third_detector_checkpoints\heldout\3de5b5d6-68c4-3c95-84ed-be7c83d829f8.json,177900ef73ffccb26c5ddcdf83650024da75de7e7a7543fdefd07ac6a801ff7e,0,,False
results\sivp_strengthening\third_detector_checkpoints\heldout\44adf4c4-6064-362f-94d3-323ed42cfda9.json,e5590e099482d8bb1b93f7ede8c9890f31710a641a19df89f5fb14cc94e4c899,0,,False
results\sivp_strengthening\third_detector_checkpoints\heldout\47286726-5dd4-4e26-bd2d-5324f429e445.json,dcd71dbe2eba21bf86854ddfc027edc76d41830eb2661a79a7551274e8c0eb91,0,,False
results\sivp_strengthening\third_detector_checkpoints\heldout\4e3fedbb-847c-3d5b-8a62-c9ff84550985.json,d47b47544e777876534589ac1120763abb6533a2c9eebc69d1ecb47e0ed432d2,0,,False
results\sivp_strengthening\third_detector_checkpoints\heldout\52071780-5758-3ed4-8835-0d64ecdc5575.json,0a7dcc03decebdab416a088a7e0e814bbf3641a45e7bcee17b2efcacd2801104,0,,False
results\sivp_strengthening\third_detector_checkpoints\heldout\58e82365-03bc-3b2f-b55a-a4ad0e3e792d.json,ba96c3ccbd3fc8b72a6c93111c3fcf40963c3bd3ad71f5f2723e4835d60ba903,0,,False
results\sivp_strengthening\third_detector_checkpoints\heldout\58fed0d4-97d5-469b-89a4-4394838e10c7.json,7921bf546f923596be1338c6c4002a989b6b85951501cfe400b937ba044c37f3,0,,False
results\sivp_strengthening\third_detector_checkpoints\heldout\6c932547-4c11-31d7-b8ef-0c16a13dbfc3.json,422d85f25adff394f94f823227c50795a37170c2dbdd38202b7d93e5aeb91f74,0,,False
results\sivp_strengthening\third_detector_checkpoints\heldout\7039e410-b5ab-35aa-96bc-2c4b89d3c5e3.json,b9ae3bda33fb0dce684547c8270572c4f39ba0676e38f3d1c89098728d907768,0,,False
results\sivp_strengthening\third_detector_checkpoints\heldout\78683234-e6f1-3e4e-af52-6f839254e4c0.json,0769c283a54b9aad30b45e539bbeeafd14cb3826d3e764c11ce481f4099aefd5,0,,False
results\sivp_strengthening\third_detector_checkpoints\heldout\78da7b7e-8ddf-3c7d-8716-eaa890106dd3.json,5f1035d6656ab4aec3994be65c91db602d4a683c00ff3f4b80ff77673281c69d,0,,False
results\sivp_strengthening\third_detector_checkpoints\heldout\7a2c222d-addc-30b2-aac6-596cb65a22e3.json,8d63fedb10b68f75e248aead0f528e2d50da7026bcea51b80d069808abb58932,0,,False
results\sivp_strengthening\third_detector_checkpoints\heldout\858d739b-a0ba-35aa-bafc-4f7988bcad17.json,363fd75c762733660f50d37052ef7e8852f9ad143240f67f6bb5536cd6eadf15,0,,False
results\sivp_strengthening\third_detector_checkpoints\heldout\95bf6003-7068-3a78-a0c0-9e470a06e60f.json,d9a68f4b3f6c96c501f08bb8631d86f4ea364dcaf3bd33a8d133b5fe43f7b6db,0,,False
results\sivp_strengthening\third_detector_checkpoints\heldout\a7636fca-4d9e-3052-bef2-af0ce5d1df74.json,70ce6033fae928d187e14505c28c512433a78575016987a06a851c2f2d3ce345,0,,False
results\sivp_strengthening\third_detector_checkpoints\heldout\a91d4c7b-bf55-3a0e-9eba-1a43577bcca8.json,e5d8f62bd05cca53748b44f8d5815cef6be79722771391edcc537799d1cfbb54,0,,False
results\sivp_strengthening\third_detector_checkpoints\heldout\b19f3c1a-a84a-3a2d-8d1b-8a4ae201020b.json,8dc83cc406fd64a23cbcdc567a1db4eb58e11a556afefb5d4283f2729690c5c9,0,,False
results\sivp_strengthening\third_detector_checkpoints\heldout\b2053fdc-0b94-30bc-aee7-5bc6fb7e9f52.json,58af2287d84fb575e34752a9cf0b815b46b2338b744aaea107e81b92011b4871,0,,False
results\sivp_strengthening\third_detector_checkpoints\heldout\b50c4763-5d1e-37f4-a009-2244aeebabcd.json,f31064bf4931072dc7a100f0600f258f93f1c2d9c082b28027c085512c8561b7,0,,False
results\sivp_strengthening\third_detector_checkpoints\heldout\b87683ae-14c5-321f-8af3-623e7bafc3a7.json,1685066536fb070e82d407ff9bb895a655be2fa018de0c2e1977574a0ffe1315,0,,False
results\sivp_strengthening\third_detector_checkpoints\heldout\c8ec7be0-92aa-3222-946e-fbcf398c841e.json,626bdf14ab51f1da8cd3ae16be60f05d04578bf6e13b26262e9bd3b77180cfcc,0,,False
results\sivp_strengthening\third_detector_checkpoints\heldout\cae56e40-8470-3c9c-af75-6e444189488f.json,f7862b57ce3d2e309720fb1e0e4e695f74ea0ae85a02e9d61f034bc950835b61,0,,False
results\sivp_strengthening\third_detector_checkpoints\heldout\d1395998-7e8a-417d-91e9-5ca6ec045ee1.json,c85351db63ad432ec47c77b178299bcc12b06690519ff8e9d89309a9bb365b1d,0,,False
results\sivp_strengthening\third_detector_checkpoints\heldout\d3ca0450-2167-38fb-b34b-449741cb38f3.json,7f00775a1250e7f41e8ed5212a98cbef836590a58fae5544b8d104a3fe31bfc6,0,,False
results\sivp_strengthening\third_detector_checkpoints\heldout\d5d6f11c-3026-3e0e-9d67-c111233e22de.json,912833cd1457dc849b3c8fa87f7b57f2259b8ae673b38a314b65fa6ad59d6b54,0,,False
results\sivp_strengthening\third_detector_checkpoints\heldout\da036982-92bf-36a8-b880-4ccf4e20b74e.json,84f00db97e74369f07d01766f918625fea18ebf0bb1e011b49a29e4a84f0295c,0,,False
results\sivp_strengthening\third_detector_checkpoints\heldout\dafe14f5-825c-4e7a-9009-6dfdfdd5b030.json,e85de695d876f2100f3c909d774508353096be7c93353871c661d33ea0e501ce,0,,False
results\sivp_strengthening\third_detector_checkpoints\heldout\e1d68dde-22a9-3918-a526-0850b21ff2eb.json,f1d1baa7faaf57dc56357329816cce465fa633d9ef52a73803c5f19950f9eb2a,0,,False
results\sivp_strengthening\third_detector_checkpoints\heldout\e2e921fe-e489-3656-a0a2-5e17bd399ddf.json,c867e6a5e8ccf74e2ef8c85b80ab6e23474abcb2d51d849cf43e40fcc49fa83d,0,,False
results\sivp_strengthening\third_detector_checkpoints\heldout\e50e7698-de3d-355f-aca2-eddd09c09533.json,8c5aec6be846296cd0dc352fee78246c49f931cb5350f9900f6afbe440cae333,0,,False
results\sivp_strengthening\third_detector_checkpoints\heldout\e72ef05c-8b94-3885-a34f-fff3b2b954b4.json,0c71b89863587cbaa7a01ad598c9c00aa4799f89eca146dd5263d9a07d521719,0,,False
results\sivp_strengthening\third_detector_checkpoints\heldout\e8c9fd64-fdd2-422d-a2a2-6f47500d1d12.json,b46de706b8ad47c42e698d2acdcde833748a3f14473f0a734ddbac6fdbdedb95,0,,False
results\sivp_strengthening\third_detector_checkpoints\heldout\eec284b2-840a-3c75-aa42-04d2e309bbe1.json,2156a33a5e60096e8f7a642c8cfc2bf929ddcd073927c174a0f9fda4398d8f0e,0,,False
results\sivp_strengthening\third_detector_checkpoints\heldout\f1275002-842e-3571-8f7d-05816bc7cf56.json,2cc84a4b5db5cf05bc47fc5c26715a8e21763750b0bd5e56d27f045d8c6e867f,0,,False
results\sivp_strengthening\third_detector_checkpoints\heldout\f2576c8a-da9b-450e-88cf-a70af1b0eadf.json,98df1d5016fbe88ddc4597c9756fcd54d81afd522211f217f8eab1d88ab22c59,0,,False
results\sivp_strengthening\third_detector_checkpoints\heldout\f292cc5c-7a90-360d-b62a-074c643bdf59.json,ec75cba85b7ea5168a5822d9937c2e6163f363c41a7c3e74ca8f0ae15a9b99de,0,,False
results\sivp_strengthening\third_detector_checkpoints\heldout\f6cc0ebf-fc6a-3bf2-8bcb-76d8c43f194e.json,64118cae669efeebff2535490b6d49d63a323bbf8b4c687f833d06cffd42c886,0,,False
results\sivp_strengthening\third_detector_propagation\heldout\0b86f508-5df9-4a46-bc59-5b9536dbde9f.parquet,c0eee49f421dc696daa7d9c5f85ca325b4c68eab0795a50e52900e9570fb35d2,0,,False
results\sivp_strengthening\third_detector_propagation\heldout\0c3bad78-9f1e-395d-a376-2eb7499229fd.parquet,49e4ae0071a4eae8bdf698c3d8b459271f1f02188c0cc2d95045ab1dd663f267,0,,False
results\sivp_strengthening\third_detector_propagation\heldout\0fb7276f-ecb5-3e5b-87a8-cc74c709c715.parquet,4b6292dd5befe199ef8f9b6941d37edb0d5fccb8956f5f5622bef44c5145ba78,0,,False
results\sivp_strengthening\third_detector_propagation\heldout\15ec0778-826e-3ed7-9775-54fbf66997f4.parquet,4cbc7f7367cf140e8f6735155b672ac2b7c7ef1a16ecd0534224ef75fe46a9fc,0,,False
results\sivp_strengthening\third_detector_propagation\heldout\182ba3f7-b89a-36cc-ae40-32a341b0d3e9.parquet,2f3beac59360d75a8079aef2fd8e6d7f29ae6fc0a4c85bcb48960bf218eae0ec,0,,False
results\sivp_strengthening\third_detector_propagation\heldout\19350c96-623d-4d77-af96-f8c23f00c358.parquet,846207d67c802b1296038d8f449593eec55e56f0acbb98f2889841f74ac467e5,0,,False
results\sivp_strengthening\third_detector_propagation\heldout\1da4a0aa-22ae-3958-856d-05303de1f576.parquet,077de1d36e57a2a929107097bd850ace88bf5d6135181d2f40f65c6eb53b073a,0,,False
results\sivp_strengthening\third_detector_propagation\heldout\20dd185d-b4eb-3024-a17a-b4e5d8b15b65.parquet,cb632790d1f63d5e74df15c7dd11a451c9e8c8dc52ed3a6b4693ba644f86eeaa,0,,False
results\sivp_strengthening\third_detector_propagation\heldout\24642607-2a51-384a-90a7-228067956d05.parquet,345a709084163f24401e4f46b631a1562a1bbe86b998fc133554518840b9f1e1,0,,False
results\sivp_strengthening\third_detector_propagation\heldout\27c03d98-6ac3-38a3-ba5e-102b184d01ef.parquet,e0951ec507e6dcc4e4f6b9a90719d7de08c3d30c077a616379f26a8e3f71b299,0,,False
results\sivp_strengthening\third_detector_propagation\heldout\29a00842-ead2-3050-b587-c5ef507e4125.parquet,d2218c65bf72592a7285afc39d9d0e56fe3c44d41831a88fc75ec2a41990bb37,0,,False
results\sivp_strengthening\third_detector_propagation\heldout\2c652f9e-8db8-3572-aa49-fae1344a875b.parquet,0b7e650d675a57efe295694212dfce18e85c5280606107eeafdf551a97e8589b,0,,False
results\sivp_strengthening\third_detector_propagation\heldout\36aec72e-5086-376c-b109-295b128e77e1.parquet,3251c864127b35661bba9af255f87b4a3227a86faaaa8169dfe93c71dffc7f58,0,,False
results\sivp_strengthening\third_detector_propagation\heldout\3de5b5d6-68c4-3c95-84ed-be7c83d829f8.parquet,24c43be4b85d91b4157ed9f4e3e78203e23aa1e7de5a7a218c17ed89f845f338,0,,False
results\sivp_strengthening\third_detector_propagation\heldout\44adf4c4-6064-362f-94d3-323ed42cfda9.parquet,807cb6952f7e505a715803a3a0297ace2fc077f5904e3dd94b61dc1e4e86fd63,0,,False
results\sivp_strengthening\third_detector_propagation\heldout\47286726-5dd4-4e26-bd2d-5324f429e445.parquet,0a21872c2dac4287c18d0158ad8732f8958cb2324e11f853a131315845d8b179,0,,False
results\sivp_strengthening\third_detector_propagation\heldout\4e3fedbb-847c-3d5b-8a62-c9ff84550985.parquet,8c9f96ef2e48921006c90fa341926099717d1ac8103d5a6c2a76d9d85d3ccf73,0,,False
results\sivp_strengthening\third_detector_propagation\heldout\52071780-5758-3ed4-8835-0d64ecdc5575.parquet,d12fa9a3788ad48cd49410e3f49ae2c7650ca20eeb501f82058d40d1f8b08391,0,,False
results\sivp_strengthening\third_detector_propagation\heldout\58e82365-03bc-3b2f-b55a-a4ad0e3e792d.parquet,cb21460ee42f5f25a059f12ee532d90687c8ff20addac3b9ef7a6a9ca3bea180,0,,False
results\sivp_strengthening\third_detector_propagation\heldout\58fed0d4-97d5-469b-89a4-4394838e10c7.parquet,ce9488fcc5b6ccb7187ceb59b7c71b19f91f4251aea815e71bbb3c8043ff7c4f,0,,False
results\sivp_strengthening\third_detector_propagation\heldout\6c932547-4c11-31d7-b8ef-0c16a13dbfc3.parquet,a5642da276a8e27d3cbcbc66b0db77a6da563199ca5e35adcbadb975b9ea48bf,0,,False
results\sivp_strengthening\third_detector_propagation\heldout\7039e410-b5ab-35aa-96bc-2c4b89d3c5e3.parquet,9f5abeed00c0da3c2c25fe9f18686dab8baa09edf70f8bbd700483c7b1de70df,0,,False
results\sivp_strengthening\third_detector_propagation\heldout\78683234-e6f1-3e4e-af52-6f839254e4c0.parquet,281e8955f8782a00d22098e4359c1e23740341f361b07b32d6283719df1507f3,0,,False
results\sivp_strengthening\third_detector_propagation\heldout\78da7b7e-8ddf-3c7d-8716-eaa890106dd3.parquet,7b138ecf82f5df5bdd7ff9c1cd9884d6e4199283a818440aca379b376a5a82b1,0,,False
results\sivp_strengthening\third_detector_propagation\heldout\7a2c222d-addc-30b2-aac6-596cb65a22e3.parquet,a4d21752eadd6f45d7af552991696197612df6d345466511f6399f2ada138bfe,0,,False
results\sivp_strengthening\third_detector_propagation\heldout\858d739b-a0ba-35aa-bafc-4f7988bcad17.parquet,c833526d061ec91357d7231fea99aae3154b32e92a9c9d38067ae76f2bb93f8a,0,,False
results\sivp_strengthening\third_detector_propagation\heldout\95bf6003-7068-3a78-a0c0-9e470a06e60f.parquet,e3083d1b55ecfa6eec14df41486edfca39b11540f5c9821fd429a3f39d309a25,0,,False
results\sivp_strengthening\third_detector_propagation\heldout\a7636fca-4d9e-3052-bef2-af0ce5d1df74.parquet,3c0bd506e2a4d59c738adb600fc64cc9603d0c708db76a8a3d28bae679f2752b,0,,False
results\sivp_strengthening\third_detector_propagation\heldout\a91d4c7b-bf55-3a0e-9eba-1a43577bcca8.parquet,cf04658bbb3aee14ccdc9563a9fd116983e37ee6ba6220b49bb2ed59bc14d387,0,,False
results\sivp_strengthening\third_detector_propagation\heldout\b19f3c1a-a84a-3a2d-8d1b-8a4ae201020b.parquet,36de8323e76783419349cb89fe6ed441e5301a654f24ed187e1eb212cb38c106,0,,False
results\sivp_strengthening\third_detector_propagation\heldout\b2053fdc-0b94-30bc-aee7-5bc6fb7e9f52.parquet,d8c850c8c2d2eeb0329fd0824793a91b627d386b175c4caafb373a5005de5ee4,0,,False
results\sivp_strengthening\third_detector_propagation\heldout\b50c4763-5d1e-37f4-a009-2244aeebabcd.parquet,cee9f20babaf1473f0c4885af5a67027090f9b33b93bad4c256a24385f480951,0,,False
results\sivp_strengthening\third_detector_propagation\heldout\b87683ae-14c5-321f-8af3-623e7bafc3a7.parquet,a2bca8d0f1663b9aaac43f6ee7978c38062adeb078157f53554f05ea16c3e385,0,,False
results\sivp_strengthening\third_detector_propagation\heldout\c8ec7be0-92aa-3222-946e-fbcf398c841e.parquet,599ffdbc4d73a4cdded9b5f202db675657f6b92130da2ca2c58b8e54d1daaa5d,0,,False
results\sivp_strengthening\third_detector_propagation\heldout\cae56e40-8470-3c9c-af75-6e444189488f.parquet,31f001b720b3913979242e15a88067bd51237f3a6b460d790b36584c3cd9421b,0,,False
results\sivp_strengthening\third_detector_propagation\heldout\d1395998-7e8a-417d-91e9-5ca6ec045ee1.parquet,05aa22317dd8740510f54f9bb922431c66ed43ba3e00d5bf20e3cccd85e1b7f3,0,,False
results\sivp_strengthening\third_detector_propagation\heldout\d3ca0450-2167-38fb-b34b-449741cb38f3.parquet,411f9506ecafe699be94ed1bf8dcfec5dc88eb0f8acfc61901347bac6dbdd31b,0,,False
results\sivp_strengthening\third_detector_propagation\heldout\d5d6f11c-3026-3e0e-9d67-c111233e22de.parquet,b9a6a45f0502ca8bd8ce3772776f2a1a2b4e545223040f969d1f13b2443217c1,0,,False
results\sivp_strengthening\third_detector_propagation\heldout\da036982-92bf-36a8-b880-4ccf4e20b74e.parquet,63250c78b8aeaf6902e20b9341decd5d0c95387129e0f76f9d901ce8deb781d1,0,,False
results\sivp_strengthening\third_detector_propagation\heldout\dafe14f5-825c-4e7a-9009-6dfdfdd5b030.parquet,79d281ded5cc6e187e73721685d27ac3d2a543c81511b0a74881e46960459bcc,0,,False
results\sivp_strengthening\third_detector_propagation\heldout\e1d68dde-22a9-3918-a526-0850b21ff2eb.parquet,425cca2fb5a0b5551c8785df892b53fd2cd127ebb3d3822acf7a0c2dc81450cd,0,,False
results\sivp_strengthening\third_detector_propagation\heldout\e2e921fe-e489-3656-a0a2-5e17bd399ddf.parquet,3001b2bdeac09503781f62b22f06f83306a2092dcf444cc519e8503e358801c4,0,,False
results\sivp_strengthening\third_detector_propagation\heldout\e50e7698-de3d-355f-aca2-eddd09c09533.parquet,f3c1beb50647466e2874806920dff909a9f42f2737cae559b6246a853fc772d5,0,,False
results\sivp_strengthening\third_detector_propagation\heldout\e72ef05c-8b94-3885-a34f-fff3b2b954b4.parquet,15c0593ad49a368e0519058878b302a622ad5cc05495022f00ffe14a28688c02,0,,False
results\sivp_strengthening\third_detector_propagation\heldout\e8c9fd64-fdd2-422d-a2a2-6f47500d1d12.parquet,1ebb98b1ced13bd6852e4e17c6c2733713249805386ca8e936a77edd904559bf,0,,False
results\sivp_strengthening\third_detector_propagation\heldout\eec284b2-840a-3c75-aa42-04d2e309bbe1.parquet,35ebea12d35daebaba261f16e1a22782bbdf4268557c5c807c3db77b0dfbfb6e,0,,False
results\sivp_strengthening\third_detector_propagation\heldout\f1275002-842e-3571-8f7d-05816bc7cf56.parquet,f89b10374b7e41856f5d0dfb7ad159a811d6ea49e6d28807c6ecc86c77f79bef,0,,False
results\sivp_strengthening\third_detector_propagation\heldout\f2576c8a-da9b-450e-88cf-a70af1b0eadf.parquet,6c8281e546042c3705e7c40b9884b00f668e2d4e8db61128f5ce001f1a2619d7,0,,False
results\sivp_strengthening\third_detector_propagation\heldout\f292cc5c-7a90-360d-b62a-074c643bdf59.parquet,faff65846479ec4cea69d52d6ee1e8b6f554e3c1dc3b220919befdb6a2e3523f,0,,False
results\sivp_strengthening\third_detector_propagation\heldout\f6cc0ebf-fc6a-3bf2-8bcb-76d8c43f194e.parquet,da4837c1cd8d28f81e4b4d1947d24292521527da23071c07f4dce57fbca86896,0,,False
results\sivp_strengthening\tracker_low_level\rtdetr_l\0b86f508-5df9-4a46-bc59-5b9536dbde9f.parquet,beb6f82de8453306f38df7aa7869cbcf5c427527afb3499efbaac26b6e3ebbf2,0,rtdetr_l,False
results\sivp_strengthening\tracker_low_level\rtdetr_l\0c3bad78-9f1e-395d-a376-2eb7499229fd.parquet,eff1df103c1fd5c656646a740dba7b9f0673952712bd5b8b6b1b114392f1a786,0,rtdetr_l,False
results\sivp_strengthening\tracker_low_level\rtdetr_l\0fb7276f-ecb5-3e5b-87a8-cc74c709c715.parquet,33f2909fd60ee0cea363cf81ab8b7ba7dbaf76ea616dcea1ac500bd8166c7425,0,rtdetr_l,False
results\sivp_strengthening\tracker_low_level\rtdetr_l\15ec0778-826e-3ed7-9775-54fbf66997f4.parquet,b7650d00e4acf9b2fe2699cde2b04d9487429421f6dc3eb1f0865b72b7479968,0,rtdetr_l,False
results\sivp_strengthening\tracker_low_level\rtdetr_l\182ba3f7-b89a-36cc-ae40-32a341b0d3e9.parquet,51a86ba51c89cf3f4e597eab1026efe6b39e2dc0c3a47a89a96b6f67f7acc9d0,0,rtdetr_l,False
results\sivp_strengthening\tracker_low_level\rtdetr_l\19350c96-623d-4d77-af96-f8c23f00c358.parquet,e4f06a5f8395faff01d7d658635abdb39f5392c163f15213edf4b59df709280a,0,rtdetr_l,False
results\sivp_strengthening\tracker_low_level\rtdetr_l\1da4a0aa-22ae-3958-856d-05303de1f576.parquet,d57a0bd4ca9da74e961f2a7e74274f0cb2fb4605eeebb2e046c25963b6a7f311,0,rtdetr_l,False
results\sivp_strengthening\tracker_low_level\rtdetr_l\20dd185d-b4eb-3024-a17a-b4e5d8b15b65.parquet,efac39d641271af22edfb3c751f838e45bc670a7b598a5c1a10b113a39c4780c,0,rtdetr_l,False
results\sivp_strengthening\tracker_low_level\rtdetr_l\24642607-2a51-384a-90a7-228067956d05.parquet,e092a18c900f6e88afe2d9518f2003a3d76e943ece0da0147f102cf0139ca700,0,rtdetr_l,False
results\sivp_strengthening\tracker_low_level\rtdetr_l\27c03d98-6ac3-38a3-ba5e-102b184d01ef.parquet,d4145b020ce15f1d007ae3721e9156c7d4e509a6ab1c1b57a0d21dc2161252e4,0,rtdetr_l,False
results\sivp_strengthening\tracker_low_level\rtdetr_l\29a00842-ead2-3050-b587-c5ef507e4125.parquet,bdab4f1f1b534897263681e7c9f21c2f127444ba36f6563e6dc3ae6a119cb280,0,rtdetr_l,False
results\sivp_strengthening\tracker_low_level\rtdetr_l\2c652f9e-8db8-3572-aa49-fae1344a875b.parquet,dc880b6fb387947ba8fa588a5954b05e015c34ddd46e952467db25e26225b663,0,rtdetr_l,False
results\sivp_strengthening\tracker_low_level\rtdetr_l\36aec72e-5086-376c-b109-295b128e77e1.parquet,20674afa303819165d73a6acbfa9df76b7cab2bd83a013826bbdb0841a5913d0,0,rtdetr_l,False
results\sivp_strengthening\tracker_low_level\rtdetr_l\3de5b5d6-68c4-3c95-84ed-be7c83d829f8.parquet,0e1b3b8548e232f5be8b41324fa11711946d8984d3b9fa083a4e9eca5c199b68,0,rtdetr_l,False
results\sivp_strengthening\tracker_low_level\rtdetr_l\44adf4c4-6064-362f-94d3-323ed42cfda9.parquet,d3d348505d86ac300949562da537c35c8d9435a21e0c2e1b99891d1a64b8487a,0,rtdetr_l,False
results\sivp_strengthening\tracker_low_level\rtdetr_l\47286726-5dd4-4e26-bd2d-5324f429e445.parquet,760667e6dd7bd1c562b705c898dac0d5b8e998f554c074de97c31f6e42b317fa,0,rtdetr_l,False
results\sivp_strengthening\tracker_low_level\rtdetr_l\4e3fedbb-847c-3d5b-8a62-c9ff84550985.parquet,b19329ea75030632cc61a3d9cb616e858ecdd5b3f30ebd95cf8f8232c36eec60,0,rtdetr_l,False
results\sivp_strengthening\tracker_low_level\rtdetr_l\52071780-5758-3ed4-8835-0d64ecdc5575.parquet,49afe06c25244647fe9a5123aff74fac5b3a12ccbf5a228ea1c6138600a34791,0,rtdetr_l,False
results\sivp_strengthening\tracker_low_level\rtdetr_l\58e82365-03bc-3b2f-b55a-a4ad0e3e792d.parquet,f203cd9b32dadf05e571abb69f23f9cce46f3b502a9d9e32f2a3aaf55fcb40b8,0,rtdetr_l,False
results\sivp_strengthening\tracker_low_level\rtdetr_l\58fed0d4-97d5-469b-89a4-4394838e10c7.parquet,b41ec7bd966a42913dbf5eafa7356b88bdda8a1b46ccab780e54c103faa5d468,0,rtdetr_l,False
results\sivp_strengthening\tracker_low_level\rtdetr_l\6c932547-4c11-31d7-b8ef-0c16a13dbfc3.parquet,596afa6515ac256df070439a067d40167b7a5ac1eea0c67202d0feb6f1d50463,0,rtdetr_l,False
results\sivp_strengthening\tracker_low_level\rtdetr_l\7039e410-b5ab-35aa-96bc-2c4b89d3c5e3.parquet,1f470a19c1622cb4fa0ec6e6a10660b70866cf0b87b004961bed262cacaf5cae,0,rtdetr_l,False
results\sivp_strengthening\tracker_low_level\rtdetr_l\78683234-e6f1-3e4e-af52-6f839254e4c0.parquet,bcf431d1167662a516da437c9a6d80698acf03373be2522d691a853a7f1b1ef1,0,rtdetr_l,False
results\sivp_strengthening\tracker_low_level\rtdetr_l\78da7b7e-8ddf-3c7d-8716-eaa890106dd3.parquet,413b1a0ff41161e1e58f3db2dbd801c6d52ab5504817e012828904e4f5f7e400,0,rtdetr_l,False
results\sivp_strengthening\tracker_low_level\rtdetr_l\7a2c222d-addc-30b2-aac6-596cb65a22e3.parquet,0133c7e359da535a051b50dd1e40e12920c3e2a662902b584a40e551e5acd801,0,rtdetr_l,False
results\sivp_strengthening\tracker_low_level\rtdetr_l\858d739b-a0ba-35aa-bafc-4f7988bcad17.parquet,ca826ffb5ef7ba193d2caaf27b273b2976e1c90dc9fa5312cbc1291b6405b13c,0,rtdetr_l,False
results\sivp_strengthening\tracker_low_level\rtdetr_l\95bf6003-7068-3a78-a0c0-9e470a06e60f.parquet,a76ba5dfd6f1f0af0f7c65f94a6fbf8dde2ace61807ba886dcd2fec800413022,0,rtdetr_l,False
results\sivp_strengthening\tracker_low_level\rtdetr_l\a7636fca-4d9e-3052-bef2-af0ce5d1df74.parquet,6a8de2295acbba4e7c46d6eb689df6119378d6d8544b3f02953793986e932db3,0,rtdetr_l,False
results\sivp_strengthening\tracker_low_level\rtdetr_l\a91d4c7b-bf55-3a0e-9eba-1a43577bcca8.parquet,9a6660a9018d99e15ff73061a3e8bf851962b9bf24797f0c4af640855c8bb913,0,rtdetr_l,False
results\sivp_strengthening\tracker_low_level\rtdetr_l\b19f3c1a-a84a-3a2d-8d1b-8a4ae201020b.parquet,38402120e89af02869ca03831116ee6c980b7f502f0420d9e9a2db7f4bee5ce9,0,rtdetr_l,False
results\sivp_strengthening\tracker_low_level\rtdetr_l\b2053fdc-0b94-30bc-aee7-5bc6fb7e9f52.parquet,f8bb729b3baec5461a6109d64f2a90ab7a26df1f7de926060f4e27a268163d15,0,rtdetr_l,False
results\sivp_strengthening\tracker_low_level\rtdetr_l\b50c4763-5d1e-37f4-a009-2244aeebabcd.parquet,9854ea65d5b2166eff2ed4342f94d465111ec9ce284297f5f3fa88980af560a7,0,rtdetr_l,False
results\sivp_strengthening\tracker_low_level\rtdetr_l\b87683ae-14c5-321f-8af3-623e7bafc3a7.parquet,1ae67494ca3561723535a8f9d524cee2e18e84df4eddbed88e901ffcba40ab4b,0,rtdetr_l,False
results\sivp_strengthening\tracker_low_level\rtdetr_l\c8ec7be0-92aa-3222-946e-fbcf398c841e.parquet,161c1939958c2ca75c6e214fc925fdd667e0d2029585dc3e34c255ad86af1a1a,0,rtdetr_l,False
results\sivp_strengthening\tracker_low_level\rtdetr_l\cae56e40-8470-3c9c-af75-6e444189488f.parquet,87c0ab0299b67f4cac4cefbb7f6aada48ddb633815d4e5c96a5af0887e6bee1a,0,rtdetr_l,False
results\sivp_strengthening\tracker_low_level\rtdetr_l\d1395998-7e8a-417d-91e9-5ca6ec045ee1.parquet,915543f86acc3ddc20a214209753114107d559d943e5035deb2422802c79edf8,0,rtdetr_l,False
results\sivp_strengthening\tracker_low_level\rtdetr_l\d3ca0450-2167-38fb-b34b-449741cb38f3.parquet,1e67493adaeb7c739fffc4c0c2f091b688c1d6d5210de7c987922e72876ce9aa,0,rtdetr_l,False
results\sivp_strengthening\tracker_low_level\rtdetr_l\d5d6f11c-3026-3e0e-9d67-c111233e22de.parquet,856dead87861b60b1cda2b5d82ab43eda08e62fb6689c9d597b543c8408138b4,0,rtdetr_l,False
results\sivp_strengthening\tracker_low_level\rtdetr_l\da036982-92bf-36a8-b880-4ccf4e20b74e.parquet,c4250cd86d17401d593c5a108b3dd8463b6e9ed21b0ad1914cca658bb5a61dea,0,rtdetr_l,False
results\sivp_strengthening\tracker_low_level\rtdetr_l\dafe14f5-825c-4e7a-9009-6dfdfdd5b030.parquet,ccf9bcab6a96c8ff01da38dfdad1f9740b58c1576f9706470562b71fb9e2c794,0,rtdetr_l,False
results\sivp_strengthening\tracker_low_level\rtdetr_l\e1d68dde-22a9-3918-a526-0850b21ff2eb.parquet,e1d502b4270ab68d27e42b6ff09d9549766a9d41a03c0942e241ffb6a42fcc96,0,rtdetr_l,False
results\sivp_strengthening\tracker_low_level\rtdetr_l\e2e921fe-e489-3656-a0a2-5e17bd399ddf.parquet,0a486d58b3db703531ba57c4b0aff75b237ed06222c6f74f55a148ac121bae95,0,rtdetr_l,False
results\sivp_strengthening\tracker_low_level\rtdetr_l\e50e7698-de3d-355f-aca2-eddd09c09533.parquet,6b5c6a60be93cbda4ac70e54b7dc3b4fde83363a1725a821098ce47aff022f3b,0,rtdetr_l,False
results\sivp_strengthening\tracker_low_level\rtdetr_l\e72ef05c-8b94-3885-a34f-fff3b2b954b4.parquet,879ea8aeef90c731331079a08326b1f1f91bb40dd7a82d39a475b5061e95158a,0,rtdetr_l,False
results\sivp_strengthening\tracker_low_level\rtdetr_l\e8c9fd64-fdd2-422d-a2a2-6f47500d1d12.parquet,7b1a789dab1a17d6131a6451f8b5dba86e145918cb71477722c0c33d4b2cf891,0,rtdetr_l,False
results\sivp_strengthening\tracker_low_level\rtdetr_l\eec284b2-840a-3c75-aa42-04d2e309bbe1.parquet,f060a58ddac63da3916b47b404ab2542a436e254491a891ba4b9cc17d6853fe2,0,rtdetr_l,False
results\sivp_strengthening\tracker_low_level\rtdetr_l\f1275002-842e-3571-8f7d-05816bc7cf56.parquet,ea9d88d6fadd9c4e104c73d206dcd3236f3cc0aed51248aaba5526511b116d03,0,rtdetr_l,False
results\sivp_strengthening\tracker_low_level\rtdetr_l\f2576c8a-da9b-450e-88cf-a70af1b0eadf.parquet,e474f5a01a201295da525e6d5bee2226f5719490cc34805a99302cd58ed58ba4,0,rtdetr_l,False
results\sivp_strengthening\tracker_low_level\rtdetr_l\f292cc5c-7a90-360d-b62a-074c643bdf59.parquet,309ec125654265045e634d54a78bcba67afcc2c88ee4a723fdfd9724a6877f00,0,rtdetr_l,False
results\sivp_strengthening\tracker_low_level\rtdetr_l\f6cc0ebf-fc6a-3bf2-8bcb-76d8c43f194e.parquet,1e6bfb84440ed2b7525a5da4aa1966d6dd46fef2bf2480120371aebd1039baa0,0,rtdetr_l,False
results\sivp_strengthening\tracker_low_level\yolo11n\0b86f508-5df9-4a46-bc59-5b9536dbde9f.parquet,b138e9b3df955328c5ddbdc2466f96ad55393d6a26cbbca67b259c9be81b92c7,0,yolo11n,False
results\sivp_strengthening\tracker_low_level\yolo11n\0c3bad78-9f1e-395d-a376-2eb7499229fd.parquet,8cdbf1b7b9a749ba05d2363e7d7351a4018ffd1343b25c08b1acd5e6f4211f71,0,yolo11n,False
results\sivp_strengthening\tracker_low_level\yolo11n\0fb7276f-ecb5-3e5b-87a8-cc74c709c715.parquet,5ed883286b1097cd49773ab482c18c29a1e9f2c5b0ea33fe73d95ddc3b8f790e,0,yolo11n,False
results\sivp_strengthening\tracker_low_level\yolo11n\15ec0778-826e-3ed7-9775-54fbf66997f4.parquet,c9353cc27bf4f874d71ec084328d8ade059c05570dc9452deb168f76e5e59c4f,0,yolo11n,False
results\sivp_strengthening\tracker_low_level\yolo11n\182ba3f7-b89a-36cc-ae40-32a341b0d3e9.parquet,20c88360e16a71b98b64b0c2d24f26cb77689f6659da9a1f7a9e838a02d38a64,0,yolo11n,False
results\sivp_strengthening\tracker_low_level\yolo11n\19350c96-623d-4d77-af96-f8c23f00c358.parquet,597e586636ab775582a0cbb5e9a17728780c16b756b4f87b2b1c94b8b79c10d3,0,yolo11n,False
results\sivp_strengthening\tracker_low_level\yolo11n\1da4a0aa-22ae-3958-856d-05303de1f576.parquet,4288ae17389a47c62f38a44daaef5e8d527c5da6243744a540ca49c76ab247fc,0,yolo11n,False
results\sivp_strengthening\tracker_low_level\yolo11n\20dd185d-b4eb-3024-a17a-b4e5d8b15b65.parquet,a077b30ec101284b980133a291dc7512a05c97b7a219b04c8aefa2a334ae6aac,0,yolo11n,False
results\sivp_strengthening\tracker_low_level\yolo11n\24642607-2a51-384a-90a7-228067956d05.parquet,ca035f8bf2e9a4b56ebee1546da8bd0f6ffcc6d05260733c210e24fa37d3c359,0,yolo11n,False
results\sivp_strengthening\tracker_low_level\yolo11n\27c03d98-6ac3-38a3-ba5e-102b184d01ef.parquet,961e382de397fd202e447f0a6ca45e04b065d2f87b777809f5a57623cd6c6d5c,0,yolo11n,False
results\sivp_strengthening\tracker_low_level\yolo11n\29a00842-ead2-3050-b587-c5ef507e4125.parquet,78c6aa85fccfb85f1e85a99ca63a3ba166aa7255ca868c20c74d20429e8a91f1,0,yolo11n,False
results\sivp_strengthening\tracker_low_level\yolo11n\2c652f9e-8db8-3572-aa49-fae1344a875b.parquet,ba8a9cba5223b5dd6d9aa05fef3622ee65232f06df916d33e500e77e4c7af4ac,0,yolo11n,False
results\sivp_strengthening\tracker_low_level\yolo11n\36aec72e-5086-376c-b109-295b128e77e1.parquet,a251c2c1894b3ad1a0fff3b033e9953cc87e53f3af0c3cfaf2a0c633f09f3b21,0,yolo11n,False
results\sivp_strengthening\tracker_low_level\yolo11n\3de5b5d6-68c4-3c95-84ed-be7c83d829f8.parquet,7829c73129e799b07183f8df97b1186e02b0976a2bd85bda3d355fdfeb3c6987,0,yolo11n,False
results\sivp_strengthening\tracker_low_level\yolo11n\44adf4c4-6064-362f-94d3-323ed42cfda9.parquet,8aa337b85b5b1310daada2fc1ab53224aadb7622ebfd0260303c058f5bc1a7a5,0,yolo11n,False
results\sivp_strengthening\tracker_low_level\yolo11n\47286726-5dd4-4e26-bd2d-5324f429e445.parquet,08b68188a1f5dea7099e1e6da6f4c784e6ebf5777f622487a1319ef6b35a30c7,0,yolo11n,False
results\sivp_strengthening\tracker_low_level\yolo11n\4e3fedbb-847c-3d5b-8a62-c9ff84550985.parquet,88729daba72972c0664a2cb87a8cbfdd301a7e8c54f360d14bcb708cbc0cac62,0,yolo11n,False
results\sivp_strengthening\tracker_low_level\yolo11n\52071780-5758-3ed4-8835-0d64ecdc5575.parquet,02a112da875e7a4ce97f6eac670fbf17f86854b96d2e8b7d9f3b45dd632a6fd7,0,yolo11n,False
results\sivp_strengthening\tracker_low_level\yolo11n\58e82365-03bc-3b2f-b55a-a4ad0e3e792d.parquet,e04a573b06a59e85f4b80bc2ba18021909d2d192f344b9800058efb00d4ce9c8,0,yolo11n,False
results\sivp_strengthening\tracker_low_level\yolo11n\58fed0d4-97d5-469b-89a4-4394838e10c7.parquet,000ccbddcb166195b467f9333ca96e0615440387817c8f0c346997d2ace29166,0,yolo11n,False
results\sivp_strengthening\tracker_low_level\yolo11n\6c932547-4c11-31d7-b8ef-0c16a13dbfc3.parquet,4afa85532eaf08187e8ddca43dc96ef65fdc59fb8da664ef7b9baab9de4fa8cc,0,yolo11n,False
results\sivp_strengthening\tracker_low_level\yolo11n\7039e410-b5ab-35aa-96bc-2c4b89d3c5e3.parquet,99d10ac01751ff08c9f7d6294acf028538a1f52a5ead32d0ae4a775927758379,0,yolo11n,False
results\sivp_strengthening\tracker_low_level\yolo11n\78683234-e6f1-3e4e-af52-6f839254e4c0.parquet,54267dc95f5b35f3238b9c780bfda647fcda0db9d2febf301f21fcf422e35bd3,0,yolo11n,False
results\sivp_strengthening\tracker_low_level\yolo11n\78da7b7e-8ddf-3c7d-8716-eaa890106dd3.parquet,2e7f11347a48747a6e66f9a307bb2d357e3d782317702e4da02bfe3f4a7c6e29,0,yolo11n,False
results\sivp_strengthening\tracker_low_level\yolo11n\7a2c222d-addc-30b2-aac6-596cb65a22e3.parquet,aefff939267e4bb204f249a940fefd31275568fb83fab1c522527167ff19f4df,0,yolo11n,False
results\sivp_strengthening\tracker_low_level\yolo11n\858d739b-a0ba-35aa-bafc-4f7988bcad17.parquet,f6633328bf209b2364d9c997cad067d92b7bd174ef8f4f0ec950e0d54c866104,0,yolo11n,False
results\sivp_strengthening\tracker_low_level\yolo11n\95bf6003-7068-3a78-a0c0-9e470a06e60f.parquet,69dbb0657a9c6c3dfc3346040b5e37f7936ebfe8997370b6947ebab1021d6c28,0,yolo11n,False
results\sivp_strengthening\tracker_low_level\yolo11n\a7636fca-4d9e-3052-bef2-af0ce5d1df74.parquet,193b406f96bcbbccdf2259767bc6ddc286cc6f6ce8f9626dea3e837744a0aeb5,0,yolo11n,False
results\sivp_strengthening\tracker_low_level\yolo11n\a91d4c7b-bf55-3a0e-9eba-1a43577bcca8.parquet,1094cc808512bbd0f4a1f2a7fd045b6d420e56efda12156749c12f29f849b7ca,0,yolo11n,False
results\sivp_strengthening\tracker_low_level\yolo11n\b19f3c1a-a84a-3a2d-8d1b-8a4ae201020b.parquet,e75fdae8915ab36ad99574b6b9cbc118e0b1ede2a78da1ccc4527d868639e8ba,0,yolo11n,False
results\sivp_strengthening\tracker_low_level\yolo11n\b2053fdc-0b94-30bc-aee7-5bc6fb7e9f52.parquet,4e0ca79cf1b9fdbfc7d4493ffc1a29f30f0b1c6975dfb09fca79e583f414ca08,0,yolo11n,False
results\sivp_strengthening\tracker_low_level\yolo11n\b50c4763-5d1e-37f4-a009-2244aeebabcd.parquet,d0515a082798b10032935d1840300a99c17be7ad9734d0b66b65aa3f12bde5d2,0,yolo11n,False
results\sivp_strengthening\tracker_low_level\yolo11n\b87683ae-14c5-321f-8af3-623e7bafc3a7.parquet,be6ad133ab432b0750e9785f984590a36c91985e384bba47f8db3d665d15c247,0,yolo11n,False
results\sivp_strengthening\tracker_low_level\yolo11n\c8ec7be0-92aa-3222-946e-fbcf398c841e.parquet,1150f7a80588ee32c9aa86cae97cefb556766434a16aca6a17a9980c7a6de73b,0,yolo11n,False
results\sivp_strengthening\tracker_low_level\yolo11n\cae56e40-8470-3c9c-af75-6e444189488f.parquet,ae0fd49c2ddb87f3e0facb8a10600482c8fd85ab1609fb125887b74daef32c4a,0,yolo11n,False
results\sivp_strengthening\tracker_low_level\yolo11n\d1395998-7e8a-417d-91e9-5ca6ec045ee1.parquet,6e6a9a3b7054a120435ed1eaf980c1e510792ff55f1ce86a4149c470ef881ea3,0,yolo11n,False
results\sivp_strengthening\tracker_low_level\yolo11n\d3ca0450-2167-38fb-b34b-449741cb38f3.parquet,a6eab4246b94f5fdad82ae2091d7acb3d682ae62aa643d66cb1e9893718da6aa,0,yolo11n,False
results\sivp_strengthening\tracker_low_level\yolo11n\d5d6f11c-3026-3e0e-9d67-c111233e22de.parquet,59a738bff0b35025e5a51acd8b7c93e996174af50f64b5e05f706f708760970e,0,yolo11n,False
results\sivp_strengthening\tracker_low_level\yolo11n\da036982-92bf-36a8-b880-4ccf4e20b74e.parquet,49e8a8f9ec63f36315c9c77e6fc4a09cd8af100986c769423710cb01ba1f67de,0,yolo11n,False
results\sivp_strengthening\tracker_low_level\yolo11n\dafe14f5-825c-4e7a-9009-6dfdfdd5b030.parquet,63666d5672979e155bcdf1eb0ad9382bb1fbbb78c3944925aaf92944c7e3bc40,0,yolo11n,False
results\sivp_strengthening\tracker_low_level\yolo11n\e1d68dde-22a9-3918-a526-0850b21ff2eb.parquet,8c4dec2acb1ad84849169373eee2d6a2692203ee13e40cb9ac7c917704600d55,0,yolo11n,False
results\sivp_strengthening\tracker_low_level\yolo11n\e2e921fe-e489-3656-a0a2-5e17bd399ddf.parquet,2e7a479f364937d5277cdb0f811cf7a6cfd79f9a06094d794ec5fd4787993ce6,0,yolo11n,False
results\sivp_strengthening\tracker_low_level\yolo11n\e50e7698-de3d-355f-aca2-eddd09c09533.parquet,734f5adae20bc52f0c5010db760ba74729a9264f876ea87b46915c596a6ad442,0,yolo11n,False
results\sivp_strengthening\tracker_low_level\yolo11n\e72ef05c-8b94-3885-a34f-fff3b2b954b4.parquet,b84a63d365b2d18f3a8f025c0787a9b7c296a2d46429ba169f0bd055490bf579,0,yolo11n,False
results\sivp_strengthening\tracker_low_level\yolo11n\e8c9fd64-fdd2-422d-a2a2-6f47500d1d12.parquet,c31fb0495ded5aeeb9dbbf400ce098f0a9bf2b333dac2ef15cd941c2e0f51b17,0,yolo11n,False
results\sivp_strengthening\tracker_low_level\yolo11n\eec284b2-840a-3c75-aa42-04d2e309bbe1.parquet,7c02c156a5018910133f844a4092597edfc79931560e47105c661aa059c6030f,0,yolo11n,False
results\sivp_strengthening\tracker_low_level\yolo11n\f1275002-842e-3571-8f7d-05816bc7cf56.parquet,b01c37ae939e361da5c8fa28d7926f5d01bc820c89a55560aec10d9573786298,0,yolo11n,False
results\sivp_strengthening\tracker_low_level\yolo11n\f2576c8a-da9b-450e-88cf-a70af1b0eadf.parquet,eebc7de6f4a55a21634ca088de9e7822439515ac229b6e382d176be95a2badcb,0,yolo11n,False
results\sivp_strengthening\tracker_low_level\yolo11n\f292cc5c-7a90-360d-b62a-074c643bdf59.parquet,74d4a21e2ec98ab2af2def57d682cff8778d8ef1f7ff65e1b85aa04dd5308a4c,0,yolo11n,False
results\sivp_strengthening\tracker_low_level\yolo11n\f6cc0ebf-fc6a-3bf2-8bcb-76d8c43f194e.parquet,f4c204181db87687ad708356deb4e21539eea13149268a3f33e43491e2c9a8e5,0,yolo11n,False
results\sivp_strengthening\tracker_low_level\yolo11s\0b86f508-5df9-4a46-bc59-5b9536dbde9f.parquet,5b4a7c09fc7c5d4ab07b86e471de37a3218cb2a95b8cba4c5062c9f1b7f01652,0,yolo11s,False
results\sivp_strengthening\tracker_low_level\yolo11s\0c3bad78-9f1e-395d-a376-2eb7499229fd.parquet,77d0a1f090429435647d22579eedde2d60bdb7215f9970567408a8ba6f657ba3,0,yolo11s,False
results\sivp_strengthening\tracker_low_level\yolo11s\0fb7276f-ecb5-3e5b-87a8-cc74c709c715.parquet,31f055a1494b1436894a4e0fc5173f4259950f357b5d32b78c273f4b6ab726df,0,yolo11s,False
results\sivp_strengthening\tracker_low_level\yolo11s\15ec0778-826e-3ed7-9775-54fbf66997f4.parquet,66b407ef72a1b1a8a8768fa3264125c26bfa5e6c5f948a6c088440208b72114d,0,yolo11s,False
results\sivp_strengthening\tracker_low_level\yolo11s\182ba3f7-b89a-36cc-ae40-32a341b0d3e9.parquet,28707982a7c9fb2e0c29892a99869de5b34143c649124722b56451a05d9289a6,0,yolo11s,False
results\sivp_strengthening\tracker_low_level\yolo11s\19350c96-623d-4d77-af96-f8c23f00c358.parquet,c813cf64073dbb3f248dfe94dc8faae3c4855c02077cf162ef845154ff38de2f,0,yolo11s,False
results\sivp_strengthening\tracker_low_level\yolo11s\1da4a0aa-22ae-3958-856d-05303de1f576.parquet,4a95a0728a8d85b0f6d1e9ad8b5f853d9b6fa58790985dc125707fc5a1080049,0,yolo11s,False
results\sivp_strengthening\tracker_low_level\yolo11s\20dd185d-b4eb-3024-a17a-b4e5d8b15b65.parquet,793d4e5c5cc9cf92fa4a80861422ad6f49392714e07ff980e3b2f084375e566f,0,yolo11s,False
results\sivp_strengthening\tracker_low_level\yolo11s\24642607-2a51-384a-90a7-228067956d05.parquet,93b37372ba34b2d854e1b4bf7374cf0f0cd1866f511469f96ab5360717522b3c,0,yolo11s,False
results\sivp_strengthening\tracker_low_level\yolo11s\27c03d98-6ac3-38a3-ba5e-102b184d01ef.parquet,a488bbb51d10beb0e8b1ea261cf9e6ce0686f2a1f41ed3584f9391a6917c9ef6,0,yolo11s,False
results\sivp_strengthening\tracker_low_level\yolo11s\29a00842-ead2-3050-b587-c5ef507e4125.parquet,e32bcb773358f3afeda9983aa0e435cdbb99e825c22256630a4aefb0e59833ba,0,yolo11s,False
results\sivp_strengthening\tracker_low_level\yolo11s\2c652f9e-8db8-3572-aa49-fae1344a875b.parquet,e0c796c668231fd8af0c0669aa81085e7ccb6b0aea74b68ddfe0f2d60a68b081,0,yolo11s,False
results\sivp_strengthening\tracker_low_level\yolo11s\36aec72e-5086-376c-b109-295b128e77e1.parquet,2e529bab2388adfafdfef013de9477c16e9fdd2ed5b813bde958b55e49c96474,0,yolo11s,False
results\sivp_strengthening\tracker_low_level\yolo11s\3de5b5d6-68c4-3c95-84ed-be7c83d829f8.parquet,2e27d9cd69f12e8aecb79a4e13c5d3cadbae20575aa0c5b60597549fcc10c67c,0,yolo11s,False
results\sivp_strengthening\tracker_low_level\yolo11s\44adf4c4-6064-362f-94d3-323ed42cfda9.parquet,1d7ad4616d7b31ad2c928fb771c9408c6d7cb8fd61beb043162a66f94e532a14,0,yolo11s,False
results\sivp_strengthening\tracker_low_level\yolo11s\47286726-5dd4-4e26-bd2d-5324f429e445.parquet,3e692f0c410ff58f0fddf257441b3b92afc2892b27f78e37538417ce80e8ef04,0,yolo11s,False
results\sivp_strengthening\tracker_low_level\yolo11s\4e3fedbb-847c-3d5b-8a62-c9ff84550985.parquet,1b0cd3fb15a367f022d08423d831ecdb2b5342dde202c8bd8e19ad3fafa931ff,0,yolo11s,False
results\sivp_strengthening\tracker_low_level\yolo11s\52071780-5758-3ed4-8835-0d64ecdc5575.parquet,4c501aac7dcfac5fb41342e67f7c09bff7cc86adbf2aa7929933361fc2b28084,0,yolo11s,False
results\sivp_strengthening\tracker_low_level\yolo11s\58e82365-03bc-3b2f-b55a-a4ad0e3e792d.parquet,b0a306e357d06299a9564c25759379d364539363c5ccd0a661b2f20a3995ab03,0,yolo11s,False
results\sivp_strengthening\tracker_low_level\yolo11s\58fed0d4-97d5-469b-89a4-4394838e10c7.parquet,98f4ba0f8f0339d3303170f377cda84c3f442245907063ea861f2c73bc17c6b0,0,yolo11s,False
results\sivp_strengthening\tracker_low_level\yolo11s\6c932547-4c11-31d7-b8ef-0c16a13dbfc3.parquet,b30f2d4928e683f84ee2adb356a3fb6649f54b07a30de905cf29d522241f32ad,0,yolo11s,False
results\sivp_strengthening\tracker_low_level\yolo11s\7039e410-b5ab-35aa-96bc-2c4b89d3c5e3.parquet,f50f9414f01bdd9cd7d70738291240b8576357efec77e2ae6f285cd15743046c,0,yolo11s,False
results\sivp_strengthening\tracker_low_level\yolo11s\78683234-e6f1-3e4e-af52-6f839254e4c0.parquet,ff292b4fbfcca8239a591ead44d0478674ffd9931f1575e9c2a43e7a0d20659d,0,yolo11s,False
results\sivp_strengthening\tracker_low_level\yolo11s\78da7b7e-8ddf-3c7d-8716-eaa890106dd3.parquet,ed38d9fc6401175a2a231e3f4d2468d7e50a883006d3c3c639bbf91a5f4b7526,0,yolo11s,False
results\sivp_strengthening\tracker_low_level\yolo11s\7a2c222d-addc-30b2-aac6-596cb65a22e3.parquet,76bbab9a288a0dfb84d1f9bd0d3a8357d60182dc28d0d39c37c0b2e3a759dbb4,0,yolo11s,False
results\sivp_strengthening\tracker_low_level\yolo11s\858d739b-a0ba-35aa-bafc-4f7988bcad17.parquet,011fa1d9a0a07022eb0051f61c20c89fb19cb78d22473c06013a541a3faba407,0,yolo11s,False
results\sivp_strengthening\tracker_low_level\yolo11s\95bf6003-7068-3a78-a0c0-9e470a06e60f.parquet,1b84ae8f1d311811d12b9e0f238f1cba1e8e4ed9776e1a9bb54685da04c6e103,0,yolo11s,False
results\sivp_strengthening\tracker_low_level\yolo11s\a7636fca-4d9e-3052-bef2-af0ce5d1df74.parquet,f533cb147fc0c0e428c4aca222e921521a021669dfa3bf8488e505a3f8983508,0,yolo11s,False
results\sivp_strengthening\tracker_low_level\yolo11s\a91d4c7b-bf55-3a0e-9eba-1a43577bcca8.parquet,744b047944784398033058aed985ec57c41ef7e026a9cba175e6596254b96451,0,yolo11s,False
results\sivp_strengthening\tracker_low_level\yolo11s\b19f3c1a-a84a-3a2d-8d1b-8a4ae201020b.parquet,a083d18982446cf8cb90bde621761aae78da16a5f4639ea8c52be987dfaf64af,0,yolo11s,False
results\sivp_strengthening\tracker_low_level\yolo11s\b2053fdc-0b94-30bc-aee7-5bc6fb7e9f52.parquet,e5d65f81b84f28fb06e3c4215a70bc10ba978178703d568d6c42a51f085758df,0,yolo11s,False
results\sivp_strengthening\tracker_low_level\yolo11s\b50c4763-5d1e-37f4-a009-2244aeebabcd.parquet,9966299219de3642f9c2408910d1bc09df6644b87154d71a23eaeebb2b6973d5,0,yolo11s,False
results\sivp_strengthening\tracker_low_level\yolo11s\b87683ae-14c5-321f-8af3-623e7bafc3a7.parquet,457774b99d2bd94a4cfb4bbde057e536b678ddfeb1cd504f22ce28b39f548c2e,0,yolo11s,False
results\sivp_strengthening\tracker_low_level\yolo11s\c8ec7be0-92aa-3222-946e-fbcf398c841e.parquet,1eb762eed15228c2f29f5a75ed17e66db21a7bdb6202cb432f2e81d3ebe72c85,0,yolo11s,False
results\sivp_strengthening\tracker_low_level\yolo11s\cae56e40-8470-3c9c-af75-6e444189488f.parquet,39663f638f4638baf9084a4e1061750a8b114673f820c4efe2d535cd6bcd78dd,0,yolo11s,False
results\sivp_strengthening\tracker_low_level\yolo11s\d1395998-7e8a-417d-91e9-5ca6ec045ee1.parquet,72cd3f7ef325b712ef54b36ac672acc0387f8a30f7371e9c0cff71141540dbb7,0,yolo11s,False
results\sivp_strengthening\tracker_low_level\yolo11s\d3ca0450-2167-38fb-b34b-449741cb38f3.parquet,4db1bc9ece69724e7ba864c014f40a003f8c881482710315ff94d355631a99fc,0,yolo11s,False
results\sivp_strengthening\tracker_low_level\yolo11s\d5d6f11c-3026-3e0e-9d67-c111233e22de.parquet,e5d827c624cd362ddc462b558572c47538ac934e8c150b72ae91ac372186f1c5,0,yolo11s,False
results\sivp_strengthening\tracker_low_level\yolo11s\da036982-92bf-36a8-b880-4ccf4e20b74e.parquet,7df2b01910f9cafb420e2f1b0f7ac95a5b23d7fb7e6ddd0b21d013b3999c9651,0,yolo11s,False
results\sivp_strengthening\tracker_low_level\yolo11s\dafe14f5-825c-4e7a-9009-6dfdfdd5b030.parquet,0348557b5c73383e7bf9828ffb2dbfc9518c36f1ab191f254e0431af60748042,0,yolo11s,False
results\sivp_strengthening\tracker_low_level\yolo11s\e1d68dde-22a9-3918-a526-0850b21ff2eb.parquet,7d73b253b208c9bf4ccaa06d75aa2f28502e11168ff45a4b39493fad56670862,0,yolo11s,False
results\sivp_strengthening\tracker_low_level\yolo11s\e2e921fe-e489-3656-a0a2-5e17bd399ddf.parquet,2419fe3db5c998082882d199029a73642a60586f7ac6c03f1c2877db0849a35e,0,yolo11s,False
results\sivp_strengthening\tracker_low_level\yolo11s\e50e7698-de3d-355f-aca2-eddd09c09533.parquet,2c44a2416b9a4c83c0f06ec91fe6ff773a4ea0517ba2f74d0091d811edfdf830,0,yolo11s,False
results\sivp_strengthening\tracker_low_level\yolo11s\e72ef05c-8b94-3885-a34f-fff3b2b954b4.parquet,dc9d495ec17df38de873396e2c715a21da4ced1bbf2afcfe51164732a1ae622e,0,yolo11s,False
results\sivp_strengthening\tracker_low_level\yolo11s\e8c9fd64-fdd2-422d-a2a2-6f47500d1d12.parquet,f2fe949a1240f70f023446175c4fa3bf699143cedc314294e0c2b7a4604edbf5,0,yolo11s,False
results\sivp_strengthening\tracker_low_level\yolo11s\eec284b2-840a-3c75-aa42-04d2e309bbe1.parquet,00ce1175cbe845886e2523afb867bf72248fd2dfa690e363c92dc00e202fd390,0,yolo11s,False
results\sivp_strengthening\tracker_low_level\yolo11s\f1275002-842e-3571-8f7d-05816bc7cf56.parquet,f211618bfe8e85216f2ff87217e0d9e455232d5c531f3d03c0cbdfc4f134b271,0,yolo11s,False
results\sivp_strengthening\tracker_low_level\yolo11s\f2576c8a-da9b-450e-88cf-a70af1b0eadf.parquet,e19984f001daee0db781290ba8de930c469afe55e819d45d5fee19d0d21bb173,0,yolo11s,False
results\sivp_strengthening\tracker_low_level\yolo11s\f292cc5c-7a90-360d-b62a-074c643bdf59.parquet,d26fe068707ab51af3730a019ebcafcf195e256bf57e0f265eb90241d4a229f2,0,yolo11s,False
results\sivp_strengthening\tracker_low_level\yolo11s\f6cc0ebf-fc6a-3bf2-8bcb-76d8c43f194e.parquet,064bbee3e1e807f442deb1e17d55b5723bcf9ff69bc2b79a2cd55077adb24a35,0,yolo11s,False
configs\av2_confirmation.yaml,3a1ebaacc338200a6fc1122abbddb2fcf0d217b7018885b74bd4bf7d6edde16a,0,,False
configs\av2_development_logs.txt,44ce2a8566becb1f93f2c7ae65578245d6d15a139fcaefc8100304c28bded983,0,,False
configs\av2_extension_logs.txt,2314b7cf641f0bafd737d893d2350e9eb2b48c3899d05d594c036c158b560993,0,,False
configs\av2_heldout_logs.txt,15968906597b4826142e01d69fe8c282d84d67ae0a401dd221fe92fecf0fd5c7,0,,False
configs\av2_method_frozen.yaml,0e3576df28fe9ca154888415dd2b045ec0f4de552a6e57843b823b79587f9e48,0,,False
configs\av2_model_selection_logs.txt,412926b5c01e2db60db9854a000278cd76f391decf60994b7e503cde7a853d35,0,,False
configs\causal_gate_frozen.yaml,149ab64ab9f53a53d1441a974c8c516d3270f4d69abd65b9779c3cf327c9181b,0,,False
configs\nuscenes_500ms_reproduction.yaml,a15c097b4687dc50059c583073fd20a4467a91a222d9e1e80500a4727042c91b,0,,False
