scene_name,sample_token,timestamp_us,message,causal_prior_found,age_ms
scene-0061,ca9a282c9e77460f8360f564131a8af5,1532402927612460,pose,False,
scene-0061,ca9a282c9e77460f8360f564131a8af5,1532402927612460,steeranglefeedback,False,
scene-0061,ca9a282c9e77460f8360f564131a8af5,1532402927612460,zoesensors,False,
scene-0061,ca9a282c9e77460f8360f564131a8af5,1532402927612460,zoe_veh_info,False,
scene-0061,39586f9d59004284a7114a68825e8eec,1532402928112460,pose,True,7.349
scene-0061,39586f9d59004284a7114a68825e8eec,1532402928112460,steeranglefeedback,True,5.306
scene-0061,39586f9d59004284a7114a68825e8eec,1532402928112460,zoesensors,True,1.409
scene-0061,39586f9d59004284a7114a68825e8eec,1532402928112460,zoe_veh_info,True,10.524
scene-0061,356d81f38dd9473ba590f39e266f54e5,1532402928662460,pose,True,17.371
scene-0061,356d81f38dd9473ba590f39e266f54e5,1532402928662460,steeranglefeedback,True,6.025
scene-0061,356d81f38dd9473ba590f39e266f54e5,1532402928662460,zoesensors,True,2.407
scene-0061,356d81f38dd9473ba590f39e266f54e5,1532402928662460,zoe_veh_info,True,9.033
scene-0061,e0845f5322254dafadbbed75aaa07969,1532402929162460,pose,True,16.767
scene-0061,e0845f5322254dafadbbed75aaa07969,1532402929162460,steeranglefeedback,True,6.4
scene-0061,e0845f5322254dafadbbed75aaa07969,1532402929162460,zoesensors,True,0.685
scene-0061,e0845f5322254dafadbbed75aaa07969,1532402929162460,zoe_veh_info,True,9.446
scene-0061,c923fe08b2ff4e27975d2bf30934383b,1532402929662460,pose,True,17.326
scene-0061,c923fe08b2ff4e27975d2bf30934383b,1532402929662460,steeranglefeedback,True,5.657
scene-0061,c923fe08b2ff4e27975d2bf30934383b,1532402929662460,zoesensors,True,0.555
scene-0061,c923fe08b2ff4e27975d2bf30934383b,1532402929662460,zoe_veh_info,True,0.258
scene-0061,f1e3d9d08f044c439ce86a2d6fcca57b,1532402930112460,pose,True,6.675
scene-0061,f1e3d9d08f044c439ce86a2d6fcca57b,1532402930112460,steeranglefeedback,True,6.619
scene-0061,f1e3d9d08f044c439ce86a2d6fcca57b,1532402930112460,zoesensors,True,0.623
scene-0061,f1e3d9d08f044c439ce86a2d6fcca57b,1532402930112460,zoe_veh_info,True,10.773
scene-0061,4f545737bf3347fbbc9af60b0be9a963,1532402930612460,pose,True,6.825
scene-0061,4f545737bf3347fbbc9af60b0be9a963,1532402930612460,steeranglefeedback,True,6.789
scene-0061,4f545737bf3347fbbc9af60b0be9a963,1532402930612460,zoesensors,True,0.684
scene-0061,4f545737bf3347fbbc9af60b0be9a963,1532402930612460,zoe_veh_info,True,10.735
scene-0061,7626dde27d604ac28a0240bdd54eba7a,1532402931162460,pose,True,16.725
scene-0061,7626dde27d604ac28a0240bdd54eba7a,1532402931162460,steeranglefeedback,True,6.179
scene-0061,7626dde27d604ac28a0240bdd54eba7a,1532402931162460,zoesensors,True,0.479
scene-0061,7626dde27d604ac28a0240bdd54eba7a,1532402931162460,zoe_veh_info,True,9.238
scene-0061,be99ffc878b24aca8956bbb4e0f97d0c,1532402931662460,pose,True,17.224
scene-0061,be99ffc878b24aca8956bbb4e0f97d0c,1532402931662460,steeranglefeedback,True,6.679
scene-0061,be99ffc878b24aca8956bbb4e0f97d0c,1532402931662460,zoesensors,True,0.03
scene-0061,be99ffc878b24aca8956bbb4e0f97d0c,1532402931662460,zoe_veh_info,True,9.734
scene-0061,9813c23a5f1448b09bb7910fea9baf20,1532402932162460,pose,True,17.684
scene-0061,9813c23a5f1448b09bb7910fea9baf20,1532402932162460,steeranglefeedback,True,6.314
scene-0061,9813c23a5f1448b09bb7910fea9baf20,1532402932162460,zoesensors,True,0.598
scene-0061,9813c23a5f1448b09bb7910fea9baf20,1532402932162460,zoe_veh_info,True,0.025
scene-0061,023c4df2d451409881d8e6ea82f14704,1532402932612460,pose,True,7.707
scene-0061,023c4df2d451409881d8e6ea82f14704,1532402932612460,steeranglefeedback,True,6.714
scene-0061,023c4df2d451409881d8e6ea82f14704,1532402932612460,zoesensors,True,4.751
scene-0061,023c4df2d451409881d8e6ea82f14704,1532402932612460,zoe_veh_info,True,10.744
scene-0061,c235638ed66145988d17f9d0601923f2,1532402933112460,pose,True,6.958
scene-0061,c235638ed66145988d17f9d0601923f2,1532402933112460,steeranglefeedback,True,6.872
scene-0061,c235638ed66145988d17f9d0601923f2,1532402933112460,zoesensors,True,1.913
scene-0061,c235638ed66145988d17f9d0601923f2,1532402933112460,zoe_veh_info,True,10.02
scene-0061,bc3c8a953f6b4dcdb77b521d89f3d9d5,1532402933612460,pose,True,27.294
scene-0061,bc3c8a953f6b4dcdb77b521d89f3d9d5,1532402933612460,steeranglefeedback,True,4.047
scene-0061,bc3c8a953f6b4dcdb77b521d89f3d9d5,1532402933612460,zoesensors,True,0.392
scene-0061,bc3c8a953f6b4dcdb77b521d89f3d9d5,1532402933612460,zoe_veh_info,True,10.811
scene-0061,1e3d79dae62742a0ad64c91679863358,1532402934112460,pose,True,6.868
scene-0061,1e3d79dae62742a0ad64c91679863358,1532402934112460,steeranglefeedback,True,6.884
scene-0061,1e3d79dae62742a0ad64c91679863358,1532402934112460,zoesensors,True,0.357
scene-0061,1e3d79dae62742a0ad64c91679863358,1532402934112460,zoe_veh_info,True,10.358
scene-0061,2afb9d32310e4546a71cbe432911eca2,1532402934662484,pose,True,16.766
scene-0061,2afb9d32310e4546a71cbe432911eca2,1532402934662484,steeranglefeedback,True,7.531
scene-0061,2afb9d32310e4546a71cbe432911eca2,1532402934662484,zoesensors,True,3.754
scene-0061,2afb9d32310e4546a71cbe432911eca2,1532402934662484,zoe_veh_info,True,9.471
scene-0061,cd21dbfc3bd749c7b10a5c42562e0c42,1532402935162463,pose,True,17.573
scene-0061,cd21dbfc3bd749c7b10a5c42562e0c42,1532402935162463,steeranglefeedback,True,7.268
scene-0061,cd21dbfc3bd749c7b10a5c42562e0c42,1532402935162463,zoesensors,True,0.706
scene-0061,cd21dbfc3bd749c7b10a5c42562e0c42,1532402935162463,zoe_veh_info,True,9.234
scene-0061,88449a5cb1644a199c1c11f6ac034867,1532402935662460,pose,True,17.442
scene-0061,88449a5cb1644a199c1c11f6ac034867,1532402935662460,steeranglefeedback,True,7.31
scene-0061,88449a5cb1644a199c1c11f6ac034867,1532402935662460,zoesensors,True,0.527
scene-0061,88449a5cb1644a199c1c11f6ac034867,1532402935662460,zoe_veh_info,True,9.515
scene-0061,2ff86dc19c4644a1a88ce5ba848f56e5,1532402936162460,pose,True,17.681
scene-0061,2ff86dc19c4644a1a88ce5ba848f56e5,1532402936162460,steeranglefeedback,True,7.493
scene-0061,2ff86dc19c4644a1a88ce5ba848f56e5,1532402936162460,zoesensors,True,1.847
scene-0061,2ff86dc19c4644a1a88ce5ba848f56e5,1532402936162460,zoe_veh_info,True,9.099
scene-0061,bf2938e43c6f487497cda76b51bfc406,1532402936662460,pose,True,17.543
scene-0061,bf2938e43c6f487497cda76b51bfc406,1532402936662460,steeranglefeedback,True,8.074
scene-0061,bf2938e43c6f487497cda76b51bfc406,1532402936662460,zoesensors,True,5.882
scene-0061,bf2938e43c6f487497cda76b51bfc406,1532402936662460,zoe_veh_info,True,9.096
scene-0061,b26e791522294bec90f86fd72226e35c,1532402937162460,pose,True,17.092
scene-0061,b26e791522294bec90f86fd72226e35c,1532402937162460,steeranglefeedback,True,7.838
scene-0061,b26e791522294bec90f86fd72226e35c,1532402937162460,zoesensors,True,0.165
scene-0061,b26e791522294bec90f86fd72226e35c,1532402937162460,zoe_veh_info,True,0.137
scene-0061,c844bf5a9f2243ff8f4bf2c85fe218ff,1532402937662460,pose,True,17.114
scene-0061,c844bf5a9f2243ff8f4bf2c85fe218ff,1532402937662460,steeranglefeedback,True,7.848
scene-0061,c844bf5a9f2243ff8f4bf2c85fe218ff,1532402937662460,zoesensors,True,0.468
scene-0061,c844bf5a9f2243ff8f4bf2c85fe218ff,1532402937662460,zoe_veh_info,True,0.462
scene-0061,fedfb3a6cb804635a0f47143f9ca8d6f,1532402938162460,pose,True,17.244
scene-0061,fedfb3a6cb804635a0f47143f9ca8d6f,1532402938162460,steeranglefeedback,True,8.407
scene-0061,fedfb3a6cb804635a0f47143f9ca8d6f,1532402938162460,zoesensors,True,0.762
scene-0061,fedfb3a6cb804635a0f47143f9ca8d6f,1532402938162460,zoe_veh_info,True,9.288
scene-0061,965f6af5a92449348409029a5f048a38,1532402938612460,pose,True,7.944
scene-0061,965f6af5a92449348409029a5f048a38,1532402938612460,steeranglefeedback,True,9.003
scene-0061,965f6af5a92449348409029a5f048a38,1532402938612460,zoesensors,True,0.941
scene-0061,965f6af5a92449348409029a5f048a38,1532402938612460,zoe_veh_info,True,8.282
scene-0061,4711bcd34644420da8bc77163431888e,1532402939112460,pose,True,7.497
scene-0061,4711bcd34644420da8bc77163431888e,1532402939112460,steeranglefeedback,True,8.54
scene-0061,4711bcd34644420da8bc77163431888e,1532402939112460,zoesensors,True,0.728
scene-0061,4711bcd34644420da8bc77163431888e,1532402939112460,zoe_veh_info,True,9.883
scene-0061,a34fabc7aa674713b71f98ec541eb2d4,1532402939662460,pose,True,17.368
scene-0061,a34fabc7aa674713b71f98ec541eb2d4,1532402939662460,steeranglefeedback,True,8.84
scene-0061,a34fabc7aa674713b71f98ec541eb2d4,1532402939662460,zoesensors,True,0.513
scene-0061,a34fabc7aa674713b71f98ec541eb2d4,1532402939662460,zoe_veh_info,True,0.303
scene-0061,c78067571d104caba7c568a847d56971,1532402940162460,pose,True,17.379
scene-0061,c78067571d104caba7c568a847d56971,1532402940162460,steeranglefeedback,True,9.117
scene-0061,c78067571d104caba7c568a847d56971,1532402940162460,zoesensors,True,0.917
scene-0061,c78067571d104caba7c568a847d56971,1532402940162460,zoe_veh_info,True,9.053
scene-0061,4246e57f018745c9b2bc68feb3d71b58,1532402940762460,pose,True,17.468
scene-0061,4246e57f018745c9b2bc68feb3d71b58,1532402940762460,steeranglefeedback,True,9.016
scene-0061,4246e57f018745c9b2bc68feb3d71b58,1532402940762460,zoesensors,True,0.933
scene-0061,4246e57f018745c9b2bc68feb3d71b58,1532402940762460,zoe_veh_info,True,0.396
scene-0061,a7acb150914b40bdad9a2dc4e657cbf9,1532402941262460,pose,True,17.99
scene-0061,a7acb150914b40bdad9a2dc4e657cbf9,1532402941262460,steeranglefeedback,True,9.71
scene-0061,a7acb150914b40bdad9a2dc4e657cbf9,1532402941262460,zoesensors,True,0.845
scene-0061,a7acb150914b40bdad9a2dc4e657cbf9,1532402941262460,zoe_veh_info,True,0.393
scene-0061,0cd661df01aa40c3bb3a773ba86f753a,1532402941762460,pose,True,17.203
scene-0061,0cd661df01aa40c3bb3a773ba86f753a,1532402941762460,steeranglefeedback,True,9.837
scene-0061,0cd661df01aa40c3bb3a773ba86f753a,1532402941762460,zoesensors,True,1.023
scene-0061,0cd661df01aa40c3bb3a773ba86f753a,1532402941762460,zoe_veh_info,True,0.465
scene-0061,378a3a3e9af346308ab9dff8ced46d9c,1532402942162460,pose,True,18.01
scene-0061,378a3a3e9af346308ab9dff8ced46d9c,1532402942162460,steeranglefeedback,True,9.472
scene-0061,378a3a3e9af346308ab9dff8ced46d9c,1532402942162460,zoesensors,True,0.945
scene-0061,378a3a3e9af346308ab9dff8ced46d9c,1532402942162460,zoe_veh_info,True,8.156
scene-0061,eef55c3b48f34d949959b45130ee293a,1532402942662460,pose,True,17.147
scene-0061,eef55c3b48f34d949959b45130ee293a,1532402942662460,steeranglefeedback,True,0.034
scene-0061,eef55c3b48f34d949959b45130ee293a,1532402942662460,zoesensors,True,0.282
scene-0061,eef55c3b48f34d949959b45130ee293a,1532402942662460,zoe_veh_info,True,8.52
scene-0061,5fda58ee3ae44ab9b4bbac7a2de66c27,1532402943162460,pose,True,17.494
scene-0061,5fda58ee3ae44ab9b4bbac7a2de66c27,1532402943162460,steeranglefeedback,True,10.155
scene-0061,5fda58ee3ae44ab9b4bbac7a2de66c27,1532402943162460,zoesensors,True,0.99
scene-0061,5fda58ee3ae44ab9b4bbac7a2de66c27,1532402943162460,zoe_veh_info,True,7.881
scene-0061,919e3c4cec934168a3152077a9adcbea,1532402943662460,pose,True,17.368
scene-0061,919e3c4cec934168a3152077a9adcbea,1532402943662460,steeranglefeedback,True,0.266
scene-0061,919e3c4cec934168a3152077a9adcbea,1532402943662460,zoesensors,True,0.88
scene-0061,919e3c4cec934168a3152077a9adcbea,1532402943662460,zoe_veh_info,True,0.043
scene-0061,b73152cab88f49d9ba195da81fde1809,1532402944162460,pose,True,17.944
scene-0061,b73152cab88f49d9ba195da81fde1809,1532402944162460,steeranglefeedback,True,0.264
scene-0061,b73152cab88f49d9ba195da81fde1809,1532402944162460,zoesensors,True,1.017
scene-0061,b73152cab88f49d9ba195da81fde1809,1532402944162460,zoe_veh_info,True,8.99
scene-0061,6aa6fa91e0d1492e812eb7e57c47df6e,1532402944662460,pose,True,18.017
scene-0061,6aa6fa91e0d1492e812eb7e57c47df6e,1532402944662460,steeranglefeedback,True,10.572
scene-0061,6aa6fa91e0d1492e812eb7e57c47df6e,1532402944662460,zoesensors,True,0.946
scene-0061,6aa6fa91e0d1492e812eb7e57c47df6e,1532402944662460,zoe_veh_info,True,9.364
scene-0061,aa581aac963a4fad848ac11fe66e8637,1532402945162460,pose,True,17.897
scene-0061,aa581aac963a4fad848ac11fe66e8637,1532402945162460,steeranglefeedback,True,10.674
scene-0061,aa581aac963a4fad848ac11fe66e8637,1532402945162460,zoesensors,True,6.011
scene-0061,aa581aac963a4fad848ac11fe66e8637,1532402945162460,zoe_veh_info,True,9.527
scene-0061,67e5f88901214f3aa03d68e028185e22,1532402945662460,pose,True,17.434
scene-0061,67e5f88901214f3aa03d68e028185e22,1532402945662460,steeranglefeedback,True,0.577
scene-0061,67e5f88901214f3aa03d68e028185e22,1532402945662460,zoesensors,True,1.974
scene-0061,67e5f88901214f3aa03d68e028185e22,1532402945662460,zoe_veh_info,True,8.082
scene-0061,29e056fc277543c9bc42310b122c640e,1532402946262460,pose,True,17.746
scene-0061,29e056fc277543c9bc42310b122c640e,1532402946262460,steeranglefeedback,True,0.839
scene-0061,29e056fc277543c9bc42310b122c640e,1532402946262460,zoesensors,True,0.978
scene-0061,29e056fc277543c9bc42310b122c640e,1532402946262460,zoe_veh_info,True,6.593
scene-0061,ed5fc18c31904f96a8f0dbb99ff069c0,1532402946762460,pose,True,18.172
scene-0061,ed5fc18c31904f96a8f0dbb99ff069c0,1532402946762460,steeranglefeedback,True,1.005
scene-0061,ed5fc18c31904f96a8f0dbb99ff069c0,1532402946762460,zoesensors,True,0.07
scene-0061,ed5fc18c31904f96a8f0dbb99ff069c0,1532402946762460,zoe_veh_info,True,8.878
scene-0103,3e8750f331d7499e9b5123e9eb70f2e2,1533151603512404,pose,False,
scene-0103,3e8750f331d7499e9b5123e9eb70f2e2,1533151603512404,steeranglefeedback,False,
scene-0103,3e8750f331d7499e9b5123e9eb70f2e2,1533151603512404,zoesensors,False,
scene-0103,3e8750f331d7499e9b5123e9eb70f2e2,1533151603512404,zoe_veh_info,False,
scene-0103,3950bd41f74548429c0f7700ff3d8269,1533151604012404,pose,True,14.068
scene-0103,3950bd41f74548429c0f7700ff3d8269,1533151604012404,steeranglefeedback,True,6.787
scene-0103,3950bd41f74548429c0f7700ff3d8269,1533151604012404,zoesensors,True,1.84
scene-0103,3950bd41f74548429c0f7700ff3d8269,1533151604012404,zoe_veh_info,True,7.592
scene-0103,c5f58c19249d4137ae063b0e9ecd8b8e,1533151604512404,pose,True,14.417
scene-0103,c5f58c19249d4137ae063b0e9ecd8b8e,1533151604512404,steeranglefeedback,True,6.871
scene-0103,c5f58c19249d4137ae063b0e9ecd8b8e,1533151604512404,zoesensors,True,0.822
scene-0103,c5f58c19249d4137ae063b0e9ecd8b8e,1533151604512404,zoe_veh_info,True,7.724
scene-0103,700c1a25559b4433be532de3475e58a9,1533151605012404,pose,True,14.525
scene-0103,700c1a25559b4433be532de3475e58a9,1533151605012404,steeranglefeedback,True,6.377
scene-0103,700c1a25559b4433be532de3475e58a9,1533151605012404,zoesensors,True,1.705
scene-0103,700c1a25559b4433be532de3475e58a9,1533151605012404,zoe_veh_info,True,6.151
scene-0103,747aa46b9a4641fe90db05d97db2acea,1533151605512404,pose,True,13.995
scene-0103,747aa46b9a4641fe90db05d97db2acea,1533151605512404,steeranglefeedback,True,7.104
scene-0103,747aa46b9a4641fe90db05d97db2acea,1533151605512404,zoesensors,True,2.716
scene-0103,747aa46b9a4641fe90db05d97db2acea,1533151605512404,zoe_veh_info,True,7.074
scene-0103,f4f86af4da3b49e79497deda5c5f223a,1533151606012404,pose,True,13.812
scene-0103,f4f86af4da3b49e79497deda5c5f223a,1533151606012404,steeranglefeedback,True,7.25
scene-0103,f4f86af4da3b49e79497deda5c5f223a,1533151606012404,zoesensors,True,0.716
scene-0103,f4f86af4da3b49e79497deda5c5f223a,1533151606012404,zoe_veh_info,True,7.187
scene-0103,6832e717621341568c759151b5974512,1533151606512404,pose,True,13.902
scene-0103,6832e717621341568c759151b5974512,1533151606512404,steeranglefeedback,True,7.495
scene-0103,6832e717621341568c759151b5974512,1533151606512404,zoesensors,True,0.963
scene-0103,6832e717621341568c759151b5974512,1533151606512404,zoe_veh_info,True,7.43
scene-0103,c59e60042a8643e899008da2e446acca,1533151607012404,pose,True,14.203
scene-0103,c59e60042a8643e899008da2e446acca,1533151607012404,steeranglefeedback,True,7.933
scene-0103,c59e60042a8643e899008da2e446acca,1533151607012404,zoesensors,True,0.583
scene-0103,c59e60042a8643e899008da2e446acca,1533151607012404,zoe_veh_info,True,6.823
scene-0103,fa65a298c01f44e7a182bbf9e5fe3697,1533151607512404,pose,True,14.04
scene-0103,fa65a298c01f44e7a182bbf9e5fe3697,1533151607512404,steeranglefeedback,True,7.948
scene-0103,fa65a298c01f44e7a182bbf9e5fe3697,1533151607512404,zoesensors,True,0.763
scene-0103,fa65a298c01f44e7a182bbf9e5fe3697,1533151607512404,zoe_veh_info,True,7.857
scene-0103,a98fba72bde9433fb882032d18aedb2e,1533151608012404,pose,True,14.341
scene-0103,a98fba72bde9433fb882032d18aedb2e,1533151608012404,steeranglefeedback,True,7.952
scene-0103,a98fba72bde9433fb882032d18aedb2e,1533151608012404,zoesensors,True,1.119
scene-0103,a98fba72bde9433fb882032d18aedb2e,1533151608012404,zoe_veh_info,True,3.981
scene-0103,b6b0d9f2f2e14a3aaa2c8aedeb1edb69,1533151608512404,pose,True,14.003
scene-0103,b6b0d9f2f2e14a3aaa2c8aedeb1edb69,1533151608512404,steeranglefeedback,True,8.061
scene-0103,b6b0d9f2f2e14a3aaa2c8aedeb1edb69,1533151608512404,zoesensors,True,0.133
scene-0103,b6b0d9f2f2e14a3aaa2c8aedeb1edb69,1533151608512404,zoe_veh_info,True,7.016
scene-0103,796b1988dd254f74bf2fb19ba9c5b8c6,1533151609012404,pose,True,13.943
scene-0103,796b1988dd254f74bf2fb19ba9c5b8c6,1533151609012404,steeranglefeedback,True,8.72
scene-0103,796b1988dd254f74bf2fb19ba9c5b8c6,1533151609012404,zoesensors,True,1.0
scene-0103,796b1988dd254f74bf2fb19ba9c5b8c6,1533151609012404,zoe_veh_info,True,4.683
scene-0103,0d0700a2284e477db876c3ee1d864668,1533151609512404,pose,True,14.272
scene-0103,0d0700a2284e477db876c3ee1d864668,1533151609512404,steeranglefeedback,True,8.875
scene-0103,0d0700a2284e477db876c3ee1d864668,1533151609512404,zoesensors,True,0.984
scene-0103,0d0700a2284e477db876c3ee1d864668,1533151609512404,zoe_veh_info,True,6.174
scene-0103,de7593d76648450e947ba0c203dee1b0,1533151609912404,pose,True,14.381
scene-0103,de7593d76648450e947ba0c203dee1b0,1533151609912404,steeranglefeedback,True,9.089
scene-0103,de7593d76648450e947ba0c203dee1b0,1533151609912404,zoesensors,True,0.979
scene-0103,de7593d76648450e947ba0c203dee1b0,1533151609912404,zoe_veh_info,True,7.84
scene-0103,f753d3f87e5b40af87ff2cbf7c8e7082,1533151610412404,pose,True,14.455
scene-0103,f753d3f87e5b40af87ff2cbf7c8e7082,1533151610412404,steeranglefeedback,True,9.247
scene-0103,f753d3f87e5b40af87ff2cbf7c8e7082,1533151610412404,zoesensors,True,0.928
scene-0103,f753d3f87e5b40af87ff2cbf7c8e7082,1533151610412404,zoe_veh_info,True,5.776
scene-0103,b22fa0b3c34f47b6a360b60f35d5d567,1533151610912404,pose,True,13.89
scene-0103,b22fa0b3c34f47b6a360b60f35d5d567,1533151610912404,steeranglefeedback,True,9.671
scene-0103,b22fa0b3c34f47b6a360b60f35d5d567,1533151610912404,zoesensors,True,0.047
scene-0103,b22fa0b3c34f47b6a360b60f35d5d567,1533151610912404,zoe_veh_info,True,7.531
scene-0103,0a0d6b8c2e884134a3b48df43d54c36a,1533151611412404,pose,True,14.145
scene-0103,0a0d6b8c2e884134a3b48df43d54c36a,1533151611412404,steeranglefeedback,True,9.497
scene-0103,0a0d6b8c2e884134a3b48df43d54c36a,1533151611412404,zoesensors,True,0.936
scene-0103,0a0d6b8c2e884134a3b48df43d54c36a,1533151611412404,zoe_veh_info,True,5.502
scene-0103,8e9c2cba0ee74056aa3746e8391d54a9,1533151611862404,pose,True,4.136
scene-0103,8e9c2cba0ee74056aa3746e8391d54a9,1533151611862404,steeranglefeedback,True,9.37
scene-0103,8e9c2cba0ee74056aa3746e8391d54a9,1533151611862404,zoesensors,True,1.225
scene-0103,8e9c2cba0ee74056aa3746e8391d54a9,1533151611862404,zoe_veh_info,True,8.233
scene-0103,fdc39b23ab4242eda6ec5e1e6574fe33,1533151612362404,pose,True,4.71
scene-0103,fdc39b23ab4242eda6ec5e1e6574fe33,1533151612362404,steeranglefeedback,True,9.928
scene-0103,fdc39b23ab4242eda6ec5e1e6574fe33,1533151612362404,zoesensors,True,0.101
scene-0103,fdc39b23ab4242eda6ec5e1e6574fe33,1533151612362404,zoe_veh_info,True,8.765
scene-0103,9ee4020153674b9e9943d395ff8cfdf3,1533151612862404,pose,True,4.191
scene-0103,9ee4020153674b9e9943d395ff8cfdf3,1533151612862404,steeranglefeedback,True,10.149
scene-0103,9ee4020153674b9e9943d395ff8cfdf3,1533151612862404,zoesensors,True,1.152
scene-0103,9ee4020153674b9e9943d395ff8cfdf3,1533151612862404,zoe_veh_info,True,8.607
scene-0103,5b03af7a953245b5a3b23191ed4da62a,1533151613362404,pose,True,4.318
scene-0103,5b03af7a953245b5a3b23191ed4da62a,1533151613362404,steeranglefeedback,True,0.046
scene-0103,5b03af7a953245b5a3b23191ed4da62a,1533151613362404,zoesensors,True,1.156
scene-0103,5b03af7a953245b5a3b23191ed4da62a,1533151613362404,zoe_veh_info,True,8.54
scene-0103,d0ecf474e0e64950aa265cd44b9c9d75,1533151613912404,pose,True,14.717
scene-0103,d0ecf474e0e64950aa265cd44b9c9d75,1533151613912404,steeranglefeedback,True,10.347
scene-0103,d0ecf474e0e64950aa265cd44b9c9d75,1533151613912404,zoesensors,True,0.143
scene-0103,d0ecf474e0e64950aa265cd44b9c9d75,1533151613912404,zoe_veh_info,True,7.092
scene-0103,456ec36cb4a44ca78f36fbd90c0c34fa,1533151614412404,pose,True,14.233
scene-0103,456ec36cb4a44ca78f36fbd90c0c34fa,1533151614412404,steeranglefeedback,True,0.647
scene-0103,456ec36cb4a44ca78f36fbd90c0c34fa,1533151614412404,zoesensors,True,0.029
scene-0103,456ec36cb4a44ca78f36fbd90c0c34fa,1533151614412404,zoe_veh_info,True,7.171
scene-0103,6bfd42cf0aba4f1a94ec11fa43e2dd92,1533151614912404,pose,True,14.978
scene-0103,6bfd42cf0aba4f1a94ec11fa43e2dd92,1533151614912404,steeranglefeedback,True,0.179
scene-0103,6bfd42cf0aba4f1a94ec11fa43e2dd92,1533151614912404,zoesensors,True,1.193
scene-0103,6bfd42cf0aba4f1a94ec11fa43e2dd92,1533151614912404,zoe_veh_info,True,7.452
scene-0103,0af0feb5b1394b928dd13d648de898f5,1533151615412404,pose,True,14.565
scene-0103,0af0feb5b1394b928dd13d648de898f5,1533151615412404,steeranglefeedback,True,1.3
scene-0103,0af0feb5b1394b928dd13d648de898f5,1533151615412404,zoesensors,True,0.15
scene-0103,0af0feb5b1394b928dd13d648de898f5,1533151615412404,zoe_veh_info,True,7.245
scene-0103,61d9340c5ad8418dafe7a4af1b96e6b9,1533151615912404,pose,True,14.985
scene-0103,61d9340c5ad8418dafe7a4af1b96e6b9,1533151615912404,steeranglefeedback,True,1.27
scene-0103,61d9340c5ad8418dafe7a4af1b96e6b9,1533151615912404,zoesensors,True,0.383
scene-0103,61d9340c5ad8418dafe7a4af1b96e6b9,1533151615912404,zoe_veh_info,True,7.441
scene-0103,9e7683e8586542a1b6032980c45f15ce,1533151616412404,pose,True,14.127
scene-0103,9e7683e8586542a1b6032980c45f15ce,1533151616412404,steeranglefeedback,True,1.394
scene-0103,9e7683e8586542a1b6032980c45f15ce,1533151616412404,zoesensors,True,1.424
scene-0103,9e7683e8586542a1b6032980c45f15ce,1533151616412404,zoe_veh_info,True,18.16
scene-0103,cc57c1ea80fe46a7abddfdb15654c872,1533151616912404,pose,True,14.808
scene-0103,cc57c1ea80fe46a7abddfdb15654c872,1533151616912404,steeranglefeedback,True,1.371
scene-0103,cc57c1ea80fe46a7abddfdb15654c872,1533151616912404,zoesensors,True,0.413
scene-0103,cc57c1ea80fe46a7abddfdb15654c872,1533151616912404,zoe_veh_info,True,7.386
scene-0103,4cf5d6c3f6ab42aab23f67b5a9782d1a,1533151617362404,pose,True,5.088
scene-0103,4cf5d6c3f6ab42aab23f67b5a9782d1a,1533151617362404,steeranglefeedback,True,2.041
scene-0103,4cf5d6c3f6ab42aab23f67b5a9782d1a,1533151617362404,zoesensors,True,0.423
scene-0103,4cf5d6c3f6ab42aab23f67b5a9782d1a,1533151617362404,zoe_veh_info,True,9.124
scene-0103,6d9984d09d52479e837da2fd09e192cc,1533151617912404,pose,True,14.412
scene-0103,6d9984d09d52479e837da2fd09e192cc,1533151617912404,steeranglefeedback,True,1.267
scene-0103,6d9984d09d52479e837da2fd09e192cc,1533151617912404,zoesensors,True,0.164
scene-0103,6d9984d09d52479e837da2fd09e192cc,1533151617912404,zoe_veh_info,True,3.899
scene-0103,38a28a3aaf2647f2a8c0e90e31267bf8,1533151618412404,pose,True,14.211
scene-0103,38a28a3aaf2647f2a8c0e90e31267bf8,1533151618412404,steeranglefeedback,True,1.448
scene-0103,38a28a3aaf2647f2a8c0e90e31267bf8,1533151618412404,zoesensors,True,2.186
scene-0103,38a28a3aaf2647f2a8c0e90e31267bf8,1533151618412404,zoe_veh_info,True,7.68
scene-0103,6402fd1ffaf041d0b9162bd92a7ba0a2,1533151618912404,pose,True,14.572
scene-0103,6402fd1ffaf041d0b9162bd92a7ba0a2,1533151618912404,steeranglefeedback,True,1.968
scene-0103,6402fd1ffaf041d0b9162bd92a7ba0a2,1533151618912404,zoesensors,True,0.268
scene-0103,6402fd1ffaf041d0b9162bd92a7ba0a2,1533151618912404,zoe_veh_info,True,8.234
scene-0103,ce94ef7a0522468e81c0e2b3a2f1e12d,1533151619412404,pose,True,14.751
scene-0103,ce94ef7a0522468e81c0e2b3a2f1e12d,1533151619412404,steeranglefeedback,True,2.384
scene-0103,ce94ef7a0522468e81c0e2b3a2f1e12d,1533151619412404,zoesensors,True,0.12
scene-0103,ce94ef7a0522468e81c0e2b3a2f1e12d,1533151619412404,zoe_veh_info,True,7.481
scene-0103,9fcdc52b791045e99c623c5fc643331f,1533151619912458,pose,True,15.174
scene-0103,9fcdc52b791045e99c623c5fc643331f,1533151619912458,steeranglefeedback,True,2.273
scene-0103,9fcdc52b791045e99c623c5fc643331f,1533151619912458,zoesensors,True,0.092
scene-0103,9fcdc52b791045e99c623c5fc643331f,1533151619912458,zoe_veh_info,True,7.61
scene-0103,1c9a906c40f6417bbe1cea06d6e55501,1533151620412404,pose,True,14.435
scene-0103,1c9a906c40f6417bbe1cea06d6e55501,1533151620412404,steeranglefeedback,True,2.185
scene-0103,1c9a906c40f6417bbe1cea06d6e55501,1533151620412404,zoesensors,True,0.326
scene-0103,1c9a906c40f6417bbe1cea06d6e55501,1533151620412404,zoe_veh_info,True,8.223
scene-0103,a771effa2a2648d78096c3e92b95b129,1533151621012404,pose,True,14.772
scene-0103,a771effa2a2648d78096c3e92b95b129,1533151621012404,steeranglefeedback,True,3.223
scene-0103,a771effa2a2648d78096c3e92b95b129,1533151621012404,zoesensors,True,0.181
scene-0103,a771effa2a2648d78096c3e92b95b129,1533151621012404,zoe_veh_info,True,7.397
scene-0103,b9ea04a6121d4a8bb00199b885aa5ef0,1533151621412404,pose,True,14.571
scene-0103,b9ea04a6121d4a8bb00199b885aa5ef0,1533151621412404,steeranglefeedback,True,2.903
scene-0103,b9ea04a6121d4a8bb00199b885aa5ef0,1533151621412404,zoesensors,True,0.549
scene-0103,b9ea04a6121d4a8bb00199b885aa5ef0,1533151621412404,zoe_veh_info,True,8.061
scene-0103,87e772078a494d42bd34cd16172808bc,1533151621912404,pose,True,14.713
scene-0103,87e772078a494d42bd34cd16172808bc,1533151621912404,steeranglefeedback,True,3.359
scene-0103,87e772078a494d42bd34cd16172808bc,1533151621912404,zoesensors,True,0.05
scene-0103,87e772078a494d42bd34cd16172808bc,1533151621912404,zoe_veh_info,True,7.321
scene-0103,f40544fd4f5d42abbcfa948eeaf86850,1533151622412404,pose,True,15.174
scene-0103,f40544fd4f5d42abbcfa948eeaf86850,1533151622412404,steeranglefeedback,True,3.735
scene-0103,f40544fd4f5d42abbcfa948eeaf86850,1533151622412404,zoesensors,True,0.561
scene-0103,f40544fd4f5d42abbcfa948eeaf86850,1533151622412404,zoe_veh_info,True,7.798
scene-0103,281b92269fd648d4b52d06ac06ca6d65,1533151622912404,pose,True,14.429
scene-0103,281b92269fd648d4b52d06ac06ca6d65,1533151622912404,steeranglefeedback,True,3.405
scene-0103,281b92269fd648d4b52d06ac06ca6d65,1533151622912404,zoesensors,True,0.59
scene-0103,281b92269fd648d4b52d06ac06ca6d65,1533151622912404,zoe_veh_info,True,7.456
scene-0553,8687ba92abd3406aa797115b874ebeba,1535489296012404,pose,False,
scene-0553,8687ba92abd3406aa797115b874ebeba,1535489296012404,steeranglefeedback,False,
scene-0553,8687ba92abd3406aa797115b874ebeba,1535489296012404,zoesensors,False,
scene-0553,8687ba92abd3406aa797115b874ebeba,1535489296012404,zoe_veh_info,False,
scene-0553,5bbeb4e68d51413f81a370cb33ef27fb,1535489296512409,pose,True,14.176
scene-0553,5bbeb4e68d51413f81a370cb33ef27fb,1535489296512409,steeranglefeedback,True,2.445
scene-0553,5bbeb4e68d51413f81a370cb33ef27fb,1535489296512409,zoesensors,True,0.092
scene-0553,5bbeb4e68d51413f81a370cb33ef27fb,1535489296512409,zoe_veh_info,True,9.232
scene-0553,e9a1c915c0d641d0b0a3019112a1ee90,1535489297012404,pose,True,14.405
scene-0553,e9a1c915c0d641d0b0a3019112a1ee90,1535489297012404,steeranglefeedback,True,2.659
scene-0553,e9a1c915c0d641d0b0a3019112a1ee90,1535489297012404,zoesensors,True,2.12
scene-0553,e9a1c915c0d641d0b0a3019112a1ee90,1535489297012404,zoe_veh_info,True,9.034
scene-0553,f5b8088835f247b8a5434a9f0daadc20,1535489297512404,pose,True,13.641
scene-0553,f5b8088835f247b8a5434a9f0daadc20,1535489297512404,steeranglefeedback,True,3.051
scene-0553,f5b8088835f247b8a5434a9f0daadc20,1535489297512404,zoesensors,True,0.112
scene-0553,f5b8088835f247b8a5434a9f0daadc20,1535489297512404,zoe_veh_info,True,7.416
scene-0553,2021b6b367984ad7b18464a550d0ae8d,1535489298012404,pose,True,13.498
scene-0553,2021b6b367984ad7b18464a550d0ae8d,1535489298012404,steeranglefeedback,True,3.883
scene-0553,2021b6b367984ad7b18464a550d0ae8d,1535489298012404,zoesensors,True,0.297
scene-0553,2021b6b367984ad7b18464a550d0ae8d,1535489298012404,zoe_veh_info,True,9.118
scene-0553,7315022fc89147a6afc7f978601f8f38,1535489298512404,pose,True,13.821
scene-0553,7315022fc89147a6afc7f978601f8f38,1535489298512404,steeranglefeedback,True,3.414
scene-0553,7315022fc89147a6afc7f978601f8f38,1535489298512404,zoesensors,True,1.201
scene-0553,7315022fc89147a6afc7f978601f8f38,1535489298512404,zoe_veh_info,True,0.011
scene-0553,dc03fe4e0a374592af7701c66d5276c4,1535489299012404,pose,True,14.599
scene-0553,dc03fe4e0a374592af7701c66d5276c4,1535489299012404,steeranglefeedback,True,3.192
scene-0553,dc03fe4e0a374592af7701c66d5276c4,1535489299012404,zoesensors,True,0.142
scene-0553,dc03fe4e0a374592af7701c66d5276c4,1535489299012404,zoe_veh_info,True,9.332
scene-0553,b7f64f73e8a548488e6d85d9b0e13242,1535489299512404,pose,True,13.914
scene-0553,b7f64f73e8a548488e6d85d9b0e13242,1535489299512404,steeranglefeedback,True,3.944
scene-0553,b7f64f73e8a548488e6d85d9b0e13242,1535489299512404,zoesensors,True,0.109
scene-0553,b7f64f73e8a548488e6d85d9b0e13242,1535489299512404,zoe_veh_info,True,9.298
scene-0553,6dabc0fb1df045558f802246dd186b3f,1535489300012404,pose,True,13.771
scene-0553,6dabc0fb1df045558f802246dd186b3f,1535489300012404,steeranglefeedback,True,3.806
scene-0553,6dabc0fb1df045558f802246dd186b3f,1535489300012404,zoesensors,True,0.039
scene-0553,6dabc0fb1df045558f802246dd186b3f,1535489300012404,zoe_veh_info,True,9.243
scene-0553,82597244941b4e79aa3e1e9cc6386f8b,1535489300512404,pose,True,13.789
scene-0553,82597244941b4e79aa3e1e9cc6386f8b,1535489300512404,steeranglefeedback,True,4.898
scene-0553,82597244941b4e79aa3e1e9cc6386f8b,1535489300512404,zoesensors,True,0.09
scene-0553,82597244941b4e79aa3e1e9cc6386f8b,1535489300512404,zoe_veh_info,True,9.289
scene-0553,8bf071b1b92c4ff1bd5016bfb30de3f7,1535489301012404,pose,True,34.602
scene-0553,8bf071b1b92c4ff1bd5016bfb30de3f7,1535489301012404,steeranglefeedback,True,4.791
scene-0553,8bf071b1b92c4ff1bd5016bfb30de3f7,1535489301012404,zoesensors,True,0.171
scene-0553,8bf071b1b92c4ff1bd5016bfb30de3f7,1535489301012404,zoe_veh_info,True,9.35
scene-0553,b8766f4291d5449d95bab459ca724ad8,1535489301512404,pose,True,14.25
scene-0553,b8766f4291d5449d95bab459ca724ad8,1535489301512404,steeranglefeedback,True,4.683
scene-0553,b8766f4291d5449d95bab459ca724ad8,1535489301512404,zoesensors,True,0.045
scene-0553,b8766f4291d5449d95bab459ca724ad8,1535489301512404,zoe_veh_info,True,8.905
scene-0553,dde297c8e12f44c4bc2f2c80e49d2b5a,1535489302012404,pose,True,14.25
scene-0553,dde297c8e12f44c4bc2f2c80e49d2b5a,1535489302012404,steeranglefeedback,True,5.316
scene-0553,dde297c8e12f44c4bc2f2c80e49d2b5a,1535489302012404,zoesensors,True,0.286
scene-0553,dde297c8e12f44c4bc2f2c80e49d2b5a,1535489302012404,zoe_veh_info,True,9.484
scene-0553,a0462df7186d4ca99ef58f455d53a42c,1535489302512404,pose,True,13.84
scene-0553,a0462df7186d4ca99ef58f455d53a42c,1535489302512404,steeranglefeedback,True,5.334
scene-0553,a0462df7186d4ca99ef58f455d53a42c,1535489302512404,zoesensors,True,0.377
scene-0553,a0462df7186d4ca99ef58f455d53a42c,1535489302512404,zoe_veh_info,True,9.528
scene-0553,d7bea9a3552b40e29d42324108dff575,1535489303012421,pose,True,14.15
scene-0553,d7bea9a3552b40e29d42324108dff575,1535489303012421,steeranglefeedback,True,5.306
scene-0553,d7bea9a3552b40e29d42324108dff575,1535489303012421,zoesensors,True,0.224
scene-0553,d7bea9a3552b40e29d42324108dff575,1535489303012421,zoe_veh_info,True,9.389
scene-0553,3ffc4360d1084e6eae5067e87d79503f,1535489303412404,pose,True,14.521
scene-0553,3ffc4360d1084e6eae5067e87d79503f,1535489303412404,steeranglefeedback,True,5.124
scene-0553,3ffc4360d1084e6eae5067e87d79503f,1535489303412404,zoesensors,True,0.09
scene-0553,3ffc4360d1084e6eae5067e87d79503f,1535489303412404,zoe_veh_info,True,6.744
scene-0553,05bc09f952ab4cf8b754405f20d503c5,1535489303912404,pose,True,13.998
scene-0553,05bc09f952ab4cf8b754405f20d503c5,1535489303912404,steeranglefeedback,True,5.316
scene-0553,05bc09f952ab4cf8b754405f20d503c5,1535489303912404,zoesensors,True,0.081
scene-0553,05bc09f952ab4cf8b754405f20d503c5,1535489303912404,zoe_veh_info,True,9.609
scene-0553,a860c02c06e54d9dbe83ce7b694f6c17,1535489304412404,pose,True,14.236
scene-0553,a860c02c06e54d9dbe83ce7b694f6c17,1535489304412404,steeranglefeedback,True,5.732
scene-0553,a860c02c06e54d9dbe83ce7b694f6c17,1535489304412404,zoesensors,True,0.209
scene-0553,a860c02c06e54d9dbe83ce7b694f6c17,1535489304412404,zoe_veh_info,True,9.856
scene-0553,6873840fc1df4796a7b959e13e9fb78a,1535489304912404,pose,True,14.587
scene-0553,6873840fc1df4796a7b959e13e9fb78a,1535489304912404,steeranglefeedback,True,6.069
scene-0553,6873840fc1df4796a7b959e13e9fb78a,1535489304912404,zoesensors,True,0.248
scene-0553,6873840fc1df4796a7b959e13e9fb78a,1535489304912404,zoe_veh_info,True,0.045
scene-0553,4ae9c033164e4e01a0392672686d095c,1535489305412404,pose,True,14.707
scene-0553,4ae9c033164e4e01a0392672686d095c,1535489305412404,steeranglefeedback,True,6.265
scene-0553,4ae9c033164e4e01a0392672686d095c,1535489305412404,zoesensors,True,0.385
scene-0553,4ae9c033164e4e01a0392672686d095c,1535489305412404,zoe_veh_info,True,9.385
scene-0553,ecd49e3c38624c77b8aac8df445d49ba,1535489305912404,pose,True,13.814
scene-0553,ecd49e3c38624c77b8aac8df445d49ba,1535489305912404,steeranglefeedback,True,6.426
scene-0553,ecd49e3c38624c77b8aac8df445d49ba,1535489305912404,zoesensors,True,0.156
scene-0553,ecd49e3c38624c77b8aac8df445d49ba,1535489305912404,zoe_veh_info,True,9.391
scene-0553,ac452a60e8b34a7080c938c904b23057,1535489306412404,pose,True,13.855
scene-0553,ac452a60e8b34a7080c938c904b23057,1535489306412404,steeranglefeedback,True,6.488
scene-0553,ac452a60e8b34a7080c938c904b23057,1535489306412404,zoesensors,True,0.169
scene-0553,ac452a60e8b34a7080c938c904b23057,1535489306412404,zoe_veh_info,True,9.53
scene-0553,27900b9c3cfb48ed8b49087098d4a15a,1535489306912404,pose,True,13.889
scene-0553,27900b9c3cfb48ed8b49087098d4a15a,1535489306912404,steeranglefeedback,True,6.457
scene-0553,27900b9c3cfb48ed8b49087098d4a15a,1535489306912404,zoesensors,True,0.199
scene-0553,27900b9c3cfb48ed8b49087098d4a15a,1535489306912404,zoe_veh_info,True,9.473
scene-0553,c4f9b75136384ec4a76c4adfc28b4259,1535489307412404,pose,True,14.784
scene-0553,c4f9b75136384ec4a76c4adfc28b4259,1535489307412404,steeranglefeedback,True,6.665
scene-0553,c4f9b75136384ec4a76c4adfc28b4259,1535489307412404,zoesensors,True,1.257
scene-0553,c4f9b75136384ec4a76c4adfc28b4259,1535489307412404,zoe_veh_info,True,9.536
scene-0553,a572dd2e95e94e4db66bb5dbfaf870b5,1535489307912404,pose,True,14.569
scene-0553,a572dd2e95e94e4db66bb5dbfaf870b5,1535489307912404,steeranglefeedback,True,7.115
scene-0553,a572dd2e95e94e4db66bb5dbfaf870b5,1535489307912404,zoesensors,True,0.372
scene-0553,a572dd2e95e94e4db66bb5dbfaf870b5,1535489307912404,zoe_veh_info,True,0.071
scene-0553,313a60afcab5481a94a4815e0d1a6496,1535489308362404,pose,True,4.017
scene-0553,313a60afcab5481a94a4815e0d1a6496,1535489308362404,steeranglefeedback,True,7.027
scene-0553,313a60afcab5481a94a4815e0d1a6496,1535489308362404,zoesensors,True,0.351
scene-0553,313a60afcab5481a94a4815e0d1a6496,1535489308362404,zoe_veh_info,True,10.014
scene-0553,d2ae3c5bbb5343a393882b44d56f8da3,1535489308862404,pose,True,2.597
scene-0553,d2ae3c5bbb5343a393882b44d56f8da3,1535489308862404,steeranglefeedback,True,7.221
scene-0553,d2ae3c5bbb5343a393882b44d56f8da3,1535489308862404,zoesensors,True,0.587
scene-0553,d2ae3c5bbb5343a393882b44d56f8da3,1535489308862404,zoe_veh_info,True,10.293
scene-0553,59bd7a9fae8a45bcb76f1847cf09e000,1535489309362404,pose,True,4.389
scene-0553,59bd7a9fae8a45bcb76f1847cf09e000,1535489309362404,steeranglefeedback,True,7.622
scene-0553,59bd7a9fae8a45bcb76f1847cf09e000,1535489309362404,zoesensors,True,0.389
scene-0553,59bd7a9fae8a45bcb76f1847cf09e000,1535489309362404,zoe_veh_info,True,9.591
scene-0553,37535cd306954669a2b21578573b93e3,1535489309862404,pose,True,4.104
scene-0553,37535cd306954669a2b21578573b93e3,1535489309862404,steeranglefeedback,True,8.365
scene-0553,37535cd306954669a2b21578573b93e3,1535489309862404,zoesensors,True,0.507
scene-0553,37535cd306954669a2b21578573b93e3,1535489309862404,zoe_veh_info,True,10.376
scene-0553,3a064c48e47b489a8b442b8081f877b6,1535489310362404,pose,True,4.033
scene-0553,3a064c48e47b489a8b442b8081f877b6,1535489310362404,steeranglefeedback,True,8.514
scene-0553,3a064c48e47b489a8b442b8081f877b6,1535489310362404,zoesensors,True,0.23
scene-0553,3a064c48e47b489a8b442b8081f877b6,1535489310362404,zoe_veh_info,True,9.549
scene-0553,d3c0bbf933594f7184e20d761b6416f4,1535489310912404,pose,True,14.168
scene-0553,d3c0bbf933594f7184e20d761b6416f4,1535489310912404,steeranglefeedback,True,8.017
scene-0553,d3c0bbf933594f7184e20d761b6416f4,1535489310912404,zoesensors,True,0.676
scene-0553,d3c0bbf933594f7184e20d761b6416f4,1535489310912404,zoe_veh_info,True,0.33
scene-0553,31812a5e8d514b5f8d2fbc50fc007475,1535489311362404,pose,True,4.107
scene-0553,31812a5e8d514b5f8d2fbc50fc007475,1535489311362404,steeranglefeedback,True,8.304
scene-0553,31812a5e8d514b5f8d2fbc50fc007475,1535489311362404,zoesensors,True,0.527
scene-0553,31812a5e8d514b5f8d2fbc50fc007475,1535489311362404,zoe_veh_info,True,10.221
scene-0553,32e2619879854a83953c08ec8557f3bb,1535489311862404,pose,True,3.764
scene-0553,32e2619879854a83953c08ec8557f3bb,1535489311862404,steeranglefeedback,True,8.854
scene-0553,32e2619879854a83953c08ec8557f3bb,1535489311862404,zoesensors,True,1.664
scene-0553,32e2619879854a83953c08ec8557f3bb,1535489311862404,zoe_veh_info,True,10.037
scene-0553,4d7cf1ad5f9c4842bb6f135e058deed4,1535489312362404,pose,True,4.094
scene-0553,4d7cf1ad5f9c4842bb6f135e058deed4,1535489312362404,steeranglefeedback,True,8.974
scene-0553,4d7cf1ad5f9c4842bb6f135e058deed4,1535489312362404,zoesensors,True,0.599
scene-0553,4d7cf1ad5f9c4842bb6f135e058deed4,1535489312362404,zoe_veh_info,True,10.042
scene-0553,c143943fd6e246448eab88ce1a0aeda9,1535489312862404,pose,True,4.098
scene-0553,c143943fd6e246448eab88ce1a0aeda9,1535489312862404,steeranglefeedback,True,9.093
scene-0553,c143943fd6e246448eab88ce1a0aeda9,1535489312862404,zoesensors,True,0.389
scene-0553,c143943fd6e246448eab88ce1a0aeda9,1535489312862404,zoe_veh_info,True,10.156
scene-0553,47188ae2bc8c4faf83c909b135701176,1535489313362404,pose,True,4.587
scene-0553,47188ae2bc8c4faf83c909b135701176,1535489313362404,steeranglefeedback,True,8.92
scene-0553,47188ae2bc8c4faf83c909b135701176,1535489313362404,zoesensors,True,0.513
scene-0553,47188ae2bc8c4faf83c909b135701176,1535489313362404,zoe_veh_info,True,9.884
scene-0553,a5f101af325144bd8b8f67694766e255,1535489313862404,pose,True,4.71
scene-0553,a5f101af325144bd8b8f67694766e255,1535489313862404,steeranglefeedback,True,9.079
scene-0553,a5f101af325144bd8b8f67694766e255,1535489313862404,zoesensors,True,0.677
scene-0553,a5f101af325144bd8b8f67694766e255,1535489313862404,zoe_veh_info,True,10.015
scene-0553,6f114ec641f8426399b69e844c0dfd62,1535489314362404,pose,True,4.723
scene-0553,6f114ec641f8426399b69e844c0dfd62,1535489314362404,steeranglefeedback,True,10.072
scene-0553,6f114ec641f8426399b69e844c0dfd62,1535489314362404,zoesensors,True,0.595
scene-0553,6f114ec641f8426399b69e844c0dfd62,1535489314362404,zoe_veh_info,True,9.941
scene-0553,ed5b84e7ea6f434e99d7816b37d15f2f,1535489314862404,pose,True,4.31
scene-0553,ed5b84e7ea6f434e99d7816b37d15f2f,1535489314862404,steeranglefeedback,True,10.154
scene-0553,ed5b84e7ea6f434e99d7816b37d15f2f,1535489314862404,zoesensors,True,0.764
scene-0553,ed5b84e7ea6f434e99d7816b37d15f2f,1535489314862404,zoe_veh_info,True,10.058
scene-0553,739b12938d0e410d9b8fc832dfad5510,1535489315412404,pose,True,14.24
scene-0553,739b12938d0e410d9b8fc832dfad5510,1535489315412404,steeranglefeedback,True,0.276
scene-0553,739b12938d0e410d9b8fc832dfad5510,1535489315412404,zoesensors,True,0.591
scene-0553,739b12938d0e410d9b8fc832dfad5510,1535489315412404,zoe_veh_info,True,0.205
scene-0553,dcbe451d383e450786aaad04ab9d3790,1535489315912404,pose,True,14.241
scene-0553,dcbe451d383e450786aaad04ab9d3790,1535489315912404,steeranglefeedback,True,0.275
scene-0553,dcbe451d383e450786aaad04ab9d3790,1535489315912404,zoesensors,True,0.76
scene-0553,dcbe451d383e450786aaad04ab9d3790,1535489315912404,zoe_veh_info,True,7.437
scene-0655,5991fad3280c4f84b331536c32001a04,1535385092112404,pose,False,
scene-0655,5991fad3280c4f84b331536c32001a04,1535385092112404,steeranglefeedback,False,
scene-0655,5991fad3280c4f84b331536c32001a04,1535385092112404,zoesensors,False,
scene-0655,5991fad3280c4f84b331536c32001a04,1535385092112404,zoe_veh_info,False,
scene-0655,2578329fc3ae484bb23ef766808f4be5,1535385092662404,pose,True,0.835
scene-0655,2578329fc3ae484bb23ef766808f4be5,1535385092662404,steeranglefeedback,True,10.193
scene-0655,2578329fc3ae484bb23ef766808f4be5,1535385092662404,zoesensors,True,0.753
scene-0655,2578329fc3ae484bb23ef766808f4be5,1535385092662404,zoe_veh_info,True,2.797
scene-0655,8057958576034e51bac9bdc5740128d5,1535385093162404,pose,True,1.225
scene-0655,8057958576034e51bac9bdc5740128d5,1535385093162404,steeranglefeedback,True,0.204
scene-0655,8057958576034e51bac9bdc5740128d5,1535385093162404,zoesensors,True,4.045
scene-0655,8057958576034e51bac9bdc5740128d5,1535385093162404,zoe_veh_info,True,2.206
scene-0655,23799328f65843fc9e0c71f2bfbe90ef,1535385093612404,pose,True,10.834
scene-0655,23799328f65843fc9e0c71f2bfbe90ef,1535385093612404,steeranglefeedback,True,0.442
scene-0655,23799328f65843fc9e0c71f2bfbe90ef,1535385093612404,zoesensors,True,0.921
scene-0655,23799328f65843fc9e0c71f2bfbe90ef,1535385093612404,zoe_veh_info,True,3.439
scene-0655,6af01b48aec7475eac1f8e9add0276ff,1535385094112404,pose,True,10.542
scene-0655,6af01b48aec7475eac1f8e9add0276ff,1535385094112404,steeranglefeedback,True,10.501
scene-0655,6af01b48aec7475eac1f8e9add0276ff,1535385094112404,zoesensors,True,1.082
scene-0655,6af01b48aec7475eac1f8e9add0276ff,1535385094112404,zoe_veh_info,True,2.967
scene-0655,df7066fa5f0d4b708982747cc3feed14,1535385094512404,pose,True,10.867
scene-0655,df7066fa5f0d4b708982747cc3feed14,1535385094512404,steeranglefeedback,True,0.302
scene-0655,df7066fa5f0d4b708982747cc3feed14,1535385094512404,zoesensors,True,0.981
scene-0655,df7066fa5f0d4b708982747cc3feed14,1535385094512404,zoe_veh_info,True,3.305
scene-0655,5f6cc6483988439a824cec99e28bb5b9,1535385094912404,pose,True,10.577
scene-0655,5f6cc6483988439a824cec99e28bb5b9,1535385094912404,steeranglefeedback,True,0.448
scene-0655,5f6cc6483988439a824cec99e28bb5b9,1535385094912404,zoesensors,True,1.055
scene-0655,5f6cc6483988439a824cec99e28bb5b9,1535385094912404,zoe_veh_info,True,2.728
scene-0655,c9304cf98aad4ff0bb5b0cff0aab65d2,1535385095412404,pose,True,10.662
scene-0655,c9304cf98aad4ff0bb5b0cff0aab65d2,1535385095412404,steeranglefeedback,True,1.049
scene-0655,c9304cf98aad4ff0bb5b0cff0aab65d2,1535385095412404,zoesensors,True,0.839
scene-0655,c9304cf98aad4ff0bb5b0cff0aab65d2,1535385095412404,zoe_veh_info,True,3.182
scene-0655,79937d5eae1d450499677a0dcffa210c,1535385095912404,pose,True,10.369
scene-0655,79937d5eae1d450499677a0dcffa210c,1535385095912404,steeranglefeedback,True,0.858
scene-0655,79937d5eae1d450499677a0dcffa210c,1535385095912404,zoesensors,True,0.777
scene-0655,79937d5eae1d450499677a0dcffa210c,1535385095912404,zoe_veh_info,True,2.076
scene-0655,5c85640c10d9485c86bf6eb44778c002,1535385096362404,pose,True,0.875
scene-0655,5c85640c10d9485c86bf6eb44778c002,1535385096362404,steeranglefeedback,True,0.887
scene-0655,5c85640c10d9485c86bf6eb44778c002,1535385096362404,zoesensors,True,1.021
scene-0655,5c85640c10d9485c86bf6eb44778c002,1535385096362404,zoe_veh_info,True,2.928
scene-0655,91d9058720eb4c25a172236e14e11085,1535385096862404,pose,True,0.84
scene-0655,91d9058720eb4c25a172236e14e11085,1535385096862404,steeranglefeedback,True,0.874
scene-0655,91d9058720eb4c25a172236e14e11085,1535385096862404,zoesensors,True,0.146
scene-0655,91d9058720eb4c25a172236e14e11085,1535385096862404,zoe_veh_info,True,1.864
scene-0655,9768a199e4884a0db50d015703efe969,1535385097362404,pose,True,0.566
scene-0655,9768a199e4884a0db50d015703efe969,1535385097362404,steeranglefeedback,True,1.62
scene-0655,9768a199e4884a0db50d015703efe969,1535385097362404,zoesensors,True,0.875
scene-0655,9768a199e4884a0db50d015703efe969,1535385097362404,zoe_veh_info,True,2.584
scene-0655,39bc0a6b3692446d8ba3bde3d6a0774e,1535385097862411,pose,True,0.599
scene-0655,39bc0a6b3692446d8ba3bde3d6a0774e,1535385097862411,steeranglefeedback,True,1.682
scene-0655,39bc0a6b3692446d8ba3bde3d6a0774e,1535385097862411,zoesensors,True,1.945
scene-0655,39bc0a6b3692446d8ba3bde3d6a0774e,1535385097862411,zoe_veh_info,True,2.481
scene-0655,f6ef25ab02c0483b9df411ed84873f41,1535385098362404,pose,True,1.087
scene-0655,f6ef25ab02c0483b9df411ed84873f41,1535385098362404,steeranglefeedback,True,1.119
scene-0655,f6ef25ab02c0483b9df411ed84873f41,1535385098362404,zoesensors,True,0.887
scene-0655,f6ef25ab02c0483b9df411ed84873f41,1535385098362404,zoe_veh_info,True,2.618
scene-0655,576f17c305324ed7bf460f0110617355,1535385098862404,pose,True,0.898
scene-0655,576f17c305324ed7bf460f0110617355,1535385098862404,steeranglefeedback,True,1.955
scene-0655,576f17c305324ed7bf460f0110617355,1535385098862404,zoesensors,True,0.829
scene-0655,576f17c305324ed7bf460f0110617355,1535385098862404,zoe_veh_info,True,2.924
scene-0655,0fa505e5dd804d3b9f9f076d23b28d6d,1535385099362404,pose,True,0.842
scene-0655,0fa505e5dd804d3b9f9f076d23b28d6d,1535385099362404,steeranglefeedback,True,1.934
scene-0655,0fa505e5dd804d3b9f9f076d23b28d6d,1535385099362404,zoesensors,True,1.082
scene-0655,0fa505e5dd804d3b9f9f076d23b28d6d,1535385099362404,zoe_veh_info,True,2.861
scene-0655,447c96d132e9494e8b03050e8dcae124,1535385099862404,pose,True,0.286
scene-0655,447c96d132e9494e8b03050e8dcae124,1535385099862404,steeranglefeedback,True,2.411
scene-0655,447c96d132e9494e8b03050e8dcae124,1535385099862404,zoesensors,True,0.002
scene-0655,447c96d132e9494e8b03050e8dcae124,1535385099862404,zoe_veh_info,True,2.34
scene-0655,baaa60749cd04db7952fd8f4ef8ac837,1535385100362404,pose,True,0.508
scene-0655,baaa60749cd04db7952fd8f4ef8ac837,1535385100362404,steeranglefeedback,True,2.52
scene-0655,baaa60749cd04db7952fd8f4ef8ac837,1535385100362404,zoesensors,True,0.861
scene-0655,baaa60749cd04db7952fd8f4ef8ac837,1535385100362404,zoe_veh_info,True,2.482
scene-0655,d7387fb5a21d40a990a5842cca61af1c,1535385100862404,pose,True,1.031
scene-0655,d7387fb5a21d40a990a5842cca61af1c,1535385100862404,steeranglefeedback,True,2.078
scene-0655,d7387fb5a21d40a990a5842cca61af1c,1535385100862404,zoesensors,True,0.718
scene-0655,d7387fb5a21d40a990a5842cca61af1c,1535385100862404,zoe_veh_info,True,2.027
scene-0655,252b65dd79ce4712af1b898b64ea3b98,1535385101362404,pose,True,1.059
scene-0655,252b65dd79ce4712af1b898b64ea3b98,1535385101362404,steeranglefeedback,True,2.177
scene-0655,252b65dd79ce4712af1b898b64ea3b98,1535385101362404,zoesensors,True,1.016
scene-0655,252b65dd79ce4712af1b898b64ea3b98,1535385101362404,zoe_veh_info,True,2.084
scene-0655,0d7263a5b8264cad996582d6219ef1f2,1535385101912404,pose,True,10.292
scene-0655,0d7263a5b8264cad996582d6219ef1f2,1535385101912404,steeranglefeedback,True,1.915
scene-0655,0d7263a5b8264cad996582d6219ef1f2,1535385101912404,zoesensors,True,0.409
scene-0655,0d7263a5b8264cad996582d6219ef1f2,1535385101912404,zoe_veh_info,True,2.868
scene-0655,8017a35b9b5e476289a89bd098a4a1d1,1535385102412404,pose,True,9.593
scene-0655,8017a35b9b5e476289a89bd098a4a1d1,1535385102412404,steeranglefeedback,True,2.234
scene-0655,8017a35b9b5e476289a89bd098a4a1d1,1535385102412404,zoesensors,True,0.741
scene-0655,8017a35b9b5e476289a89bd098a4a1d1,1535385102412404,zoe_veh_info,True,2.087
scene-0655,8580e9a249b64b59bead9d80c0e13e8b,1535385102912404,pose,True,9.609
scene-0655,8580e9a249b64b59bead9d80c0e13e8b,1535385102912404,steeranglefeedback,True,2.227
scene-0655,8580e9a249b64b59bead9d80c0e13e8b,1535385102912404,zoesensors,True,1.048
scene-0655,8580e9a249b64b59bead9d80c0e13e8b,1535385102912404,zoe_veh_info,True,2.134
scene-0655,5f3fc3c1d08b47cabc1bbca600abbfa8,1535385103412404,pose,True,10.027
scene-0655,5f3fc3c1d08b47cabc1bbca600abbfa8,1535385103412404,steeranglefeedback,True,2.506
scene-0655,5f3fc3c1d08b47cabc1bbca600abbfa8,1535385103412404,zoesensors,True,1.081
scene-0655,5f3fc3c1d08b47cabc1bbca600abbfa8,1535385103412404,zoe_veh_info,True,1.436
scene-0655,7ff999a1242e4573a81dd3a6f0c158a2,1535385103912404,pose,True,10.334
scene-0655,7ff999a1242e4573a81dd3a6f0c158a2,1535385103912404,steeranglefeedback,True,1.924
scene-0655,7ff999a1242e4573a81dd3a6f0c158a2,1535385103912404,zoesensors,True,0.013
scene-0655,7ff999a1242e4573a81dd3a6f0c158a2,1535385103912404,zoe_veh_info,True,1.618
scene-0655,0402e40724984f3b833496067d46c771,1535385104412404,pose,True,9.641
scene-0655,0402e40724984f3b833496067d46c771,1535385104412404,steeranglefeedback,True,2.428
scene-0655,0402e40724984f3b833496067d46c771,1535385104412404,zoesensors,True,0.865
scene-0655,0402e40724984f3b833496067d46c771,1535385104412404,zoe_veh_info,True,2.295
scene-0655,6e004695af1549c398a52b5c95e22060,1535385104912404,pose,True,9.534
scene-0655,6e004695af1549c398a52b5c95e22060,1535385104912404,steeranglefeedback,True,2.187
scene-0655,6e004695af1549c398a52b5c95e22060,1535385104912404,zoesensors,True,0.04
scene-0655,6e004695af1549c398a52b5c95e22060,1535385104912404,zoe_veh_info,True,2.092
scene-0655,ba2491f55619445e9d2e472f39f3b01b,1535385105412404,pose,True,9.534
scene-0655,ba2491f55619445e9d2e472f39f3b01b,1535385105412404,steeranglefeedback,True,2.462
scene-0655,ba2491f55619445e9d2e472f39f3b01b,1535385105412404,zoesensors,True,0.95
scene-0655,ba2491f55619445e9d2e472f39f3b01b,1535385105412404,zoe_veh_info,True,2.26
scene-0655,2e024439286d469f8f743fe9266c0e56,1535385105912404,pose,True,9.636
scene-0655,2e024439286d469f8f743fe9266c0e56,1535385105912404,steeranglefeedback,True,2.408
scene-0655,2e024439286d469f8f743fe9266c0e56,1535385105912404,zoesensors,True,0.09
scene-0655,2e024439286d469f8f743fe9266c0e56,1535385105912404,zoe_veh_info,True,2.258
scene-0655,ff007cb7b78443e6887401d694f0d369,1535385106412404,pose,True,9.395
scene-0655,ff007cb7b78443e6887401d694f0d369,1535385106412404,steeranglefeedback,True,2.831
scene-0655,ff007cb7b78443e6887401d694f0d369,1535385106412404,zoesensors,True,0.868
scene-0655,ff007cb7b78443e6887401d694f0d369,1535385106412404,zoe_veh_info,True,1.696
scene-0655,b2e2ffeabf91451cb31a79649bfd95df,1535385106912404,pose,True,9.771
scene-0655,b2e2ffeabf91451cb31a79649bfd95df,1535385106912404,steeranglefeedback,True,3.4
scene-0655,b2e2ffeabf91451cb31a79649bfd95df,1535385106912404,zoesensors,True,0.041
scene-0655,b2e2ffeabf91451cb31a79649bfd95df,1535385106912404,zoe_veh_info,True,2.273
scene-0655,21342b260f964064855aa8ad1e741a22,1535385107412404,pose,True,9.858
scene-0655,21342b260f964064855aa8ad1e741a22,1535385107412404,steeranglefeedback,True,3.472
scene-0655,21342b260f964064855aa8ad1e741a22,1535385107412404,zoesensors,True,2.226
scene-0655,21342b260f964064855aa8ad1e741a22,1535385107412404,zoe_veh_info,True,2.335
scene-0655,9a0a16d628ae41d1ab25c9cdfc66d6a1,1535385107912404,pose,True,9.692
scene-0655,9a0a16d628ae41d1ab25c9cdfc66d6a1,1535385107912404,steeranglefeedback,True,12.885
scene-0655,9a0a16d628ae41d1ab25c9cdfc66d6a1,1535385107912404,zoesensors,True,1.163
scene-0655,9a0a16d628ae41d1ab25c9cdfc66d6a1,1535385107912404,zoe_veh_info,True,11.525
scene-0655,521cde13efcc4f7cb5f93db99cce30f4,1535385108412412,pose,True,9.512
scene-0655,521cde13efcc4f7cb5f93db99cce30f4,1535385108412412,steeranglefeedback,True,3.156
scene-0655,521cde13efcc4f7cb5f93db99cce30f4,1535385108412412,zoesensors,True,0.285
scene-0655,521cde13efcc4f7cb5f93db99cce30f4,1535385108412412,zoe_veh_info,True,1.742
scene-0655,96d915e8b7e44bacba3c78e76a924e5c,1535385108912404,pose,True,9.275
scene-0655,96d915e8b7e44bacba3c78e76a924e5c,1535385108912404,steeranglefeedback,True,3.908
scene-0655,96d915e8b7e44bacba3c78e76a924e5c,1535385108912404,zoesensors,True,1.038
scene-0655,96d915e8b7e44bacba3c78e76a924e5c,1535385108912404,zoe_veh_info,True,1.673
scene-0655,e426ccb3e7874894b16e06774ae5ec42,1535385109362404,pose,True,19.242
scene-0655,e426ccb3e7874894b16e06774ae5ec42,1535385109362404,steeranglefeedback,True,4.098
scene-0655,e426ccb3e7874894b16e06774ae5ec42,1535385109362404,zoesensors,True,0.828
scene-0655,e426ccb3e7874894b16e06774ae5ec42,1535385109362404,zoe_veh_info,True,1.432
scene-0655,c5a8f6d7a0fe4858b318aeac2524098f,1535385109862404,pose,True,19.922
scene-0655,c5a8f6d7a0fe4858b318aeac2524098f,1535385109862404,steeranglefeedback,True,4.102
scene-0655,c5a8f6d7a0fe4858b318aeac2524098f,1535385109862404,zoesensors,True,2.503
scene-0655,c5a8f6d7a0fe4858b318aeac2524098f,1535385109862404,zoe_veh_info,True,12.497
scene-0655,ed1eee39e3dd4c30a3d932e3ceaa92c2,1535385110412404,pose,True,11.11
scene-0655,ed1eee39e3dd4c30a3d932e3ceaa92c2,1535385110412404,steeranglefeedback,True,4.974
scene-0655,ed1eee39e3dd4c30a3d932e3ceaa92c2,1535385110412404,zoesensors,True,0.056
scene-0655,ed1eee39e3dd4c30a3d932e3ceaa92c2,1535385110412404,zoe_veh_info,True,3.791
scene-0655,728e3e32df3c413389cb7e233de96ac4,1535385110912404,pose,True,10.73
scene-0655,728e3e32df3c413389cb7e233de96ac4,1535385110912404,steeranglefeedback,True,5.142
scene-0655,728e3e32df3c413389cb7e233de96ac4,1535385110912404,zoesensors,True,0.31
scene-0655,728e3e32df3c413389cb7e233de96ac4,1535385110912404,zoe_veh_info,True,2.22
scene-0655,9c56003504024697a5c8d1cb9355a335,1535385111412404,pose,True,11.421
scene-0655,9c56003504024697a5c8d1cb9355a335,1535385111412404,steeranglefeedback,True,6.111
scene-0655,9c56003504024697a5c8d1cb9355a335,1535385111412404,zoesensors,True,0.315
scene-0655,9c56003504024697a5c8d1cb9355a335,1535385111412404,zoe_veh_info,True,3.34
scene-0655,35833ae5808e4ef186d1fdebac3d9cf6,1535385111912404,pose,True,10.622
scene-0655,35833ae5808e4ef186d1fdebac3d9cf6,1535385111912404,steeranglefeedback,True,5.403
scene-0655,35833ae5808e4ef186d1fdebac3d9cf6,1535385111912404,zoesensors,True,0.248
scene-0655,35833ae5808e4ef186d1fdebac3d9cf6,1535385111912404,zoe_veh_info,True,2.176
scene-0757,cd9964f8c3d34383b16e9c2997de1ed0,1535657108262404,pose,False,
scene-0757,cd9964f8c3d34383b16e9c2997de1ed0,1535657108262404,steeranglefeedback,False,
scene-0757,cd9964f8c3d34383b16e9c2997de1ed0,1535657108262404,zoesensors,False,
scene-0757,cd9964f8c3d34383b16e9c2997de1ed0,1535657108262404,zoe_veh_info,False,
scene-0757,9ab95de13c2d432ebb678ebb5da1ac5e,1535657108762404,pose,True,1.971
scene-0757,9ab95de13c2d432ebb678ebb5da1ac5e,1535657108762404,steeranglefeedback,True,4.095
scene-0757,9ab95de13c2d432ebb678ebb5da1ac5e,1535657108762404,zoesensors,True,0.894
scene-0757,9ab95de13c2d432ebb678ebb5da1ac5e,1535657108762404,zoe_veh_info,True,0.748
scene-0757,4a61e56dd1ee4c159cc595b52aa2a254,1535657109262404,pose,True,2.324
scene-0757,4a61e56dd1ee4c159cc595b52aa2a254,1535657109262404,steeranglefeedback,True,4.465
scene-0757,4a61e56dd1ee4c159cc595b52aa2a254,1535657109262404,zoesensors,True,0.192
scene-0757,4a61e56dd1ee4c159cc595b52aa2a254,1535657109262404,zoe_veh_info,True,0.187
scene-0757,8c0372d87281421aba897bec0084d0da,1535657109762404,pose,True,1.903
scene-0757,8c0372d87281421aba897bec0084d0da,1535657109762404,steeranglefeedback,True,4.072
scene-0757,8c0372d87281421aba897bec0084d0da,1535657109762404,zoesensors,True,0.28
scene-0757,8c0372d87281421aba897bec0084d0da,1535657109762404,zoe_veh_info,True,11.275
scene-0757,ebce5a3b3484446580028d6538e69a81,1535657110162404,pose,True,2.061
scene-0757,ebce5a3b3484446580028d6538e69a81,1535657110162404,steeranglefeedback,True,4.212
scene-0757,ebce5a3b3484446580028d6538e69a81,1535657110162404,zoesensors,True,0.189
scene-0757,ebce5a3b3484446580028d6538e69a81,1535657110162404,zoe_veh_info,True,0.75
scene-0757,12e1aa58e9d04068a33f37b896b901a3,1535657110612404,pose,True,11.592
scene-0757,12e1aa58e9d04068a33f37b896b901a3,1535657110612404,steeranglefeedback,True,5.315
scene-0757,12e1aa58e9d04068a33f37b896b901a3,1535657110612404,zoesensors,True,0.312
scene-0757,12e1aa58e9d04068a33f37b896b901a3,1535657110612404,zoe_veh_info,True,0.99
scene-0757,407969e29bf741f184bf8405af03588e,1535657111112404,pose,True,12.578
scene-0757,407969e29bf741f184bf8405af03588e,1535657111112404,steeranglefeedback,True,4.584
scene-0757,407969e29bf741f184bf8405af03588e,1535657111112404,zoesensors,True,1.127
scene-0757,407969e29bf741f184bf8405af03588e,1535657111112404,zoe_veh_info,True,0.881
scene-0757,f4163d8adea94bcf892e005d5d2937a8,1535657111612404,pose,True,11.858
scene-0757,f4163d8adea94bcf892e005d5d2937a8,1535657111612404,steeranglefeedback,True,5.08
scene-0757,f4163d8adea94bcf892e005d5d2937a8,1535657111612404,zoesensors,True,0.152
scene-0757,f4163d8adea94bcf892e005d5d2937a8,1535657111612404,zoe_veh_info,True,0.742
scene-0757,e122a34ec57c4edf8311b40c3f85f863,1535657112112404,pose,True,12.115
scene-0757,e122a34ec57c4edf8311b40c3f85f863,1535657112112404,steeranglefeedback,True,5.747
scene-0757,e122a34ec57c4edf8311b40c3f85f863,1535657112112404,zoesensors,True,0.394
scene-0757,e122a34ec57c4edf8311b40c3f85f863,1535657112112404,zoe_veh_info,True,0.462
scene-0757,8366b5125ac945f3b93153cfa39f1677,1535657112612404,pose,True,12.417
scene-0757,8366b5125ac945f3b93153cfa39f1677,1535657112612404,steeranglefeedback,True,5.394
scene-0757,8366b5125ac945f3b93153cfa39f1677,1535657112612404,zoesensors,True,0.421
scene-0757,8366b5125ac945f3b93153cfa39f1677,1535657112612404,zoe_veh_info,True,1.165
scene-0757,6b7487db4612438db7d446e2832a9e2e,1535657113112404,pose,True,12.017
scene-0757,6b7487db4612438db7d446e2832a9e2e,1535657113112404,steeranglefeedback,True,5.815
scene-0757,6b7487db4612438db7d446e2832a9e2e,1535657113112404,zoesensors,True,0.256
scene-0757,6b7487db4612438db7d446e2832a9e2e,1535657113112404,zoe_veh_info,True,0.574
scene-0757,0307afa1ec7e48ce90295acabf8cb6dd,1535657113612404,pose,True,12.094
scene-0757,0307afa1ec7e48ce90295acabf8cb6dd,1535657113612404,steeranglefeedback,True,6.341
scene-0757,0307afa1ec7e48ce90295acabf8cb6dd,1535657113612404,zoesensors,True,0.081
scene-0757,0307afa1ec7e48ce90295acabf8cb6dd,1535657113612404,zoe_veh_info,True,0.076
scene-0757,3d9b4a27209e4624b491f48144be21d6,1535657114112404,pose,True,12.475
scene-0757,3d9b4a27209e4624b491f48144be21d6,1535657114112404,steeranglefeedback,True,6.159
scene-0757,3d9b4a27209e4624b491f48144be21d6,1535657114112404,zoesensors,True,1.382
scene-0757,3d9b4a27209e4624b491f48144be21d6,1535657114112404,zoe_veh_info,True,0.917
scene-0757,73eb876167f4419a9a6ec1a601abdcaf,1535657114612404,pose,True,12.52
scene-0757,73eb876167f4419a9a6ec1a601abdcaf,1535657114612404,steeranglefeedback,True,6.157
scene-0757,73eb876167f4419a9a6ec1a601abdcaf,1535657114612404,zoesensors,True,0.099
scene-0757,73eb876167f4419a9a6ec1a601abdcaf,1535657114612404,zoe_veh_info,True,0.097
scene-0757,348c8122f47349429a6cd694dcac86e6,1535657115112404,pose,True,12.917
scene-0757,348c8122f47349429a6cd694dcac86e6,1535657115112404,steeranglefeedback,True,6.556
scene-0757,348c8122f47349429a6cd694dcac86e6,1535657115112404,zoesensors,True,0.253
scene-0757,348c8122f47349429a6cd694dcac86e6,1535657115112404,zoe_veh_info,True,1.294
scene-0757,7ae00681137b40f5bd7bef3823a82ee2,1535657115612404,pose,True,12.385
scene-0757,7ae00681137b40f5bd7bef3823a82ee2,1535657115612404,steeranglefeedback,True,6.963
scene-0757,7ae00681137b40f5bd7bef3823a82ee2,1535657115612404,zoesensors,True,0.403
scene-0757,7ae00681137b40f5bd7bef3823a82ee2,1535657115612404,zoe_veh_info,True,0.579
scene-0757,8b6d496ed9d84469b75836ca1c56959f,1535657116112404,pose,True,12.762
scene-0757,8b6d496ed9d84469b75836ca1c56959f,1535657116112404,steeranglefeedback,True,6.628
scene-0757,8b6d496ed9d84469b75836ca1c56959f,1535657116112404,zoesensors,True,1.423
scene-0757,8b6d496ed9d84469b75836ca1c56959f,1535657116112404,zoe_veh_info,True,1.166
scene-0757,a9def8f915cf4bfe9c74b864384ec6c7,1535657116612404,pose,True,12.786
scene-0757,a9def8f915cf4bfe9c74b864384ec6c7,1535657116612404,steeranglefeedback,True,7.678
scene-0757,a9def8f915cf4bfe9c74b864384ec6c7,1535657116612404,zoesensors,True,0.299
scene-0757,a9def8f915cf4bfe9c74b864384ec6c7,1535657116612404,zoe_veh_info,True,1.275
scene-0757,3d22d2c87c5b483a914c7e8125326013,1535657117112404,pose,True,12.155
scene-0757,3d22d2c87c5b483a914c7e8125326013,1535657117112404,steeranglefeedback,True,6.883
scene-0757,3d22d2c87c5b483a914c7e8125326013,1535657117112404,zoesensors,True,0.337
scene-0757,3d22d2c87c5b483a914c7e8125326013,1535657117112404,zoe_veh_info,True,0.526
scene-0757,286532245ff646a9915070c8b402e487,1535657117612404,pose,True,12.116
scene-0757,286532245ff646a9915070c8b402e487,1535657117612404,steeranglefeedback,True,7.07
scene-0757,286532245ff646a9915070c8b402e487,1535657117612404,zoesensors,True,1.446
scene-0757,286532245ff646a9915070c8b402e487,1535657117612404,zoe_veh_info,True,0.076
scene-0757,73e2b7fb98ef41aface277a968d65941,1535657118112404,pose,True,12.19
scene-0757,73e2b7fb98ef41aface277a968d65941,1535657118112404,steeranglefeedback,True,7.177
scene-0757,73e2b7fb98ef41aface277a968d65941,1535657118112404,zoesensors,True,1.517
scene-0757,73e2b7fb98ef41aface277a968d65941,1535657118112404,zoe_veh_info,True,1.053
scene-0757,c537fef0b4b241df92f44daa976fe5b3,1535657118612404,pose,True,12.015
scene-0757,c537fef0b4b241df92f44daa976fe5b3,1535657118612404,steeranglefeedback,True,7.403
scene-0757,c537fef0b4b241df92f44daa976fe5b3,1535657118612404,zoesensors,True,0.49
scene-0757,c537fef0b4b241df92f44daa976fe5b3,1535657118612404,zoe_veh_info,True,0.928
scene-0757,d68668cb98fe4be5a00f58b5ac8a0a7d,1535657119112404,pose,True,12.193
scene-0757,d68668cb98fe4be5a00f58b5ac8a0a7d,1535657119112404,steeranglefeedback,True,7.663
scene-0757,d68668cb98fe4be5a00f58b5ac8a0a7d,1535657119112404,zoesensors,True,0.49
scene-0757,d68668cb98fe4be5a00f58b5ac8a0a7d,1535657119112404,zoe_veh_info,True,0.995
scene-0757,00889f8a9549450aa2f32cf310a3e305,1535657119612404,pose,True,12.248
scene-0757,00889f8a9549450aa2f32cf310a3e305,1535657119612404,steeranglefeedback,True,7.853
scene-0757,00889f8a9549450aa2f32cf310a3e305,1535657119612404,zoesensors,True,0.208
scene-0757,00889f8a9549450aa2f32cf310a3e305,1535657119612404,zoe_veh_info,True,0.945
scene-0757,dd8d85a47000418e849e4cb2f2a3f45f,1535657120112404,pose,True,12.265
scene-0757,dd8d85a47000418e849e4cb2f2a3f45f,1535657120112404,steeranglefeedback,True,8.029
scene-0757,dd8d85a47000418e849e4cb2f2a3f45f,1535657120112404,zoesensors,True,0.592
scene-0757,dd8d85a47000418e849e4cb2f2a3f45f,1535657120112404,zoe_veh_info,True,1.059
scene-0757,c15f8261acfd4013a735798770fad71a,1535657120612404,pose,True,12.142
scene-0757,c15f8261acfd4013a735798770fad71a,1535657120612404,steeranglefeedback,True,8.875
scene-0757,c15f8261acfd4013a735798770fad71a,1535657120612404,zoesensors,True,0.348
scene-0757,c15f8261acfd4013a735798770fad71a,1535657120612404,zoe_veh_info,True,0.981
scene-0757,0373e9d8886648779c8a73304919ab5f,1535657121112404,pose,True,12.143
scene-0757,0373e9d8886648779c8a73304919ab5f,1535657121112404,steeranglefeedback,True,9.019
scene-0757,0373e9d8886648779c8a73304919ab5f,1535657121112404,zoesensors,True,0.549
scene-0757,0373e9d8886648779c8a73304919ab5f,1535657121112404,zoe_veh_info,True,1.111
scene-0757,a5addc41b07842768a2183abdd01cff8,1535657121612404,pose,True,12.773
scene-0757,a5addc41b07842768a2183abdd01cff8,1535657121612404,steeranglefeedback,True,8.665
scene-0757,a5addc41b07842768a2183abdd01cff8,1535657121612404,zoesensors,True,0.472
scene-0757,a5addc41b07842768a2183abdd01cff8,1535657121612404,zoe_veh_info,True,0.964
scene-0757,46292fc546f048f29520299220f22798,1535657122112404,pose,True,12.086
scene-0757,46292fc546f048f29520299220f22798,1535657122112404,steeranglefeedback,True,9.032
scene-0757,46292fc546f048f29520299220f22798,1535657122112404,zoesensors,True,0.321
scene-0757,46292fc546f048f29520299220f22798,1535657122112404,zoe_veh_info,True,1.542
scene-0757,9ecb1b79dbe140ca860efc4adebe854b,1535657122612404,pose,True,12.311
scene-0757,9ecb1b79dbe140ca860efc4adebe854b,1535657122612404,steeranglefeedback,True,9.066
scene-0757,9ecb1b79dbe140ca860efc4adebe854b,1535657122612404,zoesensors,True,1.591
scene-0757,9ecb1b79dbe140ca860efc4adebe854b,1535657122612404,zoe_veh_info,True,0.603
scene-0757,bad8a002637046178fe0f8216e5bc355,1535657123112404,pose,True,12.496
scene-0757,bad8a002637046178fe0f8216e5bc355,1535657123112404,steeranglefeedback,True,0.044
scene-0757,bad8a002637046178fe0f8216e5bc355,1535657123112404,zoesensors,True,0.129
scene-0757,bad8a002637046178fe0f8216e5bc355,1535657123112404,zoe_veh_info,True,0.126
scene-0757,4d8ff5b287bb4e1ba6d0a0f79fc74457,1535657123612404,pose,True,12.296
scene-0757,4d8ff5b287bb4e1ba6d0a0f79fc74457,1535657123612404,steeranglefeedback,True,0.05
scene-0757,4d8ff5b287bb4e1ba6d0a0f79fc74457,1535657123612404,zoesensors,True,0.608
scene-0757,4d8ff5b287bb4e1ba6d0a0f79fc74457,1535657123612404,zoe_veh_info,True,1.003
scene-0757,af8c2d8187aa463eab3cccbd6abc1573,1535657124112404,pose,True,12.272
scene-0757,af8c2d8187aa463eab3cccbd6abc1573,1535657124112404,steeranglefeedback,True,10.0
scene-0757,af8c2d8187aa463eab3cccbd6abc1573,1535657124112404,zoesensors,True,0.731
scene-0757,af8c2d8187aa463eab3cccbd6abc1573,1535657124112404,zoe_veh_info,True,0.65
scene-0757,73ccc9c10a3547849b8ff130d50bac98,1535657124612404,pose,True,12.394
scene-0757,73ccc9c10a3547849b8ff130d50bac98,1535657124612404,steeranglefeedback,True,10.0
scene-0757,73ccc9c10a3547849b8ff130d50bac98,1535657124612404,zoesensors,True,0.553
scene-0757,73ccc9c10a3547849b8ff130d50bac98,1535657124612404,zoe_veh_info,True,0.935
scene-0757,e3bcde4a06124931a097ef2a211aaaef,1535657125112404,pose,True,12.331
scene-0757,e3bcde4a06124931a097ef2a211aaaef,1535657125112404,steeranglefeedback,True,0.072
scene-0757,e3bcde4a06124931a097ef2a211aaaef,1535657125112404,zoesensors,True,0.408
scene-0757,e3bcde4a06124931a097ef2a211aaaef,1535657125112404,zoe_veh_info,True,1.093
scene-0757,9e6ce5a26025462fbd9bdac2d18c07eb,1535657125612404,pose,True,13.119
scene-0757,9e6ce5a26025462fbd9bdac2d18c07eb,1535657125612404,steeranglefeedback,True,0.083
scene-0757,9e6ce5a26025462fbd9bdac2d18c07eb,1535657125612404,zoesensors,True,0.786
scene-0757,9e6ce5a26025462fbd9bdac2d18c07eb,1535657125612404,zoe_veh_info,True,1.092
scene-0757,1b90013f0287408f9371729424c93892,1535657126112404,pose,True,12.261
scene-0757,1b90013f0287408f9371729424c93892,1535657126112404,steeranglefeedback,True,0.181
scene-0757,1b90013f0287408f9371729424c93892,1535657126112404,zoesensors,True,0.689
scene-0757,1b90013f0287408f9371729424c93892,1535657126112404,zoe_veh_info,True,1.146
scene-0757,ca0a3858c31e4281866e2b2a7f7c0db0,1535657126612404,pose,True,12.131
scene-0757,ca0a3858c31e4281866e2b2a7f7c0db0,1535657126612404,steeranglefeedback,True,1.182
scene-0757,ca0a3858c31e4281866e2b2a7f7c0db0,1535657126612404,zoesensors,True,0.594
scene-0757,ca0a3858c31e4281866e2b2a7f7c0db0,1535657126612404,zoe_veh_info,True,0.01
scene-0757,2c3e2cfc699f4ca78cc77dc3161d1763,1535657127112404,pose,True,12.37
scene-0757,2c3e2cfc699f4ca78cc77dc3161d1763,1535657127112404,steeranglefeedback,True,0.738
scene-0757,2c3e2cfc699f4ca78cc77dc3161d1763,1535657127112404,zoesensors,True,1.762
scene-0757,2c3e2cfc699f4ca78cc77dc3161d1763,1535657127112404,zoe_veh_info,True,0.654
scene-0757,f3e7e088082d4aabb9a3bf504d4ac904,1535657127612404,pose,True,12.421
scene-0757,f3e7e088082d4aabb9a3bf504d4ac904,1535657127612404,steeranglefeedback,True,1.16
scene-0757,f3e7e088082d4aabb9a3bf504d4ac904,1535657127612404,zoesensors,True,0.6
scene-0757,f3e7e088082d4aabb9a3bf504d4ac904,1535657127612404,zoe_veh_info,True,0.068
scene-0757,8fe9664cec514a58b1184c4fcefda6b5,1535657128112404,pose,True,12.413
scene-0757,8fe9664cec514a58b1184c4fcefda6b5,1535657128112404,steeranglefeedback,True,1.184
scene-0757,8fe9664cec514a58b1184c4fcefda6b5,1535657128112404,zoesensors,True,0.723
scene-0757,8fe9664cec514a58b1184c4fcefda6b5,1535657128112404,zoe_veh_info,True,1.072
scene-0796,c1676a2feac74eee8aa38ca3901787d6,1538448744412460,pose,False,
scene-0796,c1676a2feac74eee8aa38ca3901787d6,1538448744412460,steeranglefeedback,False,
scene-0796,c1676a2feac74eee8aa38ca3901787d6,1538448744412460,zoesensors,False,
scene-0796,c1676a2feac74eee8aa38ca3901787d6,1538448744412460,zoe_veh_info,False,
scene-0796,d6b0de49811b4d1b86a0933719c0c44a,1538448745012460,pose,True,3.454
scene-0796,d6b0de49811b4d1b86a0933719c0c44a,1538448745012460,steeranglefeedback,True,7.592
scene-0796,d6b0de49811b4d1b86a0933719c0c44a,1538448745012460,zoesensors,True,0.004
scene-0796,d6b0de49811b4d1b86a0933719c0c44a,1538448745012460,zoe_veh_info,True,5.456
scene-0796,6d5d0e60cbf4429d8b6cfa055924e5ca,1538448745512460,pose,True,3.276
scene-0796,6d5d0e60cbf4429d8b6cfa055924e5ca,1538448745512460,steeranglefeedback,True,8.49
scene-0796,6d5d0e60cbf4429d8b6cfa055924e5ca,1538448745512460,zoesensors,True,0.817
scene-0796,6d5d0e60cbf4429d8b6cfa055924e5ca,1538448745512460,zoe_veh_info,True,5.258
scene-0796,a51146d2b181450292623ec03ade9f03,1538448746012460,pose,True,3.419
scene-0796,a51146d2b181450292623ec03ade9f03,1538448746012460,steeranglefeedback,True,7.725
scene-0796,a51146d2b181450292623ec03ade9f03,1538448746012460,zoesensors,True,0.005
scene-0796,a51146d2b181450292623ec03ade9f03,1538448746012460,zoe_veh_info,True,5.775
scene-0796,092051710b7b4d9294e98dcb3f0f7be1,1538448746512460,pose,True,3.605
scene-0796,092051710b7b4d9294e98dcb3f0f7be1,1538448746512460,steeranglefeedback,True,8.064
scene-0796,092051710b7b4d9294e98dcb3f0f7be1,1538448746512460,zoesensors,True,0.937
scene-0796,092051710b7b4d9294e98dcb3f0f7be1,1538448746512460,zoe_veh_info,True,5.813
scene-0796,feaef544d11646ed806b53d9e1f39cd9,1538448747012460,pose,True,3.693
scene-0796,feaef544d11646ed806b53d9e1f39cd9,1538448747012460,steeranglefeedback,True,7.973
scene-0796,feaef544d11646ed806b53d9e1f39cd9,1538448747012460,zoesensors,True,0.91
scene-0796,feaef544d11646ed806b53d9e1f39cd9,1538448747012460,zoe_veh_info,True,5.682
scene-0796,dca2cc206bb34bc197ae8ebdaed22f35,1538448747512460,pose,True,3.58
scene-0796,dca2cc206bb34bc197ae8ebdaed22f35,1538448747512460,steeranglefeedback,True,8.885
scene-0796,dca2cc206bb34bc197ae8ebdaed22f35,1538448747512460,zoesensors,True,0.136
scene-0796,dca2cc206bb34bc197ae8ebdaed22f35,1538448747512460,zoe_veh_info,True,5.624
scene-0796,fe42b85d7f7a4107b650ffa993a4fbff,1538448748012460,pose,True,3.19
scene-0796,fe42b85d7f7a4107b650ffa993a4fbff,1538448748012460,steeranglefeedback,True,8.368
scene-0796,fe42b85d7f7a4107b650ffa993a4fbff,1538448748012460,zoesensors,True,0.032
scene-0796,fe42b85d7f7a4107b650ffa993a4fbff,1538448748012460,zoe_veh_info,True,6.145
scene-0796,fe2a163b8948451b95fa48e21e1988ce,1538448748512460,pose,True,3.611
scene-0796,fe2a163b8948451b95fa48e21e1988ce,1538448748512460,steeranglefeedback,True,8.787
scene-0796,fe2a163b8948451b95fa48e21e1988ce,1538448748512460,zoesensors,True,1.186
scene-0796,fe2a163b8948451b95fa48e21e1988ce,1538448748512460,zoe_veh_info,True,5.506
scene-0796,3a7aa284dd9d485d8effc20db8cda140,1538448749012460,pose,True,3.25
scene-0796,3a7aa284dd9d485d8effc20db8cda140,1538448749012460,steeranglefeedback,True,8.416
scene-0796,3a7aa284dd9d485d8effc20db8cda140,1538448749012460,zoesensors,True,0.6
scene-0796,3a7aa284dd9d485d8effc20db8cda140,1538448749012460,zoe_veh_info,True,6.252
scene-0796,f218a2b4fa6941f7ac3798adc72126e8,1538448749512460,pose,True,3.342
scene-0796,f218a2b4fa6941f7ac3798adc72126e8,1538448749512460,steeranglefeedback,True,8.632
scene-0796,f218a2b4fa6941f7ac3798adc72126e8,1538448749512460,zoesensors,True,0.016
scene-0796,f218a2b4fa6941f7ac3798adc72126e8,1538448749512460,zoe_veh_info,True,5.764
scene-0796,17723c0411434e48875a93de4db0ecba,1538448750012460,pose,True,3.717
scene-0796,17723c0411434e48875a93de4db0ecba,1538448750012460,steeranglefeedback,True,9.054
scene-0796,17723c0411434e48875a93de4db0ecba,1538448750012460,zoesensors,True,0.888
scene-0796,17723c0411434e48875a93de4db0ecba,1538448750012460,zoe_veh_info,True,5.804
scene-0796,7fd597745c26471ab336b3dd41a5f6dc,1538448750512460,pose,True,3.475
scene-0796,7fd597745c26471ab336b3dd41a5f6dc,1538448750512460,steeranglefeedback,True,8.894
scene-0796,7fd597745c26471ab336b3dd41a5f6dc,1538448750512460,zoesensors,True,1.127
scene-0796,7fd597745c26471ab336b3dd41a5f6dc,1538448750512460,zoe_veh_info,True,5.584
scene-0796,19f02e3faab4412988f28d419e1727fa,1538448751012460,pose,True,3.927
scene-0796,19f02e3faab4412988f28d419e1727fa,1538448751012460,steeranglefeedback,True,9.19
scene-0796,19f02e3faab4412988f28d419e1727fa,1538448751012460,zoesensors,True,0.189
scene-0796,19f02e3faab4412988f28d419e1727fa,1538448751012460,zoe_veh_info,True,5.99
scene-0796,312cd4d3bef1476a9211d3dab50dd0b7,1538448751512460,pose,True,3.341
scene-0796,312cd4d3bef1476a9211d3dab50dd0b7,1538448751512460,steeranglefeedback,True,9.627
scene-0796,312cd4d3bef1476a9211d3dab50dd0b7,1538448751512460,zoesensors,True,0.983
scene-0796,312cd4d3bef1476a9211d3dab50dd0b7,1538448751512460,zoe_veh_info,True,5.383
scene-0796,4aaaf68b9f9f45968a4e862eb03e17ea,1538448752012460,pose,True,3.617
scene-0796,4aaaf68b9f9f45968a4e862eb03e17ea,1538448752012460,steeranglefeedback,True,9.177
scene-0796,4aaaf68b9f9f45968a4e862eb03e17ea,1538448752012460,zoesensors,True,3.063
scene-0796,4aaaf68b9f9f45968a4e862eb03e17ea,1538448752012460,zoe_veh_info,True,5.601
scene-0796,639a4120779f44bb9cf41be3e8612e36,1538448752512460,pose,True,3.571
scene-0796,639a4120779f44bb9cf41be3e8612e36,1538448752512460,steeranglefeedback,True,9.875
scene-0796,639a4120779f44bb9cf41be3e8612e36,1538448752512460,zoesensors,True,0.166
scene-0796,639a4120779f44bb9cf41be3e8612e36,1538448752512460,zoe_veh_info,True,5.906
scene-0796,b2f333255d574bebb6f170beaab6a824,1538448753012460,pose,True,3.281
scene-0796,b2f333255d574bebb6f170beaab6a824,1538448753012460,steeranglefeedback,True,9.606
scene-0796,b2f333255d574bebb6f170beaab6a824,1538448753012460,zoesensors,True,0.358
scene-0796,b2f333255d574bebb6f170beaab6a824,1538448753012460,zoe_veh_info,True,6.329
scene-0796,0106a9b8e65f4ad1867b44591aeed8b0,1538448753512460,pose,True,3.807
scene-0796,0106a9b8e65f4ad1867b44591aeed8b0,1538448753512460,steeranglefeedback,True,10.224
scene-0796,0106a9b8e65f4ad1867b44591aeed8b0,1538448753512460,zoesensors,True,0.142
scene-0796,0106a9b8e65f4ad1867b44591aeed8b0,1538448753512460,zoe_veh_info,True,5.873
scene-0796,4786b3c0d0a24c8b86b0676d32dd5919,1538448754012460,pose,True,3.651
scene-0796,4786b3c0d0a24c8b86b0676d32dd5919,1538448754012460,steeranglefeedback,True,0.118
scene-0796,4786b3c0d0a24c8b86b0676d32dd5919,1538448754012460,zoesensors,True,0.164
scene-0796,4786b3c0d0a24c8b86b0676d32dd5919,1538448754012460,zoe_veh_info,True,5.656
scene-0796,4ee219c4638949de9d994bc792fd0a69,1538448754512460,pose,True,3.531
scene-0796,4ee219c4638949de9d994bc792fd0a69,1538448754512460,steeranglefeedback,True,0.456
scene-0796,4ee219c4638949de9d994bc792fd0a69,1538448754512460,zoesensors,True,0.09
scene-0796,4ee219c4638949de9d994bc792fd0a69,1538448754512460,zoe_veh_info,True,5.543
scene-0796,ac9af15d1aba4f5786877dde9f0b1c93,1538448755012460,pose,True,3.627
scene-0796,ac9af15d1aba4f5786877dde9f0b1c93,1538448755012460,steeranglefeedback,True,0.78
scene-0796,ac9af15d1aba4f5786877dde9f0b1c93,1538448755012460,zoesensors,True,0.137
scene-0796,ac9af15d1aba4f5786877dde9f0b1c93,1538448755012460,zoe_veh_info,True,5.861
scene-0796,61d47d1198184bfdaa6777e9448d825d,1538448755512460,pose,True,3.912
scene-0796,61d47d1198184bfdaa6777e9448d825d,1538448755512460,steeranglefeedback,True,0.609
scene-0796,61d47d1198184bfdaa6777e9448d825d,1538448755512460,zoesensors,True,0.339
scene-0796,61d47d1198184bfdaa6777e9448d825d,1538448755512460,zoe_veh_info,True,5.988
scene-0796,f1fd429830e3437db4ba03ba851f0015,1538448756012460,pose,True,3.782
scene-0796,f1fd429830e3437db4ba03ba851f0015,1538448756012460,steeranglefeedback,True,0.563
scene-0796,f1fd429830e3437db4ba03ba851f0015,1538448756012460,zoesensors,True,0.176
scene-0796,f1fd429830e3437db4ba03ba851f0015,1538448756012460,zoe_veh_info,True,5.72
scene-0796,7df1288fed8a403b8e7a35112b392d7c,1538448756512460,pose,True,4.268
scene-0796,7df1288fed8a403b8e7a35112b392d7c,1538448756512460,steeranglefeedback,True,1.084
scene-0796,7df1288fed8a403b8e7a35112b392d7c,1538448756512460,zoesensors,True,0.128
scene-0796,7df1288fed8a403b8e7a35112b392d7c,1538448756512460,zoe_veh_info,True,6.292
scene-0796,264c5f3a04744d53a72fd07c1bb6a724,1538448757012460,pose,True,4.255
scene-0796,264c5f3a04744d53a72fd07c1bb6a724,1538448757012460,steeranglefeedback,True,1.198
scene-0796,264c5f3a04744d53a72fd07c1bb6a724,1538448757012460,zoesensors,True,0.14
scene-0796,264c5f3a04744d53a72fd07c1bb6a724,1538448757012460,zoe_veh_info,True,6.264
scene-0796,bc0040070bcc4233a057bb293f5f6444,1538448757512460,pose,True,3.491
scene-0796,bc0040070bcc4233a057bb293f5f6444,1538448757512460,steeranglefeedback,True,0.423
scene-0796,bc0040070bcc4233a057bb293f5f6444,1538448757512460,zoesensors,True,0.244
scene-0796,bc0040070bcc4233a057bb293f5f6444,1538448757512460,zoe_veh_info,True,5.435
scene-0796,269ccf1fe399403c914e1f649d2a8ca2,1538448758012460,pose,True,3.832
scene-0796,269ccf1fe399403c914e1f649d2a8ca2,1538448758012460,steeranglefeedback,True,0.867
scene-0796,269ccf1fe399403c914e1f649d2a8ca2,1538448758012460,zoesensors,True,0.179
scene-0796,269ccf1fe399403c914e1f649d2a8ca2,1538448758012460,zoe_veh_info,True,5.877
scene-0796,59b32981037042eda1fed3c1026fbaba,1538448758512460,pose,True,3.399
scene-0796,59b32981037042eda1fed3c1026fbaba,1538448758512460,steeranglefeedback,True,0.624
scene-0796,59b32981037042eda1fed3c1026fbaba,1538448758512460,zoesensors,True,0.382
scene-0796,59b32981037042eda1fed3c1026fbaba,1538448758512460,zoe_veh_info,True,5.515
scene-0796,1dba6570f0774b5cb87de6694bb338c0,1538448759012460,pose,True,3.815
scene-0796,1dba6570f0774b5cb87de6694bb338c0,1538448759012460,steeranglefeedback,True,1.363
scene-0796,1dba6570f0774b5cb87de6694bb338c0,1538448759012460,zoesensors,True,0.4
scene-0796,1dba6570f0774b5cb87de6694bb338c0,1538448759012460,zoe_veh_info,True,5.757
scene-0796,3e7ed5cf0b4541e4a0e1b109dfea89cf,1538448759512460,pose,True,3.817
scene-0796,3e7ed5cf0b4541e4a0e1b109dfea89cf,1538448759512460,steeranglefeedback,True,1.594
scene-0796,3e7ed5cf0b4541e4a0e1b109dfea89cf,1538448759512460,zoesensors,True,0.49
scene-0796,3e7ed5cf0b4541e4a0e1b109dfea89cf,1538448759512460,zoe_veh_info,True,5.829
scene-0796,be1494c7762c43ca88010f366997a586,1538448760012460,pose,True,4.295
scene-0796,be1494c7762c43ca88010f366997a586,1538448760012460,steeranglefeedback,True,1.226
scene-0796,be1494c7762c43ca88010f366997a586,1538448760012460,zoesensors,True,0.01
scene-0796,be1494c7762c43ca88010f366997a586,1538448760012460,zoe_veh_info,True,5.256
scene-0796,b422bd971acf483592e367c2c5057a60,1538448760512460,pose,True,3.608
scene-0796,b422bd971acf483592e367c2c5057a60,1538448760512460,steeranglefeedback,True,1.553
scene-0796,b422bd971acf483592e367c2c5057a60,1538448760512460,zoesensors,True,0.51
scene-0796,b422bd971acf483592e367c2c5057a60,1538448760512460,zoe_veh_info,True,5.618
scene-0796,fa51f1910942494cbe396640010fea64,1538448761012460,pose,True,3.689
scene-0796,fa51f1910942494cbe396640010fea64,1538448761012460,steeranglefeedback,True,1.388
scene-0796,fa51f1910942494cbe396640010fea64,1538448761012460,zoesensors,True,1.006
scene-0796,fa51f1910942494cbe396640010fea64,1538448761012460,zoe_veh_info,True,5.842
scene-0796,26e594c412e84bdda76e344933fe305a,1538448761512460,pose,True,4.007
scene-0796,26e594c412e84bdda76e344933fe305a,1538448761512460,steeranglefeedback,True,1.527
scene-0796,26e594c412e84bdda76e344933fe305a,1538448761512460,zoesensors,True,0.35
scene-0796,26e594c412e84bdda76e344933fe305a,1538448761512460,zoe_veh_info,True,5.051
scene-0796,78e778e7e6c84dc59c0436a4d6ff5032,1538448762012460,pose,True,3.699
scene-0796,78e778e7e6c84dc59c0436a4d6ff5032,1538448762012460,steeranglefeedback,True,2.651
scene-0796,78e778e7e6c84dc59c0436a4d6ff5032,1538448762012460,zoesensors,True,0.62
scene-0796,78e778e7e6c84dc59c0436a4d6ff5032,1538448762012460,zoe_veh_info,True,5.646
scene-0796,9966278ad296494598a9e5fba07926e0,1538448762512460,pose,True,3.493
scene-0796,9966278ad296494598a9e5fba07926e0,1538448762512460,steeranglefeedback,True,2.447
scene-0796,9966278ad296494598a9e5fba07926e0,1538448762512460,zoesensors,True,0.326
scene-0796,9966278ad296494598a9e5fba07926e0,1538448762512460,zoe_veh_info,True,5.492
scene-0796,225aa2795d63442ebc496cd0c49d3bdb,1538448763012460,pose,True,3.655
scene-0796,225aa2795d63442ebc496cd0c49d3bdb,1538448763012460,steeranglefeedback,True,2.601
scene-0796,225aa2795d63442ebc496cd0c49d3bdb,1538448763012460,zoesensors,True,0.407
scene-0796,225aa2795d63442ebc496cd0c49d3bdb,1538448763012460,zoe_veh_info,True,5.654
scene-0796,de9432d4fc7a4e5a985e2bc628eb614c,1538448763512460,pose,True,3.829
scene-0796,de9432d4fc7a4e5a985e2bc628eb614c,1538448763512460,steeranglefeedback,True,2.801
scene-0796,de9432d4fc7a4e5a985e2bc628eb614c,1538448763512460,zoesensors,True,0.381
scene-0796,de9432d4fc7a4e5a985e2bc628eb614c,1538448763512460,zoe_veh_info,True,5.897
scene-0796,63c24b51feb94f14bec29022dae4975d,1538448764012460,pose,True,4.269
scene-0796,63c24b51feb94f14bec29022dae4975d,1538448764012460,steeranglefeedback,True,2.148
scene-0796,63c24b51feb94f14bec29022dae4975d,1538448764012460,zoesensors,True,0.032
scene-0796,63c24b51feb94f14bec29022dae4975d,1538448764012460,zoe_veh_info,True,5.32
scene-0916,b5989651183643369174912bc5641d3b,1538984233512470,pose,False,
scene-0916,b5989651183643369174912bc5641d3b,1538984233512470,steeranglefeedback,False,
scene-0916,b5989651183643369174912bc5641d3b,1538984233512470,zoesensors,False,
scene-0916,b5989651183643369174912bc5641d3b,1538984233512470,zoe_veh_info,False,
scene-0916,0bb62a68055249e381b039bf54b0ccf8,1538984234012472,pose,True,2.402
scene-0916,0bb62a68055249e381b039bf54b0ccf8,1538984234012472,steeranglefeedback,True,2.389
scene-0916,0bb62a68055249e381b039bf54b0ccf8,1538984234012472,zoesensors,True,1.089
scene-0916,0bb62a68055249e381b039bf54b0ccf8,1538984234012472,zoe_veh_info,True,1.161
scene-0916,07fad91090c746ccaa1b2bdb55329e20,1538984234512460,pose,True,2.362
scene-0916,07fad91090c746ccaa1b2bdb55329e20,1538984234512460,steeranglefeedback,True,2.386
scene-0916,07fad91090c746ccaa1b2bdb55329e20,1538984234512460,zoesensors,True,0.257
scene-0916,07fad91090c746ccaa1b2bdb55329e20,1538984234512460,zoe_veh_info,True,1.224
scene-0916,ae5004bf4ebb4db0a84cb3c27bd398d1,1538984234912460,pose,True,2.426
scene-0916,ae5004bf4ebb4db0a84cb3c27bd398d1,1538984234912460,steeranglefeedback,True,2.436
scene-0916,ae5004bf4ebb4db0a84cb3c27bd398d1,1538984234912460,zoesensors,True,0.957
scene-0916,ae5004bf4ebb4db0a84cb3c27bd398d1,1538984234912460,zoe_veh_info,True,0.348
scene-0916,ac8b4d49731d43289579f014cb7c97ef,1538984235412460,pose,True,2.453
scene-0916,ac8b4d49731d43289579f014cb7c97ef,1538984235412460,steeranglefeedback,True,2.461
scene-0916,ac8b4d49731d43289579f014cb7c97ef,1538984235412460,zoesensors,True,1.894
scene-0916,ac8b4d49731d43289579f014cb7c97ef,1538984235412460,zoe_veh_info,True,1.218
scene-0916,c1eed31234b94e9f8e22fbf3428b0ac2,1538984235912460,pose,True,2.554
scene-0916,c1eed31234b94e9f8e22fbf3428b0ac2,1538984235912460,steeranglefeedback,True,2.579
scene-0916,c1eed31234b94e9f8e22fbf3428b0ac2,1538984235912460,zoesensors,True,0.419
scene-0916,c1eed31234b94e9f8e22fbf3428b0ac2,1538984235912460,zoe_veh_info,True,1.285
scene-0916,edba7d0cf1c64d2a9c8a5ebddab507a9,1538984236412460,pose,True,2.663
scene-0916,edba7d0cf1c64d2a9c8a5ebddab507a9,1538984236412460,steeranglefeedback,True,2.707
scene-0916,edba7d0cf1c64d2a9c8a5ebddab507a9,1538984236412460,zoesensors,True,1.63
scene-0916,edba7d0cf1c64d2a9c8a5ebddab507a9,1538984236412460,zoe_veh_info,True,1.444
scene-0916,a5afebb0aa5e4d7c95665788ce51ec58,1538984236912460,pose,True,3.199
scene-0916,a5afebb0aa5e4d7c95665788ce51ec58,1538984236912460,steeranglefeedback,True,3.229
scene-0916,a5afebb0aa5e4d7c95665788ce51ec58,1538984236912460,zoesensors,True,0.36
scene-0916,a5afebb0aa5e4d7c95665788ce51ec58,1538984236912460,zoe_veh_info,True,1.018
scene-0916,5b7cb170eee6468aa1fdbd3abcf63c5a,1538984237412460,pose,True,2.776
scene-0916,5b7cb170eee6468aa1fdbd3abcf63c5a,1538984237412460,steeranglefeedback,True,3.829
scene-0916,5b7cb170eee6468aa1fdbd3abcf63c5a,1538984237412460,zoesensors,True,0.254
scene-0916,5b7cb170eee6468aa1fdbd3abcf63c5a,1538984237412460,zoe_veh_info,True,12.0
scene-0916,d8251bbc2105497ab8ec80827d4429aa,1538984237912460,pose,True,2.831
scene-0916,d8251bbc2105497ab8ec80827d4429aa,1538984237912460,steeranglefeedback,True,3.934
scene-0916,d8251bbc2105497ab8ec80827d4429aa,1538984237912460,zoesensors,True,0.418
scene-0916,d8251bbc2105497ab8ec80827d4429aa,1538984237912460,zoe_veh_info,True,1.679
scene-0916,048a45dd2cf54aa5808d8ccc85731d44,1538984238412460,pose,True,3.179
scene-0916,048a45dd2cf54aa5808d8ccc85731d44,1538984238412460,steeranglefeedback,True,3.204
scene-0916,048a45dd2cf54aa5808d8ccc85731d44,1538984238412460,zoesensors,True,3.105
scene-0916,048a45dd2cf54aa5808d8ccc85731d44,1538984238412460,zoe_veh_info,True,12.587
scene-0916,858a1ece22cf45d9bc71e42336604b78,1538984238912460,pose,True,3.264
scene-0916,858a1ece22cf45d9bc71e42336604b78,1538984238912460,steeranglefeedback,True,3.347
scene-0916,858a1ece22cf45d9bc71e42336604b78,1538984238912460,zoesensors,True,0.328
scene-0916,858a1ece22cf45d9bc71e42336604b78,1538984238912460,zoe_veh_info,True,2.145
scene-0916,372725a4b00e49c78d6d0b1c4a38b6e0,1538984239412460,pose,True,2.95
scene-0916,372725a4b00e49c78d6d0b1c4a38b6e0,1538984239412460,steeranglefeedback,True,4.076
scene-0916,372725a4b00e49c78d6d0b1c4a38b6e0,1538984239412460,zoesensors,True,0.156
scene-0916,372725a4b00e49c78d6d0b1c4a38b6e0,1538984239412460,zoe_veh_info,True,0.154
scene-0916,61a7bd24f88a46c2963280d8b13ac675,1538984239912460,pose,True,2.894
scene-0916,61a7bd24f88a46c2963280d8b13ac675,1538984239912460,steeranglefeedback,True,3.982
scene-0916,61a7bd24f88a46c2963280d8b13ac675,1538984239912460,zoesensors,True,0.448
scene-0916,61a7bd24f88a46c2963280d8b13ac675,1538984239912460,zoe_veh_info,True,1.741
scene-0916,609d5177362340458a3bfd4949cd1e64,1538984240412460,pose,True,3.12
scene-0916,609d5177362340458a3bfd4949cd1e64,1538984240412460,steeranglefeedback,True,4.179
scene-0916,609d5177362340458a3bfd4949cd1e64,1538984240412460,zoesensors,True,0.271
scene-0916,609d5177362340458a3bfd4949cd1e64,1538984240412460,zoe_veh_info,True,0.834
scene-0916,b1303058fa624645b753d7283d70de45,1538984240912467,pose,True,2.909
scene-0916,b1303058fa624645b753d7283d70de45,1538984240912467,steeranglefeedback,True,3.993
scene-0916,b1303058fa624645b753d7283d70de45,1538984240912467,zoesensors,True,0.339
scene-0916,b1303058fa624645b753d7283d70de45,1538984240912467,zoe_veh_info,True,1.711
scene-0916,a19a80c905674faab7203a3a4e0f5246,1538984241412460,pose,True,2.948
scene-0916,a19a80c905674faab7203a3a4e0f5246,1538984241412460,steeranglefeedback,True,4.062
scene-0916,a19a80c905674faab7203a3a4e0f5246,1538984241412460,zoesensors,True,3.287
scene-0916,a19a80c905674faab7203a3a4e0f5246,1538984241412460,zoe_veh_info,True,11.58
scene-0916,b6c420c3a5bd4a219b1cb82ee5ea0aa7,1538984241912460,pose,True,2.818
scene-0916,b6c420c3a5bd4a219b1cb82ee5ea0aa7,1538984241912460,steeranglefeedback,True,4.011
scene-0916,b6c420c3a5bd4a219b1cb82ee5ea0aa7,1538984241912460,zoesensors,True,0.345
scene-0916,b6c420c3a5bd4a219b1cb82ee5ea0aa7,1538984241912460,zoe_veh_info,True,1.671
scene-0916,8092909473464f80b9f791a4d31ddcb8,1538984242412460,pose,True,2.654
scene-0916,8092909473464f80b9f791a4d31ddcb8,1538984242412460,steeranglefeedback,True,3.947
scene-0916,8092909473464f80b9f791a4d31ddcb8,1538984242412460,zoesensors,True,0.61
scene-0916,8092909473464f80b9f791a4d31ddcb8,1538984242412460,zoe_veh_info,True,1.476
scene-0916,e174cb43655f49dab7ffa27b973670e3,1538984242912460,pose,True,2.759
scene-0916,e174cb43655f49dab7ffa27b973670e3,1538984242912460,steeranglefeedback,True,4.842
scene-0916,e174cb43655f49dab7ffa27b973670e3,1538984242912460,zoesensors,True,0.557
scene-0916,e174cb43655f49dab7ffa27b973670e3,1538984242912460,zoe_veh_info,True,1.645
scene-0916,6ff9723a60bf4e14b328b3b19f04dc32,1538984243412460,pose,True,2.754
scene-0916,6ff9723a60bf4e14b328b3b19f04dc32,1538984243412460,steeranglefeedback,True,4.993
scene-0916,6ff9723a60bf4e14b328b3b19f04dc32,1538984243412460,zoesensors,True,0.637
scene-0916,6ff9723a60bf4e14b328b3b19f04dc32,1538984243412460,zoe_veh_info,True,1.638
scene-0916,06be0e3b665c44fa8d17d9f4770bdf9c,1538984243912460,pose,True,3.64
scene-0916,06be0e3b665c44fa8d17d9f4770bdf9c,1538984243912460,steeranglefeedback,True,4.879
scene-0916,06be0e3b665c44fa8d17d9f4770bdf9c,1538984243912460,zoesensors,True,1.481
scene-0916,06be0e3b665c44fa8d17d9f4770bdf9c,1538984243912460,zoe_veh_info,True,1.377
scene-0916,9150678870764c1b87a649a25939c61b,1538984244412460,pose,True,3.1
scene-0916,9150678870764c1b87a649a25939c61b,1538984244412460,steeranglefeedback,True,5.181
scene-0916,9150678870764c1b87a649a25939c61b,1538984244412460,zoesensors,True,0.488
scene-0916,9150678870764c1b87a649a25939c61b,1538984244412460,zoe_veh_info,True,0.864
scene-0916,8573a885a7cb41d185c05029eeb9a54e,1538984244912460,pose,True,2.946
scene-0916,8573a885a7cb41d185c05029eeb9a54e,1538984244912460,steeranglefeedback,True,5.295
scene-0916,8573a885a7cb41d185c05029eeb9a54e,1538984244912460,zoesensors,True,2.011
scene-0916,8573a885a7cb41d185c05029eeb9a54e,1538984244912460,zoe_veh_info,True,1.669
scene-0916,55c258972acb4300a3a6077a531ab050,1538984245412460,pose,True,2.961
scene-0916,55c258972acb4300a3a6077a531ab050,1538984245412460,steeranglefeedback,True,5.34
scene-0916,55c258972acb4300a3a6077a531ab050,1538984245412460,zoesensors,True,1.484
scene-0916,55c258972acb4300a3a6077a531ab050,1538984245412460,zoe_veh_info,True,1.578
scene-0916,44237858a539457da65822bfcf58c414,1538984245912460,pose,True,2.986
scene-0916,44237858a539457da65822bfcf58c414,1538984245912460,steeranglefeedback,True,5.263
scene-0916,44237858a539457da65822bfcf58c414,1538984245912460,zoesensors,True,3.381
scene-0916,44237858a539457da65822bfcf58c414,1538984245912460,zoe_veh_info,True,1.487
scene-0916,8cd36e9531fb4eba8e6ac1d666c4641c,1538984246412460,pose,True,2.791
scene-0916,8cd36e9531fb4eba8e6ac1d666c4641c,1538984246412460,steeranglefeedback,True,5.527
scene-0916,8cd36e9531fb4eba8e6ac1d666c4641c,1538984246412460,zoesensors,True,1.795
scene-0916,8cd36e9531fb4eba8e6ac1d666c4641c,1538984246412460,zoe_veh_info,True,1.589
scene-0916,7bebe3c9be714f02837f8617c56df122,1538984246912460,pose,True,3.108
scene-0916,7bebe3c9be714f02837f8617c56df122,1538984246912460,steeranglefeedback,True,6.178
scene-0916,7bebe3c9be714f02837f8617c56df122,1538984246912460,zoesensors,True,1.59
scene-0916,7bebe3c9be714f02837f8617c56df122,1538984246912460,zoe_veh_info,True,0.823
scene-0916,4b894442c95141f9affd731d9da7b43c,1538984247412460,pose,True,3.074
scene-0916,4b894442c95141f9affd731d9da7b43c,1538984247412460,steeranglefeedback,True,5.596
scene-0916,4b894442c95141f9affd731d9da7b43c,1538984247412460,zoesensors,True,0.616
scene-0916,4b894442c95141f9affd731d9da7b43c,1538984247412460,zoe_veh_info,True,1.824
scene-0916,e00dc15130dc44e796687baadd076ae4,1538984247912460,pose,True,3.547
scene-0916,e00dc15130dc44e796687baadd076ae4,1538984247912460,steeranglefeedback,True,5.643
scene-0916,e00dc15130dc44e796687baadd076ae4,1538984247912460,zoesensors,True,0.727
scene-0916,e00dc15130dc44e796687baadd076ae4,1538984247912460,zoe_veh_info,True,1.375
scene-0916,e63b83b436a0479db7362338cdfab118,1538984248412460,pose,True,3.122
scene-0916,e63b83b436a0479db7362338cdfab118,1538984248412460,steeranglefeedback,True,5.737
scene-0916,e63b83b436a0479db7362338cdfab118,1538984248412460,zoesensors,True,0.569
scene-0916,e63b83b436a0479db7362338cdfab118,1538984248412460,zoe_veh_info,True,1.848
scene-0916,c567f9b8e9f34817acdc9c49d791c557,1538984248912460,pose,True,3.133
scene-0916,c567f9b8e9f34817acdc9c49d791c557,1538984248912460,steeranglefeedback,True,5.813
scene-0916,c567f9b8e9f34817acdc9c49d791c557,1538984248912460,zoesensors,True,0.633
scene-0916,c567f9b8e9f34817acdc9c49d791c557,1538984248912460,zoe_veh_info,True,11.694
scene-0916,8e352d4a6c6f40c8ad4f10a3d2c3f158,1538984249412460,pose,True,3.687
scene-0916,8e352d4a6c6f40c8ad4f10a3d2c3f158,1538984249412460,steeranglefeedback,True,6.572
scene-0916,8e352d4a6c6f40c8ad4f10a3d2c3f158,1538984249412460,zoesensors,True,0.636
scene-0916,8e352d4a6c6f40c8ad4f10a3d2c3f158,1538984249412460,zoe_veh_info,True,1.495
scene-0916,841dd6709e9b4d7c9d6bf888f1fe6d7e,1538984249912460,pose,True,3.727
scene-0916,841dd6709e9b4d7c9d6bf888f1fe6d7e,1538984249912460,steeranglefeedback,True,6.903
scene-0916,841dd6709e9b4d7c9d6bf888f1fe6d7e,1538984249912460,zoesensors,True,0.638
scene-0916,841dd6709e9b4d7c9d6bf888f1fe6d7e,1538984249912460,zoe_veh_info,True,1.525
scene-0916,e54b784a608644a2804fcf800c7499f7,1538984250412460,pose,True,3.719
scene-0916,e54b784a608644a2804fcf800c7499f7,1538984250412460,steeranglefeedback,True,6.175
scene-0916,e54b784a608644a2804fcf800c7499f7,1538984250412460,zoesensors,True,0.682
scene-0916,e54b784a608644a2804fcf800c7499f7,1538984250412460,zoe_veh_info,True,1.582
scene-0916,a1289b27ca1d41deb6fc982be9a3d03c,1538984250912460,pose,True,3.741
scene-0916,a1289b27ca1d41deb6fc982be9a3d03c,1538984250912460,steeranglefeedback,True,6.874
scene-0916,a1289b27ca1d41deb6fc982be9a3d03c,1538984250912460,zoesensors,True,0.775
scene-0916,a1289b27ca1d41deb6fc982be9a3d03c,1538984250912460,zoe_veh_info,True,1.59
scene-0916,e6e877f31dd447199b56cae07f86daad,1538984251412460,pose,True,3.209
scene-0916,e6e877f31dd447199b56cae07f86daad,1538984251412460,steeranglefeedback,True,6.277
scene-0916,e6e877f31dd447199b56cae07f86daad,1538984251412460,zoesensors,True,1.811
scene-0916,e6e877f31dd447199b56cae07f86daad,1538984251412460,zoe_veh_info,True,1.061
scene-0916,cb4e6195faad467094fbd4d0a9e960e9,1538984251912460,pose,True,3.263
scene-0916,cb4e6195faad467094fbd4d0a9e960e9,1538984251912460,steeranglefeedback,True,6.601
scene-0916,cb4e6195faad467094fbd4d0a9e960e9,1538984251912460,zoesensors,True,0.771
scene-0916,cb4e6195faad467094fbd4d0a9e960e9,1538984251912460,zoe_veh_info,True,1.835
scene-0916,7f594234e8034228b1a7d727f1981e09,1538984252412460,pose,True,3.317
scene-0916,7f594234e8034228b1a7d727f1981e09,1538984252412460,steeranglefeedback,True,7.1
scene-0916,7f594234e8034228b1a7d727f1981e09,1538984252412460,zoesensors,True,0.494
scene-0916,7f594234e8034228b1a7d727f1981e09,1538984252412460,zoe_veh_info,True,1.928
scene-0916,9cdbf5ff7f294549aea0a4307e5d104a,1538984252912460,pose,True,3.316
scene-0916,9cdbf5ff7f294549aea0a4307e5d104a,1538984252912460,steeranglefeedback,True,6.79
scene-0916,9cdbf5ff7f294549aea0a4307e5d104a,1538984252912460,zoesensors,True,1.665
scene-0916,9cdbf5ff7f294549aea0a4307e5d104a,1538984252912460,zoe_veh_info,True,1.889
scene-0916,b4ff30109dd14c89b24789dc5713cf8c,1538984253412460,pose,True,3.188
scene-0916,b4ff30109dd14c89b24789dc5713cf8c,1538984253412460,steeranglefeedback,True,7.234
scene-0916,b4ff30109dd14c89b24789dc5713cf8c,1538984253412460,zoesensors,True,1.152
scene-0916,b4ff30109dd14c89b24789dc5713cf8c,1538984253412460,zoe_veh_info,True,1.148
scene-1077,5998b71b64c146769bde1d5430741381,1542800367912460,pose,False,
scene-1077,5998b71b64c146769bde1d5430741381,1542800367912460,steeranglefeedback,False,
scene-1077,5998b71b64c146769bde1d5430741381,1542800367912460,zoesensors,False,
scene-1077,5998b71b64c146769bde1d5430741381,1542800367912460,zoe_veh_info,False,
scene-1077,30aaef2c5ab44dc4afea271fe829b459,1542800368412460,pose,True,15.919
scene-1077,30aaef2c5ab44dc4afea271fe829b459,1542800368412460,steeranglefeedback,True,4.99
scene-1077,30aaef2c5ab44dc4afea271fe829b459,1542800368412460,zoesensors,True,4.267
scene-1077,30aaef2c5ab44dc4afea271fe829b459,1542800368412460,zoe_veh_info,True,2.879
scene-1077,e8b1863300964b2481fee312496d06d8,1542800368912460,pose,True,15.943
scene-1077,e8b1863300964b2481fee312496d06d8,1542800368912460,steeranglefeedback,True,4.756
scene-1077,e8b1863300964b2481fee312496d06d8,1542800368912460,zoesensors,True,0.435
scene-1077,e8b1863300964b2481fee312496d06d8,1542800368912460,zoe_veh_info,True,3.199
scene-1077,f0c059b6d7b8438ea9f08de0a3c1fc1a,1542800369412460,pose,True,16.095
scene-1077,f0c059b6d7b8438ea9f08de0a3c1fc1a,1542800369412460,steeranglefeedback,True,5.458
scene-1077,f0c059b6d7b8438ea9f08de0a3c1fc1a,1542800369412460,zoesensors,True,2.156
scene-1077,f0c059b6d7b8438ea9f08de0a3c1fc1a,1542800369412460,zoe_veh_info,True,3.337
scene-1077,a63038dfb41843eb8a14485d90c2fa35,1542800369912460,pose,True,16.424
scene-1077,a63038dfb41843eb8a14485d90c2fa35,1542800369912460,steeranglefeedback,True,4.739
scene-1077,a63038dfb41843eb8a14485d90c2fa35,1542800369912460,zoesensors,True,0.328
scene-1077,a63038dfb41843eb8a14485d90c2fa35,1542800369912460,zoe_veh_info,True,2.648
scene-1077,7220a2aaebf347cda4efedc88dcae96e,1542800370412460,pose,True,16.461
scene-1077,7220a2aaebf347cda4efedc88dcae96e,1542800370412460,steeranglefeedback,True,5.246
scene-1077,7220a2aaebf347cda4efedc88dcae96e,1542800370412460,zoesensors,True,0.261
scene-1077,7220a2aaebf347cda4efedc88dcae96e,1542800370412460,zoe_veh_info,True,1.333
scene-1077,4cd162f9083b47d0acd83129a6539c01,1542800370912460,pose,True,16.19
scene-1077,4cd162f9083b47d0acd83129a6539c01,1542800370912460,steeranglefeedback,True,5.622
scene-1077,4cd162f9083b47d0acd83129a6539c01,1542800370912460,zoesensors,True,0.216
scene-1077,4cd162f9083b47d0acd83129a6539c01,1542800370912460,zoe_veh_info,True,2.471
scene-1077,c0f7a7d51fbe46f9be8ca098da06b7fb,1542800371412460,pose,True,16.344
scene-1077,c0f7a7d51fbe46f9be8ca098da06b7fb,1542800371412460,steeranglefeedback,True,5.997
scene-1077,c0f7a7d51fbe46f9be8ca098da06b7fb,1542800371412460,zoesensors,True,0.413
scene-1077,c0f7a7d51fbe46f9be8ca098da06b7fb,1542800371412460,zoe_veh_info,True,1.474
scene-1077,1ddf7a48af3d43be8763f154974f09ce,1542800371912471,pose,True,16.574
scene-1077,1ddf7a48af3d43be8763f154974f09ce,1542800371912471,steeranglefeedback,True,6.046
scene-1077,1ddf7a48af3d43be8763f154974f09ce,1542800371912471,zoesensors,True,0.177
scene-1077,1ddf7a48af3d43be8763f154974f09ce,1542800371912471,zoe_veh_info,True,3.487
scene-1077,3be9d2705879419f8f3afc08949dca57,1542800372362460,pose,True,6.06
scene-1077,3be9d2705879419f8f3afc08949dca57,1542800372362460,steeranglefeedback,True,6.027
scene-1077,3be9d2705879419f8f3afc08949dca57,1542800372362460,zoesensors,True,0.324
scene-1077,3be9d2705879419f8f3afc08949dca57,1542800372362460,zoe_veh_info,True,3.746
scene-1077,ed2e7d24f2ad41abb3d37cd9a0ca8e89,1542800372912460,pose,True,16.179
scene-1077,ed2e7d24f2ad41abb3d37cd9a0ca8e89,1542800372912460,steeranglefeedback,True,5.627
scene-1077,ed2e7d24f2ad41abb3d37cd9a0ca8e89,1542800372912460,zoesensors,True,0.265
scene-1077,ed2e7d24f2ad41abb3d37cd9a0ca8e89,1542800372912460,zoe_veh_info,True,3.397
scene-1077,ca6000b81f2b4b598502b1e93e334a1d,1542800373412460,pose,True,16.267
scene-1077,ca6000b81f2b4b598502b1e93e334a1d,1542800373412460,steeranglefeedback,True,5.887
scene-1077,ca6000b81f2b4b598502b1e93e334a1d,1542800373412460,zoesensors,True,0.318
scene-1077,ca6000b81f2b4b598502b1e93e334a1d,1542800373412460,zoe_veh_info,True,2.665
scene-1077,385d542a35384181bc1e69cfd2df0664,1542800373912460,pose,True,16.049
scene-1077,385d542a35384181bc1e69cfd2df0664,1542800373912460,steeranglefeedback,True,6.462
scene-1077,385d542a35384181bc1e69cfd2df0664,1542800373912460,zoesensors,True,0.41
scene-1077,385d542a35384181bc1e69cfd2df0664,1542800373912460,zoe_veh_info,True,3.299
scene-1077,8c8755ebb0bf4c519416323acad6cea1,1542800374412460,pose,True,16.422
scene-1077,8c8755ebb0bf4c519416323acad6cea1,1542800374412460,steeranglefeedback,True,5.913
scene-1077,8c8755ebb0bf4c519416323acad6cea1,1542800374412460,zoesensors,True,0.538
scene-1077,8c8755ebb0bf4c519416323acad6cea1,1542800374412460,zoe_veh_info,True,2.647
scene-1077,384e26fb47f94faea344766bb26f987a,1542800374912460,pose,True,16.222
scene-1077,384e26fb47f94faea344766bb26f987a,1542800374912460,steeranglefeedback,True,6.713
scene-1077,384e26fb47f94faea344766bb26f987a,1542800374912460,zoesensors,True,0.318
scene-1077,384e26fb47f94faea344766bb26f987a,1542800374912460,zoe_veh_info,True,3.394
scene-1077,7f49d07afdf64212a4eea699cb5ab17c,1542800375412460,pose,True,16.658
scene-1077,7f49d07afdf64212a4eea699cb5ab17c,1542800375412460,steeranglefeedback,True,6.995
scene-1077,7f49d07afdf64212a4eea699cb5ab17c,1542800375412460,zoesensors,True,0.615
scene-1077,7f49d07afdf64212a4eea699cb5ab17c,1542800375412460,zoe_veh_info,True,3.535
scene-1077,2e96e4ef43624c3d9ae8fd5526444fa8,1542800375912460,pose,True,16.53
scene-1077,2e96e4ef43624c3d9ae8fd5526444fa8,1542800375912460,steeranglefeedback,True,7.044
scene-1077,2e96e4ef43624c3d9ae8fd5526444fa8,1542800375912460,zoesensors,True,0.647
scene-1077,2e96e4ef43624c3d9ae8fd5526444fa8,1542800375912460,zoe_veh_info,True,3.713
scene-1077,7f87e737dad642d9aff78a7fe12ce194,1542800376412496,pose,True,16.812
scene-1077,7f87e737dad642d9aff78a7fe12ce194,1542800376412496,steeranglefeedback,True,7.383
scene-1077,7f87e737dad642d9aff78a7fe12ce194,1542800376412496,zoesensors,True,0.465
scene-1077,7f87e737dad642d9aff78a7fe12ce194,1542800376412496,zoe_veh_info,True,3.018
scene-1077,37bed8d646cd4f0f8eac519794dd8bd7,1542800376912460,pose,True,16.891
scene-1077,37bed8d646cd4f0f8eac519794dd8bd7,1542800376912460,steeranglefeedback,True,7.325
scene-1077,37bed8d646cd4f0f8eac519794dd8bd7,1542800376912460,zoesensors,True,0.43
scene-1077,37bed8d646cd4f0f8eac519794dd8bd7,1542800376912460,zoe_veh_info,True,2.993
scene-1077,6d1d793b68b24165be5755a54054c82a,1542800377412460,pose,True,16.375
scene-1077,6d1d793b68b24165be5755a54054c82a,1542800377412460,steeranglefeedback,True,7.02
scene-1077,6d1d793b68b24165be5755a54054c82a,1542800377412460,zoesensors,True,0.529
scene-1077,6d1d793b68b24165be5755a54054c82a,1542800377412460,zoe_veh_info,True,2.81
scene-1077,083240c8c70b44e4ac6fc7f267b1518f,1542800377862460,pose,True,6.306
scene-1077,083240c8c70b44e4ac6fc7f267b1518f,1542800377862460,steeranglefeedback,True,7.335
scene-1077,083240c8c70b44e4ac6fc7f267b1518f,1542800377862460,zoesensors,True,0.313
scene-1077,083240c8c70b44e4ac6fc7f267b1518f,1542800377862460,zoe_veh_info,True,4.082
scene-1077,db0173c29e1e43d1b5535f48e541efdf,1542800378362460,pose,True,6.899
scene-1077,db0173c29e1e43d1b5535f48e541efdf,1542800378362460,steeranglefeedback,True,7.949
scene-1077,db0173c29e1e43d1b5535f48e541efdf,1542800378362460,zoesensors,True,0.668
scene-1077,db0173c29e1e43d1b5535f48e541efdf,1542800378362460,zoe_veh_info,True,3.695
scene-1077,d148d50ba9be44bcb2105d8da47425b4,1542800378862460,pose,True,6.225
scene-1077,d148d50ba9be44bcb2105d8da47425b4,1542800378862460,steeranglefeedback,True,7.284
scene-1077,d148d50ba9be44bcb2105d8da47425b4,1542800378862460,zoesensors,True,0.605
scene-1077,d148d50ba9be44bcb2105d8da47425b4,1542800378862460,zoe_veh_info,True,3.833
scene-1077,f2d48fe35d5646659dc339e1d36886f9,1542800379362460,pose,True,7.02
scene-1077,f2d48fe35d5646659dc339e1d36886f9,1542800379362460,steeranglefeedback,True,8.085
scene-1077,f2d48fe35d5646659dc339e1d36886f9,1542800379362460,zoesensors,True,0.428
scene-1077,f2d48fe35d5646659dc339e1d36886f9,1542800379362460,zoe_veh_info,True,3.683
scene-1077,a32166aff42946d39455fcbe502a321a,1542800379862460,pose,True,6.633
scene-1077,a32166aff42946d39455fcbe502a321a,1542800379862460,steeranglefeedback,True,7.74
scene-1077,a32166aff42946d39455fcbe502a321a,1542800379862460,zoesensors,True,0.597
scene-1077,a32166aff42946d39455fcbe502a321a,1542800379862460,zoe_veh_info,True,3.422
scene-1077,7ca3502caf394d6d9c0a80b822b3ff48,1542800380362460,pose,True,7.033
scene-1077,7ca3502caf394d6d9c0a80b822b3ff48,1542800380362460,steeranglefeedback,True,8.049
scene-1077,7ca3502caf394d6d9c0a80b822b3ff48,1542800380362460,zoesensors,True,4.578
scene-1077,7ca3502caf394d6d9c0a80b822b3ff48,1542800380362460,zoe_veh_info,True,3.861
scene-1077,5b77f438091b4d00a74d333ef2fe9033,1542800380912460,pose,True,16.673
scene-1077,5b77f438091b4d00a74d333ef2fe9033,1542800380912460,steeranglefeedback,True,8.063
scene-1077,5b77f438091b4d00a74d333ef2fe9033,1542800380912460,zoesensors,True,0.344
scene-1077,5b77f438091b4d00a74d333ef2fe9033,1542800380912460,zoe_veh_info,True,3.512
scene-1077,29796060110c4163b07f06eff4af0753,1542800381412460,pose,True,16.863
scene-1077,29796060110c4163b07f06eff4af0753,1542800381412460,steeranglefeedback,True,6.983
scene-1077,29796060110c4163b07f06eff4af0753,1542800381412460,zoesensors,True,0.508
scene-1077,29796060110c4163b07f06eff4af0753,1542800381412460,zoe_veh_info,True,3.092
scene-1077,7bf1cef0e253474e847ee4c2eb955901,1542800381862460,pose,True,6.734
scene-1077,7bf1cef0e253474e847ee4c2eb955901,1542800381862460,steeranglefeedback,True,8.787
scene-1077,7bf1cef0e253474e847ee4c2eb955901,1542800381862460,zoesensors,True,0.758
scene-1077,7bf1cef0e253474e847ee4c2eb955901,1542800381862460,zoe_veh_info,True,3.032
scene-1077,e10f8dcb73e646af840d9955a70a63d5,1542800382362460,pose,True,7.261
scene-1077,e10f8dcb73e646af840d9955a70a63d5,1542800382362460,steeranglefeedback,True,8.318
scene-1077,e10f8dcb73e646af840d9955a70a63d5,1542800382362460,zoesensors,True,0.554
scene-1077,e10f8dcb73e646af840d9955a70a63d5,1542800382362460,zoe_veh_info,True,4.006
scene-1077,17a9388ec4b04e028b4d07af2cc3a45c,1542800382862460,pose,True,7.03
scene-1077,17a9388ec4b04e028b4d07af2cc3a45c,1542800382862460,steeranglefeedback,True,9.047
scene-1077,17a9388ec4b04e028b4d07af2cc3a45c,1542800382862460,zoesensors,True,0.516
scene-1077,17a9388ec4b04e028b4d07af2cc3a45c,1542800382862460,zoe_veh_info,True,3.552
scene-1077,1fc26189c2524ef396e5ce6cc210c1cd,1542800383362460,pose,True,6.953
scene-1077,1fc26189c2524ef396e5ce6cc210c1cd,1542800383362460,steeranglefeedback,True,8.978
scene-1077,1fc26189c2524ef396e5ce6cc210c1cd,1542800383362460,zoesensors,True,0.554
scene-1077,1fc26189c2524ef396e5ce6cc210c1cd,1542800383362460,zoe_veh_info,True,3.761
scene-1077,92594549844e4f7da7a0e73e92945b2b,1542800383862460,pose,True,6.761
scene-1077,92594549844e4f7da7a0e73e92945b2b,1542800383862460,steeranglefeedback,True,8.818
scene-1077,92594549844e4f7da7a0e73e92945b2b,1542800383862460,zoesensors,True,0.752
scene-1077,92594549844e4f7da7a0e73e92945b2b,1542800383862460,zoe_veh_info,True,3.552
scene-1077,1923316323b44b86b3389178fb026db6,1542800384362460,pose,True,6.753
scene-1077,1923316323b44b86b3389178fb026db6,1542800384362460,steeranglefeedback,True,8.978
scene-1077,1923316323b44b86b3389178fb026db6,1542800384362460,zoesensors,True,0.649
scene-1077,1923316323b44b86b3389178fb026db6,1542800384362460,zoe_veh_info,True,3.593
scene-1077,05e993bd780241aabaa30dd2a0473286,1542800384912460,pose,True,16.615
scene-1077,05e993bd780241aabaa30dd2a0473286,1542800384912460,steeranglefeedback,True,9.196
scene-1077,05e993bd780241aabaa30dd2a0473286,1542800384912460,zoesensors,True,0.813
scene-1077,05e993bd780241aabaa30dd2a0473286,1542800384912460,zoe_veh_info,True,3.848
scene-1077,64134c75d5f547fdb4a6862b192f06cd,1542800385412460,pose,True,17.043
scene-1077,64134c75d5f547fdb4a6862b192f06cd,1542800385412460,steeranglefeedback,True,9.019
scene-1077,64134c75d5f547fdb4a6862b192f06cd,1542800385412460,zoesensors,True,2.551
scene-1077,64134c75d5f547fdb4a6862b192f06cd,1542800385412460,zoe_veh_info,True,3.196
scene-1077,c69f16f8568a4479ab2f200c802309d9,1542800385912460,pose,True,16.588
scene-1077,c69f16f8568a4479ab2f200c802309d9,1542800385912460,steeranglefeedback,True,9.092
scene-1077,c69f16f8568a4479ab2f200c802309d9,1542800385912460,zoesensors,True,0.799
scene-1077,c69f16f8568a4479ab2f200c802309d9,1542800385912460,zoe_veh_info,True,3.788
scene-1077,a401b5ee030547ab8678a563f13b4731,1542800386362460,pose,True,7.363
scene-1077,a401b5ee030547ab8678a563f13b4731,1542800386362460,steeranglefeedback,True,9.423
scene-1077,a401b5ee030547ab8678a563f13b4731,1542800386362460,zoesensors,True,0.818
scene-1077,a401b5ee030547ab8678a563f13b4731,1542800386362460,zoe_veh_info,True,4.001
scene-1077,cc0342fe162348dc9445493aab4b463e,1542800386862460,pose,True,6.642
scene-1077,cc0342fe162348dc9445493aab4b463e,1542800386862460,steeranglefeedback,True,9.733
scene-1077,cc0342fe162348dc9445493aab4b463e,1542800386862460,zoesensors,True,0.718
scene-1077,cc0342fe162348dc9445493aab4b463e,1542800386862460,zoe_veh_info,True,3.423
scene-1077,6a9eb66eaac44de69c19d24b9d76e598,1542800387362460,pose,True,6.584
scene-1077,6a9eb66eaac44de69c19d24b9d76e598,1542800387362460,steeranglefeedback,True,0.345
scene-1077,6a9eb66eaac44de69c19d24b9d76e598,1542800387362460,zoesensors,True,0.949
scene-1077,6a9eb66eaac44de69c19d24b9d76e598,1542800387362460,zoe_veh_info,True,3.416
scene-1077,ee9b3f38dadd40588f43ba590c4751b9,1542800387862460,pose,True,6.922
scene-1077,ee9b3f38dadd40588f43ba590c4751b9,1542800387862460,steeranglefeedback,True,10.106
scene-1077,ee9b3f38dadd40588f43ba590c4751b9,1542800387862460,zoesensors,True,0.806
scene-1077,ee9b3f38dadd40588f43ba590c4751b9,1542800387862460,zoe_veh_info,True,3.249
scene-1094,e6b0b282aa174a978272dc2d0a89d560,1542800847912460,pose,False,
scene-1094,e6b0b282aa174a978272dc2d0a89d560,1542800847912460,steeranglefeedback,False,
scene-1094,e6b0b282aa174a978272dc2d0a89d560,1542800847912460,zoesensors,False,
scene-1094,e6b0b282aa174a978272dc2d0a89d560,1542800847912460,zoe_veh_info,False,
scene-1094,f77ef1c17cbf432587d705c88ce76b3b,1542800848412460,pose,True,19.809
scene-1094,f77ef1c17cbf432587d705c88ce76b3b,1542800848412460,steeranglefeedback,True,3.065
scene-1094,f77ef1c17cbf432587d705c88ce76b3b,1542800848412460,zoesensors,True,0.975
scene-1094,f77ef1c17cbf432587d705c88ce76b3b,1542800848412460,zoe_veh_info,True,8.363
scene-1094,77fc24547ab34182a945eecb825b6576,1542800848912460,pose,True,20.284
scene-1094,77fc24547ab34182a945eecb825b6576,1542800848912460,steeranglefeedback,True,3.246
scene-1094,77fc24547ab34182a945eecb825b6576,1542800848912460,zoesensors,True,0.062
scene-1094,77fc24547ab34182a945eecb825b6576,1542800848912460,zoe_veh_info,True,8.472
scene-1094,648fe1aeca944fb793b334cb6ee01854,1542800849412460,pose,True,19.815
scene-1094,648fe1aeca944fb793b334cb6ee01854,1542800849412460,steeranglefeedback,True,3.097
scene-1094,648fe1aeca944fb793b334cb6ee01854,1542800849412460,zoesensors,True,0.187
scene-1094,648fe1aeca944fb793b334cb6ee01854,1542800849412460,zoe_veh_info,True,8.656
scene-1094,1e0d1b76ea134c7db0592c4510f5e737,1542800849912460,pose,True,19.933
scene-1094,1e0d1b76ea134c7db0592c4510f5e737,1542800849912460,steeranglefeedback,True,13.101
scene-1094,1e0d1b76ea134c7db0592c4510f5e737,1542800849912460,zoesensors,True,0.106
scene-1094,1e0d1b76ea134c7db0592c4510f5e737,1542800849912460,zoe_veh_info,True,8.702
scene-1094,fb61d590dd1143ccb12ea56fbe9d9d07,1542800850412460,pose,True,20.503
scene-1094,fb61d590dd1143ccb12ea56fbe9d9d07,1542800850412460,steeranglefeedback,True,4.106
scene-1094,fb61d590dd1143ccb12ea56fbe9d9d07,1542800850412460,zoesensors,True,0.056
scene-1094,fb61d590dd1143ccb12ea56fbe9d9d07,1542800850412460,zoe_veh_info,True,8.332
scene-1094,3b594831ff7f4e27a9889c7b7d0d8e92,1542800850912460,pose,True,19.754
scene-1094,3b594831ff7f4e27a9889c7b7d0d8e92,1542800850912460,steeranglefeedback,True,4.095
scene-1094,3b594831ff7f4e27a9889c7b7d0d8e92,1542800850912460,zoesensors,True,0.253
scene-1094,3b594831ff7f4e27a9889c7b7d0d8e92,1542800850912460,zoe_veh_info,True,8.135
scene-1094,8178cfbc864e4cb0b6e35746b32bed9f,1542800851412460,pose,True,0.204
scene-1094,8178cfbc864e4cb0b6e35746b32bed9f,1542800851412460,steeranglefeedback,True,4.298
scene-1094,8178cfbc864e4cb0b6e35746b32bed9f,1542800851412460,zoesensors,True,0.052
scene-1094,8178cfbc864e4cb0b6e35746b32bed9f,1542800851412460,zoe_veh_info,True,8.081
scene-1094,07c29094cb6144aa889c16c52f762d79,1542800851912460,pose,True,0.18
scene-1094,07c29094cb6144aa889c16c52f762d79,1542800851912460,steeranglefeedback,True,4.297
scene-1094,07c29094cb6144aa889c16c52f762d79,1542800851912460,zoesensors,True,0.183
scene-1094,07c29094cb6144aa889c16c52f762d79,1542800851912460,zoe_veh_info,True,8.515
scene-1094,a43568a562a043f38af0ec0b71520af7,1542800852412460,pose,True,20.078
scene-1094,a43568a562a043f38af0ec0b71520af7,1542800852412460,steeranglefeedback,True,4.258
scene-1094,a43568a562a043f38af0ec0b71520af7,1542800852412460,zoesensors,True,0.088
scene-1094,a43568a562a043f38af0ec0b71520af7,1542800852412460,zoe_veh_info,True,8.5
scene-1094,d1136fce62f14400a069613e274f46f7,1542800852912460,pose,True,20.542
scene-1094,d1136fce62f14400a069613e274f46f7,1542800852912460,steeranglefeedback,True,4.363
scene-1094,d1136fce62f14400a069613e274f46f7,1542800852912460,zoesensors,True,0.425
scene-1094,d1136fce62f14400a069613e274f46f7,1542800852912460,zoe_veh_info,True,8.582
scene-1094,f65ffdc408fb4a0c8ef0d1614b47dce8,1542800853412460,pose,True,0.143
scene-1094,f65ffdc408fb4a0c8ef0d1614b47dce8,1542800853412460,steeranglefeedback,True,4.337
scene-1094,f65ffdc408fb4a0c8ef0d1614b47dce8,1542800853412460,zoesensors,True,0.318
scene-1094,f65ffdc408fb4a0c8ef0d1614b47dce8,1542800853412460,zoe_veh_info,True,8.539
scene-1094,0915646e387b484785ae2b847ffdee2f,1542800853912460,pose,True,0.525
scene-1094,0915646e387b484785ae2b847ffdee2f,1542800853912460,steeranglefeedback,True,4.765
scene-1094,0915646e387b484785ae2b847ffdee2f,1542800853912460,zoesensors,True,0.267
scene-1094,0915646e387b484785ae2b847ffdee2f,1542800853912460,zoe_veh_info,True,8.784
scene-1094,95c0a92d52584756832ec795d346e296,1542800854412460,pose,True,0.23
scene-1094,95c0a92d52584756832ec795d346e296,1542800854412460,steeranglefeedback,True,5.414
scene-1094,95c0a92d52584756832ec795d346e296,1542800854412460,zoesensors,True,0.293
scene-1094,95c0a92d52584756832ec795d346e296,1542800854412460,zoe_veh_info,True,8.433
scene-1094,9c7c7d5d109c40fcaecd3c422d37b4f6,1542800854912460,pose,True,0.087
scene-1094,9c7c7d5d109c40fcaecd3c422d37b4f6,1542800854912460,steeranglefeedback,True,5.321
scene-1094,9c7c7d5d109c40fcaecd3c422d37b4f6,1542800854912460,zoesensors,True,0.381
scene-1094,9c7c7d5d109c40fcaecd3c422d37b4f6,1542800854912460,zoe_veh_info,True,8.384
scene-1094,7d82aa0c679141d1a71733b85fdcd3ed,1542800855412460,pose,True,0.839
scene-1094,7d82aa0c679141d1a71733b85fdcd3ed,1542800855412460,steeranglefeedback,True,5.087
scene-1094,7d82aa0c679141d1a71733b85fdcd3ed,1542800855412460,zoesensors,True,0.326
scene-1094,7d82aa0c679141d1a71733b85fdcd3ed,1542800855412460,zoe_veh_info,True,8.583
scene-1094,07175443e8444b8c8c4802fd004e33c1,1542800855912460,pose,True,0.156
scene-1094,07175443e8444b8c8c4802fd004e33c1,1542800855912460,steeranglefeedback,True,4.948
scene-1094,07175443e8444b8c8c4802fd004e33c1,1542800855912460,zoesensors,True,0.373
scene-1094,07175443e8444b8c8c4802fd004e33c1,1542800855912460,zoe_veh_info,True,8.217
scene-1094,056becbc0d5a46da8d59eebddedb47bb,1542800856412460,pose,True,0.607
scene-1094,056becbc0d5a46da8d59eebddedb47bb,1542800856412460,steeranglefeedback,True,5.924
scene-1094,056becbc0d5a46da8d59eebddedb47bb,1542800856412460,zoesensors,True,0.429
scene-1094,056becbc0d5a46da8d59eebddedb47bb,1542800856412460,zoe_veh_info,True,9.059
scene-1094,3b594af1b130490989536590345c9dc9,1542800856912460,pose,True,0.145
scene-1094,3b594af1b130490989536590345c9dc9,1542800856912460,steeranglefeedback,True,5.426
scene-1094,3b594af1b130490989536590345c9dc9,1542800856912460,zoesensors,True,0.477
scene-1094,3b594af1b130490989536590345c9dc9,1542800856912460,zoe_veh_info,True,8.594
scene-1094,acf9fcbeb1e346b98640f694f15460e8,1542800857412460,pose,True,0.771
scene-1094,acf9fcbeb1e346b98640f694f15460e8,1542800857412460,steeranglefeedback,True,6.133
scene-1094,acf9fcbeb1e346b98640f694f15460e8,1542800857412460,zoesensors,True,0.391
scene-1094,acf9fcbeb1e346b98640f694f15460e8,1542800857412460,zoe_veh_info,True,8.162
scene-1094,0e837c21890a4515874247ceb3dbf5c3,1542800857862460,pose,True,10.609
scene-1094,0e837c21890a4515874247ceb3dbf5c3,1542800857862460,steeranglefeedback,True,6.415
scene-1094,0e837c21890a4515874247ceb3dbf5c3,1542800857862460,zoesensors,True,1.35
scene-1094,0e837c21890a4515874247ceb3dbf5c3,1542800857862460,zoe_veh_info,True,8.161
scene-1094,f5f955d2d7594fb4b18ef615b421c98e,1542800858362460,pose,True,10.47
scene-1094,f5f955d2d7594fb4b18ef615b421c98e,1542800858362460,steeranglefeedback,True,6.197
scene-1094,f5f955d2d7594fb4b18ef615b421c98e,1542800858362460,zoesensors,True,0.445
scene-1094,f5f955d2d7594fb4b18ef615b421c98e,1542800858362460,zoe_veh_info,True,8.362
scene-1094,6cb024831cce4b6e8acf85afb7cece6e,1542800858862460,pose,True,10.374
scene-1094,6cb024831cce4b6e8acf85afb7cece6e,1542800858862460,steeranglefeedback,True,6.276
scene-1094,6cb024831cce4b6e8acf85afb7cece6e,1542800858862460,zoesensors,True,0.356
scene-1094,6cb024831cce4b6e8acf85afb7cece6e,1542800858862460,zoe_veh_info,True,2.026
scene-1094,273c930b3f384bd58b2bbae02fe81d1e,1542800859412460,pose,True,0.552
scene-1094,273c930b3f384bd58b2bbae02fe81d1e,1542800859412460,steeranglefeedback,True,5.944
scene-1094,273c930b3f384bd58b2bbae02fe81d1e,1542800859412460,zoesensors,True,0.572
scene-1094,273c930b3f384bd58b2bbae02fe81d1e,1542800859412460,zoe_veh_info,True,8.976
scene-1094,a84f43c4ef52461d940a6c7d0768b86f,1542800859912460,pose,True,0.333
scene-1094,a84f43c4ef52461d940a6c7d0768b86f,1542800859912460,steeranglefeedback,True,6.734
scene-1094,a84f43c4ef52461d940a6c7d0768b86f,1542800859912460,zoesensors,True,0.16
scene-1094,a84f43c4ef52461d940a6c7d0768b86f,1542800859912460,zoe_veh_info,True,7.173
scene-1094,8d7dcd1533704f5882a5afcb65509ed5,1542800860412460,pose,True,0.14
scene-1094,8d7dcd1533704f5882a5afcb65509ed5,1542800860412460,steeranglefeedback,True,6.498
scene-1094,8d7dcd1533704f5882a5afcb65509ed5,1542800860412460,zoesensors,True,0.284
scene-1094,8d7dcd1533704f5882a5afcb65509ed5,1542800860412460,zoe_veh_info,True,8.453
scene-1094,f90292e4cdf647e1a8842baabdaafcec,1542800860912460,pose,True,1.142
scene-1094,f90292e4cdf647e1a8842baabdaafcec,1542800860912460,steeranglefeedback,True,6.328
scene-1094,f90292e4cdf647e1a8842baabdaafcec,1542800860912460,zoesensors,True,0.507
scene-1094,f90292e4cdf647e1a8842baabdaafcec,1542800860912460,zoe_veh_info,True,7.458
scene-1094,98fa81992fb04e799c329eca220e7164,1542800861412460,pose,True,0.335
scene-1094,98fa81992fb04e799c329eca220e7164,1542800861412460,steeranglefeedback,True,6.521
scene-1094,98fa81992fb04e799c329eca220e7164,1542800861412460,zoesensors,True,0.577
scene-1094,98fa81992fb04e799c329eca220e7164,1542800861412460,zoe_veh_info,True,8.509
scene-1094,49dfd2f2fef447cc9b8dec3e17c1c919,1542800861912460,pose,True,1.121
scene-1094,49dfd2f2fef447cc9b8dec3e17c1c919,1542800861912460,steeranglefeedback,True,6.758
scene-1094,49dfd2f2fef447cc9b8dec3e17c1c919,1542800861912460,zoesensors,True,0.461
scene-1094,49dfd2f2fef447cc9b8dec3e17c1c919,1542800861912460,zoe_veh_info,True,8.316
scene-1094,c18d3bcc9297454ba52112c079cb756e,1542800862412460,pose,True,0.799
scene-1094,c18d3bcc9297454ba52112c079cb756e,1542800862412460,steeranglefeedback,True,7.201
scene-1094,c18d3bcc9297454ba52112c079cb756e,1542800862412460,zoesensors,True,0.504
scene-1094,c18d3bcc9297454ba52112c079cb756e,1542800862412460,zoe_veh_info,True,8.116
scene-1094,9cc9718713c14974b5e3094e1c4eae1c,1542800862912460,pose,True,1.111
scene-1094,9cc9718713c14974b5e3094e1c4eae1c,1542800862912460,steeranglefeedback,True,7.555
scene-1094,9cc9718713c14974b5e3094e1c4eae1c,1542800862912460,zoesensors,True,0.383
scene-1094,9cc9718713c14974b5e3094e1c4eae1c,1542800862912460,zoe_veh_info,True,7.748
scene-1094,a5c0ec90615e42818962e4e002de0cef,1542800863412460,pose,True,0.479
scene-1094,a5c0ec90615e42818962e4e002de0cef,1542800863412460,steeranglefeedback,True,7.692
scene-1094,a5c0ec90615e42818962e4e002de0cef,1542800863412460,zoesensors,True,0.793
scene-1094,a5c0ec90615e42818962e4e002de0cef,1542800863412460,zoe_veh_info,True,8.606
scene-1094,3f2ddc9476eb475b8c46f777f508cedb,1542800863912460,pose,True,0.38
scene-1094,3f2ddc9476eb475b8c46f777f508cedb,1542800863912460,steeranglefeedback,True,7.629
scene-1094,3f2ddc9476eb475b8c46f777f508cedb,1542800863912460,zoesensors,True,2.634
scene-1094,3f2ddc9476eb475b8c46f777f508cedb,1542800863912460,zoe_veh_info,True,8.517
scene-1094,27749aa3de2545219186c61d4d415e1c,1542800864412460,pose,True,1.315
scene-1094,27749aa3de2545219186c61d4d415e1c,1542800864412460,steeranglefeedback,True,7.253
scene-1094,27749aa3de2545219186c61d4d415e1c,1542800864412460,zoesensors,True,0.814
scene-1094,27749aa3de2545219186c61d4d415e1c,1542800864412460,zoe_veh_info,True,8.55
scene-1094,daae21dc94b74898a7362922e8792415,1542800864912460,pose,True,0.537
scene-1094,daae21dc94b74898a7362922e8792415,1542800864912460,steeranglefeedback,True,7.569
scene-1094,daae21dc94b74898a7362922e8792415,1542800864912460,zoesensors,True,0.619
scene-1094,daae21dc94b74898a7362922e8792415,1542800864912460,zoe_veh_info,True,8.119
scene-1094,042f582eb2bb4231910918ba85f390d3,1542800865412815,pose,True,1.067
scene-1094,042f582eb2bb4231910918ba85f390d3,1542800865412815,steeranglefeedback,True,8.516
scene-1094,042f582eb2bb4231910918ba85f390d3,1542800865412815,zoesensors,True,0.913
scene-1094,042f582eb2bb4231910918ba85f390d3,1542800865412815,zoe_veh_info,True,9.431
scene-1094,fe40762a54e1414da73de751877ad576,1542800865912460,pose,True,0.781
scene-1094,fe40762a54e1414da73de751877ad576,1542800865912460,steeranglefeedback,True,8.19
scene-1094,fe40762a54e1414da73de751877ad576,1542800865912460,zoesensors,True,0.589
scene-1094,fe40762a54e1414da73de751877ad576,1542800865912460,zoe_veh_info,True,7.968
scene-1094,0ee7e7691e3e4bd88d43150073906a4f,1542800866412467,pose,True,0.623
scene-1094,0ee7e7691e3e4bd88d43150073906a4f,1542800866412467,steeranglefeedback,True,7.86
scene-1094,0ee7e7691e3e4bd88d43150073906a4f,1542800866412467,zoesensors,True,0.871
scene-1094,0ee7e7691e3e4bd88d43150073906a4f,1542800866412467,zoe_veh_info,True,8.783
scene-1094,b085cc54b9c6437db176033620d00529,1542800866912460,pose,True,0.769
scene-1094,b085cc54b9c6437db176033620d00529,1542800866912460,steeranglefeedback,True,8.098
scene-1094,b085cc54b9c6437db176033620d00529,1542800866912460,zoesensors,True,0.764
scene-1094,b085cc54b9c6437db176033620d00529,1542800866912460,zoe_veh_info,True,9.05
scene-1094,4e1d1031fe9f45f981a2f598365fc645,1542800867412460,pose,True,1.382
scene-1094,4e1d1031fe9f45f981a2f598365fc645,1542800867412460,steeranglefeedback,True,8.683
scene-1094,4e1d1031fe9f45f981a2f598365fc645,1542800867412460,zoesensors,True,0.821
scene-1094,4e1d1031fe9f45f981a2f598365fc645,1542800867412460,zoe_veh_info,True,8.603
scene-1100,a480496a5988410fbe3d8ed6c84da996,1542800987912460,pose,False,
scene-1100,a480496a5988410fbe3d8ed6c84da996,1542800987912460,steeranglefeedback,False,
scene-1100,a480496a5988410fbe3d8ed6c84da996,1542800987912460,zoesensors,False,
scene-1100,a480496a5988410fbe3d8ed6c84da996,1542800987912460,zoe_veh_info,False,
scene-1100,b993550e60054741983f8052ba97b0b0,1542800988412460,pose,True,6.756
scene-1100,b993550e60054741983f8052ba97b0b0,1542800988412460,steeranglefeedback,True,0.923
scene-1100,b993550e60054741983f8052ba97b0b0,1542800988412460,zoesensors,True,0.543
scene-1100,b993550e60054741983f8052ba97b0b0,1542800988412460,zoe_veh_info,True,0.536
scene-1100,61cfc5554a724824b0d34bddc147d890,1542800988912460,pose,True,6.808
scene-1100,61cfc5554a724824b0d34bddc147d890,1542800988912460,steeranglefeedback,True,1.068
scene-1100,61cfc5554a724824b0d34bddc147d890,1542800988912460,zoesensors,True,0.272
scene-1100,61cfc5554a724824b0d34bddc147d890,1542800988912460,zoe_veh_info,True,0.074
scene-1100,dc4c80e8a1534ff8a3eb80307341161c,1542800989412460,pose,True,6.691
scene-1100,dc4c80e8a1534ff8a3eb80307341161c,1542800989412460,steeranglefeedback,True,1.208
scene-1100,dc4c80e8a1534ff8a3eb80307341161c,1542800989412460,zoesensors,True,0.439
scene-1100,dc4c80e8a1534ff8a3eb80307341161c,1542800989412460,zoe_veh_info,True,1.006
scene-1100,c36e8482feb041de9f081e76396cf4fe,1542800989912460,pose,True,4.898
scene-1100,c36e8482feb041de9f081e76396cf4fe,1542800989912460,steeranglefeedback,True,1.306
scene-1100,c36e8482feb041de9f081e76396cf4fe,1542800989912460,zoesensors,True,0.599
scene-1100,c36e8482feb041de9f081e76396cf4fe,1542800989912460,zoe_veh_info,True,10.106
scene-1100,c9e812f2705b4b198f4675dfaa33812d,1542800990412460,pose,True,6.892
scene-1100,c9e812f2705b4b198f4675dfaa33812d,1542800990412460,steeranglefeedback,True,1.463
scene-1100,c9e812f2705b4b198f4675dfaa33812d,1542800990412460,zoesensors,True,0.688
scene-1100,c9e812f2705b4b198f4675dfaa33812d,1542800990412460,zoe_veh_info,True,0.1
scene-1100,eff61ec3657c4d1c9327e3fe6ca639d3,1542800990912460,pose,True,6.935
scene-1100,eff61ec3657c4d1c9327e3fe6ca639d3,1542800990912460,steeranglefeedback,True,1.627
scene-1100,eff61ec3657c4d1c9327e3fe6ca639d3,1542800990912460,zoesensors,True,0.741
scene-1100,eff61ec3657c4d1c9327e3fe6ca639d3,1542800990912460,zoe_veh_info,True,0.346
scene-1100,0a3abc33048d46f9bd78151d1df4b004,1542800991412460,pose,True,7.078
scene-1100,0a3abc33048d46f9bd78151d1df4b004,1542800991412460,steeranglefeedback,True,1.734
scene-1100,0a3abc33048d46f9bd78151d1df4b004,1542800991412460,zoesensors,True,0.506
scene-1100,0a3abc33048d46f9bd78151d1df4b004,1542800991412460,zoe_veh_info,True,0.633
scene-1100,2c77ee386aa0444aaf27140fe6cc8364,1542800991912460,pose,True,5.979
scene-1100,2c77ee386aa0444aaf27140fe6cc8364,1542800991912460,steeranglefeedback,True,2.237
scene-1100,2c77ee386aa0444aaf27140fe6cc8364,1542800991912460,zoesensors,True,0.464
scene-1100,2c77ee386aa0444aaf27140fe6cc8364,1542800991912460,zoe_veh_info,True,1.096
scene-1100,4e169e93acb346d59de1af7f2b4882e1,1542800992412460,pose,True,7.017
scene-1100,4e169e93acb346d59de1af7f2b4882e1,1542800992412460,steeranglefeedback,True,2.834
scene-1100,4e169e93acb346d59de1af7f2b4882e1,1542800992412460,zoesensors,True,0.483
scene-1100,4e169e93acb346d59de1af7f2b4882e1,1542800992412460,zoe_veh_info,True,0.512
scene-1100,b902d29df24c4efda414a9a88ed57031,1542800992862460,pose,True,17.385
scene-1100,b902d29df24c4efda414a9a88ed57031,1542800992862460,steeranglefeedback,True,2.673
scene-1100,b902d29df24c4efda414a9a88ed57031,1542800992862460,zoesensors,True,0.561
scene-1100,b902d29df24c4efda414a9a88ed57031,1542800992862460,zoe_veh_info,True,11.02
scene-1100,3ff58ee0fc4748d9895300f02114aa56,1542800993362460,pose,True,17.221
scene-1100,3ff58ee0fc4748d9895300f02114aa56,1542800993362460,steeranglefeedback,True,2.492
scene-1100,3ff58ee0fc4748d9895300f02114aa56,1542800993362460,zoesensors,True,1.673
scene-1100,3ff58ee0fc4748d9895300f02114aa56,1542800993362460,zoe_veh_info,True,10.613
scene-1100,7147d8d1b51b428fb408f34799325111,1542800993862460,pose,True,17.087
scene-1100,7147d8d1b51b428fb408f34799325111,1542800993862460,steeranglefeedback,True,3.16
scene-1100,7147d8d1b51b428fb408f34799325111,1542800993862460,zoesensors,True,0.507
scene-1100,7147d8d1b51b428fb408f34799325111,1542800993862460,zoe_veh_info,True,10.561
scene-1100,050b2d9c4bb647b7ab4ee94bdb538e1d,1542800994362460,pose,True,16.739
scene-1100,050b2d9c4bb647b7ab4ee94bdb538e1d,1542800994362460,steeranglefeedback,True,3.221
scene-1100,050b2d9c4bb647b7ab4ee94bdb538e1d,1542800994362460,zoesensors,True,0.597
scene-1100,050b2d9c4bb647b7ab4ee94bdb538e1d,1542800994362460,zoe_veh_info,True,10.624
scene-1100,2690c36281244c06b709e9f4eeb1317a,1542800994862460,pose,True,17.463
scene-1100,2690c36281244c06b709e9f4eeb1317a,1542800994862460,steeranglefeedback,True,2.668
scene-1100,2690c36281244c06b709e9f4eeb1317a,1542800994862460,zoesensors,True,0.497
scene-1100,2690c36281244c06b709e9f4eeb1317a,1542800994862460,zoe_veh_info,True,10.815
scene-1100,99f903d3f74a4f76a05a4f1e10e49329,1542800995362460,pose,True,17.189
scene-1100,99f903d3f74a4f76a05a4f1e10e49329,1542800995362460,steeranglefeedback,True,2.765
scene-1100,99f903d3f74a4f76a05a4f1e10e49329,1542800995362460,zoesensors,True,0.147
scene-1100,99f903d3f74a4f76a05a4f1e10e49329,1542800995362460,zoe_veh_info,True,10.856
scene-1100,25a4a6aa9096458285cba35c950f2717,1542800995862460,pose,True,16.908
scene-1100,25a4a6aa9096458285cba35c950f2717,1542800995862460,steeranglefeedback,True,2.963
scene-1100,25a4a6aa9096458285cba35c950f2717,1542800995862460,zoesensors,True,0.79
scene-1100,25a4a6aa9096458285cba35c950f2717,1542800995862460,zoe_veh_info,True,6.105
scene-1100,c631b61375a642b6b110f5bd5543ef7a,1542800996412460,pose,True,6.928
scene-1100,c631b61375a642b6b110f5bd5543ef7a,1542800996412460,steeranglefeedback,True,3.631
scene-1100,c631b61375a642b6b110f5bd5543ef7a,1542800996412460,zoesensors,True,0.679
scene-1100,c631b61375a642b6b110f5bd5543ef7a,1542800996412460,zoe_veh_info,True,0.281
scene-1100,614c6962e44240b1b0ebb3eb351fe0eb,1542800996912460,pose,True,7.718
scene-1100,614c6962e44240b1b0ebb3eb351fe0eb,1542800996912460,steeranglefeedback,True,3.578
scene-1100,614c6962e44240b1b0ebb3eb351fe0eb,1542800996912460,zoesensors,True,0.69
scene-1100,614c6962e44240b1b0ebb3eb351fe0eb,1542800996912460,zoe_veh_info,True,0.29
scene-1100,ace4b20b94cf47d0b68addac79fe68de,1542800997412460,pose,True,7.22
scene-1100,ace4b20b94cf47d0b68addac79fe68de,1542800997412460,steeranglefeedback,True,3.886
scene-1100,ace4b20b94cf47d0b68addac79fe68de,1542800997412460,zoesensors,True,0.645
scene-1100,ace4b20b94cf47d0b68addac79fe68de,1542800997412460,zoe_veh_info,True,0.379
scene-1100,134ae8a8f5c340f9894a414fc0966af4,1542800997912460,pose,True,7.274
scene-1100,134ae8a8f5c340f9894a414fc0966af4,1542800997912460,steeranglefeedback,True,3.529
scene-1100,134ae8a8f5c340f9894a414fc0966af4,1542800997912460,zoesensors,True,0.671
scene-1100,134ae8a8f5c340f9894a414fc0966af4,1542800997912460,zoe_veh_info,True,1.178
scene-1100,41550a1f0b0548e5823b14d95e807c7d,1542800998362460,pose,True,17.91
scene-1100,41550a1f0b0548e5823b14d95e807c7d,1542800998362460,steeranglefeedback,True,4.268
scene-1100,41550a1f0b0548e5823b14d95e807c7d,1542800998362460,zoesensors,True,1.742
scene-1100,41550a1f0b0548e5823b14d95e807c7d,1542800998362460,zoe_veh_info,True,10.571
scene-1100,36aa1c0eeb50457b97911c3bd742a730,1542800998912460,pose,True,7.3
scene-1100,36aa1c0eeb50457b97911c3bd742a730,1542800998912460,steeranglefeedback,True,3.802
scene-1100,36aa1c0eeb50457b97911c3bd742a730,1542800998912460,zoesensors,True,0.639
scene-1100,36aa1c0eeb50457b97911c3bd742a730,1542800998912460,zoe_veh_info,True,0.633
scene-1100,26f99f91a8e14038bd52aee4d00df394,1542800999412460,pose,True,7.334
scene-1100,26f99f91a8e14038bd52aee4d00df394,1542800999412460,steeranglefeedback,True,3.934
scene-1100,26f99f91a8e14038bd52aee4d00df394,1542800999412460,zoesensors,True,0.737
scene-1100,26f99f91a8e14038bd52aee4d00df394,1542800999412460,zoe_veh_info,True,0.86
scene-1100,8e5512a630dc44c08d3e3f692b34f808,1542800999912460,pose,True,7.326
scene-1100,8e5512a630dc44c08d3e3f692b34f808,1542800999912460,steeranglefeedback,True,4.059
scene-1100,8e5512a630dc44c08d3e3f692b34f808,1542800999912460,zoesensors,True,0.728
scene-1100,8e5512a630dc44c08d3e3f692b34f808,1542800999912460,zoe_veh_info,True,0.722
scene-1100,b4c279e61abf49bd871ff2ec4b13e115,1542801000412460,pose,True,7.656
scene-1100,b4c279e61abf49bd871ff2ec4b13e115,1542801000412460,steeranglefeedback,True,4.449
scene-1100,b4c279e61abf49bd871ff2ec4b13e115,1542801000412460,zoesensors,True,0.807
scene-1100,b4c279e61abf49bd871ff2ec4b13e115,1542801000412460,zoe_veh_info,True,0.838
scene-1100,9c93690fc9e24ebc90906ed922159d75,1542801000912460,pose,True,7.446
scene-1100,9c93690fc9e24ebc90906ed922159d75,1542801000912460,steeranglefeedback,True,4.198
scene-1100,9c93690fc9e24ebc90906ed922159d75,1542801000912460,zoesensors,True,0.846
scene-1100,9c93690fc9e24ebc90906ed922159d75,1542801000912460,zoe_veh_info,True,0.878
scene-1100,f2a6d0e38153467ba0d02706024e258d,1542801001412460,pose,True,8.035
scene-1100,f2a6d0e38153467ba0d02706024e258d,1542801001412460,steeranglefeedback,True,4.907
scene-1100,f2a6d0e38153467ba0d02706024e258d,1542801001412460,zoesensors,True,0.903
scene-1100,f2a6d0e38153467ba0d02706024e258d,1542801001412460,zoe_veh_info,True,0.675
scene-1100,93f4f8ac1145418cadcf14dfd2a9cf78,1542801001912460,pose,True,7.584
scene-1100,93f4f8ac1145418cadcf14dfd2a9cf78,1542801001912460,steeranglefeedback,True,5.494
scene-1100,93f4f8ac1145418cadcf14dfd2a9cf78,1542801001912460,zoesensors,True,1.821
scene-1100,93f4f8ac1145418cadcf14dfd2a9cf78,1542801001912460,zoe_veh_info,True,9.625
scene-1100,d61ef2ae3bd54793b8beec55061940f0,1542801002412460,pose,True,7.463
scene-1100,d61ef2ae3bd54793b8beec55061940f0,1542801002412460,steeranglefeedback,True,5.329
scene-1100,d61ef2ae3bd54793b8beec55061940f0,1542801002412460,zoesensors,True,1.208
scene-1100,d61ef2ae3bd54793b8beec55061940f0,1542801002412460,zoe_veh_info,True,0.843
scene-1100,fc8ed14d78fa4879898315f5dee21d38,1542801002912460,pose,True,7.5
scene-1100,fc8ed14d78fa4879898315f5dee21d38,1542801002912460,steeranglefeedback,True,4.886
scene-1100,fc8ed14d78fa4879898315f5dee21d38,1542801002912460,zoesensors,True,0.016
scene-1100,fc8ed14d78fa4879898315f5dee21d38,1542801002912460,zoe_veh_info,True,1.204
scene-1100,dc53cf076d114df7bb59c2a0b3bc3154,1542801003412460,pose,True,7.515
scene-1100,dc53cf076d114df7bb59c2a0b3bc3154,1542801003412460,steeranglefeedback,True,5.932
scene-1100,dc53cf076d114df7bb59c2a0b3bc3154,1542801003412460,zoesensors,True,0.92
scene-1100,dc53cf076d114df7bb59c2a0b3bc3154,1542801003412460,zoe_veh_info,True,0.916
scene-1100,9bd27a83e6ee47f9aa372bbe8a8573c8,1542801003912460,pose,True,7.486
scene-1100,9bd27a83e6ee47f9aa372bbe8a8573c8,1542801003912460,steeranglefeedback,True,5.881
scene-1100,9bd27a83e6ee47f9aa372bbe8a8573c8,1542801003912460,zoesensors,True,0.923
scene-1100,9bd27a83e6ee47f9aa372bbe8a8573c8,1542801003912460,zoe_veh_info,True,0.858
scene-1100,236f1ecb6ee7459d918cd011831674d6,1542801004412460,pose,True,7.579
scene-1100,236f1ecb6ee7459d918cd011831674d6,1542801004412460,steeranglefeedback,True,5.908
scene-1100,236f1ecb6ee7459d918cd011831674d6,1542801004412460,zoesensors,True,0.803
scene-1100,236f1ecb6ee7459d918cd011831674d6,1542801004412460,zoe_veh_info,True,0.797
scene-1100,8336b62c3f6f4bb988c3865cc5df4446,1542801004912460,pose,True,7.86
scene-1100,8336b62c3f6f4bb988c3865cc5df4446,1542801004912460,steeranglefeedback,True,5.718
scene-1100,8336b62c3f6f4bb988c3865cc5df4446,1542801004912460,zoesensors,True,1.002
scene-1100,8336b62c3f6f4bb988c3865cc5df4446,1542801004912460,zoe_veh_info,True,0.614
scene-1100,8cc06390249d4895b5b9b860f0952f24,1542801005412460,pose,True,8.096
scene-1100,8cc06390249d4895b5b9b860f0952f24,1542801005412460,steeranglefeedback,True,6.04
scene-1100,8cc06390249d4895b5b9b860f0952f24,1542801005412460,zoesensors,True,0.849
scene-1100,8cc06390249d4895b5b9b860f0952f24,1542801005412460,zoe_veh_info,True,0.635
scene-1100,d7cb9aa06de1442d8e2a22d562045cb4,1542801005912460,pose,True,7.47
scene-1100,d7cb9aa06de1442d8e2a22d562045cb4,1542801005912460,steeranglefeedback,True,6.347
scene-1100,d7cb9aa06de1442d8e2a22d562045cb4,1542801005912460,zoesensors,True,0.063
scene-1100,d7cb9aa06de1442d8e2a22d562045cb4,1542801005912460,zoe_veh_info,True,0.925
scene-1100,4d4e4c0fd8ec49bdb12788e0a9ecbce3,1542801006412460,pose,True,8.377
scene-1100,4d4e4c0fd8ec49bdb12788e0a9ecbce3,1542801006412460,steeranglefeedback,True,6.226
scene-1100,4d4e4c0fd8ec49bdb12788e0a9ecbce3,1542801006412460,zoesensors,True,1.18
scene-1100,4d4e4c0fd8ec49bdb12788e0a9ecbce3,1542801006412460,zoe_veh_info,True,0.794
scene-1100,0d6668bcb0644bbaaee81c17cc308845,1542801006912460,pose,True,8.415
scene-1100,0d6668bcb0644bbaaee81c17cc308845,1542801006912460,steeranglefeedback,True,6.274
scene-1100,0d6668bcb0644bbaaee81c17cc308845,1542801006912460,zoesensors,True,0.206
scene-1100,0d6668bcb0644bbaaee81c17cc308845,1542801006912460,zoe_veh_info,True,0.88
scene-1100,abf3d91d3c28407e80e3334fe89c03cb,1542801007412469,pose,True,7.72
scene-1100,abf3d91d3c28407e80e3334fe89c03cb,1542801007412469,steeranglefeedback,True,6.642
scene-1100,abf3d91d3c28407e80e3334fe89c03cb,1542801007412469,zoesensors,True,0.004
scene-1100,abf3d91d3c28407e80e3334fe89c03cb,1542801007412469,zoe_veh_info,True,0.288
